filename,label,group_id
lungaca1000.jpeg,0,735
lungaca1001.jpeg,0,727
lungaca1002.jpeg,0,569
lungaca1003.jpeg,0,626
lungaca1004.jpeg,0,540
lungaca1005.jpeg,0,530
lungaca1006.jpeg,0,734
lungaca1007.jpeg,0,734
lungaca1008.jpeg,0,652
lungaca101.jpeg,0,712
lungaca1014.jpeg,0,689
lungaca1015.jpeg,0,537
lungaca1016.jpeg,0,537
lungaca102.jpeg,0,597
lungaca1020.jpeg,0,627
lungaca1021.jpeg,0,741
lungaca1022.jpeg,0,639
lungaca1023.jpeg,0,673
lungaca1024.jpeg,0,673
lungaca1025.jpeg,0,711
lungaca1027.jpeg,0,723
lungaca1028.jpeg,0,508
lungaca1029.jpeg,0,508
lungaca1031.jpeg,0,671
lungaca1033.jpeg,0,597
lungaca1034.jpeg,0,701
lungaca1036.jpeg,0,738
lungaca1038.jpeg,0,510
lungaca1039.jpeg,0,658
lungaca104.jpeg,0,592
lungaca1040.jpeg,0,658
lungaca1041.jpeg,0,641
lungaca1043.jpeg,0,672
lungaca1044.jpeg,0,605
lungaca1045.jpeg,0,691
lungaca1047.jpeg,0,629
lungaca1048.jpeg,0,528
lungaca1049.jpeg,0,574
lungaca105.jpeg,0,674
lungaca1050.jpeg,0,594
lungaca1051.jpeg,0,690
lungaca1052.jpeg,0,604
lungaca1053.jpeg,0,565
lungaca1054.jpeg,0,569
lungaca1056.jpeg,0,540
lungaca1057.jpeg,0,521
lungaca1059.jpeg,0,733
lungaca106.jpeg,0,641
lungaca1060.jpeg,0,598
lungaca1061.jpeg,0,724
lungaca1066.jpeg,0,640
lungaca1067.jpeg,0,640
lungaca1068.jpeg,0,531
lungaca1069.jpeg,0,537
lungaca1070.jpeg,0,706
lungaca1074.jpeg,0,702
lungaca1077.jpeg,0,636
lungaca1078.jpeg,0,723
lungaca1079.jpeg,0,657
lungaca108.jpeg,0,517
lungaca1080.jpeg,0,671
lungaca1081.jpeg,0,701
lungaca1082.jpeg,0,738
lungaca1083.jpeg,0,648
lungaca1084.jpeg,0,665
lungaca1085.jpeg,0,609
lungaca1086.jpeg,0,736
lungaca1088.jpeg,0,526
lungaca1089.jpeg,0,718
lungaca1090.jpeg,0,574
lungaca1091.jpeg,0,616
lungaca1092.jpeg,0,551
lungaca1093.jpeg,0,551
lungaca1095.jpeg,0,565
lungaca1096.jpeg,0,678
lungaca1098.jpeg,0,719
lungaca1099.jpeg,0,633
lungaca110.jpeg,0,718
lungaca1102.jpeg,0,529
lungaca1103.jpeg,0,529
lungaca1104.jpeg,0,717
lungaca1106.jpeg,0,524
lungaca1107.jpeg,0,598
lungaca1113.jpeg,0,640
lungaca1115.jpeg,0,610
lungaca1116.jpeg,0,576
lungaca1117.jpeg,0,523
lungaca1118.jpeg,0,523
lungaca112.jpeg,0,629
lungaca1120.jpeg,0,625
lungaca1121.jpeg,0,553
lungaca1122.jpeg,0,603
lungaca1123.jpeg,0,703
lungaca1127.jpeg,0,557
lungaca113.jpeg,0,551
lungaca1131.jpeg,0,612
lungaca1133.jpeg,0,513
lungaca1134.jpeg,0,614
lungaca1135.jpeg,0,559
lungaca1137.jpeg,0,580
lungaca1139.jpeg,0,691
lungaca114.jpeg,0,685
lungaca1140.jpeg,0,629
lungaca1141.jpeg,0,579
lungaca1142.jpeg,0,616
lungaca1143.jpeg,0,594
lungaca1144.jpeg,0,690
lungaca1146.jpeg,0,653
lungaca1148.jpeg,0,552
lungaca115.jpeg,0,685
lungaca1151.jpeg,0,655
lungaca1153.jpeg,0,512
lungaca1154.jpeg,0,512
lungaca1155.jpeg,0,633
lungaca1156.jpeg,0,727
lungaca1157.jpeg,0,709
lungaca1159.jpeg,0,530
lungaca1165.jpeg,0,652
lungaca1166.jpeg,0,700
lungaca1168.jpeg,0,542
lungaca1169.jpeg,0,555
lungaca117.jpeg,0,565
lungaca1170.jpeg,0,569
lungaca1171.jpeg,0,576
lungaca1172.jpeg,0,552
lungaca1173.jpeg,0,530
lungaca1174.jpeg,0,618
lungaca1175.jpeg,0,728
lungaca1177.jpeg,0,556
lungaca1178.jpeg,0,627
lungaca1179.jpeg,0,702
lungaca118.jpeg,0,725
lungaca1180.jpeg,0,625
lungaca1181.jpeg,0,660
lungaca1182.jpeg,0,603
lungaca1184.jpeg,0,657
lungaca1185.jpeg,0,570
lungaca1186.jpeg,0,592
lungaca1187.jpeg,0,513
lungaca1188.jpeg,0,648
lungaca1189.jpeg,0,510
lungaca119.jpeg,0,708
lungaca1191.jpeg,0,641
lungaca1197.jpeg,0,580
lungaca1198.jpeg,0,580
lungaca1199.jpeg,0,605
lungaca12.jpeg,0,554
lungaca120.jpeg,0,727
lungaca1200.jpeg,0,554
lungaca1201.jpeg,0,579
lungaca1202.jpeg,0,541
lungaca1203.jpeg,0,687
lungaca1204.jpeg,0,687
lungaca1206.jpeg,0,582
lungaca1208.jpeg,0,655
lungaca1209.jpeg,0,566
lungaca121.jpeg,0,569
lungaca1210.jpeg,0,666
lungaca1211.jpeg,0,666
lungaca1212.jpeg,0,708
lungaca1213.jpeg,0,515
lungaca1214.jpeg,0,675
lungaca1215.jpeg,0,675
lungaca1217.jpeg,0,549
lungaca1218.jpeg,0,516
lungaca1219.jpeg,0,516
lungaca122.jpeg,0,569
lungaca1220.jpeg,0,521
lungaca1221.jpeg,0,598
lungaca1224.jpeg,0,699
lungaca1226.jpeg,0,558
lungaca1228.jpeg,0,531
lungaca1229.jpeg,0,569
lungaca123.jpeg,0,623
lungaca1230.jpeg,0,728
lungaca1231.jpeg,0,706
lungaca1232.jpeg,0,577
lungaca1233.jpeg,0,688
lungaca1234.jpeg,0,741
lungaca1235.jpeg,0,639
lungaca1236.jpeg,0,613
lungaca1237.jpeg,0,673
lungaca1238.jpeg,0,562
lungaca1239.jpeg,0,636
lungaca124.jpeg,0,521
lungaca1240.jpeg,0,625
lungaca1241.jpeg,0,520
lungaca1242.jpeg,0,703
lungaca1243.jpeg,0,622
lungaca1246.jpeg,0,572
lungaca1247.jpeg,0,671
lungaca1248.jpeg,0,671
lungaca125.jpeg,0,733
lungaca1250.jpeg,0,570
lungaca1251.jpeg,0,701
lungaca1252.jpeg,0,510
lungaca1253.jpeg,0,658
lungaca1256.jpeg,0,559
lungaca1257.jpeg,0,736
lungaca1258.jpeg,0,548
lungaca1259.jpeg,0,718
lungaca126.jpeg,0,734
lungaca1260.jpeg,0,718
lungaca1261.jpeg,0,638
lungaca1262.jpeg,0,594
lungaca1264.jpeg,0,653
lungaca1265.jpeg,0,582
lungaca1266.jpeg,0,692
lungaca1267.jpeg,0,679
lungaca1268.jpeg,0,675
lungaca127.jpeg,0,734
lungaca1270.jpeg,0,569
lungaca1271.jpeg,0,626
lungaca1273.jpeg,0,590
lungaca1274.jpeg,0,647
lungaca1275.jpeg,0,647
lungaca1276.jpeg,0,733
lungaca1277.jpeg,0,598
lungaca1279.jpeg,0,700
lungaca1281.jpeg,0,569
lungaca1282.jpeg,0,610
lungaca1283.jpeg,0,552
lungaca1285.jpeg,0,706
lungaca1286.jpeg,0,617
lungaca1287.jpeg,0,688
lungaca1289.jpeg,0,741
lungaca1290.jpeg,0,741
lungaca1291.jpeg,0,702
lungaca1292.jpeg,0,613
lungaca1294.jpeg,0,625
lungaca1295.jpeg,0,723
lungaca1296.jpeg,0,723
lungaca1298.jpeg,0,509
lungaca13.jpeg,0,526
lungaca1301.jpeg,0,671
lungaca1302.jpeg,0,654
lungaca1303.jpeg,0,654
lungaca1306.jpeg,0,648
lungaca1307.jpeg,0,510
lungaca1308.jpeg,0,525
lungaca1309.jpeg,0,525
lungaca131.jpeg,0,700
lungaca1311.jpeg,0,517
lungaca1312.jpeg,0,580
lungaca1313.jpeg,0,548
lungaca1314.jpeg,0,629
lungaca1315.jpeg,0,579
lungaca1316.jpeg,0,616
lungaca1317.jpeg,0,653
lungaca1318.jpeg,0,687
lungaca1319.jpeg,0,695
lungaca132.jpeg,0,558
lungaca1320.jpeg,0,666
lungaca1323.jpeg,0,742
lungaca1325.jpeg,0,647
lungaca1326.jpeg,0,516
lungaca1327.jpeg,0,516
lungaca1328.jpeg,0,733
lungaca1329.jpeg,0,598
lungaca133.jpeg,0,558
lungaca1331.jpeg,0,549
lungaca1333.jpeg,0,700
lungaca1336.jpeg,0,531
lungaca1337.jpeg,0,555
lungaca1338.jpeg,0,569
lungaca1339.jpeg,0,689
lungaca1340.jpeg,0,689
lungaca1341.jpeg,0,737
lungaca1342.jpeg,0,530
lungaca1345.jpeg,0,688
lungaca1346.jpeg,0,688
lungaca1347.jpeg,0,662
lungaca1348.jpeg,0,519
lungaca1349.jpeg,0,553
lungaca135.jpeg,0,555
lungaca1350.jpeg,0,660
lungaca1351.jpeg,0,660
lungaca1352.jpeg,0,506
lungaca1353.jpeg,0,524
lungaca1355.jpeg,0,703
lungaca1357.jpeg,0,622
lungaca1358.jpeg,0,557
lungaca1359.jpeg,0,557
lungaca136.jpeg,0,569
lungaca1360.jpeg,0,682
lungaca1361.jpeg,0,619
lungaca1362.jpeg,0,681
lungaca1364.jpeg,0,614
lungaca1365.jpeg,0,614
lungaca1367.jpeg,0,517
lungaca1369.jpeg,0,580
lungaca137.jpeg,0,737
lungaca1370.jpeg,0,605
lungaca1372.jpeg,0,629
lungaca1373.jpeg,0,528
lungaca1374.jpeg,0,541
lungaca1375.jpeg,0,690
lungaca1376.jpeg,0,551
lungaca1377.jpeg,0,547
lungaca1378.jpeg,0,687
lungaca1379.jpeg,0,721
lungaca138.jpeg,0,523
lungaca1381.jpeg,0,719
lungaca1382.jpeg,0,679
lungaca1385.jpeg,0,632
lungaca1386.jpeg,0,521
lungaca1389.jpeg,0,734
lungaca139.jpeg,0,617
lungaca1390.jpeg,0,598
lungaca1392.jpeg,0,650
lungaca140.jpeg,0,617
lungaca1400.jpeg,0,555
lungaca1401.jpeg,0,689
lungaca1402.jpeg,0,567
lungaca1403.jpeg,0,537
lungaca1405.jpeg,0,530
lungaca1406.jpeg,0,530
lungaca1407.jpeg,0,617
lungaca1408.jpeg,0,696
lungaca1409.jpeg,0,676
lungaca1410.jpeg,0,741
lungaca1411.jpeg,0,519
lungaca1414.jpeg,0,723
lungaca1415.jpeg,0,593
lungaca1416.jpeg,0,518
lungaca1417.jpeg,0,622
lungaca142.jpeg,0,617
lungaca1420.jpeg,0,557
lungaca1421.jpeg,0,671
lungaca1422.jpeg,0,597
lungaca1423.jpeg,0,570
lungaca1424.jpeg,0,701
lungaca1427.jpeg,0,522
lungaca1428.jpeg,0,609
lungaca1429.jpeg,0,609
lungaca1430.jpeg,0,672
lungaca1432.jpeg,0,517
lungaca1433.jpeg,0,605
lungaca1434.jpeg,0,691
lungaca1435.jpeg,0,526
lungaca1437.jpeg,0,710
lungaca1438.jpeg,0,528
lungaca1439.jpeg,0,528
lungaca1440.jpeg,0,638
lungaca1441.jpeg,0,656
lungaca1442.jpeg,0,547
lungaca1444.jpeg,0,666
lungaca1445.jpeg,0,512
lungaca1446.jpeg,0,675
lungaca1447.jpeg,0,742
lungaca1448.jpeg,0,626
lungaca145.jpeg,0,556
lungaca1450.jpeg,0,647
lungaca1451.jpeg,0,540
lungaca1452.jpeg,0,670
lungaca1453.jpeg,0,733
lungaca1456.jpeg,0,581
lungaca1457.jpeg,0,542
lungaca1459.jpeg,0,555
lungaca146.jpeg,0,637
lungaca1460.jpeg,0,569
lungaca1461.jpeg,0,737
lungaca1462.jpeg,0,737
lungaca1463.jpeg,0,552
lungaca1464.jpeg,0,552
lungaca1465.jpeg,0,728
lungaca1467.jpeg,0,599
lungaca1468.jpeg,0,627
lungaca1469.jpeg,0,741
lungaca147.jpeg,0,723
lungaca1470.jpeg,0,553
lungaca1472.jpeg,0,621
lungaca1475.jpeg,0,729
lungaca1476.jpeg,0,622
lungaca148.jpeg,0,661
lungaca1480.jpeg,0,572
lungaca1481.jpeg,0,572
lungaca1482.jpeg,0,716
lungaca1483.jpeg,0,654
lungaca1484.jpeg,0,592
lungaca1485.jpeg,0,738
lungaca1487.jpeg,0,614
lungaca1490.jpeg,0,548
lungaca1491.jpeg,0,548
lungaca1494.jpeg,0,579
lungaca1495.jpeg,0,638
lungaca1497.jpeg,0,713
lungaca1498.jpeg,0,507
lungaca1499.jpeg,0,512
lungaca150.jpeg,0,520
lungaca1500.jpeg,0,719
lungaca1502.jpeg,0,633
lungaca1505.jpeg,0,590
lungaca1507.jpeg,0,549
lungaca1508.jpeg,0,623
lungaca151.jpeg,0,520
lungaca1510.jpeg,0,521
lungaca1511.jpeg,0,549
lungaca1514.jpeg,0,724
lungaca1515.jpeg,0,543
lungaca1518.jpeg,0,640
lungaca1519.jpeg,0,567
lungaca152.jpeg,0,518
lungaca1520.jpeg,0,737
lungaca1521.jpeg,0,552
lungaca1522.jpeg,0,530
lungaca1524.jpeg,0,599
lungaca1525.jpeg,0,556
lungaca1529.jpeg,0,637
lungaca153.jpeg,0,703
lungaca1531.jpeg,0,621
lungaca1532.jpeg,0,661
lungaca1533.jpeg,0,520
lungaca1534.jpeg,0,509
lungaca1535.jpeg,0,603
lungaca1539.jpeg,0,657
lungaca154.jpeg,0,622
lungaca1543.jpeg,0,671
lungaca1545.jpeg,0,665
lungaca1546.jpeg,0,525
lungaca1547.jpeg,0,525
lungaca1552.jpeg,0,559
lungaca1553.jpeg,0,559
lungaca1555.jpeg,0,554
lungaca1556.jpeg,0,548
lungaca1557.jpeg,0,548
lungaca1558.jpeg,0,691
lungaca1559.jpeg,0,629
lungaca156.jpeg,0,587
lungaca1560.jpeg,0,629
lungaca1561.jpeg,0,528
lungaca1562.jpeg,0,551
lungaca1563.jpeg,0,551
lungaca1565.jpeg,0,552
lungaca1566.jpeg,0,604
lungaca1567.jpeg,0,604
lungaca1568.jpeg,0,693
lungaca1569.jpeg,0,685
lungaca157.jpeg,0,572
lungaca1570.jpeg,0,515
lungaca1572.jpeg,0,633
lungaca1574.jpeg,0,590
lungaca1575.jpeg,0,590
lungaca1576.jpeg,0,540
lungaca1577.jpeg,0,743
lungaca1578.jpeg,0,516
lungaca1579.jpeg,0,734
lungaca158.jpeg,0,704
lungaca1580.jpeg,0,524
lungaca1582.jpeg,0,650
lungaca1583.jpeg,0,652
lungaca1584.jpeg,0,652
lungaca1585.jpeg,0,581
lungaca1586.jpeg,0,640
lungaca1589.jpeg,0,737
lungaca1590.jpeg,0,617
lungaca1591.jpeg,0,688
lungaca1592.jpeg,0,627
lungaca1593.jpeg,0,702
lungaca1594.jpeg,0,711
lungaca1595.jpeg,0,625
lungaca1596.jpeg,0,660
lungaca1597.jpeg,0,661
lungaca1598.jpeg,0,524
lungaca1599.jpeg,0,703
lungaca16.jpeg,0,616
lungaca160.jpeg,0,612
lungaca1601.jpeg,0,587
lungaca1602.jpeg,0,587
lungaca1603.jpeg,0,587
lungaca1604.jpeg,0,572
lungaca1606.jpeg,0,654
lungaca1607.jpeg,0,592
lungaca1608.jpeg,0,648
lungaca1609.jpeg,0,665
lungaca161.jpeg,0,712
lungaca1610.jpeg,0,672
lungaca1612.jpeg,0,629
lungaca1613.jpeg,0,579
lungaca1614.jpeg,0,574
lungaca1615.jpeg,0,585
lungaca1616.jpeg,0,620
lungaca1617.jpeg,0,582
lungaca1618.jpeg,0,582
lungaca1619.jpeg,0,655
lungaca162.jpeg,0,701
lungaca1620.jpeg,0,566
lungaca1621.jpeg,0,708
lungaca1622.jpeg,0,692
lungaca1623.jpeg,0,512
lungaca1624.jpeg,0,512
lungaca1625.jpeg,0,512
lungaca1626.jpeg,0,675
lungaca1628.jpeg,0,633
lungaca163.jpeg,0,681
lungaca1631.jpeg,0,632
lungaca1632.jpeg,0,529
lungaca1633.jpeg,0,516
lungaca1635.jpeg,0,670
lungaca1636.jpeg,0,598
lungaca1639.jpeg,0,558
lungaca164.jpeg,0,513
lungaca1641.jpeg,0,542
lungaca1642.jpeg,0,542
lungaca1643.jpeg,0,689
lungaca1644.jpeg,0,689
lungaca1645.jpeg,0,537
lungaca1646.jpeg,0,556
lungaca1647.jpeg,0,627
lungaca1648.jpeg,0,627
lungaca1649.jpeg,0,627
lungaca165.jpeg,0,648
lungaca1651.jpeg,0,667
lungaca1652.jpeg,0,673
lungaca1654.jpeg,0,562
lungaca1655.jpeg,0,636
lungaca1656.jpeg,0,660
lungaca1657.jpeg,0,593
lungaca1658.jpeg,0,593
lungaca166.jpeg,0,648
lungaca1662.jpeg,0,682
lungaca1663.jpeg,0,712
lungaca1665.jpeg,0,597
lungaca1666.jpeg,0,597
lungaca1667.jpeg,0,619
lungaca1668.jpeg,0,619
lungaca1669.jpeg,0,570
lungaca167.jpeg,0,614
lungaca1670.jpeg,0,570
lungaca1672.jpeg,0,648
lungaca1673.jpeg,0,525
lungaca1674.jpeg,0,674
lungaca1676.jpeg,0,736
lungaca1677.jpeg,0,517
lungaca1678.jpeg,0,526
lungaca168.jpeg,0,674
lungaca1681.jpeg,0,629
lungaca1682.jpeg,0,629
lungaca1684.jpeg,0,579
lungaca1685.jpeg,0,638
lungaca1686.jpeg,0,713
lungaca1687.jpeg,0,713
lungaca1688.jpeg,0,552
lungaca1689.jpeg,0,687
lungaca169.jpeg,0,609
lungaca1690.jpeg,0,604
lungaca1691.jpeg,0,620
lungaca1693.jpeg,0,735
lungaca1694.jpeg,0,675
lungaca17.jpeg,0,585
lungaca1701.jpeg,0,717
lungaca1702.jpeg,0,734
lungaca1707.jpeg,0,571
lungaca1708.jpeg,0,555
lungaca1709.jpeg,0,618
lungaca1711.jpeg,0,696
lungaca1712.jpeg,0,662
lungaca1713.jpeg,0,741
lungaca1714.jpeg,0,746
lungaca1715.jpeg,0,711
lungaca1716.jpeg,0,562
lungaca1717.jpeg,0,562
lungaca1718.jpeg,0,593
lungaca1719.jpeg,0,729
lungaca1720.jpeg,0,557
lungaca1721.jpeg,0,681
lungaca1722.jpeg,0,614
lungaca1723.jpeg,0,525
lungaca1724.jpeg,0,674
lungaca1725.jpeg,0,698
lungaca1726.jpeg,0,609
lungaca1729.jpeg,0,605
lungaca1731.jpeg,0,528
lungaca1732.jpeg,0,574
lungaca1734.jpeg,0,638
lungaca1735.jpeg,0,616
lungaca1736.jpeg,0,551
lungaca1737.jpeg,0,687
lungaca1739.jpeg,0,620
lungaca1740.jpeg,0,685
lungaca1741.jpeg,0,566
lungaca1742.jpeg,0,742
lungaca1744.jpeg,0,647
lungaca1745.jpeg,0,647
lungaca1747.jpeg,0,743
lungaca1749.jpeg,0,524
lungaca175.jpeg,0,580
lungaca1753.jpeg,0,581
lungaca1754.jpeg,0,581
lungaca1758.jpeg,0,569
lungaca1759.jpeg,0,537
lungaca1761.jpeg,0,737
lungaca1762.jpeg,0,552
lungaca1763.jpeg,0,552
lungaca1764.jpeg,0,577
lungaca1765.jpeg,0,617
lungaca1766.jpeg,0,662
lungaca1767.jpeg,0,519
lungaca177.jpeg,0,594
lungaca1770.jpeg,0,637
lungaca1772.jpeg,0,506
lungaca1773.jpeg,0,524
lungaca1774.jpeg,0,703
lungaca1775.jpeg,0,615
lungaca1778.jpeg,0,557
lungaca1779.jpeg,0,704
lungaca1781.jpeg,0,682
lungaca1783.jpeg,0,592
lungaca1784.jpeg,0,592
lungaca1785.jpeg,0,698
lungaca1789.jpeg,0,691
lungaca1791.jpeg,0,710
lungaca1792.jpeg,0,579
lungaca1793.jpeg,0,594
lungaca1794.jpeg,0,713
lungaca1795.jpeg,0,604
lungaca1796.jpeg,0,604
lungaca1797.jpeg,0,695
lungaca1798.jpeg,0,695
lungaca1799.jpeg,0,708
lungaca18.jpeg,0,678
lungaca180.jpeg,0,507
lungaca1800.jpeg,0,675
lungaca1802.jpeg,0,569
lungaca1804.jpeg,0,524
lungaca1806.jpeg,0,699
lungaca1808.jpeg,0,700
lungaca181.jpeg,0,685
lungaca1810.jpeg,0,635
lungaca1812.jpeg,0,576
lungaca1813.jpeg,0,530
lungaca1814.jpeg,0,599
lungaca1815.jpeg,0,577
lungaca1817.jpeg,0,617
lungaca182.jpeg,0,695
lungaca1821.jpeg,0,627
lungaca1822.jpeg,0,562
lungaca1823.jpeg,0,562
lungaca1824.jpeg,0,723
lungaca1829.jpeg,0,506
lungaca183.jpeg,0,679
lungaca1830.jpeg,0,524
lungaca1831.jpeg,0,508
lungaca1832.jpeg,0,509
lungaca1833.jpeg,0,703
lungaca1838.jpeg,0,716
lungaca1839.jpeg,0,716
lungaca184.jpeg,0,735
lungaca1840.jpeg,0,619
lungaca1843.jpeg,0,641
lungaca1846.jpeg,0,629
lungaca1847.jpeg,0,528
lungaca1848.jpeg,0,574
lungaca1849.jpeg,0,585
lungaca185.jpeg,0,742
lungaca1850.jpeg,0,532
lungaca1851.jpeg,0,687
lungaca1852.jpeg,0,566
lungaca1853.jpeg,0,515
lungaca1855.jpeg,0,633
lungaca1856.jpeg,0,727
lungaca1858.jpeg,0,549
lungaca1859.jpeg,0,632
lungaca186.jpeg,0,626
lungaca1860.jpeg,0,632
lungaca1861.jpeg,0,529
lungaca1862.jpeg,0,647
lungaca1863.jpeg,0,540
lungaca1864.jpeg,0,734
lungaca1867.jpeg,0,652
lungaca1869.jpeg,0,581
lungaca1871.jpeg,0,542
lungaca1873.jpeg,0,555
lungaca1874.jpeg,0,635
lungaca1875.jpeg,0,537
lungaca1876.jpeg,0,537
lungaca188.jpeg,0,590
lungaca1880.jpeg,0,618
lungaca1881.jpeg,0,618
lungaca1882.jpeg,0,577
lungaca1884.jpeg,0,627
lungaca1886.jpeg,0,667
lungaca1888.jpeg,0,553
lungaca1889.jpeg,0,621
lungaca189.jpeg,0,529
lungaca1891.jpeg,0,520
lungaca1892.jpeg,0,593
lungaca1898.jpeg,0,597
lungaca1899.jpeg,0,681
lungaca190.jpeg,0,647
lungaca1901.jpeg,0,738
lungaca1902.jpeg,0,513
lungaca1903.jpeg,0,510
lungaca1904.jpeg,0,698
lungaca1905.jpeg,0,641
lungaca1906.jpeg,0,641
lungaca191.jpeg,0,623
lungaca1910.jpeg,0,517
lungaca1911.jpeg,0,554
lungaca1912.jpeg,0,574
lungaca1914.jpeg,0,585
lungaca1915.jpeg,0,585
lungaca1916.jpeg,0,585
lungaca1919.jpeg,0,685
lungaca192.jpeg,0,516
lungaca1921.jpeg,0,678
lungaca1922.jpeg,0,708
lungaca1923.jpeg,0,512
lungaca1926.jpeg,0,623
lungaca1927.jpeg,0,521
lungaca1928.jpeg,0,733
lungaca1929.jpeg,0,524
lungaca1930.jpeg,0,598
lungaca1931.jpeg,0,598
lungaca1937.jpeg,0,581
lungaca1938.jpeg,0,542
lungaca1939.jpeg,0,705
lungaca194.jpeg,0,598
lungaca1940.jpeg,0,531
lungaca1941.jpeg,0,555
lungaca1942.jpeg,0,555
lungaca1943.jpeg,0,610
lungaca1945.jpeg,0,530
lungaca1946.jpeg,0,523
lungaca1947.jpeg,0,599
lungaca1949.jpeg,0,662
lungaca1950.jpeg,0,662
lungaca1951.jpeg,0,639
lungaca1952.jpeg,0,667
lungaca1953.jpeg,0,746
lungaca1954.jpeg,0,562
lungaca1955.jpeg,0,553
lungaca1956.jpeg,0,524
lungaca1957.jpeg,0,520
lungaca1958.jpeg,0,703
lungaca1959.jpeg,0,622
lungaca196.jpeg,0,724
lungaca1961.jpeg,0,587
lungaca1962.jpeg,0,557
lungaca1963.jpeg,0,682
lungaca1965.jpeg,0,701
lungaca1970.jpeg,0,672
lungaca1971.jpeg,0,517
lungaca1972.jpeg,0,605
lungaca1973.jpeg,0,554
lungaca1975.jpeg,0,653
lungaca1977.jpeg,0,687
lungaca1978.jpeg,0,687
lungaca1979.jpeg,0,604
lungaca1980.jpeg,0,582
lungaca1981.jpeg,0,565
lungaca1982.jpeg,0,565
lungaca1983.jpeg,0,565
lungaca1984.jpeg,0,565
lungaca1985.jpeg,0,679
lungaca1986.jpeg,0,727
lungaca1987.jpeg,0,632
lungaca1988.jpeg,0,535
lungaca1989.jpeg,0,623
lungaca1990.jpeg,0,734
lungaca1992.jpeg,0,549
lungaca1993.jpeg,0,549
lungaca1995.jpeg,0,724
lungaca1996.jpeg,0,699
lungaca1998.jpeg,0,543
lungaca20.jpeg,0,515
lungaca2000.jpeg,0,640
lungaca2001.jpeg,0,558
lungaca2003.jpeg,0,552
lungaca2004.jpeg,0,618
lungaca2006.jpeg,0,523
lungaca2007.jpeg,0,706
lungaca2008.jpeg,0,599
lungaca2009.jpeg,0,617
lungaca201.jpeg,0,542
lungaca2010.jpeg,0,617
lungaca2011.jpeg,0,688
lungaca2012.jpeg,0,688
lungaca2013.jpeg,0,639
lungaca2014.jpeg,0,639
lungaca2015.jpeg,0,746
lungaca2016.jpeg,0,660
lungaca2017.jpeg,0,637
lungaca2018.jpeg,0,508
lungaca2019.jpeg,0,509
lungaca202.jpeg,0,610
lungaca2020.jpeg,0,603
lungaca2022.jpeg,0,712
lungaca2023.jpeg,0,681
lungaca2024.jpeg,0,738
lungaca2026.jpeg,0,744
lungaca2027.jpeg,0,614
lungaca2028.jpeg,0,522
lungaca203.jpeg,0,576
lungaca2033.jpeg,0,526
lungaca2034.jpeg,0,629
lungaca2036.jpeg,0,579
lungaca2037.jpeg,0,656
lungaca2038.jpeg,0,713
lungaca204.jpeg,0,552
lungaca2040.jpeg,0,678
lungaca2041.jpeg,0,692
lungaca2042.jpeg,0,692
lungaca2043.jpeg,0,515
lungaca2044.jpeg,0,569
lungaca2046.jpeg,0,590
lungaca2047.jpeg,0,632
lungaca2048.jpeg,0,632
lungaca2049.jpeg,0,535
lungaca205.jpeg,0,577
lungaca2050.jpeg,0,647
lungaca2051.jpeg,0,647
lungaca2052.jpeg,0,717
lungaca2053.jpeg,0,530
lungaca2054.jpeg,0,530
lungaca2055.jpeg,0,598
lungaca2057.jpeg,0,652
lungaca206.jpeg,0,556
lungaca2060.jpeg,0,700
lungaca2061.jpeg,0,700
lungaca2062.jpeg,0,571
lungaca2066.jpeg,0,542
lungaca2069.jpeg,0,555
lungaca207.jpeg,0,676
lungaca2070.jpeg,0,569
lungaca2071.jpeg,0,635
lungaca2072.jpeg,0,537
lungaca2073.jpeg,0,576
lungaca2074.jpeg,0,599
lungaca2077.jpeg,0,741
lungaca2078.jpeg,0,639
lungaca2079.jpeg,0,625
lungaca2080.jpeg,0,637
lungaca2081.jpeg,0,621
lungaca2082.jpeg,0,621
lungaca2083.jpeg,0,661
lungaca2085.jpeg,0,572
lungaca2086.jpeg,0,657
lungaca2088.jpeg,0,597
lungaca2089.jpeg,0,665
lungaca2090.jpeg,0,525
lungaca2091.jpeg,0,609
lungaca2095.jpeg,0,736
lungaca2099.jpeg,0,579
lungaca21.jpeg,0,735
lungaca210.jpeg,0,639
lungaca2100.jpeg,0,541
lungaca2101.jpeg,0,541
lungaca2102.jpeg,0,541
lungaca2103.jpeg,0,552
lungaca2105.jpeg,0,685
lungaca2106.jpeg,0,735
lungaca2108.jpeg,0,633
lungaca2109.jpeg,0,727
lungaca211.jpeg,0,673
lungaca2111.jpeg,0,569
lungaca2112.jpeg,0,549
lungaca2113.jpeg,0,535
lungaca2114.jpeg,0,529
lungaca2116.jpeg,0,521
lungaca212.jpeg,0,562
lungaca2125.jpeg,0,705
lungaca2126.jpeg,0,569
lungaca2127.jpeg,0,552
lungaca2130.jpeg,0,688
lungaca2131.jpeg,0,688
lungaca2134.jpeg,0,519
lungaca2135.jpeg,0,723
lungaca2136.jpeg,0,593
lungaca2137.jpeg,0,603
lungaca2138.jpeg,0,603
lungaca2139.jpeg,0,703
lungaca214.jpeg,0,621
lungaca2140.jpeg,0,622
lungaca2142.jpeg,0,682
lungaca2143.jpeg,0,682
lungaca2144.jpeg,0,597
lungaca2145.jpeg,0,597
lungaca2146.jpeg,0,619
lungaca2148.jpeg,0,525
lungaca2149.jpeg,0,522
lungaca215.jpeg,0,587
lungaca2150.jpeg,0,674
lungaca2151.jpeg,0,641
lungaca2153.jpeg,0,559
lungaca2154.jpeg,0,551
lungaca2155.jpeg,0,547
lungaca2157.jpeg,0,687
lungaca2159.jpeg,0,582
lungaca216.jpeg,0,704
lungaca2160.jpeg,0,695
lungaca2161.jpeg,0,565
lungaca2162.jpeg,0,565
lungaca2165.jpeg,0,590
lungaca2166.jpeg,0,549
lungaca2167.jpeg,0,535
lungaca2169.jpeg,0,598
lungaca217.jpeg,0,716
lungaca2171.jpeg,0,650
lungaca218.jpeg,0,592
lungaca2180.jpeg,0,542
lungaca2181.jpeg,0,635
lungaca2182.jpeg,0,618
lungaca2183.jpeg,0,617
lungaca2186.jpeg,0,639
lungaca2187.jpeg,0,673
lungaca2188.jpeg,0,636
lungaca219.jpeg,0,513
lungaca2190.jpeg,0,661
lungaca2191.jpeg,0,506
lungaca2192.jpeg,0,593
lungaca2193.jpeg,0,593
lungaca2194.jpeg,0,518
lungaca2197.jpeg,0,587
lungaca2199.jpeg,0,557
lungaca2200.jpeg,0,682
lungaca2201.jpeg,0,612
lungaca2202.jpeg,0,612
lungaca2204.jpeg,0,510
lungaca2207.jpeg,0,736
lungaca2208.jpeg,0,605
lungaca2209.jpeg,0,554
lungaca2210.jpeg,0,718
lungaca2211.jpeg,0,616
lungaca2212.jpeg,0,594
lungaca2213.jpeg,0,585
lungaca2214.jpeg,0,532
lungaca2215.jpeg,0,566
lungaca2216.jpeg,0,666
lungaca2217.jpeg,0,708
lungaca2218.jpeg,0,708
lungaca222.jpeg,0,554
lungaca2220.jpeg,0,692
lungaca2221.jpeg,0,515
lungaca2224.jpeg,0,647
lungaca2225.jpeg,0,623
lungaca2226.jpeg,0,743
lungaca2227.jpeg,0,524
lungaca2228.jpeg,0,524
lungaca223.jpeg,0,548
lungaca2231.jpeg,0,650
lungaca2233.jpeg,0,652
lungaca2234.jpeg,0,652
lungaca2235.jpeg,0,652
lungaca2238.jpeg,0,571
lungaca2239.jpeg,0,555
lungaca2240.jpeg,0,689
lungaca2241.jpeg,0,530
lungaca2242.jpeg,0,728
lungaca2243.jpeg,0,577
lungaca2244.jpeg,0,556
lungaca2245.jpeg,0,688
lungaca2246.jpeg,0,741
lungaca2247.jpeg,0,746
lungaca2248.jpeg,0,636
lungaca225.jpeg,0,554
lungaca2251.jpeg,0,661
lungaca2252.jpeg,0,509
lungaca2253.jpeg,0,603
lungaca2255.jpeg,0,615
lungaca2256.jpeg,0,622
lungaca2258.jpeg,0,704
lungaca2260.jpeg,0,681
lungaca2261.jpeg,0,592
lungaca2262.jpeg,0,513
lungaca2263.jpeg,0,510
lungaca2264.jpeg,0,525
lungaca2265.jpeg,0,522
lungaca2267.jpeg,0,559
lungaca2268.jpeg,0,736
lungaca227.jpeg,0,629
lungaca2271.jpeg,0,718
lungaca2272.jpeg,0,574
lungaca2273.jpeg,0,547
lungaca2274.jpeg,0,552
lungaca2275.jpeg,0,721
lungaca2276.jpeg,0,507
lungaca2277.jpeg,0,565
lungaca2278.jpeg,0,566
lungaca2279.jpeg,0,666
lungaca228.jpeg,0,616
lungaca2280.jpeg,0,708
lungaca2282.jpeg,0,692
lungaca2283.jpeg,0,512
lungaca2284.jpeg,0,719
lungaca2286.jpeg,0,590
lungaca2287.jpeg,0,590
lungaca2288.jpeg,0,529
lungaca2289.jpeg,0,530
lungaca2290.jpeg,0,524
lungaca2291.jpeg,0,524
lungaca2293.jpeg,0,650
lungaca2295.jpeg,0,652
lungaca2299.jpeg,0,531
lungaca230.jpeg,0,532
lungaca2300.jpeg,0,610
lungaca2301.jpeg,0,537
lungaca2305.jpeg,0,556
lungaca2307.jpeg,0,746
lungaca2309.jpeg,0,723
lungaca231.jpeg,0,620
lungaca2310.jpeg,0,723
lungaca2313.jpeg,0,524
lungaca2314.jpeg,0,509
lungaca2315.jpeg,0,593
lungaca2317.jpeg,0,572
lungaca2318.jpeg,0,704
lungaca2319.jpeg,0,671
lungaca2320.jpeg,0,716
lungaca2321.jpeg,0,592
lungaca2322.jpeg,0,648
lungaca2323.jpeg,0,674
lungaca2324.jpeg,0,641
lungaca2328.jpeg,0,672
lungaca233.jpeg,0,582
lungaca2330.jpeg,0,554
lungaca2331.jpeg,0,691
lungaca2332.jpeg,0,710
lungaca2333.jpeg,0,638
lungaca2334.jpeg,0,594
lungaca2335.jpeg,0,713
lungaca2336.jpeg,0,547
lungaca2337.jpeg,0,604
lungaca2338.jpeg,0,565
lungaca2339.jpeg,0,678
lungaca234.jpeg,0,655
lungaca2341.jpeg,0,719
lungaca2342.jpeg,0,742
lungaca2344.jpeg,0,632
lungaca2345.jpeg,0,623
lungaca2346.jpeg,0,516
lungaca2354.jpeg,0,571
lungaca2355.jpeg,0,571
lungaca2357.jpeg,0,531
lungaca2358.jpeg,0,569
lungaca2359.jpeg,0,689
lungaca2360.jpeg,0,537
lungaca2362.jpeg,0,737
lungaca2363.jpeg,0,530
lungaca2364.jpeg,0,618
lungaca2365.jpeg,0,618
lungaca2368.jpeg,0,728
lungaca237.jpeg,0,675
lungaca2370.jpeg,0,556
lungaca2371.jpeg,0,676
lungaca2374.jpeg,0,639
lungaca2375.jpeg,0,711
lungaca2376.jpeg,0,562
lungaca2378.jpeg,0,520
lungaca2379.jpeg,0,518
lungaca2382.jpeg,0,704
lungaca2383.jpeg,0,619
lungaca2385.jpeg,0,513
lungaca2386.jpeg,0,513
lungaca2388.jpeg,0,744
lungaca2389.jpeg,0,744
lungaca2390.jpeg,0,665
lungaca2392.jpeg,0,674
lungaca2394.jpeg,0,609
lungaca2395.jpeg,0,559
lungaca2396.jpeg,0,691
lungaca2397.jpeg,0,629
lungaca2398.jpeg,0,629
lungaca2399.jpeg,0,710
lungaca24.jpeg,0,598
lungaca240.jpeg,0,535
lungaca2400.jpeg,0,551
lungaca2401.jpeg,0,532
lungaca2402.jpeg,0,721
lungaca2403.jpeg,0,582
lungaca2404.jpeg,0,725
lungaca2405.jpeg,0,566
lungaca2406.jpeg,0,666
lungaca2407.jpeg,0,678
lungaca2408.jpeg,0,719
lungaca241.jpeg,0,529
lungaca2411.jpeg,0,626
lungaca2413.jpeg,0,632
lungaca2414.jpeg,0,529
lungaca2415.jpeg,0,529
lungaca2417.jpeg,0,521
lungaca2419.jpeg,0,650
lungaca2422.jpeg,0,543
lungaca2424.jpeg,0,700
lungaca2426.jpeg,0,558
lungaca2427.jpeg,0,610
lungaca2428.jpeg,0,610
lungaca2429.jpeg,0,689
lungaca243.jpeg,0,623
lungaca2430.jpeg,0,576
lungaca2432.jpeg,0,706
lungaca2433.jpeg,0,706
lungaca2434.jpeg,0,696
lungaca2435.jpeg,0,662
lungaca2437.jpeg,0,673
lungaca2438.jpeg,0,625
lungaca2439.jpeg,0,660
lungaca244.jpeg,0,540
lungaca2441.jpeg,0,509
lungaca2442.jpeg,0,518
lungaca2444.jpeg,0,572
lungaca2445.jpeg,0,654
lungaca2447.jpeg,0,513
lungaca2448.jpeg,0,648
lungaca2450.jpeg,0,522
lungaca2453.jpeg,0,517
lungaca2454.jpeg,0,517
lungaca2455.jpeg,0,554
lungaca2456.jpeg,0,691
lungaca2457.jpeg,0,528
lungaca2458.jpeg,0,574
lungaca2459.jpeg,0,638
lungaca246.jpeg,0,549
lungaca2460.jpeg,0,594
lungaca2461.jpeg,0,585
lungaca2462.jpeg,0,532
lungaca2463.jpeg,0,687
lungaca2464.jpeg,0,582
lungaca2466.jpeg,0,565
lungaca2467.jpeg,0,678
lungaca2468.jpeg,0,692
lungaca2469.jpeg,0,512
lungaca2470.jpeg,0,742
lungaca2471.jpeg,0,632
lungaca2472.jpeg,0,529
lungaca2473.jpeg,0,743
lungaca2474.jpeg,0,516
lungaca2477.jpeg,0,598
lungaca2478.jpeg,0,724
lungaca2479.jpeg,0,699
lungaca2480.jpeg,0,652
lungaca2484.jpeg,0,569
lungaca2485.jpeg,0,610
lungaca2486.jpeg,0,737
lungaca2487.jpeg,0,552
lungaca2488.jpeg,0,530
lungaca2489.jpeg,0,577
lungaca2490.jpeg,0,627
lungaca2492.jpeg,0,702
lungaca2493.jpeg,0,673
lungaca2494.jpeg,0,625
lungaca2495.jpeg,0,506
lungaca2496.jpeg,0,593
lungaca2497.jpeg,0,603
lungaca2499.jpeg,0,557
lungaca2500.jpeg,0,557
lungaca2502.jpeg,0,682
lungaca2503.jpeg,0,716
lungaca2504.jpeg,0,744
lungaca2505.jpeg,0,525
lungaca2506.jpeg,0,674
lungaca2507.jpeg,0,658
lungaca2508.jpeg,0,641
lungaca251.jpeg,0,569
lungaca2513.jpeg,0,580
lungaca2514.jpeg,0,547
lungaca2515.jpeg,0,552
lungaca2516.jpeg,0,620
lungaca2518.jpeg,0,565
lungaca2519.jpeg,0,708
lungaca252.jpeg,0,576
lungaca2520.jpeg,0,692
lungaca2521.jpeg,0,512
lungaca2522.jpeg,0,719
lungaca2524.jpeg,0,569
lungaca2525.jpeg,0,709
lungaca2528.jpeg,0,632
lungaca2529.jpeg,0,535
lungaca253.jpeg,0,618
lungaca2530.jpeg,0,623
lungaca2531.jpeg,0,524
lungaca2534.jpeg,0,549
lungaca2540.jpeg,0,571
lungaca2541.jpeg,0,640
lungaca2542.jpeg,0,531
lungaca2543.jpeg,0,610
lungaca2544.jpeg,0,689
lungaca2545.jpeg,0,530
lungaca2546.jpeg,0,617
lungaca2547.jpeg,0,617
lungaca2548.jpeg,0,741
lungaca2550.jpeg,0,673
lungaca2551.jpeg,0,711
lungaca2556.jpeg,0,508
lungaca2557.jpeg,0,508
lungaca2559.jpeg,0,703
lungaca256.jpeg,0,627
lungaca2560.jpeg,0,622
lungaca2564.jpeg,0,654
lungaca2567.jpeg,0,592
lungaca2568.jpeg,0,738
lungaca257.jpeg,0,741
lungaca2570.jpeg,0,665
lungaca2571.jpeg,0,674
lungaca2572.jpeg,0,609
lungaca2575.jpeg,0,517
lungaca2577.jpeg,0,574
lungaca2578.jpeg,0,713
lungaca2579.jpeg,0,653
lungaca258.jpeg,0,667
lungaca2580.jpeg,0,532
lungaca2581.jpeg,0,552
lungaca2582.jpeg,0,620
lungaca2583.jpeg,0,685
lungaca2584.jpeg,0,708
lungaca2585.jpeg,0,708
lungaca2586.jpeg,0,727
lungaca2587.jpeg,0,569
lungaca2588.jpeg,0,626
lungaca2589.jpeg,0,590
lungaca259.jpeg,0,613
lungaca2590.jpeg,0,529
lungaca2591.jpeg,0,516
lungaca2593.jpeg,0,670
lungaca2594.jpeg,0,524
lungaca2597.jpeg,0,549
lungaca260.jpeg,0,613
lungaca2602.jpeg,0,581
lungaca2604.jpeg,0,531
lungaca2605.jpeg,0,618
lungaca2607.jpeg,0,523
lungaca2609.jpeg,0,617
lungaca2610.jpeg,0,627
lungaca2611.jpeg,0,667
lungaca2612.jpeg,0,613
lungaca2613.jpeg,0,746
lungaca2614.jpeg,0,636
lungaca2615.jpeg,0,553
lungaca2616.jpeg,0,660
lungaca2617.jpeg,0,660
lungaca2619.jpeg,0,703
lungaca2621.jpeg,0,704
lungaca2622.jpeg,0,671
lungaca2624.jpeg,0,654
lungaca2626.jpeg,0,597
lungaca2627.jpeg,0,513
lungaca2629.jpeg,0,609
lungaca263.jpeg,0,723
lungaca2630.jpeg,0,641
lungaca2631.jpeg,0,605
lungaca2632.jpeg,0,526
lungaca2634.jpeg,0,718
lungaca2636.jpeg,0,616
lungaca2637.jpeg,0,541
lungaca2638.jpeg,0,594
lungaca264.jpeg,0,621
lungaca2640.jpeg,0,687
lungaca2641.jpeg,0,507
lungaca2643.jpeg,0,620
lungaca2644.jpeg,0,685
lungaca2645.jpeg,0,582
lungaca2647.jpeg,0,565
lungaca2648.jpeg,0,725
lungaca2651.jpeg,0,569
lungaca2655.jpeg,0,632
lungaca2657.jpeg,0,717
lungaca2659.jpeg,0,543
lungaca266.jpeg,0,506
lungaca2660.jpeg,0,543
lungaca2662.jpeg,0,581
lungaca2663.jpeg,0,542
lungaca2665.jpeg,0,531
lungaca2666.jpeg,0,689
lungaca2667.jpeg,0,635
lungaca2668.jpeg,0,552
lungaca2669.jpeg,0,618
lungaca2672.jpeg,0,728
lungaca2673.jpeg,0,599
lungaca2674.jpeg,0,676
lungaca2676.jpeg,0,639
lungaca2677.jpeg,0,702
lungaca2678.jpeg,0,613
lungaca2679.jpeg,0,519
lungaca2682.jpeg,0,562
lungaca2683.jpeg,0,562
lungaca2684.jpeg,0,506
lungaca2685.jpeg,0,506
lungaca2686.jpeg,0,520
lungaca2687.jpeg,0,615
lungaca2688.jpeg,0,729
lungaca269.jpeg,0,587
lungaca2691.jpeg,0,682
lungaca2692.jpeg,0,701
lungaca2693.jpeg,0,648
lungaca2694.jpeg,0,648
lungaca2695.jpeg,0,665
lungaca2696.jpeg,0,698
lungaca2698.jpeg,0,641
lungaca2699.jpeg,0,641
lungaca2702.jpeg,0,736
lungaca2703.jpeg,0,605
lungaca2704.jpeg,0,554
lungaca2705.jpeg,0,616
lungaca2706.jpeg,0,594
lungaca2708.jpeg,0,656
lungaca2709.jpeg,0,653
lungaca2710.jpeg,0,552
lungaca2711.jpeg,0,620
lungaca2712.jpeg,0,582
lungaca2713.jpeg,0,565
lungaca2714.jpeg,0,692
lungaca2716.jpeg,0,590
lungaca2717.jpeg,0,540
lungaca2718.jpeg,0,540
lungaca2719.jpeg,0,516
lungaca2720.jpeg,0,670
lungaca2722.jpeg,0,549
lungaca2723.jpeg,0,699
lungaca2724.jpeg,0,543
lungaca2726.jpeg,0,542
lungaca2729.jpeg,0,530
lungaca273.jpeg,0,597
lungaca2730.jpeg,0,618
lungaca2731.jpeg,0,599
lungaca2735.jpeg,0,741
lungaca2736.jpeg,0,625
lungaca2737.jpeg,0,660
lungaca2738.jpeg,0,661
lungaca2739.jpeg,0,508
lungaca274.jpeg,0,701
lungaca2742.jpeg,0,657
lungaca2743.jpeg,0,597
lungaca2744.jpeg,0,592
lungaca2745.jpeg,0,592
lungaca2746.jpeg,0,665
lungaca2748.jpeg,0,554
lungaca2749.jpeg,0,554
lungaca2750.jpeg,0,554
lungaca2751.jpeg,0,691
lungaca2752.jpeg,0,574
lungaca2753.jpeg,0,638
lungaca2754.jpeg,0,656
lungaca2755.jpeg,0,585
lungaca2756.jpeg,0,653
lungaca2757.jpeg,0,532
lungaca2758.jpeg,0,721
lungaca2759.jpeg,0,507
lungaca276.jpeg,0,513
lungaca2760.jpeg,0,678
lungaca2761.jpeg,0,735
lungaca2762.jpeg,0,633
lungaca2763.jpeg,0,742
lungaca2765.jpeg,0,569
lungaca2767.jpeg,0,632
lungaca2768.jpeg,0,540
lungaca2769.jpeg,0,516
lungaca2771.jpeg,0,670
lungaca2772.jpeg,0,734
lungaca2773.jpeg,0,598
lungaca2774.jpeg,0,652
lungaca2775.jpeg,0,581
lungaca2776.jpeg,0,542
lungaca2777.jpeg,0,542
lungaca2778.jpeg,0,542
lungaca278.jpeg,0,674
lungaca2780.jpeg,0,705
lungaca2781.jpeg,0,635
lungaca2782.jpeg,0,537
lungaca2783.jpeg,0,537
lungaca2785.jpeg,0,552
lungaca2786.jpeg,0,728
lungaca2787.jpeg,0,577
lungaca279.jpeg,0,658
lungaca2790.jpeg,0,617
lungaca2791.jpeg,0,696
lungaca2792.jpeg,0,688
lungaca2795.jpeg,0,702
lungaca2796.jpeg,0,613
lungaca2797.jpeg,0,519
lungaca2799.jpeg,0,673
lungaca280.jpeg,0,736
lungaca2800.jpeg,0,625
lungaca2801.jpeg,0,660
lungaca2802.jpeg,0,518
lungaca2803.jpeg,0,704
lungaca2804.jpeg,0,654
lungaca2805.jpeg,0,597
lungaca2806.jpeg,0,570
lungaca2807.jpeg,0,570
lungaca281.jpeg,0,517
lungaca2810.jpeg,0,744
lungaca2811.jpeg,0,510
lungaca2813.jpeg,0,609
lungaca2814.jpeg,0,641
lungaca2816.jpeg,0,559
lungaca2817.jpeg,0,736
lungaca2818.jpeg,0,605
lungaca2819.jpeg,0,605
lungaca282.jpeg,0,580
lungaca2820.jpeg,0,691
lungaca2823.jpeg,0,653
lungaca2824.jpeg,0,695
lungaca2826.jpeg,0,692
lungaca2828.jpeg,0,512
lungaca2829.jpeg,0,719
lungaca283.jpeg,0,554
lungaca2830.jpeg,0,679
lungaca2831.jpeg,0,742
lungaca2834.jpeg,0,743
lungaca2835.jpeg,0,743
lungaca2836.jpeg,0,516
lungaca284.jpeg,0,548
lungaca2841.jpeg,0,543
lungaca2842.jpeg,0,652
lungaca2846.jpeg,0,567
lungaca2847.jpeg,0,737
lungaca2848.jpeg,0,618
lungaca2849.jpeg,0,728
lungaca2850.jpeg,0,577
lungaca2852.jpeg,0,662
lungaca2853.jpeg,0,676
lungaca2856.jpeg,0,639
lungaca2857.jpeg,0,636
lungaca2858.jpeg,0,621
lungaca2859.jpeg,0,661
lungaca2860.jpeg,0,508
lungaca2862.jpeg,0,518
lungaca2864.jpeg,0,572
lungaca2865.jpeg,0,572
lungaca2866.jpeg,0,716
lungaca2867.jpeg,0,570
lungaca2868.jpeg,0,570
lungaca2869.jpeg,0,513
lungaca2870.jpeg,0,665
lungaca2871.jpeg,0,614
lungaca2872.jpeg,0,674
lungaca2877.jpeg,0,580
lungaca2879.jpeg,0,554
lungaca2880.jpeg,0,691
lungaca2881.jpeg,0,526
lungaca2883.jpeg,0,616
lungaca2886.jpeg,0,507
lungaca2887.jpeg,0,604
lungaca2888.jpeg,0,604
lungaca2889.jpeg,0,582
lungaca289.jpeg,0,585
lungaca2890.jpeg,0,708
lungaca2893.jpeg,0,515
lungaca2894.jpeg,0,675
lungaca2895.jpeg,0,569
lungaca2896.jpeg,0,590
lungaca2897.jpeg,0,529
lungaca2898.jpeg,0,743
lungaca290.jpeg,0,721
lungaca2900.jpeg,0,670
lungaca2901.jpeg,0,524
lungaca2906.jpeg,0,652
lungaca2907.jpeg,0,652
lungaca2908.jpeg,0,569
lungaca2909.jpeg,0,567
lungaca291.jpeg,0,507
lungaca2910.jpeg,0,728
lungaca2911.jpeg,0,688
lungaca2912.jpeg,0,688
lungaca2915.jpeg,0,613
lungaca2916.jpeg,0,636
lungaca2917.jpeg,0,553
lungaca2918.jpeg,0,621
lungaca2919.jpeg,0,520
lungaca2920.jpeg,0,509
lungaca2921.jpeg,0,518
lungaca2923.jpeg,0,597
lungaca2924.jpeg,0,619
lungaca2925.jpeg,0,681
lungaca2927.jpeg,0,744
lungaca2928.jpeg,0,744
lungaca2929.jpeg,0,609
lungaca293.jpeg,0,515
lungaca2931.jpeg,0,559
lungaca2933.jpeg,0,528
lungaca2937.jpeg,0,656
lungaca2938.jpeg,0,713
lungaca2939.jpeg,0,585
lungaca294.jpeg,0,719
lungaca2940.jpeg,0,552
lungaca2941.jpeg,0,604
lungaca2943.jpeg,0,566
lungaca2944.jpeg,0,692
lungaca2945.jpeg,0,692
lungaca2947.jpeg,0,679
lungaca2949.jpeg,0,727
lungaca295.jpeg,0,735
lungaca2951.jpeg,0,623
lungaca2953.jpeg,0,670
lungaca2954.jpeg,0,549
lungaca2956.jpeg,0,700
lungaca2957.jpeg,0,571
lungaca2958.jpeg,0,581
lungaca296.jpeg,0,633
lungaca2960.jpeg,0,558
lungaca2961.jpeg,0,558
lungaca2962.jpeg,0,689
lungaca2963.jpeg,0,567
lungaca2964.jpeg,0,576
lungaca2965.jpeg,0,576
lungaca2966.jpeg,0,576
lungaca2967.jpeg,0,737
lungaca2968.jpeg,0,523
lungaca297.jpeg,0,742
lungaca2971.jpeg,0,696
lungaca2972.jpeg,0,696
lungaca2973.jpeg,0,639
lungaca2974.jpeg,0,702
lungaca2976.jpeg,0,660
lungaca2977.jpeg,0,621
lungaca2978.jpeg,0,621
lungaca2979.jpeg,0,729
lungaca298.jpeg,0,709
lungaca2980.jpeg,0,729
lungaca2984.jpeg,0,557
lungaca2987.jpeg,0,612
lungaca2988.jpeg,0,654
lungaca2989.jpeg,0,712
lungaca2990.jpeg,0,592
lungaca2991.jpeg,0,592
lungaca2992.jpeg,0,648
lungaca2994.jpeg,0,698
lungaca2995.jpeg,0,658
lungaca2996.jpeg,0,609
lungaca3.jpeg,0,716
lungaca30.jpeg,0,599
lungaca300.jpeg,0,590
lungaca3000.jpeg,0,580
lungaca3002.jpeg,0,554
lungaca3004.jpeg,0,629
lungaca3005.jpeg,0,541
lungaca3006.jpeg,0,653
lungaca3009.jpeg,0,721
lungaca301.jpeg,0,632
lungaca3010.jpeg,0,507
lungaca3011.jpeg,0,515
lungaca3014.jpeg,0,727
lungaca3015.jpeg,0,569
lungaca3016.jpeg,0,626
lungaca3018.jpeg,0,529
lungaca3019.jpeg,0,743
lungaca302.jpeg,0,647
lungaca3020.jpeg,0,530
lungaca3021.jpeg,0,549
lungaca3024.jpeg,0,543
lungaca3026.jpeg,0,581
lungaca3027.jpeg,0,542
lungaca3028.jpeg,0,610
lungaca3029.jpeg,0,576
lungaca3030.jpeg,0,737
lungaca3031.jpeg,0,552
lungaca3033.jpeg,0,728
lungaca3034.jpeg,0,599
lungaca3036.jpeg,0,556
lungaca3037.jpeg,0,662
lungaca3038.jpeg,0,662
lungaca304.jpeg,0,743
lungaca3040.jpeg,0,741
lungaca3041.jpeg,0,667
lungaca3043.jpeg,0,625
lungaca3044.jpeg,0,703
lungaca3045.jpeg,0,622
lungaca3047.jpeg,0,654
lungaca3048.jpeg,0,654
lungaca3049.jpeg,0,614
lungaca305.jpeg,0,521
lungaca3050.jpeg,0,522
lungaca3051.jpeg,0,609
lungaca3052.jpeg,0,641
lungaca3055.jpeg,0,580
lungaca3056.jpeg,0,691
lungaca3057.jpeg,0,638
lungaca3058.jpeg,0,690
lungaca3059.jpeg,0,693
lungaca306.jpeg,0,524
lungaca3060.jpeg,0,620
lungaca3061.jpeg,0,708
lungaca3062.jpeg,0,735
lungaca3063.jpeg,0,626
lungaca3065.jpeg,0,647
lungaca3066.jpeg,0,623
lungaca3067.jpeg,0,516
lungaca3068.jpeg,0,530
lungaca3069.jpeg,0,650
lungaca3070.jpeg,0,652
lungaca3072.jpeg,0,571
lungaca3073.jpeg,0,555
lungaca3074.jpeg,0,610
lungaca3075.jpeg,0,635
lungaca3076.jpeg,0,530
lungaca3078.jpeg,0,577
lungaca3080.jpeg,0,676
lungaca3082.jpeg,0,627
lungaca3085.jpeg,0,625
lungaca3086.jpeg,0,625
lungaca3088.jpeg,0,593
lungaca3089.jpeg,0,603
lungaca3090.jpeg,0,622
lungaca3092.jpeg,0,587
lungaca3093.jpeg,0,572
lungaca3094.jpeg,0,572
lungaca3095.jpeg,0,572
lungaca3096.jpeg,0,612
lungaca3102.jpeg,0,614
lungaca3103.jpeg,0,510
lungaca3104.jpeg,0,658
lungaca3105.jpeg,0,641
lungaca3108.jpeg,0,710
lungaca3109.jpeg,0,528
lungaca3110.jpeg,0,638
lungaca3111.jpeg,0,656
lungaca3112.jpeg,0,713
lungaca3113.jpeg,0,604
lungaca3115.jpeg,0,565
lungaca3116.jpeg,0,666
lungaca3119.jpeg,0,675
lungaca3120.jpeg,0,675
lungaca3122.jpeg,0,569
lungaca3123.jpeg,0,569
lungaca3125.jpeg,0,529
lungaca3126.jpeg,0,529
lungaca3128.jpeg,0,598
lungaca313.jpeg,0,543
lungaca3130.jpeg,0,652
lungaca3133.jpeg,0,555
lungaca3134.jpeg,0,555
lungaca3135.jpeg,0,537
lungaca3136.jpeg,0,728
lungaca3137.jpeg,0,523
lungaca3139.jpeg,0,556
lungaca314.jpeg,0,652
lungaca3140.jpeg,0,662
lungaca3141.jpeg,0,676
lungaca3144.jpeg,0,627
lungaca3145.jpeg,0,741
lungaca3146.jpeg,0,639
lungaca3147.jpeg,0,702
lungaca3148.jpeg,0,667
lungaca3152.jpeg,0,506
lungaca3153.jpeg,0,506
lungaca3154.jpeg,0,506
lungaca3155.jpeg,0,506
lungaca3156.jpeg,0,509
lungaca3157.jpeg,0,557
lungaca3158.jpeg,0,657
lungaca3159.jpeg,0,671
lungaca3160.jpeg,0,671
lungaca3162.jpeg,0,619
lungaca3163.jpeg,0,570
lungaca3165.jpeg,0,513
lungaca3166.jpeg,0,513
lungaca3167.jpeg,0,665
lungaca3168.jpeg,0,614
lungaca3169.jpeg,0,510
lungaca3170.jpeg,0,658
lungaca3171.jpeg,0,609
lungaca3172.jpeg,0,641
lungaca3176.jpeg,0,528
lungaca3177.jpeg,0,528
lungaca3178.jpeg,0,616
lungaca3179.jpeg,0,656
lungaca3180.jpeg,0,653
lungaca3181.jpeg,0,532
lungaca3182.jpeg,0,552
lungaca3183.jpeg,0,685
lungaca3184.jpeg,0,582
lungaca3185.jpeg,0,582
lungaca3186.jpeg,0,725
lungaca3188.jpeg,0,727
lungaca3189.jpeg,0,569
lungaca319.jpeg,0,635
lungaca3192.jpeg,0,535
lungaca3193.jpeg,0,647
lungaca3194.jpeg,0,647
lungaca3196.jpeg,0,530
lungaca3197.jpeg,0,670
lungaca3198.jpeg,0,734
lungaca320.jpeg,0,635
lungaca3201.jpeg,0,650
lungaca3202.jpeg,0,650
lungaca3204.jpeg,0,699
lungaca3205.jpeg,0,699
lungaca3206.jpeg,0,581
lungaca3207.jpeg,0,581
lungaca3209.jpeg,0,531
lungaca321.jpeg,0,599
lungaca3210.jpeg,0,569
lungaca3211.jpeg,0,737
lungaca3212.jpeg,0,728
lungaca3213.jpeg,0,556
lungaca3215.jpeg,0,519
lungaca3216.jpeg,0,746
lungaca3218.jpeg,0,615
lungaca3219.jpeg,0,615
lungaca322.jpeg,0,599
lungaca3220.jpeg,0,729
lungaca3223.jpeg,0,572
lungaca3224.jpeg,0,657
lungaca3225.jpeg,0,682
lungaca3226.jpeg,0,716
lungaca3227.jpeg,0,712
lungaca3228.jpeg,0,570
lungaca3229.jpeg,0,701
lungaca323.jpeg,0,577
lungaca3230.jpeg,0,744
lungaca3231.jpeg,0,665
lungaca3232.jpeg,0,510
lungaca3233.jpeg,0,698
lungaca3234.jpeg,0,698
lungaca3238.jpeg,0,526
lungaca3239.jpeg,0,526
lungaca3240.jpeg,0,638
lungaca3241.jpeg,0,653
lungaca3242.jpeg,0,552
lungaca3244.jpeg,0,655
lungaca3245.jpeg,0,695
lungaca3246.jpeg,0,565
lungaca3247.jpeg,0,666
lungaca3248.jpeg,0,727
lungaca3249.jpeg,0,742
lungaca3252.jpeg,0,709
lungaca3253.jpeg,0,590
lungaca3254.jpeg,0,540
lungaca326.jpeg,0,519
lungaca3263.jpeg,0,542
lungaca3265.jpeg,0,555
lungaca3266.jpeg,0,610
lungaca3267.jpeg,0,537
lungaca3268.jpeg,0,523
lungaca3269.jpeg,0,556
lungaca327.jpeg,0,673
lungaca3272.jpeg,0,553
lungaca3276.jpeg,0,593
lungaca3277.jpeg,0,603
lungaca3282.jpeg,0,682
lungaca3283.jpeg,0,682
lungaca3284.jpeg,0,716
lungaca3285.jpeg,0,612
lungaca3286.jpeg,0,654
lungaca329.jpeg,0,562
lungaca3291.jpeg,0,517
lungaca3292.jpeg,0,605
lungaca3295.jpeg,0,574
lungaca3296.jpeg,0,690
lungaca3297.jpeg,0,656
lungaca3298.jpeg,0,721
lungaca3299.jpeg,0,604
lungaca330.jpeg,0,625
lungaca3300.jpeg,0,655
lungaca3301.jpeg,0,719
lungaca3302.jpeg,0,719
lungaca3305.jpeg,0,727
lungaca3306.jpeg,0,549
lungaca3307.jpeg,0,529
lungaca3308.jpeg,0,529
lungaca3309.jpeg,0,734
lungaca331.jpeg,0,553
lungaca3310.jpeg,0,524
lungaca3313.jpeg,0,581
lungaca3315.jpeg,0,640
lungaca3316.jpeg,0,558
lungaca3317.jpeg,0,610
lungaca3318.jpeg,0,537
lungaca3319.jpeg,0,530
lungaca3320.jpeg,0,530
lungaca3322.jpeg,0,556
lungaca3327.jpeg,0,741
lungaca3328.jpeg,0,637
lungaca3329.jpeg,0,637
lungaca3331.jpeg,0,520
lungaca3333.jpeg,0,729
lungaca3336.jpeg,0,557
lungaca3337.jpeg,0,704
lungaca3339.jpeg,0,654
lungaca334.jpeg,0,661
lungaca3340.jpeg,0,597
lungaca3341.jpeg,0,738
lungaca3342.jpeg,0,513
lungaca3343.jpeg,0,513
lungaca3344.jpeg,0,614
lungaca3345.jpeg,0,614
lungaca3346.jpeg,0,609
lungaca3347.jpeg,0,609
lungaca335.jpeg,0,506
lungaca3354.jpeg,0,554
lungaca3355.jpeg,0,554
lungaca3356.jpeg,0,656
lungaca3357.jpeg,0,604
lungaca3358.jpeg,0,604
lungaca3359.jpeg,0,565
lungaca336.jpeg,0,509
lungaca3360.jpeg,0,666
lungaca3361.jpeg,0,512
lungaca3362.jpeg,0,735
lungaca3365.jpeg,0,632
lungaca3366.jpeg,0,529
lungaca337.jpeg,0,603
lungaca3370.jpeg,0,699
lungaca3371.jpeg,0,699
lungaca3375.jpeg,0,571
lungaca3376.jpeg,0,640
lungaca3377.jpeg,0,558
lungaca3378.jpeg,0,737
lungaca338.jpeg,0,603
lungaca3382.jpeg,0,556
lungaca3383.jpeg,0,662
lungaca3384.jpeg,0,613
lungaca3385.jpeg,0,746
lungaca3387.jpeg,0,562
lungaca3388.jpeg,0,625
lungaca3389.jpeg,0,625
lungaca3392.jpeg,0,622
lungaca3394.jpeg,0,587
lungaca3395.jpeg,0,587
lungaca3396.jpeg,0,587
lungaca3397.jpeg,0,572
lungaca3399.jpeg,0,619
lungaca340.jpeg,0,657
lungaca3401.jpeg,0,513
lungaca3402.jpeg,0,698
lungaca3404.jpeg,0,736
lungaca3405.jpeg,0,736
lungaca3406.jpeg,0,517
lungaca3407.jpeg,0,580
lungaca3408.jpeg,0,580
lungaca3409.jpeg,0,548
lungaca341.jpeg,0,671
lungaca3411.jpeg,0,710
lungaca3412.jpeg,0,528
lungaca3413.jpeg,0,579
lungaca3414.jpeg,0,574
lungaca3415.jpeg,0,547
lungaca3416.jpeg,0,547
lungaca3418.jpeg,0,532
lungaca3419.jpeg,0,582
lungaca342.jpeg,0,682
lungaca3420.jpeg,0,678
lungaca3421.jpeg,0,708
lungaca3424.jpeg,0,679
lungaca3425.jpeg,0,675
lungaca3427.jpeg,0,742
lungaca3429.jpeg,0,590
lungaca343.jpeg,0,681
lungaca3432.jpeg,0,549
lungaca3434.jpeg,0,623
lungaca3435.jpeg,0,540
lungaca3436.jpeg,0,717
lungaca3437.jpeg,0,733
lungaca3438.jpeg,0,733
lungaca344.jpeg,0,744
lungaca3440.jpeg,0,549
lungaca3443.jpeg,0,640
lungaca3446.jpeg,0,531
lungaca3447.jpeg,0,555
lungaca3448.jpeg,0,610
lungaca3449.jpeg,0,567
lungaca345.jpeg,0,525
lungaca3451.jpeg,0,576
lungaca3452.jpeg,0,530
lungaca3453.jpeg,0,618
lungaca3455.jpeg,0,599
lungaca3457.jpeg,0,688
lungaca3459.jpeg,0,667
lungaca346.jpeg,0,698
lungaca3461.jpeg,0,562
lungaca3462.jpeg,0,636
lungaca3463.jpeg,0,621
lungaca3464.jpeg,0,661
lungaca3466.jpeg,0,557
lungaca3469.jpeg,0,682
lungaca3470.jpeg,0,570
lungaca3472.jpeg,0,592
lungaca3474.jpeg,0,510
lungaca3475.jpeg,0,522
lungaca3476.jpeg,0,736
lungaca3478.jpeg,0,690
lungaca3479.jpeg,0,656
lungaca3480.jpeg,0,547
lungaca3481.jpeg,0,585
lungaca3482.jpeg,0,532
lungaca3483.jpeg,0,721
lungaca3484.jpeg,0,507
lungaca3485.jpeg,0,685
lungaca3486.jpeg,0,678
lungaca3489.jpeg,0,735
lungaca3490.jpeg,0,633
lungaca3492.jpeg,0,626
lungaca3494.jpeg,0,590
lungaca3495.jpeg,0,590
lungaca3496.jpeg,0,590
lungaca3499.jpeg,0,516
lungaca35.jpeg,0,639
lungaca3500.jpeg,0,734
lungaca3501.jpeg,0,734
lungaca3503.jpeg,0,652
lungaca3505.jpeg,0,640
lungaca3506.jpeg,0,558
lungaca3507.jpeg,0,531
lungaca3508.jpeg,0,555
lungaca3509.jpeg,0,635
lungaca351.jpeg,0,605
lungaca3510.jpeg,0,635
lungaca3511.jpeg,0,576
lungaca3512.jpeg,0,737
lungaca3513.jpeg,0,618
lungaca3516.jpeg,0,556
lungaca3517.jpeg,0,688
lungaca3518.jpeg,0,676
lungaca3519.jpeg,0,741
lungaca3520.jpeg,0,711
lungaca3521.jpeg,0,660
lungaca3522.jpeg,0,703
lungaca3524.jpeg,0,671
lungaca3525.jpeg,0,682
lungaca3526.jpeg,0,612
lungaca3527.jpeg,0,619
lungaca3529.jpeg,0,592
lungaca353.jpeg,0,718
lungaca3530.jpeg,0,738
lungaca3531.jpeg,0,665
lungaca3532.jpeg,0,522
lungaca3533.jpeg,0,522
lungaca3534.jpeg,0,698
lungaca3537.jpeg,0,580
lungaca3538.jpeg,0,554
lungaca354.jpeg,0,718
lungaca3540.jpeg,0,616
lungaca3541.jpeg,0,541
lungaca3542.jpeg,0,713
lungaca3543.jpeg,0,547
lungaca3544.jpeg,0,552
lungaca3545.jpeg,0,507
lungaca3546.jpeg,0,620
lungaca3549.jpeg,0,695
lungaca3553.jpeg,0,633
lungaca3555.jpeg,0,709
lungaca3556.jpeg,0,516
lungaca3557.jpeg,0,516
lungaca356.jpeg,0,528
lungaca3562.jpeg,0,598
lungaca3563.jpeg,0,549
lungaca3566.jpeg,0,542
lungaca3567.jpeg,0,567
lungaca3569.jpeg,0,662
lungaca357.jpeg,0,579
lungaca3570.jpeg,0,627
lungaca3571.jpeg,0,639
lungaca3572.jpeg,0,702
lungaca3573.jpeg,0,673
lungaca3574.jpeg,0,673
lungaca3578.jpeg,0,509
lungaca3579.jpeg,0,593
lungaca358.jpeg,0,574
lungaca3580.jpeg,0,603
lungaca3581.jpeg,0,518
lungaca3582.jpeg,0,703
lungaca3583.jpeg,0,622
lungaca3585.jpeg,0,587
lungaca3586.jpeg,0,704
lungaca3588.jpeg,0,712
lungaca3589.jpeg,0,712
lungaca359.jpeg,0,616
lungaca3590.jpeg,0,681
lungaca3595.jpeg,0,580
lungaca3596.jpeg,0,554
lungaca3599.jpeg,0,507
lungaca36.jpeg,0,637
lungaca360.jpeg,0,585
lungaca3601.jpeg,0,695
lungaca3603.jpeg,0,727
lungaca3607.jpeg,0,590
lungaca3608.jpeg,0,529
lungaca3609.jpeg,0,623
lungaca361.jpeg,0,653
lungaca3610.jpeg,0,540
lungaca3611.jpeg,0,743
lungaca3612.jpeg,0,516
lungaca3614.jpeg,0,521
lungaca3615.jpeg,0,521
lungaca3616.jpeg,0,521
lungaca3617.jpeg,0,530
lungaca3618.jpeg,0,733
lungaca3619.jpeg,0,733
lungaca362.jpeg,0,604
lungaca3622.jpeg,0,700
lungaca3623.jpeg,0,542
lungaca3625.jpeg,0,537
lungaca3626.jpeg,0,576
lungaca3627.jpeg,0,530
lungaca3628.jpeg,0,728
lungaca3629.jpeg,0,728
lungaca3630.jpeg,0,617
lungaca3632.jpeg,0,662
lungaca3634.jpeg,0,621
lungaca3635.jpeg,0,703
lungaca3637.jpeg,0,729
lungaca3638.jpeg,0,557
lungaca3639.jpeg,0,572
lungaca364.jpeg,0,725
lungaca3640.jpeg,0,572
lungaca3641.jpeg,0,704
lungaca3642.jpeg,0,704
lungaca3643.jpeg,0,654
lungaca3645.jpeg,0,619
lungaca3646.jpeg,0,744
lungaca3647.jpeg,0,665
lungaca365.jpeg,0,666
lungaca3651.jpeg,0,580
lungaca3652.jpeg,0,526
lungaca3653.jpeg,0,526
lungaca3655.jpeg,0,718
lungaca3656.jpeg,0,594
lungaca3657.jpeg,0,656
lungaca3658.jpeg,0,551
lungaca3659.jpeg,0,532
lungaca366.jpeg,0,692
lungaca3660.jpeg,0,552
lungaca3661.jpeg,0,604
lungaca3662.jpeg,0,695
lungaca3663.jpeg,0,678
lungaca3664.jpeg,0,678
lungaca3665.jpeg,0,515
lungaca3666.jpeg,0,709
lungaca3667.jpeg,0,590
lungaca3668.jpeg,0,549
lungaca367.jpeg,0,569
lungaca3677.jpeg,0,571
lungaca3678.jpeg,0,581
lungaca3680.jpeg,0,558
lungaca3681.jpeg,0,558
lungaca3683.jpeg,0,635
lungaca3686.jpeg,0,737
lungaca3687.jpeg,0,737
lungaca3688.jpeg,0,618
lungaca369.jpeg,0,529
lungaca3690.jpeg,0,599
lungaca3691.jpeg,0,577
lungaca3692.jpeg,0,662
lungaca3693.jpeg,0,711
lungaca3694.jpeg,0,660
lungaca3695.jpeg,0,506
lungaca3696.jpeg,0,508
lungaca3697.jpeg,0,509
lungaca3698.jpeg,0,703
lungaca37.jpeg,0,621
lungaca370.jpeg,0,540
lungaca3700.jpeg,0,587
lungaca3702.jpeg,0,557
lungaca3704.jpeg,0,597
lungaca3705.jpeg,0,513
lungaca3706.jpeg,0,674
lungaca3707.jpeg,0,674
lungaca371.jpeg,0,743
lungaca3710.jpeg,0,554
lungaca3711.jpeg,0,718
lungaca3712.jpeg,0,528
lungaca3713.jpeg,0,528
lungaca3714.jpeg,0,579
lungaca3715.jpeg,0,616
lungaca3716.jpeg,0,585
lungaca3717.jpeg,0,552
lungaca3718.jpeg,0,620
lungaca3719.jpeg,0,582
lungaca3720.jpeg,0,655
lungaca3721.jpeg,0,725
lungaca3722.jpeg,0,692
lungaca3723.jpeg,0,515
lungaca3725.jpeg,0,679
lungaca3728.jpeg,0,647
lungaca3729.jpeg,0,623
lungaca3730.jpeg,0,540
lungaca3731.jpeg,0,521
lungaca3732.jpeg,0,670
lungaca3735.jpeg,0,699
lungaca3736.jpeg,0,699
lungaca3739.jpeg,0,581
lungaca3741.jpeg,0,705
lungaca3742.jpeg,0,567
lungaca3743.jpeg,0,728
lungaca3747.jpeg,0,676
lungaca3748.jpeg,0,667
lungaca3749.jpeg,0,667
lungaca3750.jpeg,0,613
lungaca3751.jpeg,0,673
lungaca3752.jpeg,0,711
lungaca3753.jpeg,0,711
lungaca3754.jpeg,0,553
lungaca3755.jpeg,0,660
lungaca3756.jpeg,0,661
lungaca3757.jpeg,0,661
lungaca3758.jpeg,0,524
lungaca3759.jpeg,0,508
lungaca3761.jpeg,0,572
lungaca3762.jpeg,0,682
lungaca3764.jpeg,0,597
lungaca3765.jpeg,0,597
lungaca3767.jpeg,0,701
lungaca3768.jpeg,0,592
lungaca3769.jpeg,0,744
lungaca3770.jpeg,0,525
lungaca3771.jpeg,0,674
lungaca3774.jpeg,0,559
lungaca3775.jpeg,0,672
lungaca3778.jpeg,0,710
lungaca3779.jpeg,0,656
lungaca3780.jpeg,0,547
lungaca3781.jpeg,0,653
lungaca3784.jpeg,0,655
lungaca3785.jpeg,0,566
lungaca3786.jpeg,0,515
lungaca3787.jpeg,0,719
lungaca3789.jpeg,0,569
lungaca3792.jpeg,0,549
lungaca3793.jpeg,0,632
lungaca3794.jpeg,0,529
lungaca3797.jpeg,0,717
lungaca3798.jpeg,0,734
lungaca3799.jpeg,0,549
lungaca3803.jpeg,0,689
lungaca3804.jpeg,0,635
lungaca3807.jpeg,0,530
lungaca3808.jpeg,0,599
lungaca3809.jpeg,0,617
lungaca3810.jpeg,0,627
lungaca3811.jpeg,0,627
lungaca3812.jpeg,0,741
lungaca3813.jpeg,0,702
lungaca3814.jpeg,0,613
lungaca3816.jpeg,0,673
lungaca3817.jpeg,0,636
lungaca3818.jpeg,0,637
lungaca3819.jpeg,0,593
lungaca382.jpeg,0,567
lungaca3823.jpeg,0,557
lungaca3824.jpeg,0,682
lungaca3825.jpeg,0,682
lungaca3826.jpeg,0,654
lungaca3827.jpeg,0,654
lungaca3828.jpeg,0,619
lungaca3829.jpeg,0,614
lungaca3830.jpeg,0,614
lungaca3831.jpeg,0,658
lungaca3839.jpeg,0,638
lungaca384.jpeg,0,523
lungaca3840.jpeg,0,656
lungaca3841.jpeg,0,656
lungaca3842.jpeg,0,713
lungaca3843.jpeg,0,547
lungaca3844.jpeg,0,653
lungaca3845.jpeg,0,721
lungaca3846.jpeg,0,604
lungaca3847.jpeg,0,695
lungaca3848.jpeg,0,725
lungaca3849.jpeg,0,725
lungaca385.jpeg,0,577
lungaca3850.jpeg,0,719
lungaca3851.jpeg,0,679
lungaca3852.jpeg,0,675
lungaca3855.jpeg,0,590
lungaca3856.jpeg,0,717
lungaca3859.jpeg,0,670
lungaca3860.jpeg,0,524
lungaca3861.jpeg,0,549
lungaca3863.jpeg,0,543
lungaca3866.jpeg,0,640
lungaca3869.jpeg,0,542
lungaca3870.jpeg,0,689
lungaca3871.jpeg,0,567
lungaca3872.jpeg,0,530
lungaca3873.jpeg,0,577
lungaca3875.jpeg,0,688
lungaca3876.jpeg,0,627
lungaca3877.jpeg,0,613
lungaca3878.jpeg,0,621
lungaca388.jpeg,0,667
lungaca3880.jpeg,0,508
lungaca3881.jpeg,0,593
lungaca3883.jpeg,0,615
lungaca3885.jpeg,0,657
lungaca3886.jpeg,0,671
lungaca3887.jpeg,0,597
lungaca3888.jpeg,0,570
lungaca3889.jpeg,0,648
lungaca389.jpeg,0,746
lungaca3890.jpeg,0,525
lungaca3893.jpeg,0,559
lungaca3894.jpeg,0,736
lungaca3895.jpeg,0,605
lungaca3896.jpeg,0,710
lungaca3898.jpeg,0,551
lungaca3899.jpeg,0,713
lungaca39.jpeg,0,682
lungaca390.jpeg,0,562
lungaca3900.jpeg,0,547
lungaca3901.jpeg,0,721
lungaca3902.jpeg,0,721
lungaca3905.jpeg,0,693
lungaca3906.jpeg,0,620
lungaca3909.jpeg,0,675
lungaca391.jpeg,0,562
lungaca3910.jpeg,0,633
lungaca3912.jpeg,0,549
lungaca3913.jpeg,0,647
lungaca3914.jpeg,0,516
lungaca3915.jpeg,0,530
lungaca3916.jpeg,0,733
lungaca3917.jpeg,0,524
lungaca3918.jpeg,0,598
lungaca392.jpeg,0,625
lungaca3921.jpeg,0,699
lungaca3922.jpeg,0,571
lungaca3925.jpeg,0,531
lungaca3926.jpeg,0,635
lungaca3927.jpeg,0,537
lungaca393.jpeg,0,553
lungaca3932.jpeg,0,667
lungaca3933.jpeg,0,746
lungaca3935.jpeg,0,711
lungaca3936.jpeg,0,711
lungaca3938.jpeg,0,637
lungaca3939.jpeg,0,603
lungaca394.jpeg,0,723
lungaca3940.jpeg,0,657
lungaca3941.jpeg,0,704
lungaca3942.jpeg,0,712
lungaca3943.jpeg,0,712
lungaca3944.jpeg,0,744
lungaca3945.jpeg,0,674
lungaca3947.jpeg,0,580
lungaca3948.jpeg,0,605
lungaca3949.jpeg,0,548
lungaca3951.jpeg,0,629
lungaca3952.jpeg,0,574
lungaca3953.jpeg,0,638
lungaca3954.jpeg,0,616
lungaca3955.jpeg,0,594
lungaca3956.jpeg,0,690
lungaca3957.jpeg,0,653
lungaca3959.jpeg,0,532
lungaca396.jpeg,0,524
lungaca3960.jpeg,0,507
lungaca3962.jpeg,0,604
lungaca3963.jpeg,0,666
lungaca3964.jpeg,0,735
lungaca3965.jpeg,0,675
lungaca3968.jpeg,0,633
lungaca397.jpeg,0,524
lungaca3970.jpeg,0,626
lungaca3973.jpeg,0,535
lungaca3974.jpeg,0,623
lungaca3975.jpeg,0,540
lungaca3976.jpeg,0,540
lungaca3977.jpeg,0,734
lungaca3978.jpeg,0,549
lungaca3980.jpeg,0,650
lungaca3982.jpeg,0,581
lungaca3984.jpeg,0,558
lungaca3985.jpeg,0,555
lungaca3986.jpeg,0,555
lungaca3987.jpeg,0,737
lungaca3988.jpeg,0,523
lungaca3989.jpeg,0,577
lungaca399.jpeg,0,509
lungaca3990.jpeg,0,556
lungaca3991.jpeg,0,556
lungaca3992.jpeg,0,676
lungaca3994.jpeg,0,702
lungaca3995.jpeg,0,667
lungaca3996.jpeg,0,636
lungaca3997.jpeg,0,625
lungaca3998.jpeg,0,637
lungaca3999.jpeg,0,621
lungaca4.jpeg,0,665
lungaca4001.jpeg,0,661
lungaca4002.jpeg,0,520
lungaca4003.jpeg,0,518
lungaca4006.jpeg,0,671
lungaca4007.jpeg,0,681
lungaca4009.jpeg,0,510
lungaca4013.jpeg,0,517
lungaca4015.jpeg,0,528
lungaca4016.jpeg,0,616
lungaca4017.jpeg,0,690
lungaca4018.jpeg,0,585
lungaca4019.jpeg,0,532
lungaca4020.jpeg,0,604
lungaca4021.jpeg,0,582
lungaca4022.jpeg,0,695
lungaca4024.jpeg,0,515
lungaca4026.jpeg,0,512
lungaca4027.jpeg,0,735
lungaca4028.jpeg,0,709
lungaca4029.jpeg,0,709
lungaca4031.jpeg,0,529
lungaca4032.jpeg,0,516
lungaca4033.jpeg,0,670
lungaca4034.jpeg,0,734
lungaca4035.jpeg,0,524
lungaca4036.jpeg,0,524
lungaca4037.jpeg,0,598
lungaca4039.jpeg,0,724
lungaca404.jpeg,0,704
lungaca4040.jpeg,0,543
lungaca4044.jpeg,0,531
lungaca4046.jpeg,0,599
lungaca4047.jpeg,0,577
lungaca4049.jpeg,0,617
lungaca405.jpeg,0,682
lungaca4051.jpeg,0,662
lungaca4052.jpeg,0,627
lungaca4053.jpeg,0,702
lungaca4056.jpeg,0,506
lungaca4057.jpeg,0,524
lungaca4058.jpeg,0,508
lungaca4061.jpeg,0,671
lungaca4066.jpeg,0,592
lungaca4067.jpeg,0,513
lungaca4069.jpeg,0,525
lungaca4071.jpeg,0,658
lungaca4072.jpeg,0,609
lungaca4073.jpeg,0,609
lungaca4077.jpeg,0,548
lungaca4078.jpeg,0,554
lungaca4079.jpeg,0,526
lungaca4080.jpeg,0,526
lungaca4081.jpeg,0,718
lungaca4083.jpeg,0,551
lungaca4084.jpeg,0,585
lungaca4085.jpeg,0,582
lungaca4088.jpeg,0,512
lungaca4089.jpeg,0,719
lungaca409.jpeg,0,738
lungaca4090.jpeg,0,675
lungaca4092.jpeg,0,529
lungaca4094.jpeg,0,733
lungaca4095.jpeg,0,549
lungaca41.jpeg,0,665
lungaca410.jpeg,0,510
lungaca4100.jpeg,0,552
lungaca4101.jpeg,0,706
lungaca4105.jpeg,0,667
lungaca4106.jpeg,0,746
lungaca4107.jpeg,0,673
lungaca4108.jpeg,0,562
lungaca4109.jpeg,0,625
lungaca411.jpeg,0,522
lungaca4110.jpeg,0,625
lungaca4111.jpeg,0,553
lungaca4112.jpeg,0,637
lungaca4113.jpeg,0,723
lungaca4114.jpeg,0,524
lungaca4115.jpeg,0,509
lungaca4116.jpeg,0,729
lungaca4118.jpeg,0,587
lungaca4120.jpeg,0,557
lungaca4121.jpeg,0,572
lungaca4122.jpeg,0,671
lungaca4123.jpeg,0,682
lungaca4124.jpeg,0,716
lungaca4125.jpeg,0,612
lungaca4126.jpeg,0,654
lungaca4127.jpeg,0,619
lungaca4128.jpeg,0,570
lungaca4129.jpeg,0,648
lungaca4130.jpeg,0,665
lungaca4131.jpeg,0,614
lungaca4133.jpeg,0,609
lungaca4134.jpeg,0,609
lungaca4137.jpeg,0,559
lungaca4138.jpeg,0,672
lungaca4141.jpeg,0,554
lungaca4142.jpeg,0,713
lungaca4143.jpeg,0,653
lungaca4144.jpeg,0,532
lungaca4145.jpeg,0,687
lungaca4146.jpeg,0,693
lungaca4147.jpeg,0,565
lungaca4148.jpeg,0,725
lungaca4149.jpeg,0,725
lungaca4150.jpeg,0,666
lungaca4154.jpeg,0,709
lungaca4155.jpeg,0,709
lungaca4156.jpeg,0,632
lungaca4159.jpeg,0,734
lungaca416.jpeg,0,629
lungaca4163.jpeg,0,700
lungaca4164.jpeg,0,581
lungaca4166.jpeg,0,705
lungaca4167.jpeg,0,531
lungaca4168.jpeg,0,689
lungaca4169.jpeg,0,576
lungaca4170.jpeg,0,618
lungaca4171.jpeg,0,523
lungaca4173.jpeg,0,617
lungaca4174.jpeg,0,556
lungaca4175.jpeg,0,556
lungaca4177.jpeg,0,741
lungaca4178.jpeg,0,613
lungaca418.jpeg,0,528
lungaca4181.jpeg,0,508
lungaca4182.jpeg,0,508
lungaca4183.jpeg,0,520
lungaca4184.jpeg,0,509
lungaca4185.jpeg,0,593
lungaca4187.jpeg,0,615
lungaca4189.jpeg,0,570
lungaca419.jpeg,0,551
lungaca4194.jpeg,0,554
lungaca4195.jpeg,0,528
lungaca4196.jpeg,0,594
lungaca4198.jpeg,0,620
lungaca4199.jpeg,0,620
lungaca42.jpeg,0,525
lungaca420.jpeg,0,547
lungaca4200.jpeg,0,692
lungaca4202.jpeg,0,719
lungaca4203.jpeg,0,719
lungaca4206.jpeg,0,529
lungaca4207.jpeg,0,647
lungaca4208.jpeg,0,540
lungaca4209.jpeg,0,743
lungaca421.jpeg,0,547
lungaca4210.jpeg,0,717
lungaca4211.jpeg,0,521
lungaca4212.jpeg,0,521
lungaca4213.jpeg,0,524
lungaca4214.jpeg,0,650
lungaca4220.jpeg,0,640
lungaca4221.jpeg,0,640
lungaca4223.jpeg,0,555
lungaca4224.jpeg,0,569
lungaca4225.jpeg,0,610
lungaca4228.jpeg,0,530
lungaca4229.jpeg,0,706
lungaca423.jpeg,0,655
lungaca4230.jpeg,0,696
lungaca4231.jpeg,0,696
lungaca4232.jpeg,0,662
lungaca4233.jpeg,0,613
lungaca4234.jpeg,0,519
lungaca4235.jpeg,0,621
lungaca4239.jpeg,0,520
lungaca424.jpeg,0,695
lungaca4240.jpeg,0,603
lungaca425.jpeg,0,666
lungaca4250.jpeg,0,744
lungaca4251.jpeg,0,614
lungaca4252.jpeg,0,522
lungaca4258.jpeg,0,691
lungaca4261.jpeg,0,718
lungaca4262.jpeg,0,629
lungaca4263.jpeg,0,616
lungaca4264.jpeg,0,653
lungaca4265.jpeg,0,604
lungaca4266.jpeg,0,693
lungaca4267.jpeg,0,735
lungaca4268.jpeg,0,633
lungaca427.jpeg,0,727
lungaca4270.jpeg,0,516
lungaca4271.jpeg,0,530
lungaca4272.jpeg,0,733
lungaca4277.jpeg,0,705
lungaca4278.jpeg,0,531
lungaca4280.jpeg,0,635
lungaca4282.jpeg,0,688
lungaca4284.jpeg,0,741
lungaca4285.jpeg,0,667
lungaca4288.jpeg,0,553
lungaca429.jpeg,0,549
lungaca4290.jpeg,0,661
lungaca4291.jpeg,0,593
lungaca4292.jpeg,0,703
lungaca4296.jpeg,0,654
lungaca4298.jpeg,0,570
lungaca4299.jpeg,0,681
lungaca4301.jpeg,0,510
lungaca4303.jpeg,0,658
lungaca4307.jpeg,0,580
lungaca4309.jpeg,0,718
lungaca4310.jpeg,0,710
lungaca4311.jpeg,0,594
lungaca4313.jpeg,0,656
lungaca4314.jpeg,0,547
lungaca4315.jpeg,0,547
lungaca4316.jpeg,0,653
lungaca4317.jpeg,0,604
lungaca4318.jpeg,0,620
lungaca4319.jpeg,0,695
lungaca432.jpeg,0,529
lungaca4320.jpeg,0,695
lungaca4322.jpeg,0,675
lungaca4323.jpeg,0,727
lungaca4324.jpeg,0,742
lungaca4325.jpeg,0,742
lungaca4327.jpeg,0,549
lungaca4328.jpeg,0,529
lungaca4330.jpeg,0,524
lungaca4333.jpeg,0,650
lungaca4334.jpeg,0,699
lungaca4335.jpeg,0,543
lungaca4336.jpeg,0,543
lungaca4339.jpeg,0,542
lungaca434.jpeg,0,733
lungaca4340.jpeg,0,542
lungaca4343.jpeg,0,531
lungaca4344.jpeg,0,531
lungaca4345.jpeg,0,737
lungaca4346.jpeg,0,737
lungaca4347.jpeg,0,737
lungaca435.jpeg,0,724
lungaca4350.jpeg,0,696
lungaca4352.jpeg,0,627
lungaca4354.jpeg,0,660
lungaca4355.jpeg,0,660
lungaca4356.jpeg,0,723
lungaca4358.jpeg,0,518
lungaca4359.jpeg,0,622
lungaca436.jpeg,0,699
lungaca4361.jpeg,0,557
lungaca4362.jpeg,0,671
lungaca4363.jpeg,0,716
lungaca4364.jpeg,0,712
lungaca4365.jpeg,0,619
lungaca4366.jpeg,0,681
lungaca4367.jpeg,0,665
lungaca4368.jpeg,0,614
lungaca4369.jpeg,0,522
lungaca437.jpeg,0,652
lungaca4372.jpeg,0,554
lungaca4373.jpeg,0,554
lungaca4374.jpeg,0,526
lungaca4377.jpeg,0,629
lungaca4378.jpeg,0,710
lungaca4379.jpeg,0,579
lungaca438.jpeg,0,610
lungaca4380.jpeg,0,594
lungaca4382.jpeg,0,547
lungaca4384.jpeg,0,552
lungaca4385.jpeg,0,721
lungaca4388.jpeg,0,566
lungaca4389.jpeg,0,708
lungaca439.jpeg,0,567
lungaca4391.jpeg,0,692
lungaca4395.jpeg,0,679
lungaca4398.jpeg,0,549
lungaca4399.jpeg,0,535
lungaca44.jpeg,0,698
lungaca440.jpeg,0,635
lungaca4401.jpeg,0,652
lungaca4402.jpeg,0,640
lungaca4403.jpeg,0,558
lungaca4405.jpeg,0,552
lungaca4406.jpeg,0,728
lungaca4407.jpeg,0,556
lungaca4408.jpeg,0,662
lungaca441.jpeg,0,737
lungaca4410.jpeg,0,741
lungaca4411.jpeg,0,519
lungaca4412.jpeg,0,519
lungaca4415.jpeg,0,621
lungaca4417.jpeg,0,661
lungaca4418.jpeg,0,524
lungaca4419.jpeg,0,509
lungaca442.jpeg,0,618
lungaca4420.jpeg,0,593
lungaca4421.jpeg,0,622
lungaca4423.jpeg,0,657
lungaca4426.jpeg,0,619
lungaca4427.jpeg,0,744
lungaca4428.jpeg,0,525
lungaca4429.jpeg,0,522
lungaca4431.jpeg,0,559
lungaca4432.jpeg,0,559
lungaca4433.jpeg,0,580
lungaca4434.jpeg,0,548
lungaca4435.jpeg,0,526
lungaca4436.jpeg,0,526
lungaca4437.jpeg,0,528
lungaca4438.jpeg,0,616
lungaca4439.jpeg,0,653
lungaca444.jpeg,0,599
lungaca4441.jpeg,0,620
lungaca4442.jpeg,0,582
lungaca4443.jpeg,0,678
lungaca4444.jpeg,0,678
lungaca4446.jpeg,0,633
lungaca4449.jpeg,0,709
lungaca4452.jpeg,0,623
lungaca4453.jpeg,0,540
lungaca4454.jpeg,0,733
lungaca4456.jpeg,0,571
lungaca4458.jpeg,0,558
lungaca4460.jpeg,0,705
lungaca4466.jpeg,0,676
lungaca4468.jpeg,0,741
lungaca4469.jpeg,0,702
lungaca447.jpeg,0,613
lungaca4470.jpeg,0,746
lungaca4472.jpeg,0,673
lungaca4474.jpeg,0,636
lungaca4475.jpeg,0,723
lungaca4477.jpeg,0,520
lungaca4479.jpeg,0,603
lungaca4480.jpeg,0,518
lungaca4482.jpeg,0,572
lungaca4483.jpeg,0,657
lungaca4484.jpeg,0,570
lungaca4485.jpeg,0,570
lungaca4486.jpeg,0,525
lungaca4489.jpeg,0,605
lungaca4490.jpeg,0,554
lungaca4492.jpeg,0,526
lungaca4496.jpeg,0,718
lungaca4497.jpeg,0,616
lungaca4498.jpeg,0,594
lungaca4499.jpeg,0,690
lungaca45.jpeg,0,559
lungaca450.jpeg,0,562
lungaca4503.jpeg,0,693
lungaca4504.jpeg,0,693
lungaca4506.jpeg,0,692
lungaca4507.jpeg,0,679
lungaca4509.jpeg,0,590
lungaca451.jpeg,0,553
lungaca4510.jpeg,0,535
lungaca4511.jpeg,0,530
lungaca4512.jpeg,0,530
lungaca4513.jpeg,0,530
lungaca4515.jpeg,0,733
lungaca4519.jpeg,0,700
lungaca4521.jpeg,0,542
lungaca4522.jpeg,0,542
lungaca4523.jpeg,0,537
lungaca4524.jpeg,0,576
lungaca4525.jpeg,0,618
lungaca4526.jpeg,0,523
lungaca4529.jpeg,0,639
lungaca453.jpeg,0,621
lungaca4530.jpeg,0,639
lungaca4532.jpeg,0,562
lungaca4535.jpeg,0,661
lungaca4538.jpeg,0,509
lungaca4539.jpeg,0,518
lungaca4540.jpeg,0,615
lungaca4541.jpeg,0,622
lungaca4544.jpeg,0,522
lungaca4545.jpeg,0,522
lungaca4546.jpeg,0,698
lungaca4548.jpeg,0,658
lungaca4549.jpeg,0,609
lungaca455.jpeg,0,661
lungaca4554.jpeg,0,548
lungaca4555.jpeg,0,579
lungaca4556.jpeg,0,690
lungaca4557.jpeg,0,690
lungaca4558.jpeg,0,551
lungaca4559.jpeg,0,551
lungaca456.jpeg,0,520
lungaca4560.jpeg,0,687
lungaca4561.jpeg,0,721
lungaca4562.jpeg,0,604
lungaca4565.jpeg,0,655
lungaca4566.jpeg,0,725
lungaca4567.jpeg,0,566
lungaca457.jpeg,0,593
lungaca4571.jpeg,0,735
lungaca4573.jpeg,0,647
lungaca4574.jpeg,0,540
lungaca4576.jpeg,0,543
lungaca4578.jpeg,0,618
lungaca4579.jpeg,0,577
lungaca4580.jpeg,0,617
lungaca4581.jpeg,0,662
lungaca4582.jpeg,0,676
lungaca4587.jpeg,0,519
lungaca4588.jpeg,0,711
lungaca4590.jpeg,0,553
lungaca4591.jpeg,0,637
lungaca4594.jpeg,0,661
lungaca4595.jpeg,0,508
lungaca4596.jpeg,0,508
lungaca4597.jpeg,0,603
lungaca4598.jpeg,0,557
lungaca4599.jpeg,0,657
lungaca4600.jpeg,0,612
lungaca4601.jpeg,0,597
lungaca4602.jpeg,0,681
lungaca4604.jpeg,0,592
lungaca4605.jpeg,0,513
lungaca4607.jpeg,0,744
lungaca4608.jpeg,0,525
lungaca4609.jpeg,0,522
lungaca461.jpeg,0,704
lungaca4611.jpeg,0,641
lungaca4614.jpeg,0,736
lungaca4615.jpeg,0,517
lungaca4617.jpeg,0,718
lungaca4618.jpeg,0,594
lungaca4619.jpeg,0,653
lungaca462.jpeg,0,704
lungaca4620.jpeg,0,507
lungaca4621.jpeg,0,507
lungaca4623.jpeg,0,666
lungaca4625.jpeg,0,512
lungaca4626.jpeg,0,516
lungaca4627.jpeg,0,516
lungaca4629.jpeg,0,733
lungaca4630.jpeg,0,524
lungaca4634.jpeg,0,543
lungaca4636.jpeg,0,640
lungaca4637.jpeg,0,555
lungaca4638.jpeg,0,569
lungaca4639.jpeg,0,610
lungaca464.jpeg,0,712
lungaca4640.jpeg,0,689
lungaca4641.jpeg,0,552
lungaca4643.jpeg,0,599
lungaca4644.jpeg,0,556
lungaca4645.jpeg,0,556
lungaca4646.jpeg,0,639
lungaca4648.jpeg,0,667
lungaca4649.jpeg,0,746
lungaca4650.jpeg,0,673
lungaca4654.jpeg,0,509
lungaca4657.jpeg,0,729
lungaca4658.jpeg,0,622
lungaca4659.jpeg,0,657
lungaca466.jpeg,0,701
lungaca4660.jpeg,0,682
lungaca4661.jpeg,0,597
lungaca4662.jpeg,0,619
lungaca4663.jpeg,0,570
lungaca4664.jpeg,0,681
lungaca4665.jpeg,0,614
lungaca4666.jpeg,0,525
lungaca4667.jpeg,0,641
lungaca467.jpeg,0,592
lungaca4670.jpeg,0,559
lungaca4672.jpeg,0,517
lungaca4678.jpeg,0,710
lungaca468.jpeg,0,698
lungaca4680.jpeg,0,656
lungaca4681.jpeg,0,721
lungaca4682.jpeg,0,582
lungaca4685.jpeg,0,725
lungaca4686.jpeg,0,666
lungaca4687.jpeg,0,678
lungaca4688.jpeg,0,719
lungaca4689.jpeg,0,742
lungaca469.jpeg,0,672
lungaca4692.jpeg,0,626
lungaca4694.jpeg,0,623
lungaca4695.jpeg,0,733
lungaca4696.jpeg,0,733
lungaca4697.jpeg,0,650
lungaca470.jpeg,0,517
lungaca4700.jpeg,0,700
lungaca4702.jpeg,0,640
lungaca4703.jpeg,0,705
lungaca4704.jpeg,0,555
lungaca4705.jpeg,0,569
lungaca4707.jpeg,0,556
lungaca4708.jpeg,0,688
lungaca4709.jpeg,0,676
lungaca471.jpeg,0,554
lungaca4710.jpeg,0,627
lungaca4711.jpeg,0,562
lungaca4712.jpeg,0,562
lungaca4713.jpeg,0,723
lungaca4714.jpeg,0,723
lungaca4716.jpeg,0,524
lungaca4718.jpeg,0,615
lungaca4719.jpeg,0,622
lungaca4720.jpeg,0,587
lungaca4724.jpeg,0,612
lungaca4725.jpeg,0,597
lungaca4728.jpeg,0,744
lungaca4729.jpeg,0,609
lungaca4730.jpeg,0,609
lungaca4733.jpeg,0,672
lungaca4734.jpeg,0,672
lungaca4735.jpeg,0,718
lungaca4736.jpeg,0,710
lungaca4737.jpeg,0,528
lungaca4738.jpeg,0,574
lungaca4739.jpeg,0,638
lungaca4741.jpeg,0,713
lungaca4742.jpeg,0,585
lungaca4744.jpeg,0,708
lungaca4747.jpeg,0,719
lungaca4748.jpeg,0,679
lungaca4749.jpeg,0,679
lungaca475.jpeg,0,710
lungaca4750.jpeg,0,679
lungaca4754.jpeg,0,524
lungaca4758.jpeg,0,549
lungaca4759.jpeg,0,549
lungaca476.jpeg,0,579
lungaca4763.jpeg,0,699
lungaca4764.jpeg,0,581
lungaca4766.jpeg,0,705
lungaca4767.jpeg,0,705
lungaca4768.jpeg,0,689
lungaca4769.jpeg,0,567
lungaca477.jpeg,0,653
lungaca4770.jpeg,0,635
lungaca4771.jpeg,0,706
lungaca4773.jpeg,0,662
lungaca4775.jpeg,0,702
lungaca4776.jpeg,0,519
lungaca4778.jpeg,0,625
lungaca478.jpeg,0,604
lungaca4780.jpeg,0,704
lungaca4782.jpeg,0,682
lungaca4786.jpeg,0,681
lungaca4789.jpeg,0,738
lungaca479.jpeg,0,620
lungaca4790.jpeg,0,744
lungaca4791.jpeg,0,510
lungaca4792.jpeg,0,658
lungaca4795.jpeg,0,580
lungaca4797.jpeg,0,687
lungaca4798.jpeg,0,507
lungaca48.jpeg,0,605
lungaca480.jpeg,0,620
lungaca4802.jpeg,0,679
lungaca4803.jpeg,0,675
lungaca4805.jpeg,0,727
lungaca4807.jpeg,0,626
lungaca4810.jpeg,0,549
lungaca4813.jpeg,0,623
lungaca4815.jpeg,0,530
lungaca4816.jpeg,0,670
lungaca4817.jpeg,0,524
lungaca4818.jpeg,0,524
lungaca4819.jpeg,0,549
lungaca482.jpeg,0,695
lungaca4825.jpeg,0,530
lungaca4827.jpeg,0,577
lungaca483.jpeg,0,692
lungaca4830.jpeg,0,617
lungaca4832.jpeg,0,519
lungaca4834.jpeg,0,621
lungaca4835.jpeg,0,621
lungaca4836.jpeg,0,518
lungaca4837.jpeg,0,729
lungaca4838.jpeg,0,729
lungaca4839.jpeg,0,572
lungaca484.jpeg,0,626
lungaca4842.jpeg,0,612
lungaca4843.jpeg,0,597
lungaca4844.jpeg,0,619
lungaca4847.jpeg,0,614
lungaca4848.jpeg,0,658
lungaca4849.jpeg,0,609
lungaca4852.jpeg,0,517
lungaca4853.jpeg,0,554
lungaca4854.jpeg,0,526
lungaca4855.jpeg,0,629
lungaca4856.jpeg,0,710
lungaca4857.jpeg,0,551
lungaca4858.jpeg,0,653
lungaca4860.jpeg,0,552
lungaca4861.jpeg,0,687
lungaca4862.jpeg,0,604
lungaca4864.jpeg,0,692
lungaca4867.jpeg,0,549
lungaca4868.jpeg,0,647
lungaca4869.jpeg,0,743
lungaca487.jpeg,0,516
lungaca4870.jpeg,0,521
lungaca4871.jpeg,0,521
lungaca4872.jpeg,0,598
lungaca4874.jpeg,0,652
lungaca4876.jpeg,0,700
lungaca4877.jpeg,0,576
lungaca4879.jpeg,0,617
lungaca488.jpeg,0,670
lungaca4880.jpeg,0,688
lungaca4881.jpeg,0,702
lungaca4882.jpeg,0,746
lungaca4884.jpeg,0,637
lungaca4885.jpeg,0,661
lungaca4886.jpeg,0,520
lungaca4888.jpeg,0,518
lungaca4889.jpeg,0,729
lungaca4890.jpeg,0,729
lungaca4891.jpeg,0,587
lungaca4894.jpeg,0,557
lungaca4895.jpeg,0,657
lungaca4897.jpeg,0,682
lungaca4900.jpeg,0,592
lungaca4901.jpeg,0,513
lungaca4902.jpeg,0,744
lungaca4906.jpeg,0,672
lungaca4908.jpeg,0,528
lungaca4909.jpeg,0,638
lungaca491.jpeg,0,650
lungaca4910.jpeg,0,594
lungaca4911.jpeg,0,713
lungaca4912.jpeg,0,532
lungaca4913.jpeg,0,507
lungaca4914.jpeg,0,604
lungaca4916.jpeg,0,655
lungaca4917.jpeg,0,655
lungaca4918.jpeg,0,515
lungaca4920.jpeg,0,679
lungaca4922.jpeg,0,633
lungaca4923.jpeg,0,742
lungaca4924.jpeg,0,626
lungaca4926.jpeg,0,647
lungaca4927.jpeg,0,743
lungaca4929.jpeg,0,724
lungaca493.jpeg,0,699
lungaca4933.jpeg,0,571
lungaca4934.jpeg,0,571
lungaca4935.jpeg,0,555
lungaca4936.jpeg,0,610
lungaca4937.jpeg,0,567
lungaca4938.jpeg,0,523
lungaca4940.jpeg,0,662
lungaca4942.jpeg,0,673
lungaca4943.jpeg,0,660
lungaca4944.jpeg,0,660
lungaca4947.jpeg,0,518
lungaca495.jpeg,0,640
lungaca4954.jpeg,0,712
lungaca4956.jpeg,0,738
lungaca4957.jpeg,0,744
lungaca4958.jpeg,0,614
lungaca4959.jpeg,0,698
lungaca496.jpeg,0,558
lungaca4961.jpeg,0,672
lungaca4962.jpeg,0,517
lungaca4963.jpeg,0,580
lungaca4964.jpeg,0,580
lungaca4965.jpeg,0,554
lungaca4968.jpeg,0,547
lungaca497.jpeg,0,705
lungaca4971.jpeg,0,685
lungaca4972.jpeg,0,566
lungaca4974.jpeg,0,549
lungaca4975.jpeg,0,529
lungaca4976.jpeg,0,647
lungaca4977.jpeg,0,724
lungaca4979.jpeg,0,543
lungaca498.jpeg,0,555
lungaca4980.jpeg,0,700
lungaca4981.jpeg,0,640
lungaca4983.jpeg,0,689
lungaca4984.jpeg,0,530
lungaca4987.jpeg,0,728
lungaca499.jpeg,0,537
lungaca4993.jpeg,0,519
lungaca4994.jpeg,0,621
lungaca4995.jpeg,0,524
lungaca4996.jpeg,0,520
lungaca4999.jpeg,0,657
lungaca5.jpeg,0,614
lungaca50.jpeg,0,528
lungaca500.jpeg,0,576
lungaca5000.jpeg,0,657
lungaca501.jpeg,0,530
lungaca503.jpeg,0,696
lungaca504.jpeg,0,741
lungaca505.jpeg,0,639
lungaca506.jpeg,0,702
lungaca507.jpeg,0,613
lungaca509.jpeg,0,562
lungaca51.jpeg,0,579
lungaca510.jpeg,0,625
lungaca511.jpeg,0,637
lungaca512.jpeg,0,621
lungaca515.jpeg,0,520
lungaca516.jpeg,0,615
lungaca517.jpeg,0,704
lungaca518.jpeg,0,654
lungaca519.jpeg,0,570
lungaca52.jpeg,0,541
lungaca520.jpeg,0,592
lungaca521.jpeg,0,738
lungaca522.jpeg,0,614
lungaca523.jpeg,0,510
lungaca524.jpeg,0,522
lungaca525.jpeg,0,674
lungaca527.jpeg,0,517
lungaca528.jpeg,0,554
lungaca53.jpeg,0,594
lungaca531.jpeg,0,656
lungaca532.jpeg,0,693
lungaca533.jpeg,0,678
lungaca534.jpeg,0,515
lungaca536.jpeg,0,512
lungaca537.jpeg,0,719
lungaca538.jpeg,0,719
lungaca54.jpeg,0,585
lungaca543.jpeg,0,632
lungaca544.jpeg,0,647
lungaca545.jpeg,0,717
lungaca546.jpeg,0,530
lungaca547.jpeg,0,724
lungaca55.jpeg,0,685
lungaca552.jpeg,0,558
lungaca557.jpeg,0,555
lungaca558.jpeg,0,569
lungaca559.jpeg,0,569
lungaca56.jpeg,0,655
lungaca560.jpeg,0,610
lungaca561.jpeg,0,737
lungaca562.jpeg,0,552
lungaca564.jpeg,0,728
lungaca565.jpeg,0,654
lungaca566.jpeg,0,599
lungaca568.jpeg,0,556
lungaca569.jpeg,0,662
lungaca57.jpeg,0,695
lungaca570.jpeg,0,741
lungaca573.jpeg,0,587
lungaca574.jpeg,0,572
lungaca575.jpeg,0,704
lungaca577.jpeg,0,681
lungaca58.jpeg,0,512
lungaca581.jpeg,0,648
lungaca582.jpeg,0,614
lungaca583.jpeg,0,698
lungaca586.jpeg,0,609
lungaca59.jpeg,0,679
lungaca593.jpeg,0,579
lungaca594.jpeg,0,690
lungaca595.jpeg,0,604
lungaca596.jpeg,0,693
lungaca597.jpeg,0,620
lungaca598.jpeg,0,735
lungaca599.jpeg,0,735
lungaca60.jpeg,0,626
lungaca600.jpeg,0,675
lungaca604.jpeg,0,590
lungaca605.jpeg,0,529
lungaca607.jpeg,0,521
lungaca61.jpeg,0,549
lungaca610.jpeg,0,650
lungaca611.jpeg,0,699
lungaca612.jpeg,0,652
lungaca615.jpeg,0,705
lungaca616.jpeg,0,531
lungaca617.jpeg,0,555
lungaca618.jpeg,0,737
lungaca62.jpeg,0,549
lungaca620.jpeg,0,688
lungaca621.jpeg,0,662
lungaca624.jpeg,0,627
lungaca627.jpeg,0,702
lungaca628.jpeg,0,711
lungaca629.jpeg,0,723
lungaca63.jpeg,0,623
lungaca630.jpeg,0,621
lungaca631.jpeg,0,506
lungaca633.jpeg,0,509
lungaca634.jpeg,0,603
lungaca636.jpeg,0,622
lungaca638.jpeg,0,587
lungaca64.jpeg,0,516
lungaca641.jpeg,0,682
lungaca642.jpeg,0,682
lungaca643.jpeg,0,654
lungaca644.jpeg,0,570
lungaca646.jpeg,0,738
lungaca648.jpeg,0,641
lungaca652.jpeg,0,554
lungaca655.jpeg,0,594
lungaca656.jpeg,0,685
lungaca657.jpeg,0,566
lungaca658.jpeg,0,692
lungaca659.jpeg,0,679
lungaca660.jpeg,0,735
lungaca662.jpeg,0,569
lungaca663.jpeg,0,709
lungaca665.jpeg,0,549
lungaca673.jpeg,0,543
lungaca674.jpeg,0,581
lungaca676.jpeg,0,576
lungaca677.jpeg,0,737
lungaca678.jpeg,0,706
lungaca679.jpeg,0,577
lungaca680.jpeg,0,556
lungaca681.jpeg,0,688
lungaca682.jpeg,0,676
lungaca685.jpeg,0,741
lungaca686.jpeg,0,702
lungaca687.jpeg,0,673
lungaca690.jpeg,0,520
lungaca691.jpeg,0,593
lungaca692.jpeg,0,518
lungaca693.jpeg,0,622
lungaca695.jpeg,0,587
lungaca697.jpeg,0,704
lungaca698.jpeg,0,612
lungaca699.jpeg,0,597
lungaca701.jpeg,0,738
lungaca702.jpeg,0,614
lungaca703.jpeg,0,510
lungaca704.jpeg,0,609
lungaca705.jpeg,0,641
lungaca709.jpeg,0,585
lungaca71.jpeg,0,567
lungaca710.jpeg,0,653
lungaca711.jpeg,0,532
lungaca712.jpeg,0,552
lungaca714.jpeg,0,693
lungaca715.jpeg,0,620
lungaca716.jpeg,0,620
lungaca717.jpeg,0,695
lungaca719.jpeg,0,566
lungaca72.jpeg,0,576
lungaca720.jpeg,0,708
lungaca723.jpeg,0,633
lungaca724.jpeg,0,535
lungaca727.jpeg,0,724
lungaca73.jpeg,0,728
lungaca730.jpeg,0,571
lungaca731.jpeg,0,558
lungaca732.jpeg,0,555
lungaca733.jpeg,0,610
lungaca735.jpeg,0,530
lungaca736.jpeg,0,618
lungaca737.jpeg,0,706
lungaca738.jpeg,0,662
lungaca74.jpeg,0,728
lungaca741.jpeg,0,702
lungaca743.jpeg,0,636
lungaca745.jpeg,0,520
lungaca748.jpeg,0,587
lungaca75.jpeg,0,577
lungaca750.jpeg,0,572
lungaca752.jpeg,0,570
lungaca753.jpeg,0,681
lungaca754.jpeg,0,614
lungaca756.jpeg,0,525
lungaca758.jpeg,0,609
lungaca761.jpeg,0,559
lungaca762.jpeg,0,559
lungaca763.jpeg,0,736
lungaca764.jpeg,0,554
lungaca765.jpeg,0,554
lungaca766.jpeg,0,526
lungaca768.jpeg,0,579
lungaca769.jpeg,0,551
lungaca771.jpeg,0,687
lungaca772.jpeg,0,687
lungaca775.jpeg,0,708
lungaca777.jpeg,0,647
lungaca778.jpeg,0,717
lungaca779.jpeg,0,734
lungaca78.jpeg,0,688
lungaca781.jpeg,0,650
lungaca782.jpeg,0,724
lungaca784.jpeg,0,569
lungaca785.jpeg,0,610
lungaca786.jpeg,0,567
lungaca787.jpeg,0,567
lungaca788.jpeg,0,567
lungaca789.jpeg,0,635
lungaca79.jpeg,0,662
lungaca792.jpeg,0,599
lungaca793.jpeg,0,599
lungaca795.jpeg,0,688
lungaca796.jpeg,0,662
lungaca80.jpeg,0,625
lungaca800.jpeg,0,621
lungaca801.jpeg,0,661
lungaca803.jpeg,0,622
lungaca806.jpeg,0,712
lungaca808.jpeg,0,592
lungaca809.jpeg,0,648
lungaca81.jpeg,0,660
lungaca810.jpeg,0,648
lungaca811.jpeg,0,648
lungaca816.jpeg,0,554
lungaca818.jpeg,0,691
lungaca82.jpeg,0,723
lungaca821.jpeg,0,579
lungaca822.jpeg,0,579
lungaca823.jpeg,0,690
lungaca824.jpeg,0,551
lungaca825.jpeg,0,532
lungaca827.jpeg,0,655
lungaca828.jpeg,0,725
lungaca829.jpeg,0,692
lungaca83.jpeg,0,621
lungaca830.jpeg,0,515
lungaca832.jpeg,0,633
lungaca834.jpeg,0,590
lungaca835.jpeg,0,590
lungaca836.jpeg,0,717
lungaca839.jpeg,0,524
lungaca842.jpeg,0,542
lungaca844.jpeg,0,531
lungaca846.jpeg,0,737
lungaca85.jpeg,0,506
lungaca850.jpeg,0,741
lungaca851.jpeg,0,519
lungaca853.jpeg,0,553
lungaca855.jpeg,0,661
lungaca856.jpeg,0,506
lungaca86.jpeg,0,508
lungaca863.jpeg,0,681
lungaca864.jpeg,0,738
lungaca865.jpeg,0,744
lungaca866.jpeg,0,522
lungaca869.jpeg,0,605
lungaca870.jpeg,0,691
lungaca871.jpeg,0,691
lungaca872.jpeg,0,528
lungaca873.jpeg,0,656
lungaca874.jpeg,0,551
lungaca875.jpeg,0,721
lungaca877.jpeg,0,695
lungaca878.jpeg,0,565
lungaca879.jpeg,0,725
lungaca880.jpeg,0,666
lungaca881.jpeg,0,512
lungaca883.jpeg,0,709
lungaca886.jpeg,0,590
lungaca887.jpeg,0,743
lungaca888.jpeg,0,516
lungaca89.jpeg,0,593
lungaca891.jpeg,0,524
lungaca893.jpeg,0,724
lungaca894.jpeg,0,699
lungaca895.jpeg,0,543
lungaca896.jpeg,0,542
lungaca897.jpeg,0,705
lungaca898.jpeg,0,689
lungaca899.jpeg,0,567
lungaca9.jpeg,0,609
lungaca90.jpeg,0,603
lungaca900.jpeg,0,635
lungaca901.jpeg,0,576
lungaca902.jpeg,0,552
lungaca903.jpeg,0,728
lungaca906.jpeg,0,639
lungaca907.jpeg,0,702
lungaca908.jpeg,0,519
lungaca909.jpeg,0,519
lungaca91.jpeg,0,603
lungaca910.jpeg,0,562
lungaca911.jpeg,0,660
lungaca912.jpeg,0,660
lungaca915.jpeg,0,506
lungaca917.jpeg,0,615
lungaca919.jpeg,0,587
lungaca921.jpeg,0,657
lungaca924.jpeg,0,654
lungaca925.jpeg,0,614
lungaca926.jpeg,0,510
lungaca931.jpeg,0,710
lungaca933.jpeg,0,690
lungaca937.jpeg,0,552
lungaca94.jpeg,0,703
lungaca940.jpeg,0,655
lungaca941.jpeg,0,565
lungaca942.jpeg,0,666
lungaca944.jpeg,0,512
lungaca945.jpeg,0,512
lungaca946.jpeg,0,727
lungaca947.jpeg,0,742
lungaca948.jpeg,0,709
lungaca949.jpeg,0,529
lungaca951.jpeg,0,650
lungaca955.jpeg,0,542
lungaca956.jpeg,0,542
lungaca958.jpeg,0,610
lungaca959.jpeg,0,689
lungaca96.jpeg,0,587
lungaca960.jpeg,0,689
lungaca961.jpeg,0,737
lungaca962.jpeg,0,552
lungaca963.jpeg,0,618
lungaca965.jpeg,0,728
lungaca967.jpeg,0,696
lungaca968.jpeg,0,746
lungaca969.jpeg,0,723
lungaca97.jpeg,0,557
lungaca970.jpeg,0,621
lungaca971.jpeg,0,508
lungaca973.jpeg,0,622
lungaca975.jpeg,0,657
lungaca976.jpeg,0,619
lungaca977.jpeg,0,570
lungaca978.jpeg,0,701
lungaca98.jpeg,0,657
lungaca981.jpeg,0,658
lungaca982.jpeg,0,658
lungaca99.jpeg,0,704
lungaca990.jpeg,0,517
lungaca992.jpeg,0,638
lungaca993.jpeg,0,690
lungaca994.jpeg,0,690
lungaca995.jpeg,0,551
lungaca996.jpeg,0,687
lungaca997.jpeg,0,604
lungaca998.jpeg,0,582
lungaca999.jpeg,0,719
lungn1.jpeg,1,820
lungn10.jpeg,1,931
lungn1000.jpeg,1,823
lungn1001.jpeg,1,873
lungn1002.jpeg,1,873
lungn1003.jpeg,1,866
lungn1004.jpeg,1,953
lungn1005.jpeg,1,953
lungn1006.jpeg,1,953
lungn1007.jpeg,1,931
lungn1008.jpeg,1,931
lungn1010.jpeg,1,783
lungn1015.jpeg,1,784
lungn1016.jpeg,1,784
lungn1017.jpeg,1,917
lungn102.jpeg,1,843
lungn1021.jpeg,1,751
lungn1022.jpeg,1,751
lungn1023.jpeg,1,782
lungn1024.jpeg,1,915
lungn1026.jpeg,1,840
lungn1027.jpeg,1,850
lungn1028.jpeg,1,839
lungn1030.jpeg,1,779
lungn1031.jpeg,1,974
lungn1032.jpeg,1,956
lungn1033.jpeg,1,961
lungn1034.jpeg,1,945
lungn1035.jpeg,1,830
lungn1037.jpeg,1,991
lungn1038.jpeg,1,778
lungn1039.jpeg,1,798
lungn104.jpeg,1,995
lungn1040.jpeg,1,971
lungn1041.jpeg,1,918
lungn1044.jpeg,1,888
lungn1045.jpeg,1,775
lungn1049.jpeg,1,878
lungn1050.jpeg,1,878
lungn1052.jpeg,1,770
lungn1054.jpeg,1,753
lungn1055.jpeg,1,958
lungn1056.jpeg,1,824
lungn1059.jpeg,1,997
lungn106.jpeg,1,857
lungn1060.jpeg,1,820
lungn1062.jpeg,1,912
lungn1063.jpeg,1,912
lungn1064.jpeg,1,766
lungn1065.jpeg,1,766
lungn1066.jpeg,1,796
lungn1067.jpeg,1,785
lungn1068.jpeg,1,785
lungn1069.jpeg,1,935
lungn107.jpeg,1,784
lungn1071.jpeg,1,768
lungn1073.jpeg,1,836
lungn1074.jpeg,1,916
lungn1075.jpeg,1,763
lungn1077.jpeg,1,979
lungn1078.jpeg,1,866
lungn1079.jpeg,1,828
lungn1083.jpeg,1,941
lungn1084.jpeg,1,936
lungn1086.jpeg,1,755
lungn1087.jpeg,1,757
lungn109.jpeg,1,873
lungn1090.jpeg,1,949
lungn1091.jpeg,1,806
lungn1094.jpeg,1,992
lungn1096.jpeg,1,801
lungn1098.jpeg,1,805
lungn1099.jpeg,1,867
lungn11.jpeg,1,784
lungn1101.jpeg,1,852
lungn1102.jpeg,1,852
lungn1103.jpeg,1,809
lungn1104.jpeg,1,854
lungn1105.jpeg,1,946
lungn1106.jpeg,1,918
lungn1108.jpeg,1,885
lungn1109.jpeg,1,802
lungn111.jpeg,1,934
lungn1110.jpeg,1,802
lungn1111.jpeg,1,908
lungn1112.jpeg,1,940
lungn1114.jpeg,1,982
lungn1116.jpeg,1,877
lungn1117.jpeg,1,787
lungn1119.jpeg,1,912
lungn112.jpeg,1,840
lungn1120.jpeg,1,912
lungn1121.jpeg,1,900
lungn1122.jpeg,1,905
lungn1123.jpeg,1,836
lungn1124.jpeg,1,873
lungn1127.jpeg,1,797
lungn1128.jpeg,1,783
lungn1129.jpeg,1,783
lungn113.jpeg,1,806
lungn1130.jpeg,1,923
lungn1131.jpeg,1,917
lungn1133.jpeg,1,816
lungn1134.jpeg,1,751
lungn1137.jpeg,1,844
lungn1138.jpeg,1,915
lungn1139.jpeg,1,949
lungn114.jpeg,1,827
lungn1140.jpeg,1,827
lungn1142.jpeg,1,777
lungn1145.jpeg,1,880
lungn1147.jpeg,1,859
lungn1148.jpeg,1,781
lungn1149.jpeg,1,792
lungn115.jpeg,1,827
lungn1150.jpeg,1,809
lungn1152.jpeg,1,807
lungn1153.jpeg,1,950
lungn1154.jpeg,1,950
lungn1155.jpeg,1,955
lungn116.jpeg,1,827
lungn1160.jpeg,1,791
lungn1161.jpeg,1,888
lungn1162.jpeg,1,773
lungn1163.jpeg,1,878
lungn1164.jpeg,1,993
lungn1167.jpeg,1,982
lungn1169.jpeg,1,877
lungn117.jpeg,1,767
lungn1171.jpeg,1,813
lungn1173.jpeg,1,864
lungn1174.jpeg,1,824
lungn1175.jpeg,1,824
lungn1178.jpeg,1,912
lungn1179.jpeg,1,875
lungn118.jpeg,1,777
lungn1180.jpeg,1,772
lungn1181.jpeg,1,927
lungn1182.jpeg,1,900
lungn1183.jpeg,1,900
lungn1184.jpeg,1,823
lungn1185.jpeg,1,921
lungn1186.jpeg,1,752
lungn1187.jpeg,1,752
lungn1188.jpeg,1,916
lungn1189.jpeg,1,803
lungn119.jpeg,1,968
lungn1190.jpeg,1,803
lungn1191.jpeg,1,797
lungn1194.jpeg,1,783
lungn1196.jpeg,1,995
lungn1198.jpeg,1,760
lungn1199.jpeg,1,941
lungn12.jpeg,1,853
lungn120.jpeg,1,930
lungn1200.jpeg,1,751
lungn1201.jpeg,1,751
lungn1203.jpeg,1,915
lungn1205.jpeg,1,850
lungn1206.jpeg,1,812
lungn1207.jpeg,1,777
lungn1209.jpeg,1,974
lungn121.jpeg,1,790
lungn1210.jpeg,1,925
lungn1211.jpeg,1,925
lungn1212.jpeg,1,846
lungn1213.jpeg,1,991
lungn1214.jpeg,1,991
lungn1215.jpeg,1,754
lungn1216.jpeg,1,990
lungn1217.jpeg,1,854
lungn1219.jpeg,1,946
lungn1223.jpeg,1,885
lungn1224.jpeg,1,957
lungn1226.jpeg,1,818
lungn1229.jpeg,1,940
lungn123.jpeg,1,805
lungn1230.jpeg,1,786
lungn1231.jpeg,1,786
lungn1232.jpeg,1,787
lungn1233.jpeg,1,787
lungn1234.jpeg,1,861
lungn1236.jpeg,1,874
lungn1237.jpeg,1,907
lungn1238.jpeg,1,766
lungn1239.jpeg,1,900
lungn1240.jpeg,1,900
lungn1241.jpeg,1,834
lungn1242.jpeg,1,905
lungn1243.jpeg,1,785
lungn1244.jpeg,1,933
lungn1246.jpeg,1,841
lungn1247.jpeg,1,841
lungn1248.jpeg,1,831
lungn1249.jpeg,1,931
lungn1250.jpeg,1,797
lungn1251.jpeg,1,783
lungn1252.jpeg,1,970
lungn1256.jpeg,1,814
lungn1257.jpeg,1,757
lungn1258.jpeg,1,757
lungn126.jpeg,1,909
lungn1260.jpeg,1,915
lungn1262.jpeg,1,806
lungn1263.jpeg,1,860
lungn1264.jpeg,1,872
lungn1265.jpeg,1,779
lungn1267.jpeg,1,829
lungn1268.jpeg,1,961
lungn1270.jpeg,1,815
lungn1271.jpeg,1,789
lungn1272.jpeg,1,972
lungn1274.jpeg,1,869
lungn1275.jpeg,1,971
lungn1276.jpeg,1,946
lungn1277.jpeg,1,807
lungn1278.jpeg,1,950
lungn1285.jpeg,1,885
lungn1287.jpeg,1,912
lungn1290.jpeg,1,940
lungn1294.jpeg,1,753
lungn1295.jpeg,1,824
lungn1297.jpeg,1,983
lungn1298.jpeg,1,862
lungn1299.jpeg,1,919
lungn13.jpeg,1,782
lungn130.jpeg,1,798
lungn1300.jpeg,1,947
lungn1301.jpeg,1,947
lungn1303.jpeg,1,752
lungn1304.jpeg,1,763
lungn1305.jpeg,1,873
lungn1307.jpeg,1,843
lungn1308.jpeg,1,953
lungn131.jpeg,1,798
lungn1311.jpeg,1,760
lungn1313.jpeg,1,755
lungn1314.jpeg,1,751
lungn1315.jpeg,1,757
lungn1318.jpeg,1,827
lungn1319.jpeg,1,865
lungn132.jpeg,1,971
lungn1321.jpeg,1,968
lungn1325.jpeg,1,880
lungn1326.jpeg,1,880
lungn1327.jpeg,1,790
lungn1330.jpeg,1,925
lungn1331.jpeg,1,956
lungn1332.jpeg,1,789
lungn1333.jpeg,1,867
lungn1334.jpeg,1,990
lungn1336.jpeg,1,854
lungn1338.jpeg,1,955
lungn1341.jpeg,1,913
lungn1342.jpeg,1,888
lungn1343.jpeg,1,888
lungn1344.jpeg,1,775
lungn1345.jpeg,1,908
lungn1347.jpeg,1,976
lungn1348.jpeg,1,940
lungn135.jpeg,1,842
lungn1350.jpeg,1,813
lungn1351.jpeg,1,787
lungn1352.jpeg,1,864
lungn1353.jpeg,1,864
lungn1357.jpeg,1,874
lungn1358.jpeg,1,907
lungn1359.jpeg,1,907
lungn136.jpeg,1,957
lungn1361.jpeg,1,912
lungn1363.jpeg,1,875
lungn1364.jpeg,1,772
lungn1365.jpeg,1,919
lungn1366.jpeg,1,947
lungn1367.jpeg,1,785
lungn1368.jpeg,1,833
lungn1369.jpeg,1,933
lungn137.jpeg,1,818
lungn1370.jpeg,1,916
lungn1372.jpeg,1,866
lungn1373.jpeg,1,831
lungn1374.jpeg,1,803
lungn1376.jpeg,1,783
lungn1379.jpeg,1,889
lungn1384.jpeg,1,941
lungn1386.jpeg,1,853
lungn1388.jpeg,1,899
lungn1389.jpeg,1,844
lungn1390.jpeg,1,915
lungn1391.jpeg,1,915
lungn1392.jpeg,1,949
lungn1394.jpeg,1,812
lungn1395.jpeg,1,880
lungn1396.jpeg,1,829
lungn1397.jpeg,1,829
lungn1399.jpeg,1,859
lungn14.jpeg,1,949
lungn1401.jpeg,1,932
lungn1402.jpeg,1,867
lungn1403.jpeg,1,990
lungn1404.jpeg,1,811
lungn141.jpeg,1,973
lungn1410.jpeg,1,971
lungn1411.jpeg,1,946
lungn1415.jpeg,1,802
lungn1419.jpeg,1,753
lungn142.jpeg,1,973
lungn1421.jpeg,1,861
lungn1423.jpeg,1,983
lungn1424.jpeg,1,874
lungn1426.jpeg,1,862
lungn1427.jpeg,1,772
lungn1428.jpeg,1,927
lungn1429.jpeg,1,834
lungn1430.jpeg,1,768
lungn1431.jpeg,1,752
lungn1432.jpeg,1,906
lungn1434.jpeg,1,979
lungn1438.jpeg,1,760
lungn144.jpeg,1,753
lungn1440.jpeg,1,764
lungn1441.jpeg,1,816
lungn1442.jpeg,1,816
lungn1443.jpeg,1,873
lungn1444.jpeg,1,757
lungn1447.jpeg,1,806
lungn1448.jpeg,1,827
lungn1449.jpeg,1,827
lungn145.jpeg,1,786
lungn1450.jpeg,1,860
lungn1451.jpeg,1,992
lungn1452.jpeg,1,974
lungn1453.jpeg,1,804
lungn1454.jpeg,1,859
lungn1456.jpeg,1,882
lungn1458.jpeg,1,815
lungn1459.jpeg,1,932
lungn146.jpeg,1,786
lungn1460.jpeg,1,765
lungn1461.jpeg,1,776
lungn1462.jpeg,1,990
lungn1465.jpeg,1,966
lungn1466.jpeg,1,971
lungn1467.jpeg,1,876
lungn147.jpeg,1,861
lungn1470.jpeg,1,791
lungn1471.jpeg,1,913
lungn1472.jpeg,1,775
lungn1474.jpeg,1,976
lungn1475.jpeg,1,770
lungn1477.jpeg,1,786
lungn1482.jpeg,1,771
lungn1483.jpeg,1,796
lungn1484.jpeg,1,834
lungn1485.jpeg,1,989
lungn1486.jpeg,1,978
lungn1489.jpeg,1,752
lungn1490.jpeg,1,752
lungn1491.jpeg,1,916
lungn1492.jpeg,1,866
lungn1493.jpeg,1,866
lungn1498.jpeg,1,857
lungn15.jpeg,1,850
lungn1500.jpeg,1,923
lungn1501.jpeg,1,873
lungn1502.jpeg,1,844
lungn1503.jpeg,1,844
lungn1504.jpeg,1,840
lungn1505.jpeg,1,840
lungn1506.jpeg,1,992
lungn1507.jpeg,1,865
lungn1508.jpeg,1,767
lungn1509.jpeg,1,930
lungn1510.jpeg,1,930
lungn1511.jpeg,1,825
lungn1513.jpeg,1,805
lungn1514.jpeg,1,894
lungn1515.jpeg,1,894
lungn1517.jpeg,1,859
lungn1518.jpeg,1,859
lungn1519.jpeg,1,830
lungn152.jpeg,1,874
lungn1520.jpeg,1,815
lungn1523.jpeg,1,778
lungn1524.jpeg,1,867
lungn1526.jpeg,1,809
lungn1527.jpeg,1,807
lungn1528.jpeg,1,918
lungn1529.jpeg,1,876
lungn153.jpeg,1,800
lungn1530.jpeg,1,924
lungn1531.jpeg,1,842
lungn1532.jpeg,1,842
lungn1533.jpeg,1,957
lungn1535.jpeg,1,802
lungn1536.jpeg,1,908
lungn1537.jpeg,1,976
lungn1542.jpeg,1,997
lungn1543.jpeg,1,820
lungn1546.jpeg,1,771
lungn1547.jpeg,1,836
lungn1548.jpeg,1,763
lungn155.jpeg,1,771
lungn1550.jpeg,1,979
lungn1551.jpeg,1,866
lungn1552.jpeg,1,831
lungn1553.jpeg,1,843
lungn1554.jpeg,1,953
lungn1558.jpeg,1,970
lungn156.jpeg,1,834
lungn1560.jpeg,1,889
lungn1561.jpeg,1,784
lungn1562.jpeg,1,923
lungn1564.jpeg,1,755
lungn1566.jpeg,1,893
lungn1569.jpeg,1,782
lungn157.jpeg,1,797
lungn1570.jpeg,1,934
lungn1572.jpeg,1,850
lungn1574.jpeg,1,939
lungn1577.jpeg,1,886
lungn1578.jpeg,1,839
lungn1579.jpeg,1,839
lungn158.jpeg,1,935
lungn1580.jpeg,1,790
lungn1581.jpeg,1,859
lungn1584.jpeg,1,792
lungn1585.jpeg,1,792
lungn1586.jpeg,1,754
lungn1587.jpeg,1,776
lungn159.jpeg,1,823
lungn1590.jpeg,1,869
lungn1591.jpeg,1,798
lungn1592.jpeg,1,950
lungn1594.jpeg,1,918
lungn1597.jpeg,1,775
lungn1598.jpeg,1,818
lungn16.jpeg,1,806
lungn160.jpeg,1,978
lungn1600.jpeg,1,973
lungn1601.jpeg,1,940
lungn1602.jpeg,1,864
lungn1603.jpeg,1,824
lungn1604.jpeg,1,824
lungn1605.jpeg,1,983
lungn1606.jpeg,1,800
lungn1607.jpeg,1,800
lungn1608.jpeg,1,912
lungn1609.jpeg,1,772
lungn161.jpeg,1,836
lungn1610.jpeg,1,927
lungn1611.jpeg,1,919
lungn1612.jpeg,1,947
lungn1613.jpeg,1,938
lungn1614.jpeg,1,938
lungn1615.jpeg,1,989
lungn1616.jpeg,1,768
lungn1617.jpeg,1,836
lungn1618.jpeg,1,916
lungn1619.jpeg,1,763
lungn162.jpeg,1,752
lungn1620.jpeg,1,906
lungn1621.jpeg,1,841
lungn1622.jpeg,1,979
lungn1623.jpeg,1,843
lungn1624.jpeg,1,953
lungn1628.jpeg,1,827
lungn1629.jpeg,1,872
lungn163.jpeg,1,763
lungn1630.jpeg,1,767
lungn1631.jpeg,1,767
lungn1632.jpeg,1,930
lungn1634.jpeg,1,894
lungn1635.jpeg,1,846
lungn1637.jpeg,1,781
lungn1638.jpeg,1,781
lungn1639.jpeg,1,867
lungn164.jpeg,1,906
lungn1640.jpeg,1,909
lungn1641.jpeg,1,990
lungn1643.jpeg,1,890
lungn1645.jpeg,1,854
lungn1646.jpeg,1,854
lungn1647.jpeg,1,996
lungn165.jpeg,1,979
lungn1650.jpeg,1,888
lungn1652.jpeg,1,802
lungn1655.jpeg,1,973
lungn1656.jpeg,1,973
lungn1659.jpeg,1,813
lungn166.jpeg,1,760
lungn1661.jpeg,1,787
lungn1662.jpeg,1,787
lungn1663.jpeg,1,983
lungn1665.jpeg,1,912
lungn1666.jpeg,1,772
lungn1667.jpeg,1,947
lungn1668.jpeg,1,947
lungn167.jpeg,1,764
lungn1671.jpeg,1,953
lungn1672.jpeg,1,931
lungn1673.jpeg,1,797
lungn1674.jpeg,1,970
lungn1675.jpeg,1,828
lungn1676.jpeg,1,889
lungn1677.jpeg,1,857
lungn1678.jpeg,1,857
lungn1679.jpeg,1,760
lungn168.jpeg,1,751
lungn1680.jpeg,1,853
lungn1681.jpeg,1,853
lungn1682.jpeg,1,755
lungn1684.jpeg,1,751
lungn1685.jpeg,1,751
lungn1689.jpeg,1,934
lungn169.jpeg,1,814
lungn1691.jpeg,1,860
lungn1692.jpeg,1,939
lungn1693.jpeg,1,939
lungn1694.jpeg,1,865
lungn1695.jpeg,1,865
lungn1696.jpeg,1,974
lungn1697.jpeg,1,925
lungn1698.jpeg,1,956
lungn1699.jpeg,1,805
lungn17.jpeg,1,860
lungn170.jpeg,1,929
lungn1700.jpeg,1,894
lungn1702.jpeg,1,945
lungn1703.jpeg,1,754
lungn1704.jpeg,1,990
lungn1705.jpeg,1,809
lungn1708.jpeg,1,996
lungn1709.jpeg,1,950
lungn171.jpeg,1,899
lungn1710.jpeg,1,876
lungn1712.jpeg,1,819
lungn1713.jpeg,1,885
lungn1714.jpeg,1,842
lungn1716.jpeg,1,810
lungn1717.jpeg,1,993
lungn1719.jpeg,1,770
lungn172.jpeg,1,782
lungn1720.jpeg,1,770
lungn1722.jpeg,1,786
lungn1723.jpeg,1,813
lungn1727.jpeg,1,820
lungn1729.jpeg,1,875
lungn1730.jpeg,1,772
lungn1731.jpeg,1,834
lungn1732.jpeg,1,919
lungn1733.jpeg,1,947
lungn1734.jpeg,1,833
lungn1735.jpeg,1,935
lungn1736.jpeg,1,938
lungn1738.jpeg,1,836
lungn1739.jpeg,1,752
lungn174.jpeg,1,840
lungn1740.jpeg,1,841
lungn1741.jpeg,1,979
lungn1742.jpeg,1,797
lungn1743.jpeg,1,797
lungn1745.jpeg,1,995
lungn1746.jpeg,1,828
lungn1751.jpeg,1,751
lungn1752.jpeg,1,929
lungn1755.jpeg,1,782
lungn1756.jpeg,1,915
lungn1757.jpeg,1,915
lungn1759.jpeg,1,850
lungn176.jpeg,1,767
lungn1760.jpeg,1,812
lungn1761.jpeg,1,886
lungn1762.jpeg,1,886
lungn1763.jpeg,1,825
lungn1764.jpeg,1,925
lungn1765.jpeg,1,829
lungn1766.jpeg,1,829
lungn1767.jpeg,1,846
lungn1768.jpeg,1,859
lungn1769.jpeg,1,815
lungn1770.jpeg,1,792
lungn1771.jpeg,1,778
lungn1772.jpeg,1,765
lungn1773.jpeg,1,809
lungn1774.jpeg,1,966
lungn1776.jpeg,1,876
lungn1778.jpeg,1,835
lungn1779.jpeg,1,885
lungn178.jpeg,1,956
lungn1780.jpeg,1,912
lungn1781.jpeg,1,802
lungn1782.jpeg,1,773
lungn1784.jpeg,1,753
lungn1787.jpeg,1,800
lungn1789.jpeg,1,912
lungn179.jpeg,1,956
lungn1790.jpeg,1,766
lungn1791.jpeg,1,875
lungn1792.jpeg,1,875
lungn1793.jpeg,1,772
lungn1794.jpeg,1,927
lungn1795.jpeg,1,848
lungn1796.jpeg,1,921
lungn1797.jpeg,1,873
lungn1798.jpeg,1,841
lungn1799.jpeg,1,931
lungn180.jpeg,1,829
lungn1801.jpeg,1,828
lungn1802.jpeg,1,917
lungn1803.jpeg,1,760
lungn1805.jpeg,1,941
lungn1807.jpeg,1,929
lungn1808.jpeg,1,893
lungn1809.jpeg,1,949
lungn181.jpeg,1,805
lungn1810.jpeg,1,812
lungn1812.jpeg,1,779
lungn1813.jpeg,1,974
lungn1815.jpeg,1,880
lungn1816.jpeg,1,880
lungn1817.jpeg,1,930
lungn1818.jpeg,1,825
lungn1819.jpeg,1,825
lungn1820.jpeg,1,804
lungn1821.jpeg,1,805
lungn1823.jpeg,1,932
lungn1824.jpeg,1,867
lungn1825.jpeg,1,971
lungn1826.jpeg,1,946
lungn183.jpeg,1,945
lungn1832.jpeg,1,912
lungn1833.jpeg,1,993
lungn1837.jpeg,1,940
lungn1838.jpeg,1,753
lungn1839.jpeg,1,877
lungn184.jpeg,1,945
lungn1840.jpeg,1,877
lungn1841.jpeg,1,958
lungn1842.jpeg,1,813
lungn1844.jpeg,1,986
lungn1846.jpeg,1,862
lungn1848.jpeg,1,772
lungn1849.jpeg,1,905
lungn185.jpeg,1,882
lungn1850.jpeg,1,785
lungn1851.jpeg,1,785
lungn1852.jpeg,1,823
lungn1853.jpeg,1,823
lungn1854.jpeg,1,836
lungn1859.jpeg,1,843
lungn1861.jpeg,1,828
lungn1862.jpeg,1,941
lungn1864.jpeg,1,844
lungn1865.jpeg,1,915
lungn1866.jpeg,1,915
lungn1867.jpeg,1,949
lungn1869.jpeg,1,968
lungn187.jpeg,1,789
lungn1870.jpeg,1,825
lungn1871.jpeg,1,801
lungn1875.jpeg,1,932
lungn1876.jpeg,1,792
lungn1877.jpeg,1,754
lungn1878.jpeg,1,809
lungn1879.jpeg,1,854
lungn188.jpeg,1,991
lungn1880.jpeg,1,966
lungn1881.jpeg,1,966
lungn1882.jpeg,1,966
lungn1883.jpeg,1,966
lungn1884.jpeg,1,798
lungn1885.jpeg,1,950
lungn1886.jpeg,1,918
lungn1887.jpeg,1,918
lungn189.jpeg,1,972
lungn1890.jpeg,1,913
lungn1891.jpeg,1,842
lungn1892.jpeg,1,775
lungn1893.jpeg,1,818
lungn1894.jpeg,1,773
lungn1897.jpeg,1,940
lungn1898.jpeg,1,770
lungn19.jpeg,1,974
lungn190.jpeg,1,811
lungn1901.jpeg,1,864
lungn1902.jpeg,1,861
lungn1903.jpeg,1,874
lungn1904.jpeg,1,874
lungn1905.jpeg,1,772
lungn1906.jpeg,1,919
lungn1907.jpeg,1,821
lungn1908.jpeg,1,797
lungn1910.jpeg,1,833
lungn1911.jpeg,1,916
lungn1917.jpeg,1,889
lungn1918.jpeg,1,857
lungn1919.jpeg,1,923
lungn1920.jpeg,1,917
lungn1923.jpeg,1,757
lungn1926.jpeg,1,899
lungn1927.jpeg,1,844
lungn1928.jpeg,1,893
lungn193.jpeg,1,869
lungn1930.jpeg,1,915
lungn1932.jpeg,1,850
lungn1933.jpeg,1,812
lungn1934.jpeg,1,872
lungn1935.jpeg,1,925
lungn1936.jpeg,1,961
lungn1937.jpeg,1,961
lungn1938.jpeg,1,846
lungn1939.jpeg,1,859
lungn194.jpeg,1,807
lungn1940.jpeg,1,859
lungn1941.jpeg,1,830
lungn1942.jpeg,1,830
lungn1944.jpeg,1,781
lungn1945.jpeg,1,991
lungn1946.jpeg,1,778
lungn1947.jpeg,1,778
lungn1948.jpeg,1,811
lungn1949.jpeg,1,950
lungn195.jpeg,1,996
lungn1950.jpeg,1,955
lungn1951.jpeg,1,876
lungn1954.jpeg,1,924
lungn1955.jpeg,1,888
lungn1956.jpeg,1,888
lungn1957.jpeg,1,775
lungn1958.jpeg,1,912
lungn1959.jpeg,1,818
lungn196.jpeg,1,835
lungn1961.jpeg,1,993
lungn1963.jpeg,1,958
lungn1964.jpeg,1,813
lungn1966.jpeg,1,862
lungn1967.jpeg,1,766
lungn1969.jpeg,1,875
lungn197.jpeg,1,791
lungn1971.jpeg,1,771
lungn1972.jpeg,1,834
lungn1973.jpeg,1,905
lungn1974.jpeg,1,797
lungn1975.jpeg,1,947
lungn1977.jpeg,1,933
lungn1978.jpeg,1,768
lungn1979.jpeg,1,836
lungn1980.jpeg,1,873
lungn1981.jpeg,1,843
lungn1982.jpeg,1,797
lungn1983.jpeg,1,970
lungn1987.jpeg,1,889
lungn199.jpeg,1,913
lungn1990.jpeg,1,764
lungn1991.jpeg,1,816
lungn1992.jpeg,1,757
lungn1994.jpeg,1,929
lungn1995.jpeg,1,899
lungn1996.jpeg,1,893
lungn1997.jpeg,1,782
lungn1999.jpeg,1,827
lungn20.jpeg,1,765
lungn2000.jpeg,1,767
lungn2001.jpeg,1,779
lungn2004.jpeg,1,930
lungn2005.jpeg,1,846
lungn2006.jpeg,1,846
lungn2009.jpeg,1,781
lungn2010.jpeg,1,754
lungn2011.jpeg,1,990
lungn2012.jpeg,1,890
lungn2013.jpeg,1,809
lungn2016.jpeg,1,885
lungn2017.jpeg,1,810
lungn2020.jpeg,1,864
lungn2021.jpeg,1,824
lungn2022.jpeg,1,912
lungn2024.jpeg,1,821
lungn2025.jpeg,1,797
lungn2026.jpeg,1,935
lungn2029.jpeg,1,978
lungn2030.jpeg,1,763
lungn2033.jpeg,1,906
lungn2035.jpeg,1,841
lungn2036.jpeg,1,953
lungn2037.jpeg,1,953
lungn2038.jpeg,1,953
lungn204.jpeg,1,770
lungn2043.jpeg,1,828
lungn2044.jpeg,1,760
lungn2045.jpeg,1,764
lungn2046.jpeg,1,853
lungn2047.jpeg,1,936
lungn2048.jpeg,1,755
lungn2052.jpeg,1,929
lungn2053.jpeg,1,899
lungn2054.jpeg,1,844
lungn2055.jpeg,1,844
lungn2056.jpeg,1,893
lungn2058.jpeg,1,949
lungn2061.jpeg,1,860
lungn2062.jpeg,1,767
lungn2064.jpeg,1,974
lungn2068.jpeg,1,925
lungn2069.jpeg,1,830
lungn207.jpeg,1,787
lungn2071.jpeg,1,789
lungn2072.jpeg,1,778
lungn2073.jpeg,1,972
lungn2074.jpeg,1,811
lungn2075.jpeg,1,890
lungn2076.jpeg,1,809
lungn2077.jpeg,1,854
lungn2078.jpeg,1,798
lungn2079.jpeg,1,971
lungn208.jpeg,1,874
lungn2080.jpeg,1,946
lungn2081.jpeg,1,807
lungn2083.jpeg,1,876
lungn2087.jpeg,1,957
lungn2088.jpeg,1,775
lungn209.jpeg,1,796
lungn2090.jpeg,1,818
lungn2094.jpeg,1,878
lungn2095.jpeg,1,770
lungn2096.jpeg,1,770
lungn2097.jpeg,1,861
lungn2098.jpeg,1,848
lungn2099.jpeg,1,821
lungn210.jpeg,1,821
lungn2100.jpeg,1,938
lungn2103.jpeg,1,763
lungn2104.jpeg,1,841
lungn2105.jpeg,1,866
lungn2106.jpeg,1,866
lungn2107.jpeg,1,931
lungn2108.jpeg,1,797
lungn2109.jpeg,1,828
lungn211.jpeg,1,905
lungn2111.jpeg,1,816
lungn2115.jpeg,1,844
lungn2119.jpeg,1,872
lungn212.jpeg,1,938
lungn2120.jpeg,1,992
lungn2121.jpeg,1,767
lungn2126.jpeg,1,880
lungn2127.jpeg,1,804
lungn2128.jpeg,1,894
lungn213.jpeg,1,823
lungn2130.jpeg,1,991
lungn2131.jpeg,1,867
lungn2132.jpeg,1,776
lungn2133.jpeg,1,811
lungn2135.jpeg,1,890
lungn2137.jpeg,1,918
lungn2138.jpeg,1,955
lungn2144.jpeg,1,888
lungn2145.jpeg,1,802
lungn2147.jpeg,1,786
lungn2148.jpeg,1,958
lungn2149.jpeg,1,864
lungn2151.jpeg,1,874
lungn2152.jpeg,1,986
lungn2154.jpeg,1,766
lungn2155.jpeg,1,766
lungn2156.jpeg,1,771
lungn2157.jpeg,1,919
lungn2158.jpeg,1,935
lungn216.jpeg,1,906
lungn2160.jpeg,1,981
lungn2161.jpeg,1,823
lungn2163.jpeg,1,921
lungn2164.jpeg,1,768
lungn2165.jpeg,1,978
lungn2166.jpeg,1,916
lungn2167.jpeg,1,803
lungn2169.jpeg,1,783
lungn217.jpeg,1,783
lungn2171.jpeg,1,917
lungn2172.jpeg,1,917
lungn2174.jpeg,1,764
lungn2175.jpeg,1,764
lungn2176.jpeg,1,844
lungn2178.jpeg,1,963
lungn2180.jpeg,1,840
lungn2181.jpeg,1,812
lungn2182.jpeg,1,939
lungn2183.jpeg,1,779
lungn2184.jpeg,1,779
lungn2186.jpeg,1,968
lungn2187.jpeg,1,925
lungn2188.jpeg,1,925
lungn2189.jpeg,1,859
lungn2190.jpeg,1,882
lungn2191.jpeg,1,778
lungn2192.jpeg,1,867
lungn2193.jpeg,1,972
lungn2194.jpeg,1,852
lungn2195.jpeg,1,852
lungn2196.jpeg,1,946
lungn2197.jpeg,1,950
lungn2198.jpeg,1,918
lungn2199.jpeg,1,924
lungn220.jpeg,1,784
lungn2200.jpeg,1,885
lungn2201.jpeg,1,912
lungn2202.jpeg,1,818
lungn2203.jpeg,1,908
lungn2204.jpeg,1,993
lungn2205.jpeg,1,993
lungn2207.jpeg,1,940
lungn2209.jpeg,1,824
lungn221.jpeg,1,816
lungn2210.jpeg,1,874
lungn2211.jpeg,1,862
lungn2213.jpeg,1,848
lungn2214.jpeg,1,900
lungn2215.jpeg,1,947
lungn2216.jpeg,1,785
lungn2217.jpeg,1,935
lungn2219.jpeg,1,823
lungn2220.jpeg,1,989
lungn2221.jpeg,1,768
lungn2223.jpeg,1,916
lungn2224.jpeg,1,803
lungn2225.jpeg,1,803
lungn2227.jpeg,1,760
lungn2229.jpeg,1,936
lungn2230.jpeg,1,816
lungn2232.jpeg,1,782
lungn2233.jpeg,1,934
lungn2234.jpeg,1,949
lungn2235.jpeg,1,806
lungn2238.jpeg,1,812
lungn2239.jpeg,1,939
lungn224.jpeg,1,929
lungn2240.jpeg,1,992
lungn2242.jpeg,1,825
lungn2243.jpeg,1,956
lungn2244.jpeg,1,956
lungn2245.jpeg,1,894
lungn2248.jpeg,1,882
lungn2249.jpeg,1,792
lungn225.jpeg,1,782
lungn2250.jpeg,1,754
lungn2251.jpeg,1,754
lungn2252.jpeg,1,776
lungn2253.jpeg,1,776
lungn2254.jpeg,1,852
lungn2257.jpeg,1,888
lungn2258.jpeg,1,885
lungn2259.jpeg,1,885
lungn226.jpeg,1,939
lungn2260.jpeg,1,818
lungn2261.jpeg,1,818
lungn2262.jpeg,1,908
lungn2263.jpeg,1,976
lungn2264.jpeg,1,810
lungn2265.jpeg,1,810
lungn2267.jpeg,1,877
lungn2269.jpeg,1,813
lungn227.jpeg,1,865
lungn2270.jpeg,1,787
lungn2272.jpeg,1,766
lungn2273.jpeg,1,848
lungn2275.jpeg,1,919
lungn2276.jpeg,1,797
lungn2277.jpeg,1,833
lungn2278.jpeg,1,823
lungn2279.jpeg,1,916
lungn228.jpeg,1,767
lungn2283.jpeg,1,803
lungn2285.jpeg,1,970
lungn2287.jpeg,1,857
lungn2288.jpeg,1,784
lungn2290.jpeg,1,941
lungn2291.jpeg,1,853
lungn2293.jpeg,1,814
lungn2296.jpeg,1,893
lungn2298.jpeg,1,992
lungn2299.jpeg,1,839
lungn23.jpeg,1,811
lungn230.jpeg,1,779
lungn2301.jpeg,1,777
lungn2303.jpeg,1,880
lungn2304.jpeg,1,880
lungn2306.jpeg,1,804
lungn2307.jpeg,1,932
lungn2308.jpeg,1,792
lungn2309.jpeg,1,778
lungn2310.jpeg,1,754
lungn2312.jpeg,1,890
lungn2313.jpeg,1,946
lungn2314.jpeg,1,807
lungn2318.jpeg,1,835
lungn2319.jpeg,1,885
lungn2322.jpeg,1,908
lungn2323.jpeg,1,773
lungn2324.jpeg,1,773
lungn2329.jpeg,1,877
lungn233.jpeg,1,825
lungn2330.jpeg,1,864
lungn2333.jpeg,1,977
lungn2334.jpeg,1,862
lungn2335.jpeg,1,927
lungn2336.jpeg,1,771
lungn2337.jpeg,1,821
lungn2338.jpeg,1,797
lungn2339.jpeg,1,947
lungn234.jpeg,1,801
lungn2340.jpeg,1,833
lungn2343.jpeg,1,953
lungn2344.jpeg,1,783
lungn2348.jpeg,1,814
lungn2349.jpeg,1,899
lungn2351.jpeg,1,782
lungn2352.jpeg,1,915
lungn2353.jpeg,1,949
lungn2354.jpeg,1,850
lungn2355.jpeg,1,886
lungn2357.jpeg,1,779
lungn2359.jpeg,1,968
lungn236.jpeg,1,894
lungn2362.jpeg,1,880
lungn2363.jpeg,1,790
lungn2364.jpeg,1,804
lungn2365.jpeg,1,956
lungn2369.jpeg,1,789
lungn237.jpeg,1,894
lungn2370.jpeg,1,789
lungn2371.jpeg,1,776
lungn2373.jpeg,1,809
lungn2374.jpeg,1,809
lungn2377.jpeg,1,955
lungn238.jpeg,1,815
lungn2383.jpeg,1,940
lungn2384.jpeg,1,753
lungn2385.jpeg,1,786
lungn2386.jpeg,1,877
lungn2387.jpeg,1,958
lungn2388.jpeg,1,864
lungn239.jpeg,1,778
lungn2390.jpeg,1,874
lungn2391.jpeg,1,874
lungn2392.jpeg,1,907
lungn2394.jpeg,1,771
lungn2395.jpeg,1,947
lungn2396.jpeg,1,947
lungn2397.jpeg,1,823
lungn2398.jpeg,1,836
lungn240.jpeg,1,765
lungn2403.jpeg,1,831
lungn2406.jpeg,1,828
lungn2407.jpeg,1,889
lungn2409.jpeg,1,857
lungn241.jpeg,1,890
lungn2413.jpeg,1,755
lungn2415.jpeg,1,893
lungn2416.jpeg,1,934
lungn2417.jpeg,1,963
lungn2420.jpeg,1,840
lungn2421.jpeg,1,840
lungn2422.jpeg,1,812
lungn2423.jpeg,1,872
lungn2425.jpeg,1,886
lungn2426.jpeg,1,839
lungn2427.jpeg,1,779
lungn2428.jpeg,1,968
lungn2429.jpeg,1,880
lungn243.jpeg,1,966
lungn2430.jpeg,1,956
lungn2431.jpeg,1,882
lungn2432.jpeg,1,815
lungn2433.jpeg,1,754
lungn2434.jpeg,1,754
lungn2435.jpeg,1,867
lungn2436.jpeg,1,990
lungn2437.jpeg,1,811
lungn2438.jpeg,1,869
lungn2439.jpeg,1,966
lungn244.jpeg,1,946
lungn2440.jpeg,1,971
lungn2442.jpeg,1,876
lungn2444.jpeg,1,912
lungn2445.jpeg,1,993
lungn2446.jpeg,1,753
lungn2447.jpeg,1,787
lungn2449.jpeg,1,861
lungn245.jpeg,1,807
lungn2450.jpeg,1,861
lungn2453.jpeg,1,986
lungn2454.jpeg,1,800
lungn2456.jpeg,1,919
lungn2457.jpeg,1,905
lungn2458.jpeg,1,905
lungn2459.jpeg,1,921
lungn246.jpeg,1,996
lungn2460.jpeg,1,989
lungn2461.jpeg,1,768
lungn2462.jpeg,1,836
lungn2463.jpeg,1,763
lungn2465.jpeg,1,841
lungn2466.jpeg,1,979
lungn2469.jpeg,1,828
lungn2470.jpeg,1,889
lungn2472.jpeg,1,917
lungn2475.jpeg,1,941
lungn2477.jpeg,1,814
lungn2478.jpeg,1,929
lungn2479.jpeg,1,782
lungn2480.jpeg,1,782
lungn2481.jpeg,1,915
lungn2482.jpeg,1,827
lungn2483.jpeg,1,939
lungn2484.jpeg,1,886
lungn2485.jpeg,1,886
lungn2486.jpeg,1,767
lungn2487.jpeg,1,968
lungn2488.jpeg,1,804
lungn2489.jpeg,1,805
lungn249.jpeg,1,819
lungn2490.jpeg,1,894
lungn2492.jpeg,1,945
lungn2494.jpeg,1,830
lungn2495.jpeg,1,830
lungn2496.jpeg,1,792
lungn2497.jpeg,1,867
lungn2498.jpeg,1,909
lungn2499.jpeg,1,955
lungn250.jpeg,1,819
lungn2500.jpeg,1,876
lungn2502.jpeg,1,924
lungn2503.jpeg,1,791
lungn2504.jpeg,1,775
lungn2505.jpeg,1,912
lungn2507.jpeg,1,810
lungn2508.jpeg,1,973
lungn2509.jpeg,1,770
lungn2510.jpeg,1,786
lungn2511.jpeg,1,786
lungn2512.jpeg,1,877
lungn2513.jpeg,1,824
lungn2515.jpeg,1,874
lungn2516.jpeg,1,820
lungn2518.jpeg,1,766
lungn2519.jpeg,1,848
lungn2520.jpeg,1,785
lungn2521.jpeg,1,833
lungn2522.jpeg,1,938
lungn2523.jpeg,1,763
lungn2524.jpeg,1,906
lungn2526.jpeg,1,831
lungn2527.jpeg,1,843
lungn2529.jpeg,1,970
lungn2530.jpeg,1,828
lungn2534.jpeg,1,923
lungn2535.jpeg,1,873
lungn2536.jpeg,1,755
lungn2537.jpeg,1,757
lungn2539.jpeg,1,782
lungn254.jpeg,1,818
lungn2540.jpeg,1,840
lungn2541.jpeg,1,850
lungn2542.jpeg,1,860
lungn2543.jpeg,1,860
lungn2544.jpeg,1,860
lungn2545.jpeg,1,872
lungn2546.jpeg,1,872
lungn2548.jpeg,1,992
lungn2549.jpeg,1,865
lungn255.jpeg,1,773
lungn2550.jpeg,1,767
lungn2552.jpeg,1,880
lungn2556.jpeg,1,789
lungn2559.jpeg,1,807
lungn2560.jpeg,1,918
lungn2561.jpeg,1,918
lungn2563.jpeg,1,924
lungn2565.jpeg,1,791
lungn2566.jpeg,1,885
lungn2567.jpeg,1,976
lungn2569.jpeg,1,753
lungn2571.jpeg,1,824
lungn2573.jpeg,1,800
lungn2576.jpeg,1,766
lungn2577.jpeg,1,905
lungn2578.jpeg,1,981
lungn2579.jpeg,1,981
lungn2580.jpeg,1,768
lungn2581.jpeg,1,768
lungn2582.jpeg,1,768
lungn2583.jpeg,1,836
lungn2584.jpeg,1,752
lungn2585.jpeg,1,841
lungn2586.jpeg,1,979
lungn2587.jpeg,1,843
lungn2588.jpeg,1,797
lungn2589.jpeg,1,797
lungn259.jpeg,1,982
lungn2591.jpeg,1,970
lungn2592.jpeg,1,995
lungn2595.jpeg,1,751
lungn2597.jpeg,1,899
lungn2598.jpeg,1,844
lungn2599.jpeg,1,963
lungn2600.jpeg,1,827
lungn2601.jpeg,1,812
lungn2602.jpeg,1,992
lungn2603.jpeg,1,839
lungn2604.jpeg,1,779
lungn2607.jpeg,1,790
lungn2608.jpeg,1,790
lungn2609.jpeg,1,925
lungn2610.jpeg,1,804
lungn2611.jpeg,1,805
lungn2612.jpeg,1,846
lungn2614.jpeg,1,830
lungn2615.jpeg,1,991
lungn2616.jpeg,1,754
lungn2618.jpeg,1,854
lungn262.jpeg,1,824
lungn2620.jpeg,1,798
lungn2621.jpeg,1,971
lungn2622.jpeg,1,971
lungn2624.jpeg,1,876
lungn2627.jpeg,1,924
lungn2628.jpeg,1,957
lungn2629.jpeg,1,773
lungn263.jpeg,1,861
lungn2630.jpeg,1,810
lungn2631.jpeg,1,940
lungn2632.jpeg,1,753
lungn2633.jpeg,1,824
lungn2634.jpeg,1,861
lungn2636.jpeg,1,874
lungn2637.jpeg,1,862
lungn2638.jpeg,1,834
lungn2639.jpeg,1,905
lungn2640.jpeg,1,833
lungn2641.jpeg,1,981
lungn2642.jpeg,1,752
lungn2643.jpeg,1,752
lungn2644.jpeg,1,906
lungn2645.jpeg,1,841
lungn2646.jpeg,1,979
lungn2647.jpeg,1,931
lungn2648.jpeg,1,931
lungn2649.jpeg,1,995
lungn265.jpeg,1,977
lungn2650.jpeg,1,784
lungn2651.jpeg,1,917
lungn2652.jpeg,1,760
lungn2654.jpeg,1,941
lungn2655.jpeg,1,764
lungn2657.jpeg,1,915
lungn2659.jpeg,1,850
lungn2660.jpeg,1,827
lungn2661.jpeg,1,886
lungn2662.jpeg,1,839
lungn2663.jpeg,1,779
lungn2666.jpeg,1,956
lungn2667.jpeg,1,956
lungn2668.jpeg,1,894
lungn2669.jpeg,1,846
lungn267.jpeg,1,997
lungn2671.jpeg,1,830
lungn2673.jpeg,1,789
lungn2674.jpeg,1,909
lungn2675.jpeg,1,909
lungn2677.jpeg,1,852
lungn2678.jpeg,1,869
lungn2679.jpeg,1,966
lungn268.jpeg,1,820
lungn2680.jpeg,1,966
lungn2682.jpeg,1,950
lungn2683.jpeg,1,924
lungn2685.jpeg,1,819
lungn2687.jpeg,1,885
lungn2688.jpeg,1,957
lungn2689.jpeg,1,775
lungn269.jpeg,1,820
lungn2691.jpeg,1,912
lungn2692.jpeg,1,773
lungn2695.jpeg,1,753
lungn27.jpeg,1,996
lungn2700.jpeg,1,907
lungn2701.jpeg,1,848
lungn2702.jpeg,1,848
lungn2703.jpeg,1,834
lungn2705.jpeg,1,933
lungn2706.jpeg,1,978
lungn2708.jpeg,1,866
lungn2709.jpeg,1,803
lungn2710.jpeg,1,797
lungn2711.jpeg,1,797
lungn2713.jpeg,1,995
lungn2714.jpeg,1,828
lungn2715.jpeg,1,828
lungn2716.jpeg,1,889
lungn2719.jpeg,1,853
lungn272.jpeg,1,772
lungn2720.jpeg,1,816
lungn2721.jpeg,1,929
lungn2722.jpeg,1,899
lungn2723.jpeg,1,949
lungn2724.jpeg,1,812
lungn2725.jpeg,1,812
lungn2728.jpeg,1,968
lungn2729.jpeg,1,930
lungn273.jpeg,1,772
lungn2730.jpeg,1,801
lungn2731.jpeg,1,804
lungn2733.jpeg,1,805
lungn2734.jpeg,1,754
lungn2735.jpeg,1,972
lungn2736.jpeg,1,776
lungn2739.jpeg,1,852
lungn2740.jpeg,1,996
lungn2741.jpeg,1,918
lungn2743.jpeg,1,842
lungn2744.jpeg,1,802
lungn2745.jpeg,1,908
lungn2746.jpeg,1,773
lungn275.jpeg,1,833
lungn2750.jpeg,1,878
lungn2751.jpeg,1,786
lungn2754.jpeg,1,877
lungn2755.jpeg,1,958
lungn2756.jpeg,1,958
lungn2758.jpeg,1,977
lungn2759.jpeg,1,907
lungn276.jpeg,1,981
lungn2760.jpeg,1,800
lungn2761.jpeg,1,927
lungn2762.jpeg,1,796
lungn2763.jpeg,1,796
lungn2764.jpeg,1,797
lungn2765.jpeg,1,935
lungn2767.jpeg,1,836
lungn2768.jpeg,1,752
lungn2769.jpeg,1,763
lungn277.jpeg,1,933
lungn2770.jpeg,1,873
lungn2771.jpeg,1,828
lungn2772.jpeg,1,857
lungn2774.jpeg,1,764
lungn2775.jpeg,1,873
lungn2776.jpeg,1,873
lungn2777.jpeg,1,814
lungn2778.jpeg,1,844
lungn2779.jpeg,1,915
lungn278.jpeg,1,921
lungn2780.jpeg,1,915
lungn2781.jpeg,1,963
lungn2782.jpeg,1,949
lungn2783.jpeg,1,949
lungn2786.jpeg,1,777
lungn2787.jpeg,1,777
lungn279.jpeg,1,763
lungn2790.jpeg,1,930
lungn2791.jpeg,1,825
lungn2792.jpeg,1,790
lungn2793.jpeg,1,790
lungn2794.jpeg,1,925
lungn2795.jpeg,1,846
lungn2796.jpeg,1,815
lungn2798.jpeg,1,781
lungn2799.jpeg,1,781
lungn28.jpeg,1,950
lungn2800.jpeg,1,778
lungn2801.jpeg,1,854
lungn2802.jpeg,1,966
lungn2803.jpeg,1,966
lungn2805.jpeg,1,971
lungn2808.jpeg,1,842
lungn2810.jpeg,1,810
lungn2811.jpeg,1,993
lungn2816.jpeg,1,877
lungn2818.jpeg,1,864
lungn2819.jpeg,1,864
lungn2821.jpeg,1,997
lungn2822.jpeg,1,820
lungn2827.jpeg,1,912
lungn2829.jpeg,1,875
lungn283.jpeg,1,831
lungn2831.jpeg,1,919
lungn2832.jpeg,1,933
lungn2833.jpeg,1,989
lungn2834.jpeg,1,768
lungn2837.jpeg,1,831
lungn2839.jpeg,1,995
lungn284.jpeg,1,931
lungn2840.jpeg,1,828
lungn2842.jpeg,1,857
lungn2843.jpeg,1,760
lungn2846.jpeg,1,853
lungn2847.jpeg,1,929
lungn2848.jpeg,1,899
lungn2849.jpeg,1,806
lungn285.jpeg,1,797
lungn2851.jpeg,1,777
lungn2852.jpeg,1,779
lungn2853.jpeg,1,779
lungn2854.jpeg,1,930
lungn2855.jpeg,1,790
lungn2856.jpeg,1,790
lungn2857.jpeg,1,801
lungn2858.jpeg,1,804
lungn2859.jpeg,1,776
lungn286.jpeg,1,995
lungn2860.jpeg,1,909
lungn2861.jpeg,1,909
lungn2865.jpeg,1,946
lungn2866.jpeg,1,996
lungn2867.jpeg,1,955
lungn2869.jpeg,1,819
lungn287.jpeg,1,828
lungn2872.jpeg,1,912
lungn2873.jpeg,1,773
lungn2877.jpeg,1,786
lungn2878.jpeg,1,787
lungn2879.jpeg,1,861
lungn288.jpeg,1,828
lungn2881.jpeg,1,875
lungn2882.jpeg,1,833
lungn2883.jpeg,1,981
lungn2884.jpeg,1,978
lungn2885.jpeg,1,866
lungn2887.jpeg,1,784
lungn2888.jpeg,1,917
lungn2889.jpeg,1,873
lungn2890.jpeg,1,755
lungn2891.jpeg,1,757
lungn2893.jpeg,1,929
lungn2894.jpeg,1,899
lungn2895.jpeg,1,893
lungn2896.jpeg,1,949
lungn2898.jpeg,1,886
lungn2899.jpeg,1,777
lungn2901.jpeg,1,974
lungn2902.jpeg,1,880
lungn2903.jpeg,1,825
lungn2905.jpeg,1,829
lungn2906.jpeg,1,894
lungn2907.jpeg,1,894
lungn2908.jpeg,1,859
lungn2909.jpeg,1,859
lungn291.jpeg,1,760
lungn2910.jpeg,1,945
lungn2911.jpeg,1,830
lungn2912.jpeg,1,830
lungn2914.jpeg,1,781
lungn2915.jpeg,1,811
lungn2918.jpeg,1,809
lungn2921.jpeg,1,950
lungn2922.jpeg,1,955
lungn2927.jpeg,1,913
lungn2928.jpeg,1,802
lungn2930.jpeg,1,810
lungn2931.jpeg,1,810
lungn2932.jpeg,1,973
lungn2934.jpeg,1,861
lungn2936.jpeg,1,874
lungn2937.jpeg,1,820
lungn2940.jpeg,1,875
lungn2941.jpeg,1,796
lungn2942.jpeg,1,905
lungn2943.jpeg,1,785
lungn2944.jpeg,1,785
lungn2946.jpeg,1,752
lungn2947.jpeg,1,752
lungn2948.jpeg,1,763
lungn2949.jpeg,1,763
lungn2952.jpeg,1,843
lungn2953.jpeg,1,843
lungn2954.jpeg,1,843
lungn2955.jpeg,1,803
lungn2956.jpeg,1,783
lungn2958.jpeg,1,889
lungn296.jpeg,1,751
lungn2960.jpeg,1,784
lungn2961.jpeg,1,941
lungn2963.jpeg,1,936
lungn2964.jpeg,1,816
lungn2965.jpeg,1,812
lungn2966.jpeg,1,865
lungn2968.jpeg,1,790
lungn2969.jpeg,1,801
lungn297.jpeg,1,814
lungn2970.jpeg,1,776
lungn2971.jpeg,1,990
lungn2972.jpeg,1,852
lungn2973.jpeg,1,852
lungn2978.jpeg,1,791
lungn2979.jpeg,1,791
lungn298.jpeg,1,893
lungn2980.jpeg,1,791
lungn2982.jpeg,1,957
lungn2983.jpeg,1,878
lungn2986.jpeg,1,940
lungn2987.jpeg,1,940
lungn2989.jpeg,1,864
lungn299.jpeg,1,782
lungn2990.jpeg,1,864
lungn2993.jpeg,1,907
lungn2994.jpeg,1,800
lungn2997.jpeg,1,848
lungn2998.jpeg,1,771
lungn2999.jpeg,1,834
lungn3.jpeg,1,927
lungn30.jpeg,1,791
lungn300.jpeg,1,806
lungn3001.jpeg,1,933
lungn3002.jpeg,1,836
lungn3003.jpeg,1,763
lungn3004.jpeg,1,763
lungn3005.jpeg,1,873
lungn3006.jpeg,1,873
lungn3007.jpeg,1,803
lungn3008.jpeg,1,803
lungn301.jpeg,1,806
lungn3012.jpeg,1,923
lungn3013.jpeg,1,917
lungn3014.jpeg,1,917
lungn3017.jpeg,1,764
lungn3018.jpeg,1,853
lungn3019.jpeg,1,936
lungn302.jpeg,1,827
lungn3020.jpeg,1,816
lungn3022.jpeg,1,840
lungn3023.jpeg,1,806
lungn3027.jpeg,1,825
lungn3028.jpeg,1,805
lungn3029.jpeg,1,961
lungn303.jpeg,1,872
lungn3033.jpeg,1,792
lungn3034.jpeg,1,971
lungn3035.jpeg,1,807
lungn3036.jpeg,1,876
lungn304.jpeg,1,939
lungn3040.jpeg,1,775
lungn3042.jpeg,1,976
lungn3044.jpeg,1,753
lungn3045.jpeg,1,982
lungn3046.jpeg,1,786
lungn3049.jpeg,1,958
lungn305.jpeg,1,886
lungn3050.jpeg,1,864
lungn3052.jpeg,1,800
lungn3054.jpeg,1,821
lungn3055.jpeg,1,821
lungn3056.jpeg,1,947
lungn3057.jpeg,1,947
lungn3058.jpeg,1,823
lungn3059.jpeg,1,823
lungn3061.jpeg,1,831
lungn3062.jpeg,1,953
lungn3063.jpeg,1,803
lungn3064.jpeg,1,970
lungn3066.jpeg,1,857
lungn3068.jpeg,1,923
lungn3069.jpeg,1,917
lungn307.jpeg,1,777
lungn3071.jpeg,1,873
lungn3074.jpeg,1,782
lungn3076.jpeg,1,840
lungn3077.jpeg,1,812
lungn3078.jpeg,1,872
lungn308.jpeg,1,974
lungn3080.jpeg,1,992
lungn3081.jpeg,1,886
lungn3082.jpeg,1,886
lungn3083.jpeg,1,777
lungn3085.jpeg,1,968
lungn3086.jpeg,1,974
lungn3087.jpeg,1,805
lungn3088.jpeg,1,846
lungn309.jpeg,1,825
lungn3091.jpeg,1,830
lungn3092.jpeg,1,792
lungn3094.jpeg,1,890
lungn3095.jpeg,1,809
lungn3097.jpeg,1,854
lungn3098.jpeg,1,798
lungn3099.jpeg,1,798
lungn31.jpeg,1,993
lungn310.jpeg,1,882
lungn3100.jpeg,1,955
lungn3103.jpeg,1,908
lungn3104.jpeg,1,773
lungn3106.jpeg,1,878
lungn3107.jpeg,1,810
lungn3108.jpeg,1,973
lungn3109.jpeg,1,940
lungn311.jpeg,1,792
lungn3110.jpeg,1,786
lungn3112.jpeg,1,877
lungn3113.jpeg,1,877
lungn3114.jpeg,1,813
lungn3116.jpeg,1,820
lungn3117.jpeg,1,862
lungn3118.jpeg,1,800
lungn3119.jpeg,1,766
lungn312.jpeg,1,909
lungn3120.jpeg,1,875
lungn3121.jpeg,1,771
lungn3122.jpeg,1,771
lungn3123.jpeg,1,919
lungn3124.jpeg,1,823
lungn3125.jpeg,1,933
lungn3126.jpeg,1,768
lungn3127.jpeg,1,836
lungn3128.jpeg,1,836
lungn3129.jpeg,1,836
lungn313.jpeg,1,811
lungn3131.jpeg,1,831
lungn3132.jpeg,1,783
lungn3134.jpeg,1,784
lungn3135.jpeg,1,917
lungn3139.jpeg,1,941
lungn314.jpeg,1,890
lungn3142.jpeg,1,929
lungn3144.jpeg,1,949
lungn3145.jpeg,1,777
lungn3146.jpeg,1,974
lungn3147.jpeg,1,974
lungn3148.jpeg,1,805
lungn3149.jpeg,1,894
lungn315.jpeg,1,854
lungn3152.jpeg,1,815
lungn3153.jpeg,1,781
lungn3154.jpeg,1,792
lungn3155.jpeg,1,991
lungn3156.jpeg,1,754
lungn3157.jpeg,1,972
lungn316.jpeg,1,798
lungn3160.jpeg,1,918
lungn3163.jpeg,1,913
lungn3164.jpeg,1,802
lungn3165.jpeg,1,878
lungn3166.jpeg,1,810
lungn3167.jpeg,1,993
lungn317.jpeg,1,946
lungn3172.jpeg,1,861
lungn3174.jpeg,1,983
lungn3175.jpeg,1,977
lungn3176.jpeg,1,820
lungn3177.jpeg,1,862
lungn3179.jpeg,1,821
lungn318.jpeg,1,876
lungn3180.jpeg,1,797
lungn3182.jpeg,1,823
lungn3184.jpeg,1,933
lungn3185.jpeg,1,921
lungn3186.jpeg,1,768
lungn3187.jpeg,1,752
lungn3188.jpeg,1,916
lungn3191.jpeg,1,979
lungn3192.jpeg,1,843
lungn3193.jpeg,1,803
lungn3194.jpeg,1,783
lungn3195.jpeg,1,784
lungn3196.jpeg,1,923
lungn3198.jpeg,1,873
lungn3199.jpeg,1,757
lungn320.jpeg,1,791
lungn3200.jpeg,1,929
lungn3201.jpeg,1,929
lungn3202.jpeg,1,872
lungn3203.jpeg,1,939
lungn3204.jpeg,1,886
lungn3207.jpeg,1,925
lungn3208.jpeg,1,925
lungn3209.jpeg,1,846
lungn3210.jpeg,1,830
lungn3212.jpeg,1,789
lungn3213.jpeg,1,778
lungn3214.jpeg,1,972
lungn3215.jpeg,1,765
lungn3216.jpeg,1,776
lungn3217.jpeg,1,990
lungn3218.jpeg,1,990
lungn3219.jpeg,1,966
lungn322.jpeg,1,913
lungn3223.jpeg,1,924
lungn3225.jpeg,1,842
lungn3226.jpeg,1,775
lungn3227.jpeg,1,818
lungn323.jpeg,1,888
lungn3231.jpeg,1,877
lungn3232.jpeg,1,958
lungn3233.jpeg,1,861
lungn3234.jpeg,1,874
lungn3236.jpeg,1,771
lungn3237.jpeg,1,771
lungn3238.jpeg,1,796
lungn3239.jpeg,1,919
lungn324.jpeg,1,885
lungn3240.jpeg,1,821
lungn3241.jpeg,1,947
lungn3242.jpeg,1,938
lungn3243.jpeg,1,933
lungn3244.jpeg,1,933
lungn3245.jpeg,1,916
lungn3247.jpeg,1,841
lungn3248.jpeg,1,797
lungn325.jpeg,1,842
lungn3250.jpeg,1,783
lungn3252.jpeg,1,784
lungn3253.jpeg,1,917
lungn3256.jpeg,1,915
lungn3258.jpeg,1,850
lungn326.jpeg,1,802
lungn3261.jpeg,1,992
lungn3262.jpeg,1,777
lungn3263.jpeg,1,777
lungn3264.jpeg,1,968
lungn3266.jpeg,1,829
lungn3267.jpeg,1,882
lungn327.jpeg,1,802
lungn3270.jpeg,1,972
lungn3271.jpeg,1,765
lungn3272.jpeg,1,776
lungn3273.jpeg,1,776
lungn3274.jpeg,1,990
lungn3277.jpeg,1,852
lungn3278.jpeg,1,890
lungn3279.jpeg,1,950
lungn3287.jpeg,1,913
lungn3288.jpeg,1,885
lungn3291.jpeg,1,912
lungn3292.jpeg,1,773
lungn3293.jpeg,1,810
lungn3294.jpeg,1,993
lungn3295.jpeg,1,753
lungn3296.jpeg,1,753
lungn3297.jpeg,1,982
lungn330.jpeg,1,753
lungn3300.jpeg,1,864
lungn3303.jpeg,1,875
lungn3305.jpeg,1,834
lungn3306.jpeg,1,833
lungn3307.jpeg,1,935
lungn3308.jpeg,1,752
lungn3309.jpeg,1,916
lungn331.jpeg,1,861
lungn3310.jpeg,1,979
lungn3311.jpeg,1,797
lungn3315.jpeg,1,760
lungn3318.jpeg,1,751
lungn3319.jpeg,1,757
lungn332.jpeg,1,977
lungn3320.jpeg,1,963
lungn3323.jpeg,1,865
lungn3324.jpeg,1,779
lungn3325.jpeg,1,779
lungn3328.jpeg,1,974
lungn3329.jpeg,1,930
lungn333.jpeg,1,862
lungn3330.jpeg,1,925
lungn3331.jpeg,1,815
lungn3332.jpeg,1,932
lungn3333.jpeg,1,789
lungn3334.jpeg,1,754
lungn3335.jpeg,1,776
lungn3336.jpeg,1,811
lungn3337.jpeg,1,854
lungn3339.jpeg,1,946
lungn3344.jpeg,1,819
lungn3345.jpeg,1,835
lungn3346.jpeg,1,835
lungn3347.jpeg,1,791
lungn3348.jpeg,1,791
lungn335.jpeg,1,912
lungn3350.jpeg,1,976
lungn3351.jpeg,1,878
lungn3354.jpeg,1,940
lungn3356.jpeg,1,983
lungn3357.jpeg,1,938
lungn3358.jpeg,1,823
lungn3359.jpeg,1,768
lungn336.jpeg,1,834
lungn3360.jpeg,1,752
lungn3361.jpeg,1,906
lungn3363.jpeg,1,953
lungn3365.jpeg,1,783
lungn3367.jpeg,1,970
lungn3368.jpeg,1,923
lungn3369.jpeg,1,917
lungn337.jpeg,1,919
lungn3371.jpeg,1,816
lungn3372.jpeg,1,757
lungn3374.jpeg,1,840
lungn3375.jpeg,1,840
lungn3376.jpeg,1,850
lungn3377.jpeg,1,806
lungn338.jpeg,1,919
lungn3382.jpeg,1,968
lungn3384.jpeg,1,882
lungn3387.jpeg,1,852
lungn3388.jpeg,1,809
lungn339.jpeg,1,947
lungn3390.jpeg,1,869
lungn3391.jpeg,1,869
lungn3392.jpeg,1,798
lungn34.jpeg,1,770
lungn340.jpeg,1,935
lungn3400.jpeg,1,913
lungn3401.jpeg,1,885
lungn3402.jpeg,1,842
lungn3403.jpeg,1,908
lungn3404.jpeg,1,773
lungn3405.jpeg,1,773
lungn3408.jpeg,1,976
lungn3409.jpeg,1,993
lungn341.jpeg,1,768
lungn3410.jpeg,1,973
lungn3411.jpeg,1,877
lungn3412.jpeg,1,958
lungn3414.jpeg,1,813
lungn3416.jpeg,1,824
lungn3417.jpeg,1,861
lungn3418.jpeg,1,766
lungn3419.jpeg,1,848
lungn342.jpeg,1,836
lungn3420.jpeg,1,900
lungn3421.jpeg,1,821
lungn3422.jpeg,1,833
lungn3423.jpeg,1,921
lungn3424.jpeg,1,763
lungn3425.jpeg,1,873
lungn3427.jpeg,1,831
lungn3428.jpeg,1,803
lungn343.jpeg,1,866
lungn3432.jpeg,1,857
lungn3433.jpeg,1,784
lungn3434.jpeg,1,784
lungn3436.jpeg,1,941
lungn3438.jpeg,1,816
lungn3439.jpeg,1,814
lungn344.jpeg,1,831
lungn3440.jpeg,1,814
lungn3441.jpeg,1,782
lungn3444.jpeg,1,827
lungn3445.jpeg,1,872
lungn3446.jpeg,1,825
lungn3447.jpeg,1,790
lungn3449.jpeg,1,956
lungn345.jpeg,1,843
lungn3451.jpeg,1,815
lungn3452.jpeg,1,781
lungn3453.jpeg,1,778
lungn3454.jpeg,1,765
lungn3455.jpeg,1,809
lungn3456.jpeg,1,854
lungn3457.jpeg,1,807
lungn3459.jpeg,1,918
lungn3460.jpeg,1,924
lungn3463.jpeg,1,775
lungn3464.jpeg,1,775
lungn3466.jpeg,1,908
lungn3467.jpeg,1,773
lungn3468.jpeg,1,973
lungn347.jpeg,1,931
lungn3470.jpeg,1,770
lungn3471.jpeg,1,770
lungn3472.jpeg,1,770
lungn3474.jpeg,1,958
lungn3475.jpeg,1,958
lungn3478.jpeg,1,875
lungn3479.jpeg,1,772
lungn3480.jpeg,1,900
lungn3481.jpeg,1,796
lungn3482.jpeg,1,796
lungn3483.jpeg,1,796
lungn3484.jpeg,1,916
lungn3485.jpeg,1,873
lungn3487.jpeg,1,866
lungn3488.jpeg,1,953
lungn349.jpeg,1,784
lungn3492.jpeg,1,941
lungn3494.jpeg,1,853
lungn3495.jpeg,1,936
lungn3496.jpeg,1,816
lungn3497.jpeg,1,816
lungn35.jpeg,1,786
lungn350.jpeg,1,923
lungn3501.jpeg,1,929
lungn3502.jpeg,1,929
lungn3505.jpeg,1,767
lungn3506.jpeg,1,974
lungn351.jpeg,1,760
lungn3510.jpeg,1,925
lungn3512.jpeg,1,829
lungn3514.jpeg,1,765
lungn3516.jpeg,1,966
lungn3521.jpeg,1,924
lungn3524.jpeg,1,888
lungn3525.jpeg,1,842
lungn3526.jpeg,1,912
lungn3527.jpeg,1,912
lungn3528.jpeg,1,802
lungn3530.jpeg,1,976
lungn3531.jpeg,1,810
lungn3534.jpeg,1,982
lungn3535.jpeg,1,982
lungn3536.jpeg,1,861
lungn3538.jpeg,1,907
lungn3539.jpeg,1,862
lungn354.jpeg,1,853
lungn3540.jpeg,1,862
lungn3542.jpeg,1,875
lungn3543.jpeg,1,796
lungn3544.jpeg,1,821
lungn3546.jpeg,1,768
lungn3547.jpeg,1,752
lungn3548.jpeg,1,752
lungn3549.jpeg,1,763
lungn355.jpeg,1,853
lungn3551.jpeg,1,843
lungn3552.jpeg,1,931
lungn3555.jpeg,1,783
lungn3556.jpeg,1,970
lungn3558.jpeg,1,857
lungn3559.jpeg,1,917
lungn356.jpeg,1,873
lungn3563.jpeg,1,936
lungn3564.jpeg,1,893
lungn3565.jpeg,1,827
lungn3568.jpeg,1,886
lungn3570.jpeg,1,882
lungn3571.jpeg,1,991
lungn3572.jpeg,1,754
lungn3573.jpeg,1,765
lungn3575.jpeg,1,776
lungn3576.jpeg,1,909
lungn3577.jpeg,1,811
lungn3578.jpeg,1,852
lungn3579.jpeg,1,890
lungn358.jpeg,1,929
lungn3581.jpeg,1,971
lungn3582.jpeg,1,876
lungn3588.jpeg,1,819
lungn3589.jpeg,1,835
lungn3590.jpeg,1,791
lungn3592.jpeg,1,888
lungn3593.jpeg,1,885
lungn3597.jpeg,1,770
lungn3599.jpeg,1,787
lungn36.jpeg,1,813
lungn360.jpeg,1,840
lungn3600.jpeg,1,861
lungn3602.jpeg,1,771
lungn3603.jpeg,1,919
lungn3604.jpeg,1,821
lungn3605.jpeg,1,833
lungn3606.jpeg,1,938
lungn3607.jpeg,1,981
lungn3609.jpeg,1,823
lungn3610.jpeg,1,823
lungn3611.jpeg,1,841
lungn3612.jpeg,1,931
lungn3613.jpeg,1,797
lungn3614.jpeg,1,783
lungn3617.jpeg,1,828
lungn3618.jpeg,1,828
lungn3619.jpeg,1,889
lungn3620.jpeg,1,941
lungn3621.jpeg,1,936
lungn3622.jpeg,1,816
lungn3626.jpeg,1,827
lungn3627.jpeg,1,939
lungn3628.jpeg,1,880
lungn3629.jpeg,1,801
lungn363.jpeg,1,865
lungn3632.jpeg,1,830
lungn3634.jpeg,1,781
lungn3635.jpeg,1,789
lungn3636.jpeg,1,754
lungn3637.jpeg,1,776
lungn3639.jpeg,1,811
lungn364.jpeg,1,790
lungn3640.jpeg,1,809
lungn3641.jpeg,1,809
lungn3642.jpeg,1,869
lungn3646.jpeg,1,924
lungn3647.jpeg,1,819
lungn3648.jpeg,1,842
lungn3649.jpeg,1,786
lungn365.jpeg,1,956
lungn3650.jpeg,1,813
lungn3651.jpeg,1,787
lungn3653.jpeg,1,864
lungn3654.jpeg,1,912
lungn3655.jpeg,1,927
lungn3656.jpeg,1,900
lungn3657.jpeg,1,785
lungn3658.jpeg,1,785
lungn3661.jpeg,1,836
lungn3663.jpeg,1,866
lungn3667.jpeg,1,889
lungn3669.jpeg,1,917
lungn367.jpeg,1,859
lungn3670.jpeg,1,936
lungn3671.jpeg,1,816
lungn3673.jpeg,1,893
lungn3674.jpeg,1,915
lungn3676.jpeg,1,949
lungn3677.jpeg,1,827
lungn3678.jpeg,1,767
lungn3679.jpeg,1,767
lungn3680.jpeg,1,767
lungn3682.jpeg,1,880
lungn3683.jpeg,1,825
lungn3684.jpeg,1,790
lungn3687.jpeg,1,804
lungn3688.jpeg,1,956
lungn3689.jpeg,1,829
lungn369.jpeg,1,781
lungn3690.jpeg,1,805
lungn3691.jpeg,1,894
lungn3692.jpeg,1,961
lungn3694.jpeg,1,815
lungn3695.jpeg,1,815
lungn3696.jpeg,1,815
lungn3697.jpeg,1,789
lungn3698.jpeg,1,754
lungn3699.jpeg,1,867
lungn37.jpeg,1,907
lungn370.jpeg,1,789
lungn3700.jpeg,1,776
lungn3701.jpeg,1,776
lungn3702.jpeg,1,996
lungn3703.jpeg,1,918
lungn3705.jpeg,1,819
lungn3706.jpeg,1,913
lungn3707.jpeg,1,775
lungn3708.jpeg,1,908
lungn371.jpeg,1,792
lungn3713.jpeg,1,787
lungn3714.jpeg,1,864
lungn3716.jpeg,1,983
lungn3717.jpeg,1,907
lungn3718.jpeg,1,862
lungn372.jpeg,1,778
lungn3720.jpeg,1,833
lungn3723.jpeg,1,933
lungn3724.jpeg,1,978
lungn3725.jpeg,1,906
lungn3728.jpeg,1,931
lungn3729.jpeg,1,828
lungn373.jpeg,1,972
lungn3730.jpeg,1,889
lungn3733.jpeg,1,751
lungn3734.jpeg,1,814
lungn3735.jpeg,1,814
lungn3736.jpeg,1,814
lungn3737.jpeg,1,757
lungn3739.jpeg,1,844
lungn3741.jpeg,1,782
lungn3742.jpeg,1,850
lungn3743.jpeg,1,992
lungn3745.jpeg,1,777
lungn3746.jpeg,1,777
lungn375.jpeg,1,852
lungn3751.jpeg,1,805
lungn3753.jpeg,1,830
lungn3754.jpeg,1,781
lungn3755.jpeg,1,789
lungn3756.jpeg,1,792
lungn3758.jpeg,1,890
lungn376.jpeg,1,869
lungn3761.jpeg,1,835
lungn3762.jpeg,1,791
lungn3763.jpeg,1,842
lungn3766.jpeg,1,993
lungn377.jpeg,1,807
lungn3770.jpeg,1,770
lungn3774.jpeg,1,983
lungn3775.jpeg,1,874
lungn3776.jpeg,1,820
lungn3778.jpeg,1,797
lungn3779.jpeg,1,935
lungn3780.jpeg,1,752
lungn3781.jpeg,1,803
lungn3782.jpeg,1,803
lungn3786.jpeg,1,828
lungn3787.jpeg,1,889
lungn3790.jpeg,1,760
lungn3791.jpeg,1,760
lungn3795.jpeg,1,853
lungn3796.jpeg,1,816
lungn3797.jpeg,1,816
lungn3798.jpeg,1,755
lungn38.jpeg,1,862
lungn3800.jpeg,1,893
lungn3801.jpeg,1,963
lungn3804.jpeg,1,886
lungn3805.jpeg,1,886
lungn3806.jpeg,1,865
lungn3808.jpeg,1,777
lungn3809.jpeg,1,777
lungn381.jpeg,1,819
lungn3811.jpeg,1,880
lungn3812.jpeg,1,825
lungn3813.jpeg,1,956
lungn3814.jpeg,1,846
lungn3815.jpeg,1,945
lungn3817.jpeg,1,830
lungn3818.jpeg,1,781
lungn3819.jpeg,1,789
lungn382.jpeg,1,775
lungn3821.jpeg,1,809
lungn3824.jpeg,1,955
lungn3825.jpeg,1,924
lungn3826.jpeg,1,842
lungn3827.jpeg,1,842
lungn3828.jpeg,1,818
lungn3830.jpeg,1,976
lungn3833.jpeg,1,786
lungn3835.jpeg,1,813
lungn3837.jpeg,1,927
lungn3838.jpeg,1,927
lungn3839.jpeg,1,796
lungn384.jpeg,1,773
lungn3840.jpeg,1,905
lungn3841.jpeg,1,981
lungn3844.jpeg,1,752
lungn3847.jpeg,1,831
lungn3848.jpeg,1,831
lungn3849.jpeg,1,843
lungn385.jpeg,1,878
lungn3852.jpeg,1,889
lungn3854.jpeg,1,853
lungn3855.jpeg,1,936
lungn3856.jpeg,1,816
lungn3860.jpeg,1,893
lungn3862.jpeg,1,860
lungn3864.jpeg,1,839
lungn3865.jpeg,1,777
lungn3866.jpeg,1,777
lungn3869.jpeg,1,880
lungn3871.jpeg,1,801
lungn3872.jpeg,1,882
lungn3874.jpeg,1,781
lungn3875.jpeg,1,778
lungn3876.jpeg,1,778
lungn3877.jpeg,1,867
lungn3878.jpeg,1,765
lungn3879.jpeg,1,776
lungn3883.jpeg,1,869
lungn3884.jpeg,1,854
lungn3885.jpeg,1,966
lungn3886.jpeg,1,966
lungn3887.jpeg,1,876
lungn3889.jpeg,1,791
lungn3890.jpeg,1,818
lungn3891.jpeg,1,908
lungn3896.jpeg,1,824
lungn3898.jpeg,1,862
lungn3899.jpeg,1,875
lungn390.jpeg,1,787
lungn3900.jpeg,1,772
lungn3901.jpeg,1,927
lungn3902.jpeg,1,797
lungn3903.jpeg,1,921
lungn3904.jpeg,1,916
lungn3905.jpeg,1,763
lungn3906.jpeg,1,873
lungn3909.jpeg,1,803
lungn391.jpeg,1,861
lungn3910.jpeg,1,803
lungn3915.jpeg,1,923
lungn3916.jpeg,1,760
lungn3917.jpeg,1,751
lungn3918.jpeg,1,751
lungn3919.jpeg,1,757
lungn392.jpeg,1,861
lungn3920.jpeg,1,899
lungn3922.jpeg,1,963
lungn3925.jpeg,1,992
lungn3926.jpeg,1,992
lungn3927.jpeg,1,839
lungn3930.jpeg,1,815
lungn3933.jpeg,1,754
lungn3934.jpeg,1,754
lungn3936.jpeg,1,890
lungn3937.jpeg,1,966
lungn3939.jpeg,1,971
lungn394.jpeg,1,766
lungn3940.jpeg,1,971
lungn3941.jpeg,1,946
lungn3942.jpeg,1,950
lungn3943.jpeg,1,918
lungn3945.jpeg,1,835
lungn3946.jpeg,1,888
lungn3949.jpeg,1,912
lungn395.jpeg,1,766
lungn3950.jpeg,1,908
lungn3951.jpeg,1,773
lungn3956.jpeg,1,770
lungn3957.jpeg,1,770
lungn3958.jpeg,1,753
lungn396.jpeg,1,875
lungn3961.jpeg,1,766
lungn3962.jpeg,1,875
lungn3963.jpeg,1,905
lungn3964.jpeg,1,797
lungn3967.jpeg,1,933
lungn3968.jpeg,1,978
lungn3969.jpeg,1,752
lungn397.jpeg,1,875
lungn3970.jpeg,1,841
lungn3971.jpeg,1,803
lungn3972.jpeg,1,931
lungn3973.jpeg,1,797
lungn3974.jpeg,1,889
lungn3975.jpeg,1,889
lungn3977.jpeg,1,941
lungn398.jpeg,1,927
lungn3980.jpeg,1,915
lungn3981.jpeg,1,915
lungn3982.jpeg,1,779
lungn3983.jpeg,1,825
lungn3984.jpeg,1,801
lungn3985.jpeg,1,961
lungn3986.jpeg,1,846
lungn3987.jpeg,1,815
lungn3988.jpeg,1,815
lungn3989.jpeg,1,932
lungn399.jpeg,1,919
lungn3990.jpeg,1,789
lungn3991.jpeg,1,778
lungn3992.jpeg,1,867
lungn3997.jpeg,1,842
lungn3999.jpeg,1,802
lungn4.jpeg,1,900
lungn400.jpeg,1,797
lungn4000.jpeg,1,773
lungn4006.jpeg,1,770
lungn4008.jpeg,1,787
lungn4009.jpeg,1,983
lungn401.jpeg,1,947
lungn4010.jpeg,1,874
lungn4011.jpeg,1,907
lungn4012.jpeg,1,800
lungn4013.jpeg,1,766
lungn4014.jpeg,1,772
lungn4015.jpeg,1,848
lungn4016.jpeg,1,900
lungn4017.jpeg,1,821
lungn4018.jpeg,1,797
lungn4019.jpeg,1,833
lungn402.jpeg,1,947
lungn4020.jpeg,1,833
lungn4021.jpeg,1,823
lungn4022.jpeg,1,752
lungn4023.jpeg,1,841
lungn4024.jpeg,1,803
lungn4025.jpeg,1,931
lungn4027.jpeg,1,889
lungn4028.jpeg,1,917
lungn403.jpeg,1,981
lungn4032.jpeg,1,764
lungn4033.jpeg,1,853
lungn4036.jpeg,1,782
lungn4037.jpeg,1,934
lungn404.jpeg,1,823
lungn4040.jpeg,1,872
lungn4045.jpeg,1,804
lungn4046.jpeg,1,961
lungn4047.jpeg,1,789
lungn4048.jpeg,1,754
lungn4049.jpeg,1,867
lungn405.jpeg,1,989
lungn4050.jpeg,1,972
lungn4051.jpeg,1,776
lungn4053.jpeg,1,798
lungn4054.jpeg,1,971
lungn4059.jpeg,1,924
lungn406.jpeg,1,916
lungn4060.jpeg,1,913
lungn4062.jpeg,1,770
lungn4063.jpeg,1,753
lungn4064.jpeg,1,982
lungn4065.jpeg,1,864
lungn407.jpeg,1,843
lungn4072.jpeg,1,766
lungn4073.jpeg,1,927
lungn4074.jpeg,1,771
lungn4075.jpeg,1,905
lungn4076.jpeg,1,797
lungn4077.jpeg,1,938
lungn4078.jpeg,1,921
lungn4079.jpeg,1,916
lungn408.jpeg,1,931
lungn4080.jpeg,1,873
lungn4082.jpeg,1,906
lungn4083.jpeg,1,843
lungn4088.jpeg,1,889
lungn4089.jpeg,1,923
lungn4091.jpeg,1,853
lungn4092.jpeg,1,814
lungn4093.jpeg,1,963
lungn4094.jpeg,1,963
lungn4099.jpeg,1,825
lungn41.jpeg,1,919
lungn4100.jpeg,1,825
lungn4101.jpeg,1,801
lungn4103.jpeg,1,805
lungn4105.jpeg,1,867
lungn4109.jpeg,1,852
lungn4111.jpeg,1,807
lungn4112.jpeg,1,955
lungn4113.jpeg,1,842
lungn4114.jpeg,1,912
lungn4115.jpeg,1,818
lungn4116.jpeg,1,908
lungn4117.jpeg,1,810
lungn412.jpeg,1,923
lungn4122.jpeg,1,824
lungn4125.jpeg,1,820
lungn4126.jpeg,1,820
lungn4128.jpeg,1,927
lungn4129.jpeg,1,821
lungn4130.jpeg,1,905
lungn4131.jpeg,1,905
lungn4132.jpeg,1,797
lungn4133.jpeg,1,785
lungn4134.jpeg,1,833
lungn4135.jpeg,1,938
lungn4137.jpeg,1,768
lungn4138.jpeg,1,763
lungn4139.jpeg,1,763
lungn4140.jpeg,1,873
lungn4141.jpeg,1,906
lungn4142.jpeg,1,906
lungn4143.jpeg,1,906
lungn4145.jpeg,1,979
lungn4146.jpeg,1,953
lungn4147.jpeg,1,783
lungn4148.jpeg,1,783
lungn4149.jpeg,1,923
lungn4151.jpeg,1,941
lungn4155.jpeg,1,782
lungn4156.jpeg,1,782
lungn4159.jpeg,1,806
lungn416.jpeg,1,816
lungn4162.jpeg,1,839
lungn4163.jpeg,1,865
lungn4164.jpeg,1,767
lungn4165.jpeg,1,779
lungn4166.jpeg,1,790
lungn4169.jpeg,1,859
lungn417.jpeg,1,873
lungn4170.jpeg,1,815
lungn4171.jpeg,1,932
lungn4172.jpeg,1,789
lungn4173.jpeg,1,792
lungn4174.jpeg,1,754
lungn4175.jpeg,1,867
lungn4176.jpeg,1,811
lungn4177.jpeg,1,852
lungn4179.jpeg,1,913
lungn4180.jpeg,1,957
lungn4182.jpeg,1,878
lungn4183.jpeg,1,878
lungn4184.jpeg,1,810
lungn4188.jpeg,1,813
lungn4189.jpeg,1,907
lungn419.jpeg,1,949
lungn4190.jpeg,1,907
lungn4191.jpeg,1,800
lungn4193.jpeg,1,766
lungn4194.jpeg,1,834
lungn4195.jpeg,1,919
lungn4196.jpeg,1,833
lungn4197.jpeg,1,938
lungn4198.jpeg,1,823
lungn4199.jpeg,1,978
lungn42.jpeg,1,821
lungn420.jpeg,1,840
lungn4201.jpeg,1,752
lungn4203.jpeg,1,866
lungn4205.jpeg,1,995
lungn4206.jpeg,1,995
lungn4208.jpeg,1,917
lungn4209.jpeg,1,760
lungn421.jpeg,1,850
lungn4210.jpeg,1,760
lungn4211.jpeg,1,853
lungn4212.jpeg,1,757
lungn4215.jpeg,1,844
lungn4216.jpeg,1,893
lungn4218.jpeg,1,963
lungn422.jpeg,1,872
lungn4220.jpeg,1,860
lungn4221.jpeg,1,939
lungn4222.jpeg,1,777
lungn4223.jpeg,1,779
lungn4228.jpeg,1,790
lungn4229.jpeg,1,846
lungn423.jpeg,1,939
lungn4230.jpeg,1,846
lungn4232.jpeg,1,972
lungn4233.jpeg,1,811
lungn4234.jpeg,1,798
lungn4235.jpeg,1,971
lungn4238.jpeg,1,924
lungn4239.jpeg,1,912
lungn424.jpeg,1,939
lungn4242.jpeg,1,818
lungn4243.jpeg,1,878
lungn4244.jpeg,1,810
lungn4247.jpeg,1,907
lungn4248.jpeg,1,800
lungn425.jpeg,1,886
lungn4250.jpeg,1,912
lungn4251.jpeg,1,772
lungn4252.jpeg,1,848
lungn4253.jpeg,1,833
lungn4254.jpeg,1,989
lungn4257.jpeg,1,841
lungn4258.jpeg,1,979
lungn4259.jpeg,1,931
lungn426.jpeg,1,779
lungn4261.jpeg,1,783
lungn4263.jpeg,1,889
lungn4264.jpeg,1,889
lungn4268.jpeg,1,755
lungn4270.jpeg,1,844
lungn4272.jpeg,1,782
lungn4273.jpeg,1,934
lungn4274.jpeg,1,934
lungn4277.jpeg,1,777
lungn4278.jpeg,1,779
lungn428.jpeg,1,956
lungn4281.jpeg,1,974
lungn4282.jpeg,1,804
lungn4285.jpeg,1,765
lungn4287.jpeg,1,852
lungn4288.jpeg,1,852
lungn4289.jpeg,1,890
lungn429.jpeg,1,932
lungn4290.jpeg,1,809
lungn4293.jpeg,1,876
lungn4297.jpeg,1,924
lungn4298.jpeg,1,835
lungn43.jpeg,1,905
lungn430.jpeg,1,932
lungn4301.jpeg,1,885
lungn4302.jpeg,1,842
lungn4304.jpeg,1,878
lungn4307.jpeg,1,862
lungn4308.jpeg,1,800
lungn4309.jpeg,1,766
lungn431.jpeg,1,778
lungn4310.jpeg,1,848
lungn4311.jpeg,1,771
lungn4312.jpeg,1,797
lungn4313.jpeg,1,797
lungn4314.jpeg,1,933
lungn4315.jpeg,1,933
lungn4316.jpeg,1,768
lungn4317.jpeg,1,978
lungn4318.jpeg,1,752
lungn4319.jpeg,1,916
lungn432.jpeg,1,909
lungn4320.jpeg,1,906
lungn4321.jpeg,1,841
lungn4324.jpeg,1,995
lungn4325.jpeg,1,917
lungn4327.jpeg,1,760
lungn4330.jpeg,1,853
lungn4333.jpeg,1,934
lungn4336.jpeg,1,850
lungn4337.jpeg,1,839
lungn4338.jpeg,1,777
lungn434.jpeg,1,809
lungn4340.jpeg,1,930
lungn4342.jpeg,1,792
lungn4343.jpeg,1,867
lungn4344.jpeg,1,776
lungn4345.jpeg,1,852
lungn4346.jpeg,1,890
lungn4347.jpeg,1,966
lungn4348.jpeg,1,971
lungn4349.jpeg,1,946
lungn435.jpeg,1,809
lungn4350.jpeg,1,918
lungn4351.jpeg,1,918
lungn4353.jpeg,1,791
lungn4355.jpeg,1,913
lungn4356.jpeg,1,957
lungn4357.jpeg,1,957
lungn4358.jpeg,1,976
lungn4359.jpeg,1,810
lungn436.jpeg,1,869
lungn4362.jpeg,1,877
lungn4363.jpeg,1,813
lungn4364.jpeg,1,787
lungn4369.jpeg,1,907
lungn4370.jpeg,1,800
lungn4371.jpeg,1,900
lungn4372.jpeg,1,796
lungn4373.jpeg,1,947
lungn4374.jpeg,1,947
lungn4376.jpeg,1,823
lungn4377.jpeg,1,752
lungn4378.jpeg,1,906
lungn4379.jpeg,1,803
lungn4381.jpeg,1,970
lungn4382.jpeg,1,995
lungn4384.jpeg,1,889
lungn4387.jpeg,1,873
lungn4389.jpeg,1,899
lungn4392.jpeg,1,806
lungn4395.jpeg,1,827
lungn4396.jpeg,1,860
lungn4397.jpeg,1,860
lungn4398.jpeg,1,872
lungn44.jpeg,1,833
lungn440.jpeg,1,802
lungn4400.jpeg,1,865
lungn4402.jpeg,1,880
lungn4404.jpeg,1,829
lungn4406.jpeg,1,815
lungn4408.jpeg,1,765
lungn4409.jpeg,1,852
lungn441.jpeg,1,802
lungn4410.jpeg,1,852
lungn4411.jpeg,1,890
lungn4412.jpeg,1,809
lungn4413.jpeg,1,869
lungn4415.jpeg,1,807
lungn4416.jpeg,1,996
lungn4417.jpeg,1,950
lungn4418.jpeg,1,918
lungn4419.jpeg,1,876
lungn4422.jpeg,1,819
lungn4423.jpeg,1,819
lungn4424.jpeg,1,802
lungn4425.jpeg,1,908
lungn4427.jpeg,1,810
lungn4429.jpeg,1,862
lungn443.jpeg,1,908
lungn4430.jpeg,1,912
lungn4433.jpeg,1,797
lungn4434.jpeg,1,947
lungn4435.jpeg,1,981
lungn4437.jpeg,1,921
lungn4438.jpeg,1,768
lungn4439.jpeg,1,978
lungn444.jpeg,1,908
lungn4440.jpeg,1,978
lungn4441.jpeg,1,752
lungn4442.jpeg,1,763
lungn4445.jpeg,1,866
lungn4446.jpeg,1,843
lungn4447.jpeg,1,931
lungn4448.jpeg,1,931
lungn4449.jpeg,1,797
lungn445.jpeg,1,878
lungn4450.jpeg,1,828
lungn4451.jpeg,1,784
lungn4453.jpeg,1,873
lungn4454.jpeg,1,751
lungn4455.jpeg,1,814
lungn4456.jpeg,1,757
lungn4457.jpeg,1,929
lungn4459.jpeg,1,963
lungn4461.jpeg,1,806
lungn4462.jpeg,1,860
lungn4463.jpeg,1,839
lungn4467.jpeg,1,804
lungn4468.jpeg,1,829
lungn4469.jpeg,1,859
lungn447.jpeg,1,861
lungn4470.jpeg,1,882
lungn4471.jpeg,1,792
lungn4472.jpeg,1,778
lungn4473.jpeg,1,776
lungn4477.jpeg,1,876
lungn4481.jpeg,1,888
lungn4482.jpeg,1,888
lungn4484.jpeg,1,810
lungn4485.jpeg,1,824
lungn4486.jpeg,1,861
lungn4487.jpeg,1,820
lungn4488.jpeg,1,766
lungn4489.jpeg,1,771
lungn449.jpeg,1,983
lungn4490.jpeg,1,919
lungn4491.jpeg,1,785
lungn4493.jpeg,1,935
lungn4494.jpeg,1,938
lungn4495.jpeg,1,933
lungn4496.jpeg,1,768
lungn4498.jpeg,1,836
lungn4499.jpeg,1,752
lungn45.jpeg,1,938
lungn450.jpeg,1,800
lungn4500.jpeg,1,873
lungn4503.jpeg,1,917
lungn4505.jpeg,1,751
lungn4508.jpeg,1,929
lungn4509.jpeg,1,899
lungn451.jpeg,1,800
lungn4510.jpeg,1,915
lungn4514.jpeg,1,872
lungn4515.jpeg,1,872
lungn4516.jpeg,1,886
lungn4517.jpeg,1,865
lungn4518.jpeg,1,930
lungn4519.jpeg,1,825
lungn4520.jpeg,1,801
lungn4521.jpeg,1,925
lungn4522.jpeg,1,804
lungn4524.jpeg,1,792
lungn4525.jpeg,1,991
lungn4526.jpeg,1,991
lungn4527.jpeg,1,778
lungn4528.jpeg,1,776
lungn4529.jpeg,1,909
lungn453.jpeg,1,900
lungn4530.jpeg,1,909
lungn4532.jpeg,1,798
lungn4534.jpeg,1,888
lungn4535.jpeg,1,842
lungn4536.jpeg,1,912
lungn4537.jpeg,1,818
lungn454.jpeg,1,821
lungn4541.jpeg,1,982
lungn4542.jpeg,1,982
lungn4543.jpeg,1,877
lungn4545.jpeg,1,787
lungn4546.jpeg,1,820
lungn4547.jpeg,1,800
lungn4548.jpeg,1,912
lungn4549.jpeg,1,912
lungn455.jpeg,1,989
lungn4550.jpeg,1,912
lungn4551.jpeg,1,848
lungn4552.jpeg,1,848
lungn4553.jpeg,1,848
lungn4554.jpeg,1,900
lungn4555.jpeg,1,771
lungn4556.jpeg,1,771
lungn4557.jpeg,1,771
lungn4559.jpeg,1,919
lungn456.jpeg,1,916
lungn4560.jpeg,1,797
lungn4561.jpeg,1,768
lungn4562.jpeg,1,803
lungn4564.jpeg,1,828
lungn4569.jpeg,1,755
lungn457.jpeg,1,841
lungn4570.jpeg,1,814
lungn4571.jpeg,1,782
lungn4572.jpeg,1,934
lungn4574.jpeg,1,860
lungn4576.jpeg,1,839
lungn4577.jpeg,1,968
lungn4578.jpeg,1,974
lungn458.jpeg,1,979
lungn4580.jpeg,1,801
lungn4581.jpeg,1,801
lungn4583.jpeg,1,829
lungn4584.jpeg,1,846
lungn4587.jpeg,1,932
lungn4588.jpeg,1,781
lungn4589.jpeg,1,789
lungn459.jpeg,1,803
lungn4590.jpeg,1,792
lungn4591.jpeg,1,991
lungn4592.jpeg,1,867
lungn4593.jpeg,1,765
lungn4594.jpeg,1,909
lungn4595.jpeg,1,990
lungn4598.jpeg,1,971
lungn460.jpeg,1,931
lungn4600.jpeg,1,924
lungn4604.jpeg,1,770
lungn4607.jpeg,1,874
lungn4608.jpeg,1,997
lungn4609.jpeg,1,912
lungn461.jpeg,1,783
lungn4610.jpeg,1,912
lungn4611.jpeg,1,900
lungn4613.jpeg,1,796
lungn4614.jpeg,1,919
lungn4615.jpeg,1,821
lungn4616.jpeg,1,797
lungn4617.jpeg,1,785
lungn4618.jpeg,1,933
lungn462.jpeg,1,760
lungn4622.jpeg,1,866
lungn4623.jpeg,1,803
lungn4624.jpeg,1,797
lungn4627.jpeg,1,995
lungn4628.jpeg,1,889
lungn463.jpeg,1,764
lungn4630.jpeg,1,764
lungn4635.jpeg,1,963
lungn4636.jpeg,1,949
lungn4639.jpeg,1,827
lungn464.jpeg,1,814
lungn4641.jpeg,1,865
lungn4642.jpeg,1,865
lungn4644.jpeg,1,825
lungn4645.jpeg,1,825
lungn4646.jpeg,1,925
lungn4647.jpeg,1,846
lungn4648.jpeg,1,781
lungn4649.jpeg,1,776
lungn465.jpeg,1,757
lungn4650.jpeg,1,852
lungn4651.jpeg,1,807
lungn4653.jpeg,1,918
lungn4654.jpeg,1,918
lungn4657.jpeg,1,842
lungn4658.jpeg,1,912
lungn4659.jpeg,1,818
lungn4660.jpeg,1,773
lungn4661.jpeg,1,976
lungn4663.jpeg,1,973
lungn4664.jpeg,1,770
lungn4667.jpeg,1,796
lungn4668.jpeg,1,834
lungn467.jpeg,1,899
lungn4671.jpeg,1,836
lungn4673.jpeg,1,843
lungn4674.jpeg,1,843
lungn4675.jpeg,1,970
lungn4677.jpeg,1,784
lungn4678.jpeg,1,760
lungn4679.jpeg,1,760
lungn468.jpeg,1,893
lungn4680.jpeg,1,816
lungn4682.jpeg,1,755
lungn4683.jpeg,1,751
lungn4684.jpeg,1,757
lungn4689.jpeg,1,963
lungn469.jpeg,1,934
lungn4691.jpeg,1,886
lungn4692.jpeg,1,767
lungn4694.jpeg,1,880
lungn4695.jpeg,1,880
lungn4696.jpeg,1,930
lungn4699.jpeg,1,829
lungn47.jpeg,1,978
lungn4700.jpeg,1,961
lungn4702.jpeg,1,830
lungn4703.jpeg,1,932
lungn4704.jpeg,1,778
lungn4706.jpeg,1,854
lungn4707.jpeg,1,966
lungn4708.jpeg,1,955
lungn4711.jpeg,1,818
lungn4712.jpeg,1,818
lungn4713.jpeg,1,818
lungn4714.jpeg,1,973
lungn4715.jpeg,1,973
lungn4718.jpeg,1,982
lungn472.jpeg,1,840
lungn4720.jpeg,1,813
lungn4721.jpeg,1,864
lungn4724.jpeg,1,983
lungn4726.jpeg,1,862
lungn4727.jpeg,1,800
lungn4729.jpeg,1,947
lungn473.jpeg,1,806
lungn4730.jpeg,1,981
lungn4731.jpeg,1,981
lungn4733.jpeg,1,836
lungn4737.jpeg,1,828
lungn4743.jpeg,1,816
lungn4744.jpeg,1,755
lungn4746.jpeg,1,934
lungn4747.jpeg,1,963
lungn4748.jpeg,1,963
lungn4749.jpeg,1,963
lungn475.jpeg,1,839
lungn4750.jpeg,1,963
lungn4752.jpeg,1,806
lungn4753.jpeg,1,806
lungn4754.jpeg,1,806
lungn4756.jpeg,1,812
lungn4758.jpeg,1,886
lungn4759.jpeg,1,886
lungn476.jpeg,1,865
lungn4763.jpeg,1,930
lungn4764.jpeg,1,956
lungn4765.jpeg,1,829
lungn4766.jpeg,1,961
lungn4768.jpeg,1,815
lungn4770.jpeg,1,778
lungn4772.jpeg,1,946
lungn4773.jpeg,1,950
lungn4775.jpeg,1,924
lungn4776.jpeg,1,888
lungn4777.jpeg,1,775
lungn4778.jpeg,1,878
lungn4779.jpeg,1,878
lungn478.jpeg,1,779
lungn4780.jpeg,1,810
lungn4781.jpeg,1,810
lungn4782.jpeg,1,993
lungn4783.jpeg,1,973
lungn4784.jpeg,1,770
lungn4785.jpeg,1,861
lungn4786.jpeg,1,820
lungn4788.jpeg,1,848
lungn4789.jpeg,1,848
lungn4791.jpeg,1,771
lungn4792.jpeg,1,921
lungn4793.jpeg,1,921
lungn4794.jpeg,1,768
lungn4795.jpeg,1,763
lungn480.jpeg,1,968
lungn4800.jpeg,1,866
lungn4803.jpeg,1,857
lungn4806.jpeg,1,816
lungn4807.jpeg,1,757
lungn4808.jpeg,1,844
lungn4809.jpeg,1,893
lungn4810.jpeg,1,893
lungn4811.jpeg,1,963
lungn4813.jpeg,1,827
lungn4814.jpeg,1,812
lungn4815.jpeg,1,812
lungn4816.jpeg,1,872
lungn4817.jpeg,1,767
lungn4820.jpeg,1,804
lungn4821.jpeg,1,956
lungn4822.jpeg,1,894
lungn4824.jpeg,1,781
lungn4826.jpeg,1,991
lungn4827.jpeg,1,867
lungn4828.jpeg,1,776
lungn483.jpeg,1,804
lungn4830.jpeg,1,966
lungn4832.jpeg,1,950
lungn4834.jpeg,1,924
lungn4835.jpeg,1,957
lungn4836.jpeg,1,912
lungn4839.jpeg,1,908
lungn484.jpeg,1,805
lungn4840.jpeg,1,908
lungn4841.jpeg,1,908
lungn4845.jpeg,1,824
lungn4847.jpeg,1,977
lungn4848.jpeg,1,907
lungn4849.jpeg,1,800
lungn485.jpeg,1,961
lungn4851.jpeg,1,848
lungn4852.jpeg,1,771
lungn4853.jpeg,1,833
lungn4855.jpeg,1,933
lungn4857.jpeg,1,841
lungn4858.jpeg,1,841
lungn4859.jpeg,1,831
lungn4860.jpeg,1,831
lungn4861.jpeg,1,931
lungn4870.jpeg,1,784
lungn4871.jpeg,1,850
lungn4872.jpeg,1,806
lungn4874.jpeg,1,812
lungn4875.jpeg,1,860
lungn4876.jpeg,1,860
lungn4877.jpeg,1,767
lungn4882.jpeg,1,930
lungn4883.jpeg,1,825
lungn4885.jpeg,1,956
lungn4886.jpeg,1,956
lungn4887.jpeg,1,894
lungn4888.jpeg,1,789
lungn4889.jpeg,1,867
lungn489.jpeg,1,932
lungn4890.jpeg,1,811
lungn4891.jpeg,1,852
lungn4898.jpeg,1,842
lungn4899.jpeg,1,957
lungn49.jpeg,1,916
lungn490.jpeg,1,778
lungn4900.jpeg,1,993
lungn4905.jpeg,1,786
lungn4907.jpeg,1,877
lungn4909.jpeg,1,861
lungn491.jpeg,1,909
lungn4911.jpeg,1,983
lungn4912.jpeg,1,820
lungn4913.jpeg,1,800
lungn4914.jpeg,1,766
lungn4916.jpeg,1,772
lungn4917.jpeg,1,927
lungn4918.jpeg,1,927
lungn4919.jpeg,1,833
lungn492.jpeg,1,809
lungn4920.jpeg,1,935
lungn4921.jpeg,1,981
lungn4923.jpeg,1,933
lungn4925.jpeg,1,906
lungn4932.jpeg,1,936
lungn4933.jpeg,1,936
lungn4934.jpeg,1,814
lungn4939.jpeg,1,929
lungn494.jpeg,1,869
lungn4940.jpeg,1,934
lungn4941.jpeg,1,840
lungn4942.jpeg,1,886
lungn4943.jpeg,1,865
lungn4944.jpeg,1,880
lungn4947.jpeg,1,805
lungn495.jpeg,1,854
lungn4950.jpeg,1,859
lungn4952.jpeg,1,882
lungn4954.jpeg,1,781
lungn4955.jpeg,1,778
lungn4956.jpeg,1,776
lungn4957.jpeg,1,950
lungn496.jpeg,1,854
lungn4960.jpeg,1,835
lungn4961.jpeg,1,775
lungn4962.jpeg,1,802
lungn4966.jpeg,1,787
lungn4967.jpeg,1,824
lungn4968.jpeg,1,824
lungn4969.jpeg,1,861
lungn497.jpeg,1,996
lungn4970.jpeg,1,983
lungn4971.jpeg,1,800
lungn4973.jpeg,1,978
lungn4974.jpeg,1,843
lungn4977.jpeg,1,857
lungn4979.jpeg,1,816
lungn4981.jpeg,1,814
lungn4983.jpeg,1,899
lungn4984.jpeg,1,844
lungn4985.jpeg,1,782
lungn4986.jpeg,1,949
lungn4987.jpeg,1,850
lungn4988.jpeg,1,872
lungn4990.jpeg,1,805
lungn4991.jpeg,1,894
lungn4993.jpeg,1,792
lungn4995.jpeg,1,971
lungn4996.jpeg,1,807
lungn4999.jpeg,1,819
lungn5.jpeg,1,771
lungn50.jpeg,1,763
lungn5000.jpeg,1,957
lungn501.jpeg,1,835
lungn503.jpeg,1,888
lungn504.jpeg,1,885
lungn505.jpeg,1,957
lungn509.jpeg,1,786
lungn510.jpeg,1,861
lungn512.jpeg,1,983
lungn513.jpeg,1,997
lungn515.jpeg,1,848
lungn517.jpeg,1,796
lungn518.jpeg,1,785
lungn519.jpeg,1,785
lungn52.jpeg,1,931
lungn520.jpeg,1,935
lungn521.jpeg,1,938
lungn522.jpeg,1,823
lungn523.jpeg,1,933
lungn525.jpeg,1,841
lungn526.jpeg,1,866
lungn527.jpeg,1,803
lungn528.jpeg,1,970
lungn529.jpeg,1,828
lungn531.jpeg,1,857
lungn532.jpeg,1,917
lungn533.jpeg,1,760
lungn535.jpeg,1,751
lungn537.jpeg,1,934
lungn538.jpeg,1,949
lungn540.jpeg,1,777
lungn541.jpeg,1,974
lungn543.jpeg,1,880
lungn546.jpeg,1,956
lungn547.jpeg,1,894
lungn548.jpeg,1,961
lungn549.jpeg,1,859
lungn550.jpeg,1,859
lungn551.jpeg,1,859
lungn552.jpeg,1,859
lungn553.jpeg,1,945
lungn554.jpeg,1,882
lungn555.jpeg,1,815
lungn556.jpeg,1,991
lungn557.jpeg,1,972
lungn558.jpeg,1,776
lungn559.jpeg,1,811
lungn56.jpeg,1,970
lungn561.jpeg,1,966
lungn565.jpeg,1,885
lungn566.jpeg,1,885
lungn567.jpeg,1,818
lungn568.jpeg,1,940
lungn569.jpeg,1,753
lungn57.jpeg,1,889
lungn570.jpeg,1,982
lungn571.jpeg,1,786
lungn572.jpeg,1,813
lungn574.jpeg,1,977
lungn575.jpeg,1,907
lungn576.jpeg,1,912
lungn577.jpeg,1,912
lungn578.jpeg,1,900
lungn579.jpeg,1,771
lungn582.jpeg,1,821
lungn583.jpeg,1,797
lungn584.jpeg,1,981
lungn585.jpeg,1,916
lungn59.jpeg,1,941
lungn590.jpeg,1,828
lungn593.jpeg,1,941
lungn595.jpeg,1,764
lungn596.jpeg,1,816
lungn598.jpeg,1,757
lungn599.jpeg,1,929
lungn6.jpeg,1,834
lungn60.jpeg,1,941
lungn600.jpeg,1,893
lungn602.jpeg,1,782
lungn603.jpeg,1,782
lungn604.jpeg,1,934
lungn605.jpeg,1,949
lungn606.jpeg,1,840
lungn607.jpeg,1,806
lungn609.jpeg,1,767
lungn61.jpeg,1,899
lungn610.jpeg,1,779
lungn613.jpeg,1,801
lungn614.jpeg,1,801
lungn615.jpeg,1,956
lungn616.jpeg,1,829
lungn617.jpeg,1,894
lungn62.jpeg,1,850
lungn620.jpeg,1,778
lungn621.jpeg,1,776
lungn623.jpeg,1,971
lungn625.jpeg,1,819
lungn626.jpeg,1,835
lungn627.jpeg,1,802
lungn630.jpeg,1,973
lungn632.jpeg,1,770
lungn634.jpeg,1,874
lungn635.jpeg,1,800
lungn636.jpeg,1,912
lungn638.jpeg,1,796
lungn639.jpeg,1,834
lungn640.jpeg,1,919
lungn641.jpeg,1,935
lungn643.jpeg,1,989
lungn644.jpeg,1,873
lungn645.jpeg,1,906
lungn646.jpeg,1,979
lungn647.jpeg,1,843
lungn65.jpeg,1,767
lungn651.jpeg,1,816
lungn653.jpeg,1,873
lungn654.jpeg,1,755
lungn655.jpeg,1,757
lungn657.jpeg,1,844
lungn658.jpeg,1,893
lungn659.jpeg,1,949
lungn663.jpeg,1,872
lungn664.jpeg,1,886
lungn665.jpeg,1,839
lungn666.jpeg,1,777
lungn667.jpeg,1,779
lungn67.jpeg,1,974
lungn670.jpeg,1,925
lungn671.jpeg,1,829
lungn672.jpeg,1,894
lungn673.jpeg,1,932
lungn674.jpeg,1,792
lungn675.jpeg,1,991
lungn676.jpeg,1,867
lungn677.jpeg,1,809
lungn678.jpeg,1,869
lungn679.jpeg,1,854
lungn68.jpeg,1,974
lungn681.jpeg,1,807
lungn684.jpeg,1,842
lungn686.jpeg,1,787
lungn689.jpeg,1,820
lungn69.jpeg,1,805
lungn691.jpeg,1,772
lungn693.jpeg,1,905
lungn696.jpeg,1,921
lungn699.jpeg,1,873
lungn7.jpeg,1,834
lungn701.jpeg,1,831
lungn702.jpeg,1,831
lungn703.jpeg,1,831
lungn704.jpeg,1,803
lungn705.jpeg,1,797
lungn707.jpeg,1,828
lungn708.jpeg,1,917
lungn71.jpeg,1,961
lungn710.jpeg,1,853
lungn711.jpeg,1,814
lungn712.jpeg,1,814
lungn714.jpeg,1,934
lungn716.jpeg,1,860
lungn718.jpeg,1,839
lungn719.jpeg,1,865
lungn72.jpeg,1,846
lungn720.jpeg,1,779
lungn721.jpeg,1,779
lungn723.jpeg,1,790
lungn724.jpeg,1,945
lungn727.jpeg,1,946
lungn73.jpeg,1,945
lungn731.jpeg,1,819
lungn732.jpeg,1,791
lungn733.jpeg,1,913
lungn734.jpeg,1,913
lungn735.jpeg,1,957
lungn736.jpeg,1,775
lungn737.jpeg,1,912
lungn740.jpeg,1,976
lungn741.jpeg,1,878
lungn745.jpeg,1,977
lungn746.jpeg,1,997
lungn747.jpeg,1,862
lungn748.jpeg,1,766
lungn749.jpeg,1,766
lungn75.jpeg,1,867
lungn750.jpeg,1,927
lungn751.jpeg,1,919
lungn753.jpeg,1,768
lungn754.jpeg,1,768
lungn755.jpeg,1,763
lungn756.jpeg,1,873
lungn757.jpeg,1,866
lungn758.jpeg,1,953
lungn76.jpeg,1,867
lungn763.jpeg,1,857
lungn764.jpeg,1,760
lungn766.jpeg,1,853
lungn767.jpeg,1,853
lungn768.jpeg,1,757
lungn77.jpeg,1,972
lungn773.jpeg,1,860
lungn774.jpeg,1,939
lungn775.jpeg,1,968
lungn776.jpeg,1,974
lungn777.jpeg,1,961
lungn779.jpeg,1,830
lungn78.jpeg,1,765
lungn781.jpeg,1,932
lungn783.jpeg,1,852
lungn784.jpeg,1,809
lungn786.jpeg,1,869
lungn787.jpeg,1,854
lungn79.jpeg,1,776
lungn790.jpeg,1,924
lungn792.jpeg,1,957
lungn793.jpeg,1,775
lungn794.jpeg,1,912
lungn798.jpeg,1,940
lungn80.jpeg,1,811
lungn800.jpeg,1,753
lungn803.jpeg,1,864
lungn805.jpeg,1,824
lungn806.jpeg,1,861
lungn809.jpeg,1,862
lungn812.jpeg,1,772
lungn813.jpeg,1,771
lungn814.jpeg,1,796
lungn816.jpeg,1,933
lungn817.jpeg,1,768
lungn819.jpeg,1,836
lungn820.jpeg,1,916
lungn821.jpeg,1,841
lungn822.jpeg,1,843
lungn823.jpeg,1,995
lungn826.jpeg,1,941
lungn827.jpeg,1,764
lungn828.jpeg,1,936
lungn83.jpeg,1,885
lungn830.jpeg,1,757
lungn831.jpeg,1,893
lungn832.jpeg,1,839
lungn835.jpeg,1,968
lungn836.jpeg,1,968
lungn837.jpeg,1,974
lungn838.jpeg,1,974
lungn839.jpeg,1,801
lungn84.jpeg,1,957
lungn840.jpeg,1,801
lungn841.jpeg,1,925
lungn842.jpeg,1,925
lungn843.jpeg,1,804
lungn844.jpeg,1,859
lungn845.jpeg,1,945
lungn846.jpeg,1,815
lungn847.jpeg,1,932
lungn850.jpeg,1,867
lungn853.jpeg,1,852
lungn854.jpeg,1,798
lungn857.jpeg,1,876
lungn858.jpeg,1,835
lungn859.jpeg,1,775
lungn862.jpeg,1,982
lungn863.jpeg,1,786
lungn867.jpeg,1,824
lungn869.jpeg,1,874
lungn870.jpeg,1,907
lungn871.jpeg,1,907
lungn872.jpeg,1,912
lungn873.jpeg,1,797
lungn874.jpeg,1,785
lungn878.jpeg,1,836
lungn879.jpeg,1,836
lungn88.jpeg,1,773
lungn880.jpeg,1,916
lungn882.jpeg,1,906
lungn883.jpeg,1,843
lungn884.jpeg,1,931
lungn889.jpeg,1,929
lungn890.jpeg,1,844
lungn891.jpeg,1,893
lungn892.jpeg,1,893
lungn893.jpeg,1,915
lungn894.jpeg,1,840
lungn895.jpeg,1,840
lungn897.jpeg,1,812
lungn898.jpeg,1,939
lungn9.jpeg,1,931
lungn90.jpeg,1,770
lungn902.jpeg,1,880
lungn904.jpeg,1,991
lungn906.jpeg,1,811
lungn909.jpeg,1,852
lungn91.jpeg,1,786
lungn910.jpeg,1,852
lungn911.jpeg,1,869
lungn913.jpeg,1,971
lungn914.jpeg,1,807
lungn915.jpeg,1,950
lungn917.jpeg,1,918
lungn921.jpeg,1,818
lungn922.jpeg,1,908
lungn924.jpeg,1,976
lungn929.jpeg,1,770
lungn930.jpeg,1,958
lungn932.jpeg,1,813
lungn933.jpeg,1,787
lungn935.jpeg,1,820
lungn938.jpeg,1,797
lungn939.jpeg,1,797
lungn940.jpeg,1,785
lungn941.jpeg,1,935
lungn942.jpeg,1,938
lungn944.jpeg,1,921
lungn945.jpeg,1,768
lungn946.jpeg,1,841
lungn947.jpeg,1,866
lungn948.jpeg,1,953
lungn952.jpeg,1,764
lungn953.jpeg,1,764
lungn954.jpeg,1,853
lungn955.jpeg,1,757
lungn957.jpeg,1,844
lungn96.jpeg,1,848
lungn960.jpeg,1,840
lungn961.jpeg,1,992
lungn963.jpeg,1,968
lungn965.jpeg,1,825
lungn966.jpeg,1,825
lungn967.jpeg,1,801
lungn968.jpeg,1,801
lungn97.jpeg,1,834
lungn971.jpeg,1,894
lungn972.jpeg,1,754
lungn973.jpeg,1,809
lungn974.jpeg,1,869
lungn975.jpeg,1,869
lungn977.jpeg,1,798
lungn978.jpeg,1,798
lungn979.jpeg,1,807
lungn98.jpeg,1,905
lungn984.jpeg,1,791
lungn986.jpeg,1,802
lungn988.jpeg,1,878
lungn989.jpeg,1,810
lungn99.jpeg,1,947
lungn991.jpeg,1,813
lungn992.jpeg,1,861
lungn993.jpeg,1,861
lungn996.jpeg,1,800
lungn998.jpeg,1,905
lungn999.jpeg,1,935
lungscc1.jpeg,2,1202
lungscc10.jpeg,2,1023
lungscc1000.jpeg,2,1149
lungscc1001.jpeg,2,1205
lungscc1003.jpeg,2,998
lungscc1004.jpeg,2,998
lungscc1005.jpeg,2,1077
lungscc1006.jpeg,2,1077
lungscc1008.jpeg,2,1212
lungscc1009.jpeg,2,1084
lungscc101.jpeg,2,1010
lungscc1010.jpeg,2,1186
lungscc1013.jpeg,2,1047
lungscc1015.jpeg,2,1235
lungscc1016.jpeg,2,1027
lungscc1017.jpeg,2,1010
lungscc1018.jpeg,2,1100
lungscc1019.jpeg,2,1012
lungscc102.jpeg,2,1193
lungscc1021.jpeg,2,1086
lungscc1022.jpeg,2,1122
lungscc1023.jpeg,2,1079
lungscc1026.jpeg,2,1035
lungscc1027.jpeg,2,1035
lungscc1028.jpeg,2,1060
lungscc1029.jpeg,2,1067
lungscc103.jpeg,2,1039
lungscc1030.jpeg,2,1069
lungscc1032.jpeg,2,1225
lungscc1034.jpeg,2,1127
lungscc1035.jpeg,2,1108
lungscc1037.jpeg,2,1057
lungscc1038.jpeg,2,1057
lungscc1039.jpeg,2,1194
lungscc1040.jpeg,2,1070
lungscc1042.jpeg,2,1038
lungscc1043.jpeg,2,1075
lungscc1044.jpeg,2,1203
lungscc1047.jpeg,2,1031
lungscc1048.jpeg,2,1022
lungscc1049.jpeg,2,1022
lungscc105.jpeg,2,1219
lungscc1050.jpeg,2,1066
lungscc1052.jpeg,2,1056
lungscc1053.jpeg,2,1036
lungscc1054.jpeg,2,1202
lungscc1055.jpeg,2,1116
lungscc1056.jpeg,2,1029
lungscc106.jpeg,2,1025
lungscc1060.jpeg,2,1174
lungscc1062.jpeg,2,1144
lungscc1063.jpeg,2,1141
lungscc1064.jpeg,2,1215
lungscc1066.jpeg,2,1023
lungscc1067.jpeg,2,1023
lungscc1068.jpeg,2,1023
lungscc1069.jpeg,2,1032
lungscc107.jpeg,2,1139
lungscc1072.jpeg,2,1125
lungscc1073.jpeg,2,1137
lungscc1075.jpeg,2,1018
lungscc1076.jpeg,2,1235
lungscc1077.jpeg,2,1224
lungscc1078.jpeg,2,1159
lungscc1079.jpeg,2,1010
lungscc108.jpeg,2,1000
lungscc1080.jpeg,2,1193
lungscc1081.jpeg,2,1143
lungscc1083.jpeg,2,1219
lungscc1084.jpeg,2,1237
lungscc1085.jpeg,2,1086
lungscc1086.jpeg,2,1086
lungscc1087.jpeg,2,1086
lungscc1089.jpeg,2,1079
lungscc109.jpeg,2,1000
lungscc1090.jpeg,2,1139
lungscc1092.jpeg,2,1000
lungscc1093.jpeg,2,1135
lungscc1095.jpeg,2,1241
lungscc1096.jpeg,2,1026
lungscc1098.jpeg,2,1209
lungscc1099.jpeg,2,1161
lungscc11.jpeg,2,1090
lungscc110.jpeg,2,1210
lungscc1100.jpeg,2,1161
lungscc1101.jpeg,2,1216
lungscc1102.jpeg,2,1057
lungscc1103.jpeg,2,1190
lungscc1104.jpeg,2,1190
lungscc1105.jpeg,2,1030
lungscc1106.jpeg,2,1178
lungscc1109.jpeg,2,1075
lungscc111.jpeg,2,1135
lungscc1111.jpeg,2,1201
lungscc1112.jpeg,2,1041
lungscc1113.jpeg,2,1203
lungscc112.jpeg,2,1229
lungscc1122.jpeg,2,1149
lungscc1124.jpeg,2,1028
lungscc1125.jpeg,2,1168
lungscc1126.jpeg,2,1123
lungscc1127.jpeg,2,1123
lungscc1128.jpeg,2,1050
lungscc1129.jpeg,2,1019
lungscc1131.jpeg,2,1114
lungscc1132.jpeg,2,1134
lungscc1133.jpeg,2,1137
lungscc1134.jpeg,2,1137
lungscc1135.jpeg,2,1102
lungscc1136.jpeg,2,1152
lungscc1138.jpeg,2,1235
lungscc1139.jpeg,2,1224
lungscc1144.jpeg,2,1039
lungscc1145.jpeg,2,1039
lungscc1146.jpeg,2,1083
lungscc1147.jpeg,2,1083
lungscc1149.jpeg,2,1139
lungscc1151.jpeg,2,1210
lungscc1152.jpeg,2,1210
lungscc1153.jpeg,2,1008
lungscc1154.jpeg,2,1135
lungscc1155.jpeg,2,1009
lungscc1157.jpeg,2,1225
lungscc1158.jpeg,2,1109
lungscc1159.jpeg,2,1109
lungscc1160.jpeg,2,1108
lungscc1162.jpeg,2,1172
lungscc1163.jpeg,2,1190
lungscc1164.jpeg,2,1165
lungscc1165.jpeg,2,1165
lungscc1166.jpeg,2,1094
lungscc1167.jpeg,2,1157
lungscc117.jpeg,2,1127
lungscc1172.jpeg,2,1022
lungscc1173.jpeg,2,1066
lungscc1174.jpeg,2,1056
lungscc1175.jpeg,2,1166
lungscc1176.jpeg,2,1166
lungscc1178.jpeg,2,1105
lungscc1179.jpeg,2,1105
lungscc118.jpeg,2,1120
lungscc1180.jpeg,2,1105
lungscc1181.jpeg,2,1150
lungscc1185.jpeg,2,1049
lungscc1186.jpeg,2,1208
lungscc1187.jpeg,2,1230
lungscc1189.jpeg,2,1106
lungscc119.jpeg,2,1120
lungscc1190.jpeg,2,1129
lungscc1191.jpeg,2,1141
lungscc1192.jpeg,2,1141
lungscc1193.jpeg,2,1084
lungscc1194.jpeg,2,1003
lungscc1195.jpeg,2,1134
lungscc1196.jpeg,2,1188
lungscc1197.jpeg,2,1128
lungscc1198.jpeg,2,1148
lungscc1199.jpeg,2,1137
lungscc120.jpeg,2,1057
lungscc1202.jpeg,2,1236
lungscc1203.jpeg,2,1159
lungscc1204.jpeg,2,1076
lungscc1205.jpeg,2,1191
lungscc1206.jpeg,2,1191
lungscc1209.jpeg,2,1054
lungscc121.jpeg,2,1057
lungscc1210.jpeg,2,1153
lungscc1211.jpeg,2,1153
lungscc1213.jpeg,2,1033
lungscc1214.jpeg,2,1033
lungscc1216.jpeg,2,1127
lungscc1217.jpeg,2,1120
lungscc1219.jpeg,2,1177
lungscc122.jpeg,2,1057
lungscc1221.jpeg,2,1169
lungscc1222.jpeg,2,1055
lungscc1223.jpeg,2,1203
lungscc1224.jpeg,2,1203
lungscc1225.jpeg,2,1096
lungscc1228.jpeg,2,1022
lungscc1229.jpeg,2,1022
lungscc123.jpeg,2,1011
lungscc1230.jpeg,2,1056
lungscc1231.jpeg,2,1116
lungscc1234.jpeg,2,1045
lungscc1235.jpeg,2,1208
lungscc1236.jpeg,2,1233
lungscc1237.jpeg,2,1230
lungscc1239.jpeg,2,1197
lungscc124.jpeg,2,1011
lungscc1240.jpeg,2,1205
lungscc1241.jpeg,2,1170
lungscc1242.jpeg,2,1028
lungscc1243.jpeg,2,1204
lungscc1244.jpeg,2,1138
lungscc1245.jpeg,2,998
lungscc1246.jpeg,2,1077
lungscc1247.jpeg,2,1232
lungscc1248.jpeg,2,1114
lungscc1250.jpeg,2,1188
lungscc1251.jpeg,2,1130
lungscc1252.jpeg,2,1130
lungscc1253.jpeg,2,1037
lungscc1254.jpeg,2,1037
lungscc1255.jpeg,2,1112
lungscc1256.jpeg,2,1236
lungscc1257.jpeg,2,1143
lungscc1258.jpeg,2,1092
lungscc1259.jpeg,2,1092
lungscc1260.jpeg,2,1111
lungscc1261.jpeg,2,1051
lungscc1262.jpeg,2,1083
lungscc1263.jpeg,2,1195
lungscc1266.jpeg,2,1086
lungscc1267.jpeg,2,1025
lungscc1268.jpeg,2,1131
lungscc1269.jpeg,2,1124
lungscc127.jpeg,2,1178
lungscc1271.jpeg,2,1054
lungscc1272.jpeg,2,1228
lungscc1274.jpeg,2,1126
lungscc1276.jpeg,2,1120
lungscc1277.jpeg,2,1109
lungscc1278.jpeg,2,1109
lungscc1279.jpeg,2,1172
lungscc128.jpeg,2,1070
lungscc1280.jpeg,2,1113
lungscc1281.jpeg,2,1194
lungscc1282.jpeg,2,1030
lungscc1283.jpeg,2,1094
lungscc1284.jpeg,2,1157
lungscc1285.jpeg,2,1038
lungscc1288.jpeg,2,1189
lungscc1289.jpeg,2,1189
lungscc129.jpeg,2,1157
lungscc1290.jpeg,2,1055
lungscc1295.jpeg,2,1034
lungscc1296.jpeg,2,1099
lungscc1298.jpeg,2,1202
lungscc13.jpeg,2,1173
lungscc130.jpeg,2,1038
lungscc1301.jpeg,2,1049
lungscc1302.jpeg,2,1244
lungscc1303.jpeg,2,1149
lungscc1305.jpeg,2,1168
lungscc1306.jpeg,2,1140
lungscc1307.jpeg,2,1221
lungscc1309.jpeg,2,1212
lungscc131.jpeg,2,1075
lungscc1310.jpeg,2,1082
lungscc1311.jpeg,2,1048
lungscc1313.jpeg,2,1032
lungscc1315.jpeg,2,1148
lungscc1318.jpeg,2,1061
lungscc132.jpeg,2,1203
lungscc1321.jpeg,2,1219
lungscc1323.jpeg,2,1122
lungscc1325.jpeg,2,1147
lungscc1326.jpeg,2,1206
lungscc1327.jpeg,2,1000
lungscc1328.jpeg,2,1135
lungscc1329.jpeg,2,1153
lungscc1330.jpeg,2,1069
lungscc1333.jpeg,2,1026
lungscc1334.jpeg,2,1033
lungscc1337.jpeg,2,1113
lungscc1338.jpeg,2,1057
lungscc1339.jpeg,2,1057
lungscc1340.jpeg,2,1057
lungscc1341.jpeg,2,1165
lungscc1342.jpeg,2,1038
lungscc1344.jpeg,2,1201
lungscc1345.jpeg,2,1203
lungscc135.jpeg,2,1096
lungscc1352.jpeg,2,1099
lungscc1354.jpeg,2,1217
lungscc1355.jpeg,2,1208
lungscc1357.jpeg,2,1197
lungscc1358.jpeg,2,1197
lungscc1359.jpeg,2,1170
lungscc136.jpeg,2,1096
lungscc1360.jpeg,2,1170
lungscc1361.jpeg,2,1170
lungscc1362.jpeg,2,1044
lungscc1363.jpeg,2,1106
lungscc1364.jpeg,2,1106
lungscc1365.jpeg,2,1212
lungscc1366.jpeg,2,1032
lungscc1367.jpeg,2,1134
lungscc1368.jpeg,2,1243
lungscc1370.jpeg,2,1047
lungscc1371.jpeg,2,1173
lungscc1373.jpeg,2,1238
lungscc1374.jpeg,2,1238
lungscc1375.jpeg,2,1092
lungscc1376.jpeg,2,1133
lungscc1377.jpeg,2,1083
lungscc1378.jpeg,2,1083
lungscc1379.jpeg,2,1195
lungscc1380.jpeg,2,1219
lungscc1381.jpeg,2,1122
lungscc1383.jpeg,2,1068
lungscc1384.jpeg,2,1009
lungscc1387.jpeg,2,1085
lungscc1388.jpeg,2,1127
lungscc1390.jpeg,2,1057
lungscc1391.jpeg,2,1194
lungscc1393.jpeg,2,1030
lungscc1394.jpeg,2,1178
lungscc1395.jpeg,2,1157
lungscc1396.jpeg,2,1157
lungscc1399.jpeg,2,1075
lungscc1400.jpeg,2,1189
lungscc1401.jpeg,2,1055
lungscc1404.jpeg,2,1022
lungscc1406.jpeg,2,1166
lungscc1407.jpeg,2,1166
lungscc1408.jpeg,2,1234
lungscc1410.jpeg,2,1105
lungscc1411.jpeg,2,1049
lungscc1413.jpeg,2,1174
lungscc1414.jpeg,2,1144
lungscc1415.jpeg,2,1197
lungscc1416.jpeg,2,1033
lungscc1417.jpeg,2,1214
lungscc1418.jpeg,2,1028
lungscc1419.jpeg,2,1013
lungscc142.jpeg,2,1022
lungscc1420.jpeg,2,1140
lungscc1421.jpeg,2,1221
lungscc1422.jpeg,2,1138
lungscc1423.jpeg,2,1179
lungscc1424.jpeg,2,1179
lungscc1425.jpeg,2,1082
lungscc1426.jpeg,2,1048
lungscc1427.jpeg,2,1232
lungscc1428.jpeg,2,1137
lungscc1429.jpeg,2,1213
lungscc1430.jpeg,2,1213
lungscc1431.jpeg,2,1102
lungscc1433.jpeg,2,1010
lungscc1434.jpeg,2,1039
lungscc1435.jpeg,2,1111
lungscc1436.jpeg,2,1111
lungscc1438.jpeg,2,1133
lungscc1439.jpeg,2,1083
lungscc1440.jpeg,2,1195
lungscc1441.jpeg,2,1219
lungscc1442.jpeg,2,1237
lungscc1443.jpeg,2,1025
lungscc1444.jpeg,2,1196
lungscc1447.jpeg,2,1060
lungscc1448.jpeg,2,1067
lungscc1451.jpeg,2,1209
lungscc1452.jpeg,2,1127
lungscc1453.jpeg,2,1200
lungscc1455.jpeg,2,1011
lungscc1457.jpeg,2,1165
lungscc1458.jpeg,2,1165
lungscc1459.jpeg,2,1178
lungscc1460.jpeg,2,1038
lungscc1465.jpeg,2,1217
lungscc1466.jpeg,2,1144
lungscc1467.jpeg,2,1163
lungscc1468.jpeg,2,1214
lungscc1469.jpeg,2,1168
lungscc147.jpeg,2,1116
lungscc1470.jpeg,2,1231
lungscc1471.jpeg,2,1123
lungscc1472.jpeg,2,1050
lungscc1473.jpeg,2,998
lungscc1474.jpeg,2,998
lungscc1476.jpeg,2,1003
lungscc1477.jpeg,2,1134
lungscc1478.jpeg,2,1125
lungscc1479.jpeg,2,1090
lungscc148.jpeg,2,1029
lungscc1480.jpeg,2,1130
lungscc1481.jpeg,2,1152
lungscc1483.jpeg,2,1235
lungscc1484.jpeg,2,1027
lungscc1485.jpeg,2,1112
lungscc1486.jpeg,2,1238
lungscc1487.jpeg,2,1092
lungscc1488.jpeg,2,1012
lungscc1489.jpeg,2,1133
lungscc1492.jpeg,2,1119
lungscc1495.jpeg,2,1147
lungscc1496.jpeg,2,1124
lungscc1498.jpeg,2,1206
lungscc1499.jpeg,2,1153
lungscc150.jpeg,2,1045
lungscc1503.jpeg,2,1126
lungscc1506.jpeg,2,1177
lungscc1507.jpeg,2,1057
lungscc1508.jpeg,2,1011
lungscc1511.jpeg,2,1189
lungscc1520.jpeg,2,1233
lungscc1521.jpeg,2,1230
lungscc1522.jpeg,2,1197
lungscc1523.jpeg,2,1205
lungscc1524.jpeg,2,1231
lungscc1525.jpeg,2,1138
lungscc1526.jpeg,2,1050
lungscc1527.jpeg,2,1179
lungscc1528.jpeg,2,998
lungscc1529.jpeg,2,1077
lungscc153.jpeg,2,1205
lungscc1530.jpeg,2,1019
lungscc1531.jpeg,2,1082
lungscc1532.jpeg,2,1084
lungscc1534.jpeg,2,1023
lungscc1535.jpeg,2,1186
lungscc1536.jpeg,2,1134
lungscc1538.jpeg,2,1188
lungscc1539.jpeg,2,1090
lungscc154.jpeg,2,1044
lungscc1540.jpeg,2,1018
lungscc1543.jpeg,2,1173
lungscc1545.jpeg,2,1236
lungscc1546.jpeg,2,1238
lungscc1548.jpeg,2,1143
lungscc1549.jpeg,2,1185
lungscc155.jpeg,2,1163
lungscc1550.jpeg,2,1051
lungscc1551.jpeg,2,1083
lungscc1554.jpeg,2,1025
lungscc1555.jpeg,2,1025
lungscc1556.jpeg,2,1119
lungscc1557.jpeg,2,1054
lungscc1558.jpeg,2,1060
lungscc1559.jpeg,2,1229
lungscc156.jpeg,2,1129
lungscc1565.jpeg,2,1209
lungscc1566.jpeg,2,1127
lungscc1567.jpeg,2,1108
lungscc1568.jpeg,2,1113
lungscc1569.jpeg,2,1002
lungscc157.jpeg,2,1231
lungscc1570.jpeg,2,1011
lungscc1573.jpeg,2,1030
lungscc1574.jpeg,2,1165
lungscc1576.jpeg,2,1038
lungscc1578.jpeg,2,1075
lungscc1579.jpeg,2,1075
lungscc1580.jpeg,2,1055
lungscc1581.jpeg,2,1041
lungscc1582.jpeg,2,1160
lungscc1586.jpeg,2,1098
lungscc1587.jpeg,2,1056
lungscc1588.jpeg,2,1234
lungscc159.jpeg,2,1232
lungscc1593.jpeg,2,1244
lungscc1594.jpeg,2,1233
lungscc1595.jpeg,2,1149
lungscc1596.jpeg,2,1170
lungscc1597.jpeg,2,1044
lungscc1598.jpeg,2,1163
lungscc1599.jpeg,2,1168
lungscc16.jpeg,2,1079
lungscc160.jpeg,2,1084
lungscc1600.jpeg,2,1050
lungscc1601.jpeg,2,1215
lungscc1602.jpeg,2,1101
lungscc1604.jpeg,2,1102
lungscc1605.jpeg,2,1102
lungscc1607.jpeg,2,1027
lungscc1608.jpeg,2,1112
lungscc1609.jpeg,2,1236
lungscc161.jpeg,2,1003
lungscc1611.jpeg,2,1012
lungscc1612.jpeg,2,1051
lungscc1615.jpeg,2,1079
lungscc1616.jpeg,2,1124
lungscc1617.jpeg,2,1124
lungscc1618.jpeg,2,1065
lungscc1619.jpeg,2,1206
lungscc162.jpeg,2,1134
lungscc1620.jpeg,2,1210
lungscc1623.jpeg,2,1033
lungscc1624.jpeg,2,1127
lungscc1625.jpeg,2,1161
lungscc1626.jpeg,2,1161
lungscc1629.jpeg,2,1057
lungscc1632.jpeg,2,1160
lungscc1635.jpeg,2,1034
lungscc1637.jpeg,2,1031
lungscc1639.jpeg,2,1036
lungscc1640.jpeg,2,1036
lungscc1644.jpeg,2,1105
lungscc1645.jpeg,2,1045
lungscc1646.jpeg,2,1045
lungscc1649.jpeg,2,1233
lungscc165.jpeg,2,1243
lungscc1650.jpeg,2,1174
lungscc1652.jpeg,2,1149
lungscc1653.jpeg,2,1170
lungscc1654.jpeg,2,1044
lungscc1655.jpeg,2,1033
lungscc1656.jpeg,2,1106
lungscc1657.jpeg,2,1204
lungscc1658.jpeg,2,1231
lungscc1659.jpeg,2,1179
lungscc166.jpeg,2,1090
lungscc1660.jpeg,2,1212
lungscc1661.jpeg,2,1003
lungscc1663.jpeg,2,1137
lungscc1664.jpeg,2,1047
lungscc1666.jpeg,2,1061
lungscc1667.jpeg,2,1061
lungscc1668.jpeg,2,1236
lungscc1669.jpeg,2,1159
lungscc167.jpeg,2,1102
lungscc1670.jpeg,2,1010
lungscc1674.jpeg,2,1237
lungscc1675.jpeg,2,1139
lungscc1676.jpeg,2,1124
lungscc1677.jpeg,2,1065
lungscc1679.jpeg,2,1008
lungscc1680.jpeg,2,1060
lungscc1681.jpeg,2,1009
lungscc1683.jpeg,2,1241
lungscc1684.jpeg,2,1126
lungscc1690.jpeg,2,1070
lungscc1692.jpeg,2,1157
lungscc1693.jpeg,2,1038
lungscc1695.jpeg,2,1041
lungscc1696.jpeg,2,1041
lungscc1697.jpeg,2,1160
lungscc1698.jpeg,2,1160
lungscc17.jpeg,2,1067
lungscc170.jpeg,2,1185
lungscc1701.jpeg,2,1034
lungscc1702.jpeg,2,1031
lungscc1706.jpeg,2,1202
lungscc1707.jpeg,2,1116
lungscc1708.jpeg,2,1045
lungscc1709.jpeg,2,1226
lungscc171.jpeg,2,1012
lungscc1710.jpeg,2,1150
lungscc1712.jpeg,2,1217
lungscc1713.jpeg,2,1175
lungscc1714.jpeg,2,1044
lungscc1715.jpeg,2,1106
lungscc1716.jpeg,2,1129
lungscc1717.jpeg,2,1123
lungscc1719.jpeg,2,1084
lungscc172.jpeg,2,1133
lungscc1720.jpeg,2,1101
lungscc1722.jpeg,2,1188
lungscc1723.jpeg,2,1188
lungscc1724.jpeg,2,1125
lungscc1725.jpeg,2,1213
lungscc1726.jpeg,2,1090
lungscc1729.jpeg,2,1076
lungscc173.jpeg,2,1195
lungscc1730.jpeg,2,1076
lungscc1731.jpeg,2,1092
lungscc1732.jpeg,2,1191
lungscc1735.jpeg,2,1119
lungscc1736.jpeg,2,1035
lungscc1737.jpeg,2,1008
lungscc1740.jpeg,2,1241
lungscc1741.jpeg,2,1241
lungscc1742.jpeg,2,1026
lungscc1743.jpeg,2,1085
lungscc1745.jpeg,2,1177
lungscc1746.jpeg,2,1177
lungscc1747.jpeg,2,1216
lungscc1748.jpeg,2,1172
lungscc1750.jpeg,2,1057
lungscc1751.jpeg,2,1194
lungscc1752.jpeg,2,1136
lungscc1753.jpeg,2,1094
lungscc1754.jpeg,2,1189
lungscc1755.jpeg,2,1160
lungscc1759.jpeg,2,1045
lungscc176.jpeg,2,1237
lungscc1760.jpeg,2,1150
lungscc1764.jpeg,2,1163
lungscc1765.jpeg,2,1028
lungscc1766.jpeg,2,1168
lungscc1767.jpeg,2,1129
lungscc1768.jpeg,2,1221
lungscc1769.jpeg,2,1050
lungscc177.jpeg,2,1086
lungscc1770.jpeg,2,1179
lungscc1771.jpeg,2,1077
lungscc1772.jpeg,2,1082
lungscc1773.jpeg,2,1082
lungscc1774.jpeg,2,1084
lungscc1775.jpeg,2,1186
lungscc1778.jpeg,2,1188
lungscc1779.jpeg,2,1016
lungscc178.jpeg,2,1025
lungscc1780.jpeg,2,1130
lungscc1781.jpeg,2,1047
lungscc1782.jpeg,2,1027
lungscc1783.jpeg,2,1061
lungscc1784.jpeg,2,1143
lungscc1785.jpeg,2,1191
lungscc1787.jpeg,2,1133
lungscc1788.jpeg,2,1195
lungscc179.jpeg,2,1119
lungscc1790.jpeg,2,1237
lungscc1791.jpeg,2,1237
lungscc1792.jpeg,2,1237
lungscc1793.jpeg,2,1122
lungscc1794.jpeg,2,1227
lungscc1795.jpeg,2,1227
lungscc1796.jpeg,2,1035
lungscc1797.jpeg,2,1068
lungscc1798.jpeg,2,1068
lungscc1799.jpeg,2,1067
lungscc18.jpeg,2,1189
lungscc1802.jpeg,2,1126
lungscc1805.jpeg,2,1109
lungscc1807.jpeg,2,1108
lungscc1808.jpeg,2,1177
lungscc1809.jpeg,2,1200
lungscc1810.jpeg,2,1002
lungscc1811.jpeg,2,1011
lungscc1812.jpeg,2,1136
lungscc1813.jpeg,2,1070
lungscc1814.jpeg,2,1038
lungscc1816.jpeg,2,1075
lungscc1818.jpeg,2,1034
lungscc182.jpeg,2,1008
lungscc1821.jpeg,2,1056
lungscc1822.jpeg,2,1234
lungscc1824.jpeg,2,1105
lungscc1826.jpeg,2,1049
lungscc1827.jpeg,2,1244
lungscc1829.jpeg,2,1233
lungscc183.jpeg,2,1060
lungscc1830.jpeg,2,1175
lungscc1831.jpeg,2,1175
lungscc1832.jpeg,2,1205
lungscc1834.jpeg,2,1214
lungscc1835.jpeg,2,1140
lungscc1836.jpeg,2,1231
lungscc1837.jpeg,2,1050
lungscc1838.jpeg,2,1179
lungscc1839.jpeg,2,1212
lungscc184.jpeg,2,1009
lungscc1840.jpeg,2,1048
lungscc1841.jpeg,2,1101
lungscc1842.jpeg,2,1101
lungscc1843.jpeg,2,1032
lungscc1845.jpeg,2,1137
lungscc1846.jpeg,2,1213
lungscc1847.jpeg,2,1152
lungscc1848.jpeg,2,1152
lungscc1849.jpeg,2,1173
lungscc185.jpeg,2,1069
lungscc1850.jpeg,2,1027
lungscc1851.jpeg,2,1238
lungscc1852.jpeg,2,1010
lungscc1853.jpeg,2,1191
lungscc1854.jpeg,2,1051
lungscc1855.jpeg,2,1051
lungscc1858.jpeg,2,1079
lungscc186.jpeg,2,1126
lungscc1860.jpeg,2,1139
lungscc1861.jpeg,2,1068
lungscc1862.jpeg,2,1054
lungscc1863.jpeg,2,1008
lungscc1864.jpeg,2,1135
lungscc1865.jpeg,2,1009
lungscc1866.jpeg,2,1229
lungscc1867.jpeg,2,1033
lungscc1869.jpeg,2,1127
lungscc187.jpeg,2,1033
lungscc1872.jpeg,2,1057
lungscc1873.jpeg,2,1136
lungscc1874.jpeg,2,1070
lungscc1875.jpeg,2,1070
lungscc1876.jpeg,2,1075
lungscc1879.jpeg,2,1098
lungscc188.jpeg,2,1127
lungscc1880.jpeg,2,1066
lungscc1881.jpeg,2,1066
lungscc1882.jpeg,2,1036
lungscc1883.jpeg,2,1036
lungscc1884.jpeg,2,1202
lungscc1885.jpeg,2,1116
lungscc1886.jpeg,2,1029
lungscc1889.jpeg,2,1150
lungscc189.jpeg,2,1109
lungscc1890.jpeg,2,1217
lungscc1891.jpeg,2,1208
lungscc1892.jpeg,2,1244
lungscc1893.jpeg,2,1233
lungscc1894.jpeg,2,1197
lungscc1896.jpeg,2,1163
lungscc1897.jpeg,2,1231
lungscc1898.jpeg,2,1138
lungscc1899.jpeg,2,1179
lungscc19.jpeg,2,1031
lungscc1900.jpeg,2,1077
lungscc1903.jpeg,2,1023
lungscc1904.jpeg,2,1114
lungscc1905.jpeg,2,1032
lungscc1906.jpeg,2,1032
lungscc1907.jpeg,2,1134
lungscc1909.jpeg,2,1137
lungscc1910.jpeg,2,1137
lungscc1911.jpeg,2,1018
lungscc1912.jpeg,2,1047
lungscc1913.jpeg,2,1152
lungscc1914.jpeg,2,1152
lungscc1915.jpeg,2,1159
lungscc1916.jpeg,2,1159
lungscc1917.jpeg,2,1039
lungscc1918.jpeg,2,1076
lungscc1919.jpeg,2,1196
lungscc192.jpeg,2,1190
lungscc1920.jpeg,2,1065
lungscc1922.jpeg,2,1068
lungscc1923.jpeg,2,1210
lungscc1924.jpeg,2,1153
lungscc1927.jpeg,2,1033
lungscc193.jpeg,2,1165
lungscc1930.jpeg,2,1209
lungscc1933.jpeg,2,1177
lungscc1935.jpeg,2,1011
lungscc1936.jpeg,2,1169
lungscc1938.jpeg,2,1189
lungscc1939.jpeg,2,1055
lungscc194.jpeg,2,1094
lungscc1941.jpeg,2,1096
lungscc1943.jpeg,2,1034
lungscc1944.jpeg,2,1031
lungscc1945.jpeg,2,1099
lungscc1948.jpeg,2,1116
lungscc1949.jpeg,2,1116
lungscc195.jpeg,2,1169
lungscc1950.jpeg,2,1150
lungscc1952.jpeg,2,1208
lungscc1954.jpeg,2,1233
lungscc1955.jpeg,2,1233
lungscc1956.jpeg,2,1033
lungscc1957.jpeg,2,1106
lungscc1958.jpeg,2,1168
lungscc1959.jpeg,2,1129
lungscc196.jpeg,2,1055
lungscc1960.jpeg,2,1140
lungscc1961.jpeg,2,1140
lungscc1962.jpeg,2,1231
lungscc1963.jpeg,2,1123
lungscc1964.jpeg,2,1212
lungscc1965.jpeg,2,1212
lungscc1966.jpeg,2,1232
lungscc197.jpeg,2,1041
lungscc1970.jpeg,2,1137
lungscc1971.jpeg,2,1104
lungscc1972.jpeg,2,1173
lungscc1973.jpeg,2,1236
lungscc1974.jpeg,2,1236
lungscc1975.jpeg,2,1039
lungscc1976.jpeg,2,1100
lungscc1977.jpeg,2,1100
lungscc1978.jpeg,2,1133
lungscc1979.jpeg,2,1147
lungscc1980.jpeg,2,1147
lungscc1981.jpeg,2,1124
lungscc1982.jpeg,2,1068
lungscc1983.jpeg,2,1210
lungscc1984.jpeg,2,1153
lungscc1985.jpeg,2,1069
lungscc1990.jpeg,2,1190
lungscc1991.jpeg,2,1190
lungscc1996.jpeg,2,1201
lungscc1997.jpeg,2,1160
lungscc1998.jpeg,2,1022
lungscc2.jpeg,2,1116
lungscc2003.jpeg,2,1045
lungscc2005.jpeg,2,1217
lungscc2007.jpeg,2,1049
lungscc2008.jpeg,2,1208
lungscc2009.jpeg,2,1205
lungscc2010.jpeg,2,1205
lungscc2011.jpeg,2,1163
lungscc2012.jpeg,2,1028
lungscc2013.jpeg,2,1140
lungscc2014.jpeg,2,1141
lungscc2015.jpeg,2,1138
lungscc2016.jpeg,2,1123
lungscc2019.jpeg,2,1082
lungscc202.jpeg,2,1098
lungscc2020.jpeg,2,1232
lungscc2021.jpeg,2,1186
lungscc2024.jpeg,2,1213
lungscc2026.jpeg,2,1112
lungscc2027.jpeg,2,1159
lungscc2028.jpeg,2,1076
lungscc2029.jpeg,2,1143
lungscc2030.jpeg,2,1143
lungscc2031.jpeg,2,1143
lungscc2032.jpeg,2,1111
lungscc2034.jpeg,2,1133
lungscc2035.jpeg,2,1124
lungscc2036.jpeg,2,1054
lungscc2037.jpeg,2,1008
lungscc2038.jpeg,2,1008
lungscc2039.jpeg,2,1228
lungscc2040.jpeg,2,1033
lungscc2044.jpeg,2,1085
lungscc2047.jpeg,2,1030
lungscc2048.jpeg,2,1070
lungscc2050.jpeg,2,1075
lungscc2052.jpeg,2,1201
lungscc2053.jpeg,2,1160
lungscc2057.jpeg,2,1031
lungscc206.jpeg,2,1099
lungscc2062.jpeg,2,1208
lungscc2063.jpeg,2,1244
lungscc2064.jpeg,2,1230
lungscc2065.jpeg,2,1175
lungscc2066.jpeg,2,1149
lungscc2067.jpeg,2,1033
lungscc2068.jpeg,2,1221
lungscc2069.jpeg,2,1138
lungscc2070.jpeg,2,1123
lungscc2074.jpeg,2,1215
lungscc2075.jpeg,2,1215
lungscc2077.jpeg,2,1232
lungscc2078.jpeg,2,1023
lungscc2079.jpeg,2,1032
lungscc2080.jpeg,2,1032
lungscc2081.jpeg,2,1134
lungscc2082.jpeg,2,1188
lungscc2083.jpeg,2,1125
lungscc2084.jpeg,2,1148
lungscc2085.jpeg,2,1104
lungscc2086.jpeg,2,1090
lungscc2088.jpeg,2,1173
lungscc2089.jpeg,2,1037
lungscc2090.jpeg,2,1039
lungscc2091.jpeg,2,1039
lungscc2093.jpeg,2,1083
lungscc2094.jpeg,2,1237
lungscc2095.jpeg,2,1079
lungscc2098.jpeg,2,1067
lungscc2099.jpeg,2,1069
lungscc210.jpeg,2,1233
lungscc2100.jpeg,2,1126
lungscc2101.jpeg,2,1033
lungscc2102.jpeg,2,1161
lungscc2103.jpeg,2,1177
lungscc2104.jpeg,2,1113
lungscc2105.jpeg,2,1002
lungscc2106.jpeg,2,1194
lungscc2107.jpeg,2,1194
lungscc2108.jpeg,2,1178
lungscc2109.jpeg,2,1094
lungscc211.jpeg,2,1144
lungscc2110.jpeg,2,1038
lungscc2118.jpeg,2,1022
lungscc212.jpeg,2,1205
lungscc2120.jpeg,2,1056
lungscc2121.jpeg,2,1234
lungscc2122.jpeg,2,1226
lungscc2123.jpeg,2,1208
lungscc2124.jpeg,2,1144
lungscc2125.jpeg,2,1044
lungscc2126.jpeg,2,1044
lungscc2127.jpeg,2,1163
lungscc2128.jpeg,2,1106
lungscc2129.jpeg,2,1168
lungscc213.jpeg,2,1163
lungscc2130.jpeg,2,1141
lungscc2131.jpeg,2,1221
lungscc2133.jpeg,2,1215
lungscc2134.jpeg,2,1048
lungscc2135.jpeg,2,1101
lungscc2136.jpeg,2,1023
lungscc2137.jpeg,2,1114
lungscc2138.jpeg,2,1102
lungscc2139.jpeg,2,1047
lungscc214.jpeg,2,1013
lungscc2140.jpeg,2,1235
lungscc2141.jpeg,2,1010
lungscc2142.jpeg,2,1193
lungscc2144.jpeg,2,1012
lungscc2145.jpeg,2,1051
lungscc2147.jpeg,2,1131
lungscc2148.jpeg,2,1035
lungscc2149.jpeg,2,1060
lungscc215.jpeg,2,1141
lungscc2151.jpeg,2,1153
lungscc2152.jpeg,2,1069
lungscc2155.jpeg,2,1184
lungscc2156.jpeg,2,1126
lungscc2157.jpeg,2,1225
lungscc2159.jpeg,2,1209
lungscc216.jpeg,2,1158
lungscc2160.jpeg,2,1127
lungscc2161.jpeg,2,1109
lungscc2162.jpeg,2,1108
lungscc2165.jpeg,2,1216
lungscc2166.jpeg,2,1002
lungscc2168.jpeg,2,1070
lungscc2169.jpeg,2,1070
lungscc217.jpeg,2,1158
lungscc2170.jpeg,2,1157
lungscc2171.jpeg,2,1169
lungscc2174.jpeg,2,1075
lungscc2175.jpeg,2,1201
lungscc218.jpeg,2,1048
lungscc2181.jpeg,2,1022
lungscc2184.jpeg,2,1056
lungscc2186.jpeg,2,1174
lungscc2188.jpeg,2,1149
lungscc219.jpeg,2,1048
lungscc2190.jpeg,2,1044
lungscc2191.jpeg,2,1033
lungscc2192.jpeg,2,998
lungscc2193.jpeg,2,1019
lungscc2194.jpeg,2,1215
lungscc2195.jpeg,2,1082
lungscc2196.jpeg,2,1048
lungscc2197.jpeg,2,1048
lungscc2198.jpeg,2,1048
lungscc220.jpeg,2,1023
lungscc2200.jpeg,2,1114
lungscc2201.jpeg,2,1134
lungscc2203.jpeg,2,1188
lungscc2204.jpeg,2,1188
lungscc2205.jpeg,2,1243
lungscc2207.jpeg,2,1213
lungscc221.jpeg,2,1243
lungscc2211.jpeg,2,1027
lungscc2212.jpeg,2,1061
lungscc2213.jpeg,2,1061
lungscc2214.jpeg,2,1236
lungscc2215.jpeg,2,1236
lungscc2216.jpeg,2,1159
lungscc2217.jpeg,2,1193
lungscc2219.jpeg,2,1092
lungscc222.jpeg,2,1016
lungscc2220.jpeg,2,1191
lungscc2222.jpeg,2,1051
lungscc2223.jpeg,2,1195
lungscc2225.jpeg,2,1025
lungscc2227.jpeg,2,1139
lungscc2228.jpeg,2,1210
lungscc2229.jpeg,2,1184
lungscc223.jpeg,2,1090
lungscc2230.jpeg,2,1026
lungscc2231.jpeg,2,1200
lungscc2232.jpeg,2,1190
lungscc2233.jpeg,2,1011
lungscc2235.jpeg,2,1038
lungscc2237.jpeg,2,1160
lungscc2238.jpeg,2,1203
lungscc224.jpeg,2,1235
lungscc2241.jpeg,2,1056
lungscc2242.jpeg,2,1056
lungscc2245.jpeg,2,1202
lungscc2246.jpeg,2,1029
lungscc2249.jpeg,2,1049
lungscc225.jpeg,2,1027
lungscc2250.jpeg,2,1174
lungscc2251.jpeg,2,1175
lungscc2252.jpeg,2,1175
lungscc2253.jpeg,2,1205
lungscc2254.jpeg,2,1106
lungscc2255.jpeg,2,1013
lungscc2256.jpeg,2,1204
lungscc2258.jpeg,2,1023
lungscc2259.jpeg,2,1023
lungscc226.jpeg,2,1027
lungscc2260.jpeg,2,1032
lungscc2262.jpeg,2,1130
lungscc2263.jpeg,2,1018
lungscc2264.jpeg,2,1235
lungscc2265.jpeg,2,1027
lungscc2266.jpeg,2,1039
lungscc2267.jpeg,2,1092
lungscc2268.jpeg,2,1111
lungscc2269.jpeg,2,1012
lungscc2270.jpeg,2,1051
lungscc2271.jpeg,2,1124
lungscc2272.jpeg,2,1065
lungscc2274.jpeg,2,1068
lungscc2275.jpeg,2,1054
lungscc2276.jpeg,2,1008
lungscc2277.jpeg,2,1067
lungscc2278.jpeg,2,1009
lungscc2279.jpeg,2,1229
lungscc2281.jpeg,2,1085
lungscc2282.jpeg,2,1120
lungscc2284.jpeg,2,1161
lungscc2285.jpeg,2,1216
lungscc2288.jpeg,2,1178
lungscc2290.jpeg,2,1075
lungscc2293.jpeg,2,1034
lungscc2297.jpeg,2,1056
lungscc2299.jpeg,2,1217
lungscc2300.jpeg,2,1244
lungscc2301.jpeg,2,1233
lungscc2302.jpeg,2,1174
lungscc2303.jpeg,2,1144
lungscc2304.jpeg,2,1144
lungscc2305.jpeg,2,1205
lungscc2307.jpeg,2,1214
lungscc2309.jpeg,2,1123
lungscc231.jpeg,2,1143
lungscc2310.jpeg,2,1077
lungscc2314.jpeg,2,1130
lungscc2315.jpeg,2,1152
lungscc2316.jpeg,2,1173
lungscc2317.jpeg,2,1037
lungscc2319.jpeg,2,1236
lungscc232.jpeg,2,1111
lungscc2320.jpeg,2,1159
lungscc2321.jpeg,2,1092
lungscc2322.jpeg,2,1191
lungscc2323.jpeg,2,1185
lungscc2324.jpeg,2,1237
lungscc2325.jpeg,2,1086
lungscc2326.jpeg,2,1147
lungscc2327.jpeg,2,1124
lungscc2328.jpeg,2,1035
lungscc2329.jpeg,2,1210
lungscc233.jpeg,2,1100
lungscc2330.jpeg,2,1009
lungscc2331.jpeg,2,1153
lungscc2332.jpeg,2,1069
lungscc2333.jpeg,2,1069
lungscc2337.jpeg,2,1026
lungscc2339.jpeg,2,1127
lungscc2340.jpeg,2,1127
lungscc2341.jpeg,2,1109
lungscc2342.jpeg,2,1108
lungscc2345.jpeg,2,1216
lungscc2348.jpeg,2,1190
lungscc2349.jpeg,2,1178
lungscc2350.jpeg,2,1070
lungscc2353.jpeg,2,1075
lungscc2354.jpeg,2,1041
lungscc2355.jpeg,2,1160
lungscc2359.jpeg,2,1066
lungscc236.jpeg,2,1237
lungscc2363.jpeg,2,1105
lungscc2365.jpeg,2,1150
lungscc2366.jpeg,2,1033
lungscc2367.jpeg,2,1129
lungscc2368.jpeg,2,1140
lungscc2369.jpeg,2,1221
lungscc237.jpeg,2,1086
lungscc2370.jpeg,2,1158
lungscc2371.jpeg,2,998
lungscc2372.jpeg,2,1077
lungscc2374.jpeg,2,1232
lungscc2375.jpeg,2,1188
lungscc2376.jpeg,2,1104
lungscc2377.jpeg,2,1090
lungscc2378.jpeg,2,1018
lungscc2379.jpeg,2,1235
lungscc238.jpeg,2,1122
lungscc2380.jpeg,2,1076
lungscc2381.jpeg,2,1100
lungscc2382.jpeg,2,1185
lungscc2385.jpeg,2,1219
lungscc2386.jpeg,2,1079
lungscc2387.jpeg,2,1139
lungscc2388.jpeg,2,1139
lungscc2389.jpeg,2,1139
lungscc239.jpeg,2,1196
lungscc2390.jpeg,2,1227
lungscc2391.jpeg,2,1065
lungscc2392.jpeg,2,1008
lungscc2397.jpeg,2,1184
lungscc2398.jpeg,2,1127
lungscc2399.jpeg,2,1200
lungscc24.jpeg,2,1099
lungscc240.jpeg,2,1079
lungscc2400.jpeg,2,1165
lungscc2401.jpeg,2,1094
lungscc2403.jpeg,2,1075
lungscc2408.jpeg,2,1189
lungscc2409.jpeg,2,1203
lungscc241.jpeg,2,1147
lungscc2412.jpeg,2,1096
lungscc2414.jpeg,2,1034
lungscc2416.jpeg,2,1202
lungscc2417.jpeg,2,1234
lungscc2418.jpeg,2,1029
lungscc242.jpeg,2,1206
lungscc2420.jpeg,2,1150
lungscc2421.jpeg,2,1174
lungscc2422.jpeg,2,1175
lungscc2423.jpeg,2,1197
lungscc2425.jpeg,2,1033
lungscc2426.jpeg,2,1106
lungscc2427.jpeg,2,1019
lungscc243.jpeg,2,1210
lungscc2430.jpeg,2,1048
lungscc2432.jpeg,2,1023
lungscc2433.jpeg,2,1032
lungscc2435.jpeg,2,1125
lungscc2436.jpeg,2,1125
lungscc2437.jpeg,2,1128
lungscc2438.jpeg,2,1104
lungscc2439.jpeg,2,1213
lungscc244.jpeg,2,1135
lungscc2440.jpeg,2,1090
lungscc2441.jpeg,2,1130
lungscc2442.jpeg,2,1018
lungscc2443.jpeg,2,1037
lungscc2444.jpeg,2,1159
lungscc2445.jpeg,2,1193
lungscc2446.jpeg,2,1143
lungscc2447.jpeg,2,1092
lungscc2448.jpeg,2,1092
lungscc2449.jpeg,2,1092
lungscc245.jpeg,2,1135
lungscc2451.jpeg,2,1195
lungscc2452.jpeg,2,1086
lungscc2453.jpeg,2,1122
lungscc2454.jpeg,2,1119
lungscc2456.jpeg,2,1124
lungscc2457.jpeg,2,1068
lungscc2459.jpeg,2,1184
lungscc246.jpeg,2,1026
lungscc2461.jpeg,2,1085
lungscc2464.jpeg,2,1136
lungscc2465.jpeg,2,1136
lungscc2466.jpeg,2,1157
lungscc2467.jpeg,2,1041
lungscc2468.jpeg,2,1041
lungscc2471.jpeg,2,1034
lungscc2472.jpeg,2,1098
lungscc2473.jpeg,2,1031
lungscc2474.jpeg,2,1099
lungscc2475.jpeg,2,1166
lungscc2476.jpeg,2,1234
lungscc2479.jpeg,2,1244
lungscc248.jpeg,2,1108
lungscc2480.jpeg,2,1230
lungscc2481.jpeg,2,1197
lungscc2482.jpeg,2,1205
lungscc2483.jpeg,2,1205
lungscc2485.jpeg,2,1170
lungscc2486.jpeg,2,1106
lungscc2487.jpeg,2,1138
lungscc2488.jpeg,2,1123
lungscc2489.jpeg,2,1179
lungscc2490.jpeg,2,1212
lungscc2491.jpeg,2,1082
lungscc2492.jpeg,2,1082
lungscc2494.jpeg,2,1134
lungscc2496.jpeg,2,1016
lungscc2497.jpeg,2,1213
lungscc2498.jpeg,2,1102
lungscc2499.jpeg,2,1018
lungscc25.jpeg,2,1099
lungscc250.jpeg,2,1157
lungscc2501.jpeg,2,1027
lungscc2502.jpeg,2,1027
lungscc2503.jpeg,2,1238
lungscc2504.jpeg,2,1193
lungscc2505.jpeg,2,1039
lungscc2508.jpeg,2,1100
lungscc2509.jpeg,2,1012
lungscc251.jpeg,2,1038
lungscc2510.jpeg,2,1079
lungscc2511.jpeg,2,1119
lungscc2513.jpeg,2,1065
lungscc2514.jpeg,2,1068
lungscc2515.jpeg,2,1000
lungscc2516.jpeg,2,1054
lungscc2517.jpeg,2,1228
lungscc2518.jpeg,2,1135
lungscc2520.jpeg,2,1184
lungscc2523.jpeg,2,1108
lungscc2524.jpeg,2,1177
lungscc2525.jpeg,2,1172
lungscc2526.jpeg,2,1057
lungscc2528.jpeg,2,1094
lungscc2529.jpeg,2,1169
lungscc2530.jpeg,2,1075
lungscc2531.jpeg,2,1201
lungscc2539.jpeg,2,1036
lungscc2540.jpeg,2,1116
lungscc2542.jpeg,2,1045
lungscc2545.jpeg,2,1174
lungscc2547.jpeg,2,1033
lungscc2548.jpeg,2,1163
lungscc2549.jpeg,2,1231
lungscc255.jpeg,2,1099
lungscc2550.jpeg,2,1158
lungscc2552.jpeg,2,998
lungscc2553.jpeg,2,1019
lungscc2554.jpeg,2,1082
lungscc2555.jpeg,2,1101
lungscc2556.jpeg,2,1023
lungscc2557.jpeg,2,1125
lungscc2558.jpeg,2,1125
lungscc2559.jpeg,2,1213
lungscc256.jpeg,2,1056
lungscc2560.jpeg,2,1090
lungscc2561.jpeg,2,1224
lungscc2562.jpeg,2,1236
lungscc2563.jpeg,2,1159
lungscc2564.jpeg,2,1193
lungscc2565.jpeg,2,1193
lungscc2566.jpeg,2,1076
lungscc2567.jpeg,2,1100
lungscc2568.jpeg,2,1133
lungscc2569.jpeg,2,1083
lungscc257.jpeg,2,1166
lungscc2572.jpeg,2,1131
lungscc2573.jpeg,2,1131
lungscc2574.jpeg,2,1000
lungscc2575.jpeg,2,1000
lungscc2578.jpeg,2,1067
lungscc2579.jpeg,2,1153
lungscc258.jpeg,2,1029
lungscc2580.jpeg,2,1184
lungscc2581.jpeg,2,1026
lungscc2583.jpeg,2,1085
lungscc2584.jpeg,2,1120
lungscc2585.jpeg,2,1120
lungscc2586.jpeg,2,1161
lungscc2587.jpeg,2,1194
lungscc2588.jpeg,2,1165
lungscc2589.jpeg,2,1094
lungscc259.jpeg,2,1105
lungscc2593.jpeg,2,1201
lungscc2594.jpeg,2,1055
lungscc2595.jpeg,2,1041
lungscc2599.jpeg,2,1036
lungscc26.jpeg,2,1056
lungscc2601.jpeg,2,1049
lungscc2602.jpeg,2,1208
lungscc2604.jpeg,2,1175
lungscc2606.jpeg,2,1033
lungscc2607.jpeg,2,1163
lungscc2608.jpeg,2,1214
lungscc2609.jpeg,2,1028
lungscc261.jpeg,2,1045
lungscc2610.jpeg,2,1140
lungscc2612.jpeg,2,1231
lungscc2613.jpeg,2,1123
lungscc2615.jpeg,2,1082
lungscc2617.jpeg,2,1003
lungscc2618.jpeg,2,1186
lungscc2619.jpeg,2,1186
lungscc262.jpeg,2,1226
lungscc2620.jpeg,2,1134
lungscc2621.jpeg,2,1152
lungscc2622.jpeg,2,1061
lungscc2624.jpeg,2,1100
lungscc2625.jpeg,2,1185
lungscc2627.jpeg,2,1237
lungscc2632.jpeg,2,1079
lungscc2633.jpeg,2,1119
lungscc2636.jpeg,2,1000
lungscc2637.jpeg,2,1000
lungscc2638.jpeg,2,1135
lungscc2639.jpeg,2,1135
lungscc2643.jpeg,2,1033
lungscc2644.jpeg,2,1085
lungscc2645.jpeg,2,1127
lungscc2646.jpeg,2,1120
lungscc2648.jpeg,2,1177
lungscc2649.jpeg,2,1057
lungscc265.jpeg,2,1230
lungscc2650.jpeg,2,1194
lungscc2651.jpeg,2,1194
lungscc2653.jpeg,2,1165
lungscc2654.jpeg,2,1094
lungscc2655.jpeg,2,1157
lungscc2658.jpeg,2,1189
lungscc2659.jpeg,2,1201
lungscc266.jpeg,2,1149
lungscc2660.jpeg,2,1055
lungscc2663.jpeg,2,1031
lungscc2667.jpeg,2,1036
lungscc2668.jpeg,2,1036
lungscc2669.jpeg,2,1029
lungscc267.jpeg,2,1149
lungscc2670.jpeg,2,1105
lungscc2671.jpeg,2,1045
lungscc2673.jpeg,2,1049
lungscc2674.jpeg,2,1149
lungscc2675.jpeg,2,1197
lungscc2676.jpeg,2,1205
lungscc2677.jpeg,2,1028
lungscc2679.jpeg,2,1013
lungscc268.jpeg,2,1168
lungscc2680.jpeg,2,1140
lungscc2681.jpeg,2,1141
lungscc2682.jpeg,2,1158
lungscc2683.jpeg,2,998
lungscc2684.jpeg,2,998
lungscc2685.jpeg,2,1077
lungscc2686.jpeg,2,1084
lungscc2687.jpeg,2,1101
lungscc2688.jpeg,2,1186
lungscc269.jpeg,2,1013
lungscc2690.jpeg,2,1148
lungscc2691.jpeg,2,1104
lungscc2692.jpeg,2,1016
lungscc2693.jpeg,2,1018
lungscc2694.jpeg,2,1152
lungscc2695.jpeg,2,1111
lungscc2698.jpeg,2,1237
lungscc2699.jpeg,2,1147
lungscc270.jpeg,2,1129
lungscc2700.jpeg,2,1035
lungscc2703.jpeg,2,1109
lungscc2706.jpeg,2,1002
lungscc2707.jpeg,2,1057
lungscc271.jpeg,2,1221
lungscc2710.jpeg,2,1136
lungscc2711.jpeg,2,1136
lungscc2713.jpeg,2,1178
lungscc2714.jpeg,2,1178
lungscc2715.jpeg,2,1094
lungscc2716.jpeg,2,1038
lungscc2717.jpeg,2,1075
lungscc2718.jpeg,2,1189
lungscc2719.jpeg,2,1189
lungscc272.jpeg,2,1158
lungscc2720.jpeg,2,1201
lungscc2722.jpeg,2,1034
lungscc2723.jpeg,2,1098
lungscc2730.jpeg,2,1036
lungscc2734.jpeg,2,1175
lungscc2735.jpeg,2,1144
lungscc2737.jpeg,2,1106
lungscc2739.jpeg,2,1212
lungscc274.jpeg,2,1077
lungscc2740.jpeg,2,1232
lungscc2741.jpeg,2,1101
lungscc2743.jpeg,2,1137
lungscc2744.jpeg,2,1104
lungscc2745.jpeg,2,1104
lungscc2746.jpeg,2,1224
lungscc2747.jpeg,2,1092
lungscc2748.jpeg,2,1111
lungscc2749.jpeg,2,1185
lungscc275.jpeg,2,1077
lungscc2750.jpeg,2,1012
lungscc2751.jpeg,2,1051
lungscc2755.jpeg,2,1196
lungscc2756.jpeg,2,1131
lungscc2758.jpeg,2,1068
lungscc2759.jpeg,2,1206
lungscc276.jpeg,2,1077
lungscc2760.jpeg,2,1054
lungscc2761.jpeg,2,1085
lungscc2762.jpeg,2,1109
lungscc2764.jpeg,2,1200
lungscc2765.jpeg,2,1002
lungscc2766.jpeg,2,1002
lungscc2767.jpeg,2,1194
lungscc277.jpeg,2,1048
lungscc2770.jpeg,2,1038
lungscc2771.jpeg,2,1201
lungscc2772.jpeg,2,1055
lungscc2773.jpeg,2,1098
lungscc2776.jpeg,2,1099
lungscc278.jpeg,2,1101
lungscc2780.jpeg,2,1226
lungscc2781.jpeg,2,1174
lungscc2782.jpeg,2,1174
lungscc2783.jpeg,2,1149
lungscc2784.jpeg,2,1149
lungscc2786.jpeg,2,1033
lungscc2787.jpeg,2,1163
lungscc2788.jpeg,2,1129
lungscc2789.jpeg,2,1138
lungscc2790.jpeg,2,1123
lungscc2792.jpeg,2,1186
lungscc2796.jpeg,2,1128
lungscc2797.jpeg,2,1148
lungscc2798.jpeg,2,1137
lungscc2799.jpeg,2,1137
lungscc28.jpeg,2,1116
lungscc280.jpeg,2,1188
lungscc2800.jpeg,2,1047
lungscc2801.jpeg,2,1173
lungscc2803.jpeg,2,1037
lungscc2804.jpeg,2,1027
lungscc2805.jpeg,2,1238
lungscc2806.jpeg,2,1100
lungscc2808.jpeg,2,1196
lungscc2809.jpeg,2,1119
lungscc281.jpeg,2,1102
lungscc2810.jpeg,2,1147
lungscc2812.jpeg,2,1060
lungscc2813.jpeg,2,1060
lungscc2814.jpeg,2,1009
lungscc2815.jpeg,2,1153
lungscc2816.jpeg,2,1153
lungscc2817.jpeg,2,1153
lungscc2819.jpeg,2,1108
lungscc282.jpeg,2,1102
lungscc2820.jpeg,2,1172
lungscc2821.jpeg,2,1113
lungscc2823.jpeg,2,1011
lungscc2824.jpeg,2,1194
lungscc2827.jpeg,2,1055
lungscc283.jpeg,2,1102
lungscc2837.jpeg,2,1166
lungscc2838.jpeg,2,1045
lungscc2839.jpeg,2,1150
lungscc284.jpeg,2,1130
lungscc2840.jpeg,2,1049
lungscc2842.jpeg,2,1205
lungscc2843.jpeg,2,1129
lungscc2844.jpeg,2,1077
lungscc2845.jpeg,2,1212
lungscc2847.jpeg,2,1101
lungscc2848.jpeg,2,1186
lungscc285.jpeg,2,1130
lungscc2852.jpeg,2,1213
lungscc2853.jpeg,2,1047
lungscc2854.jpeg,2,1235
lungscc2856.jpeg,2,1238
lungscc2857.jpeg,2,1193
lungscc2858.jpeg,2,1076
lungscc2859.jpeg,2,1191
lungscc286.jpeg,2,1224
lungscc2860.jpeg,2,1191
lungscc2866.jpeg,2,1237
lungscc2867.jpeg,2,1025
lungscc2869.jpeg,2,1000
lungscc287.jpeg,2,1027
lungscc2871.jpeg,2,1210
lungscc2872.jpeg,2,1067
lungscc2873.jpeg,2,1069
lungscc2875.jpeg,2,1241
lungscc2876.jpeg,2,1126
lungscc2877.jpeg,2,1026
lungscc2878.jpeg,2,1033
lungscc288.jpeg,2,1010
lungscc2882.jpeg,2,1057
lungscc2885.jpeg,2,1070
lungscc2887.jpeg,2,1201
lungscc2888.jpeg,2,1096
lungscc289.jpeg,2,1010
lungscc2893.jpeg,2,1022
lungscc2894.jpeg,2,1022
lungscc2895.jpeg,2,1202
lungscc2897.jpeg,2,1226
lungscc2898.jpeg,2,1217
lungscc2900.jpeg,2,1049
lungscc2901.jpeg,2,1244
lungscc2903.jpeg,2,1174
lungscc2904.jpeg,2,1174
lungscc2905.jpeg,2,1230
lungscc2908.jpeg,2,1138
lungscc2909.jpeg,2,1215
lungscc2912.jpeg,2,1101
lungscc2913.jpeg,2,1023
lungscc2914.jpeg,2,1114
lungscc2915.jpeg,2,1134
lungscc2918.jpeg,2,1188
lungscc2919.jpeg,2,1125
lungscc292.jpeg,2,1083
lungscc2920.jpeg,2,1125
lungscc2921.jpeg,2,1016
lungscc2922.jpeg,2,1016
lungscc2923.jpeg,2,1152
lungscc2924.jpeg,2,1152
lungscc2925.jpeg,2,1152
lungscc2927.jpeg,2,1159
lungscc2928.jpeg,2,1039
lungscc2929.jpeg,2,1092
lungscc293.jpeg,2,1122
lungscc2930.jpeg,2,1195
lungscc2932.jpeg,2,1147
lungscc2933.jpeg,2,1210
lungscc2936.jpeg,2,1127
lungscc2938.jpeg,2,1161
lungscc2939.jpeg,2,1002
lungscc2941.jpeg,2,1057
lungscc2942.jpeg,2,1011
lungscc2943.jpeg,2,1136
lungscc2944.jpeg,2,1094
lungscc2945.jpeg,2,1189
lungscc2946.jpeg,2,1201
lungscc2947.jpeg,2,1096
lungscc295.jpeg,2,1131
lungscc2951.jpeg,2,1098
lungscc2952.jpeg,2,1066
lungscc2955.jpeg,2,1105
lungscc2958.jpeg,2,1226
lungscc296.jpeg,2,1068
lungscc2960.jpeg,2,1208
lungscc2964.jpeg,2,1106
lungscc2965.jpeg,2,1204
lungscc2966.jpeg,2,1221
lungscc2968.jpeg,2,1084
lungscc2969.jpeg,2,1023
lungscc297.jpeg,2,1210
lungscc2970.jpeg,2,1134
lungscc2972.jpeg,2,1125
lungscc2973.jpeg,2,1018
lungscc2974.jpeg,2,1047
lungscc2975.jpeg,2,1037
lungscc2977.jpeg,2,1112
lungscc2979.jpeg,2,1010
lungscc2980.jpeg,2,1010
lungscc2982.jpeg,2,1092
lungscc2983.jpeg,2,1191
lungscc2984.jpeg,2,1191
lungscc2986.jpeg,2,1012
lungscc2988.jpeg,2,1079
lungscc2989.jpeg,2,1227
lungscc2991.jpeg,2,1131
lungscc2992.jpeg,2,1131
lungscc2993.jpeg,2,1124
lungscc2994.jpeg,2,1065
lungscc2997.jpeg,2,1135
lungscc2998.jpeg,2,1069
lungscc30.jpeg,2,1049
lungscc3000.jpeg,2,1184
lungscc3001.jpeg,2,1126
lungscc3002.jpeg,2,1126
lungscc3004.jpeg,2,1161
lungscc3007.jpeg,2,1172
lungscc3008.jpeg,2,1002
lungscc3012.jpeg,2,1201
lungscc3014.jpeg,2,1034
lungscc3016.jpeg,2,1066
lungscc3017.jpeg,2,1166
lungscc3018.jpeg,2,1234
lungscc302.jpeg,2,1033
lungscc3023.jpeg,2,1049
lungscc3024.jpeg,2,1233
lungscc3026.jpeg,2,1044
lungscc3027.jpeg,2,1163
lungscc3028.jpeg,2,1013
lungscc3029.jpeg,2,1141
lungscc303.jpeg,2,1161
lungscc3030.jpeg,2,1077
lungscc3031.jpeg,2,1019
lungscc3032.jpeg,2,1215
lungscc3033.jpeg,2,1082
lungscc3034.jpeg,2,1114
lungscc3035.jpeg,2,1032
lungscc3036.jpeg,2,1134
lungscc3039.jpeg,2,1047
lungscc3040.jpeg,2,1173
lungscc3041.jpeg,2,1027
lungscc3042.jpeg,2,1238
lungscc3044.jpeg,2,1143
lungscc3045.jpeg,2,1191
lungscc305.jpeg,2,1057
lungscc3051.jpeg,2,1139
lungscc3053.jpeg,2,1054
lungscc3054.jpeg,2,1210
lungscc3055.jpeg,2,1008
lungscc3056.jpeg,2,1008
lungscc3057.jpeg,2,1135
lungscc3058.jpeg,2,1229
lungscc306.jpeg,2,1190
lungscc3062.jpeg,2,1011
lungscc3063.jpeg,2,1011
lungscc3067.jpeg,2,1165
lungscc3068.jpeg,2,1157
lungscc3069.jpeg,2,1038
lungscc307.jpeg,2,1165
lungscc3072.jpeg,2,1031
lungscc3079.jpeg,2,1226
lungscc3080.jpeg,2,1150
lungscc3082.jpeg,2,1144
lungscc3083.jpeg,2,1197
lungscc3084.jpeg,2,1044
lungscc3085.jpeg,2,1033
lungscc3086.jpeg,2,1163
lungscc3087.jpeg,2,1214
lungscc3088.jpeg,2,1013
lungscc3089.jpeg,2,1221
lungscc309.jpeg,2,1070
lungscc3091.jpeg,2,1023
lungscc3092.jpeg,2,1137
lungscc3093.jpeg,2,1016
lungscc3095.jpeg,2,1027
lungscc3096.jpeg,2,1061
lungscc3097.jpeg,2,1238
lungscc3098.jpeg,2,1159
lungscc31.jpeg,2,1049
lungscc3100.jpeg,2,1111
lungscc3101.jpeg,2,1111
lungscc3102.jpeg,2,1100
lungscc3105.jpeg,2,1012
lungscc3107.jpeg,2,1237
lungscc3108.jpeg,2,1086
lungscc3109.jpeg,2,1122
lungscc3110.jpeg,2,1079
lungscc3112.jpeg,2,1227
lungscc3114.jpeg,2,1000
lungscc3115.jpeg,2,1054
lungscc3116.jpeg,2,1067
lungscc3117.jpeg,2,1228
lungscc3118.jpeg,2,1153
lungscc312.jpeg,2,1041
lungscc3120.jpeg,2,1120
lungscc3122.jpeg,2,1177
lungscc3123.jpeg,2,1177
lungscc3124.jpeg,2,1216
lungscc3125.jpeg,2,1200
lungscc3126.jpeg,2,1200
lungscc3127.jpeg,2,1200
lungscc3128.jpeg,2,1113
lungscc3129.jpeg,2,1057
lungscc313.jpeg,2,1034
lungscc3130.jpeg,2,1190
lungscc3131.jpeg,2,1011
lungscc3134.jpeg,2,1075
lungscc3136.jpeg,2,1201
lungscc314.jpeg,2,1098
lungscc3140.jpeg,2,1022
lungscc3142.jpeg,2,1056
lungscc3145.jpeg,2,1029
lungscc3146.jpeg,2,1029
lungscc3149.jpeg,2,1208
lungscc315.jpeg,2,1098
lungscc3150.jpeg,2,1233
lungscc3151.jpeg,2,1205
lungscc3153.jpeg,2,1170
lungscc3154.jpeg,2,1163
lungscc3155.jpeg,2,1013
lungscc3156.jpeg,2,1129
lungscc3157.jpeg,2,1231
lungscc3158.jpeg,2,1123
lungscc3159.jpeg,2,1077
lungscc316.jpeg,2,1066
lungscc3160.jpeg,2,1215
lungscc3163.jpeg,2,1134
lungscc3165.jpeg,2,1148
lungscc3166.jpeg,2,1102
lungscc3167.jpeg,2,1238
lungscc3168.jpeg,2,1143
lungscc3169.jpeg,2,1185
lungscc317.jpeg,2,1099
lungscc3170.jpeg,2,1133
lungscc3171.jpeg,2,1196
lungscc3175.jpeg,2,1068
lungscc3181.jpeg,2,1127
lungscc3182.jpeg,2,1120
lungscc3184.jpeg,2,1108
lungscc3186.jpeg,2,1216
lungscc3187.jpeg,2,1172
lungscc3188.jpeg,2,1094
lungscc3189.jpeg,2,1038
lungscc319.jpeg,2,1116
lungscc3190.jpeg,2,1038
lungscc3191.jpeg,2,1075
lungscc3192.jpeg,2,1041
lungscc3196.jpeg,2,1098
lungscc3197.jpeg,2,1031
lungscc3198.jpeg,2,1066
lungscc32.jpeg,2,1230
lungscc320.jpeg,2,1170
lungscc3200.jpeg,2,1105
lungscc3202.jpeg,2,1174
lungscc3203.jpeg,2,1033
lungscc3205.jpeg,2,1168
lungscc3206.jpeg,2,1013
lungscc3207.jpeg,2,1013
lungscc3208.jpeg,2,1231
lungscc3209.jpeg,2,1123
lungscc321.jpeg,2,1033
lungscc3210.jpeg,2,1123
lungscc3211.jpeg,2,1123
lungscc3212.jpeg,2,1179
lungscc3213.jpeg,2,998
lungscc3214.jpeg,2,1215
lungscc3215.jpeg,2,1082
lungscc3216.jpeg,2,1082
lungscc3217.jpeg,2,1114
lungscc3218.jpeg,2,1032
lungscc3219.jpeg,2,1186
lungscc322.jpeg,2,1028
lungscc3220.jpeg,2,1125
lungscc3221.jpeg,2,1137
lungscc3222.jpeg,2,1213
lungscc3223.jpeg,2,1090
lungscc3224.jpeg,2,1018
lungscc3227.jpeg,2,1092
lungscc3229.jpeg,2,1185
lungscc323.jpeg,2,1138
lungscc3230.jpeg,2,1051
lungscc3231.jpeg,2,1083
lungscc3232.jpeg,2,1086
lungscc3233.jpeg,2,1086
lungscc3235.jpeg,2,1065
lungscc3236.jpeg,2,1206
lungscc3237.jpeg,2,1008
lungscc3238.jpeg,2,1060
lungscc324.jpeg,2,1123
lungscc3242.jpeg,2,1209
lungscc3243.jpeg,2,1127
lungscc3244.jpeg,2,1200
lungscc3247.jpeg,2,1094
lungscc3248.jpeg,2,1169
lungscc325.jpeg,2,1050
lungscc3252.jpeg,2,1055
lungscc3253.jpeg,2,1041
lungscc3255.jpeg,2,1066
lungscc3257.jpeg,2,1099
lungscc3258.jpeg,2,1036
lungscc3259.jpeg,2,1029
lungscc326.jpeg,2,998
lungscc3261.jpeg,2,1226
lungscc3263.jpeg,2,1205
lungscc3264.jpeg,2,1033
lungscc3265.jpeg,2,1141
lungscc3266.jpeg,2,1179
lungscc3267.jpeg,2,1077
lungscc3268.jpeg,2,1019
lungscc3269.jpeg,2,1048
lungscc327.jpeg,2,1077
lungscc3270.jpeg,2,1186
lungscc3271.jpeg,2,1137
lungscc3272.jpeg,2,1104
lungscc3273.jpeg,2,1018
lungscc3274.jpeg,2,1061
lungscc3275.jpeg,2,1061
lungscc3276.jpeg,2,1010
lungscc3277.jpeg,2,1193
lungscc328.jpeg,2,1019
lungscc3280.jpeg,2,1219
lungscc3282.jpeg,2,1237
lungscc3284.jpeg,2,1119
lungscc3288.jpeg,2,1147
lungscc3289.jpeg,2,1147
lungscc3290.jpeg,2,1131
lungscc3291.jpeg,2,1035
lungscc3292.jpeg,2,1035
lungscc3293.jpeg,2,1065
lungscc3294.jpeg,2,1206
lungscc3297.jpeg,2,1210
lungscc3298.jpeg,2,1008
lungscc3299.jpeg,2,1228
lungscc33.jpeg,2,1170
lungscc330.jpeg,2,1048
lungscc3302.jpeg,2,1184
lungscc3303.jpeg,2,1026
lungscc3304.jpeg,2,1033
lungscc3306.jpeg,2,1002
lungscc3308.jpeg,2,1165
lungscc3309.jpeg,2,1178
lungscc3310.jpeg,2,1070
lungscc3312.jpeg,2,1169
lungscc3313.jpeg,2,1169
lungscc3319.jpeg,2,1031
lungscc3320.jpeg,2,1022
lungscc3324.jpeg,2,1166
lungscc3325.jpeg,2,1234
lungscc3328.jpeg,2,1049
lungscc3329.jpeg,2,1208
lungscc333.jpeg,2,1101
lungscc3330.jpeg,2,1233
lungscc3331.jpeg,2,1175
lungscc3332.jpeg,2,1205
lungscc3333.jpeg,2,1170
lungscc3334.jpeg,2,1033
lungscc3335.jpeg,2,1214
lungscc3336.jpeg,2,1028
lungscc3337.jpeg,2,1028
lungscc3338.jpeg,2,1013
lungscc3339.jpeg,2,1140
lungscc334.jpeg,2,1032
lungscc3341.jpeg,2,1082
lungscc3344.jpeg,2,1023
lungscc3345.jpeg,2,1114
lungscc3346.jpeg,2,1032
lungscc3347.jpeg,2,1188
lungscc3348.jpeg,2,1016
lungscc3349.jpeg,2,1213
lungscc3352.jpeg,2,1152
lungscc3353.jpeg,2,1037
lungscc3356.jpeg,2,1159
lungscc3358.jpeg,2,1193
lungscc3359.jpeg,2,1039
lungscc3360.jpeg,2,1195
lungscc3362.jpeg,2,1086
lungscc3363.jpeg,2,1000
lungscc3364.jpeg,2,1054
lungscc3365.jpeg,2,1008
lungscc3366.jpeg,2,1008
lungscc3368.jpeg,2,1157
lungscc3369.jpeg,2,1041
lungscc337.jpeg,2,1137
lungscc3370.jpeg,2,1203
lungscc3375.jpeg,2,1034
lungscc3376.jpeg,2,1034
lungscc3378.jpeg,2,1022
lungscc338.jpeg,2,1090
lungscc3381.jpeg,2,1056
lungscc3383.jpeg,2,1036
lungscc3384.jpeg,2,1202
lungscc3386.jpeg,2,1149
lungscc3387.jpeg,2,1214
lungscc3388.jpeg,2,1028
lungscc3389.jpeg,2,1168
lungscc3390.jpeg,2,1138
lungscc3391.jpeg,2,1123
lungscc3392.jpeg,2,1050
lungscc3393.jpeg,2,1019
lungscc3394.jpeg,2,1215
lungscc3395.jpeg,2,1003
lungscc3396.jpeg,2,1148
lungscc3397.jpeg,2,1090
lungscc3399.jpeg,2,1102
lungscc34.jpeg,2,1170
lungscc3402.jpeg,2,1236
lungscc3404.jpeg,2,1076
lungscc3405.jpeg,2,1092
lungscc3406.jpeg,2,1092
lungscc3408.jpeg,2,1133
lungscc3409.jpeg,2,1083
lungscc341.jpeg,2,1235
lungscc3410.jpeg,2,1025
lungscc3411.jpeg,2,1147
lungscc3412.jpeg,2,1131
lungscc3413.jpeg,2,1035
lungscc3414.jpeg,2,1060
lungscc3415.jpeg,2,1135
lungscc3416.jpeg,2,1085
lungscc3417.jpeg,2,1127
lungscc3418.jpeg,2,1109
lungscc3419.jpeg,2,1109
lungscc342.jpeg,2,1112
lungscc3420.jpeg,2,1030
lungscc3421.jpeg,2,1178
lungscc3422.jpeg,2,1070
lungscc3424.jpeg,2,1094
lungscc3425.jpeg,2,1038
lungscc3426.jpeg,2,1189
lungscc3428.jpeg,2,1203
lungscc3429.jpeg,2,1203
lungscc343.jpeg,2,1112
lungscc3434.jpeg,2,1208
lungscc3435.jpeg,2,1174
lungscc3436.jpeg,2,1144
lungscc3437.jpeg,2,1214
lungscc3438.jpeg,2,1106
lungscc3439.jpeg,2,1138
lungscc344.jpeg,2,1111
lungscc3440.jpeg,2,1077
lungscc3441.jpeg,2,1019
lungscc3442.jpeg,2,1084
lungscc3443.jpeg,2,1148
lungscc3444.jpeg,2,1104
lungscc3445.jpeg,2,1016
lungscc3446.jpeg,2,1102
lungscc3447.jpeg,2,1018
lungscc3448.jpeg,2,1224
lungscc3449.jpeg,2,1224
lungscc345.jpeg,2,1051
lungscc3452.jpeg,2,1027
lungscc3454.jpeg,2,1076
lungscc3455.jpeg,2,1100
lungscc3456.jpeg,2,1133
lungscc3457.jpeg,2,1086
lungscc3458.jpeg,2,1122
lungscc3459.jpeg,2,1119
lungscc346.jpeg,2,1133
lungscc3460.jpeg,2,1147
lungscc3462.jpeg,2,1067
lungscc3464.jpeg,2,1033
lungscc3466.jpeg,2,1127
lungscc3467.jpeg,2,1127
lungscc3468.jpeg,2,1108
lungscc3470.jpeg,2,1161
lungscc3473.jpeg,2,1172
lungscc3475.jpeg,2,1057
lungscc3476.jpeg,2,1057
lungscc3477.jpeg,2,1194
lungscc3479.jpeg,2,1178
lungscc348.jpeg,2,1122
lungscc3480.jpeg,2,1070
lungscc3481.jpeg,2,1055
lungscc3482.jpeg,2,1041
lungscc3483.jpeg,2,1096
lungscc3488.jpeg,2,1036
lungscc3490.jpeg,2,1116
lungscc3492.jpeg,2,1045
lungscc3493.jpeg,2,1150
lungscc3495.jpeg,2,1217
lungscc3497.jpeg,2,1230
lungscc3498.jpeg,2,1205
lungscc35.jpeg,2,1044
lungscc350.jpeg,2,1139
lungscc3500.jpeg,2,1168
lungscc3502.jpeg,2,1141
lungscc3503.jpeg,2,1123
lungscc3504.jpeg,2,1084
lungscc3507.jpeg,2,1016
lungscc3508.jpeg,2,1102
lungscc3509.jpeg,2,1130
lungscc351.jpeg,2,1227
lungscc3510.jpeg,2,1152
lungscc3511.jpeg,2,1037
lungscc3512.jpeg,2,1010
lungscc3513.jpeg,2,1010
lungscc3514.jpeg,2,1039
lungscc3515.jpeg,2,1143
lungscc3516.jpeg,2,1012
lungscc3517.jpeg,2,1051
lungscc3518.jpeg,2,1219
lungscc352.jpeg,2,1035
lungscc3520.jpeg,2,1025
lungscc3522.jpeg,2,1079
lungscc3523.jpeg,2,1227
lungscc3525.jpeg,2,1147
lungscc3526.jpeg,2,1065
lungscc3527.jpeg,2,1210
lungscc3529.jpeg,2,1060
lungscc353.jpeg,2,1068
lungscc3530.jpeg,2,1067
lungscc3531.jpeg,2,1228
lungscc3532.jpeg,2,1009
lungscc3534.jpeg,2,1026
lungscc3535.jpeg,2,1026
lungscc3538.jpeg,2,1161
lungscc3539.jpeg,2,1113
lungscc354.jpeg,2,1206
lungscc3541.jpeg,2,1178
lungscc3542.jpeg,2,1094
lungscc3543.jpeg,2,1094
lungscc3544.jpeg,2,1094
lungscc3546.jpeg,2,1189
lungscc3547.jpeg,2,1201
lungscc355.jpeg,2,1210
lungscc3553.jpeg,2,1202
lungscc3554.jpeg,2,1166
lungscc3555.jpeg,2,1234
lungscc3558.jpeg,2,1226
lungscc3559.jpeg,2,1244
lungscc356.jpeg,2,1210
lungscc3560.jpeg,2,1149
lungscc3561.jpeg,2,1197
lungscc3562.jpeg,2,1170
lungscc3563.jpeg,2,1044
lungscc3564.jpeg,2,1033
lungscc3565.jpeg,2,1028
lungscc3567.jpeg,2,998
lungscc3568.jpeg,2,1101
lungscc3569.jpeg,2,1114
lungscc357.jpeg,2,1184
lungscc3573.jpeg,2,1102
lungscc3574.jpeg,2,1130
lungscc3575.jpeg,2,1224
lungscc3576.jpeg,2,1010
lungscc3579.jpeg,2,1012
lungscc358.jpeg,2,1113
lungscc3580.jpeg,2,1133
lungscc3581.jpeg,2,1083
lungscc3582.jpeg,2,1195
lungscc3583.jpeg,2,1219
lungscc3584.jpeg,2,1025
lungscc3585.jpeg,2,1122
lungscc3586.jpeg,2,1119
lungscc3588.jpeg,2,1139
lungscc3589.jpeg,2,1147
lungscc359.jpeg,2,1113
lungscc3590.jpeg,2,1009
lungscc3594.jpeg,2,1026
lungscc3595.jpeg,2,1225
lungscc3599.jpeg,2,1172
lungscc36.jpeg,2,1028
lungscc3600.jpeg,2,1113
lungscc3603.jpeg,2,1165
lungscc3604.jpeg,2,1178
lungscc361.jpeg,2,1057
lungscc3612.jpeg,2,1166
lungscc3613.jpeg,2,1234
lungscc3614.jpeg,2,1116
lungscc3617.jpeg,2,1244
lungscc3619.jpeg,2,1197
lungscc3620.jpeg,2,1163
lungscc3621.jpeg,2,1106
lungscc3622.jpeg,2,1168
lungscc3623.jpeg,2,1168
lungscc3624.jpeg,2,1158
lungscc3625.jpeg,2,1050
lungscc3627.jpeg,2,1019
lungscc3628.jpeg,2,1212
lungscc363.jpeg,2,1194
lungscc3630.jpeg,2,1188
lungscc3631.jpeg,2,1016
lungscc3632.jpeg,2,1016
lungscc3634.jpeg,2,1235
lungscc3635.jpeg,2,1236
lungscc3636.jpeg,2,1236
lungscc3637.jpeg,2,1238
lungscc3638.jpeg,2,1159
lungscc3639.jpeg,2,1076
lungscc3642.jpeg,2,1012
lungscc3643.jpeg,2,1083
lungscc3644.jpeg,2,1195
lungscc3645.jpeg,2,1086
lungscc3646.jpeg,2,1147
lungscc3647.jpeg,2,1131
lungscc3648.jpeg,2,1035
lungscc3649.jpeg,2,1206
lungscc3650.jpeg,2,1153
lungscc3651.jpeg,2,1229
lungscc3655.jpeg,2,1120
lungscc3657.jpeg,2,1161
lungscc3658.jpeg,2,1177
lungscc3659.jpeg,2,1172
lungscc366.jpeg,2,1136
lungscc3660.jpeg,2,1200
lungscc3661.jpeg,2,1011
lungscc3663.jpeg,2,1169
lungscc3666.jpeg,2,1099
lungscc3667.jpeg,2,1056
lungscc3668.jpeg,2,1056
lungscc3669.jpeg,2,1234
lungscc367.jpeg,2,1094
lungscc3670.jpeg,2,1116
lungscc3674.jpeg,2,1045
lungscc3676.jpeg,2,1233
lungscc3677.jpeg,2,1144
lungscc3678.jpeg,2,1044
lungscc3679.jpeg,2,1168
lungscc368.jpeg,2,1038
lungscc3680.jpeg,2,1168
lungscc3681.jpeg,2,1158
lungscc3682.jpeg,2,1179
lungscc3683.jpeg,2,998
lungscc3684.jpeg,2,1215
lungscc3686.jpeg,2,1084
lungscc3687.jpeg,2,1023
lungscc3688.jpeg,2,1114
lungscc3689.jpeg,2,1032
lungscc369.jpeg,2,1075
lungscc3690.jpeg,2,1186
lungscc3692.jpeg,2,1173
lungscc3693.jpeg,2,1027
lungscc3694.jpeg,2,1010
lungscc3695.jpeg,2,1076
lungscc3697.jpeg,2,1219
lungscc3698.jpeg,2,1237
lungscc3699.jpeg,2,1086
lungscc37.jpeg,2,1106
lungscc3701.jpeg,2,1196
lungscc3702.jpeg,2,1139
lungscc3704.jpeg,2,1068
lungscc3710.jpeg,2,1120
lungscc3711.jpeg,2,1109
lungscc3714.jpeg,2,1177
lungscc3716.jpeg,2,1194
lungscc3718.jpeg,2,1030
lungscc3719.jpeg,2,1136
lungscc3720.jpeg,2,1075
lungscc3721.jpeg,2,1041
lungscc3725.jpeg,2,1031
lungscc3727.jpeg,2,1022
lungscc3730.jpeg,2,1166
lungscc3731.jpeg,2,1029
lungscc3733.jpeg,2,1105
lungscc3734.jpeg,2,1045
lungscc3735.jpeg,2,1208
lungscc3736.jpeg,2,1149
lungscc3737.jpeg,2,1033
lungscc3738.jpeg,2,1168
lungscc3739.jpeg,2,1204
lungscc3740.jpeg,2,1231
lungscc3741.jpeg,2,1138
lungscc3742.jpeg,2,1123
lungscc3744.jpeg,2,1050
lungscc3745.jpeg,2,1050
lungscc3746.jpeg,2,998
lungscc3747.jpeg,2,1023
lungscc3748.jpeg,2,1186
lungscc3750.jpeg,2,1137
lungscc3751.jpeg,2,1016
lungscc3752.jpeg,2,1016
lungscc3753.jpeg,2,1213
lungscc3755.jpeg,2,1018
lungscc3757.jpeg,2,1047
lungscc3758.jpeg,2,1037
lungscc3759.jpeg,2,1037
lungscc376.jpeg,2,1066
lungscc3760.jpeg,2,1236
lungscc3761.jpeg,2,1238
lungscc3762.jpeg,2,1159
lungscc3763.jpeg,2,1193
lungscc3764.jpeg,2,1076
lungscc3765.jpeg,2,1092
lungscc3768.jpeg,2,1083
lungscc377.jpeg,2,1066
lungscc3770.jpeg,2,1025
lungscc3771.jpeg,2,1122
lungscc3774.jpeg,2,1196
lungscc3775.jpeg,2,1196
lungscc3777.jpeg,2,1206
lungscc3778.jpeg,2,1210
lungscc3779.jpeg,2,1153
lungscc3784.jpeg,2,1177
lungscc3785.jpeg,2,1216
lungscc3787.jpeg,2,1030
lungscc3788.jpeg,2,1030
lungscc3790.jpeg,2,1075
lungscc3792.jpeg,2,1034
lungscc3795.jpeg,2,1036
lungscc3799.jpeg,2,1105
lungscc38.jpeg,2,1168
lungscc380.jpeg,2,1029
lungscc3800.jpeg,2,1105
lungscc3802.jpeg,2,1129
lungscc3803.jpeg,2,1231
lungscc3805.jpeg,2,1212
lungscc3806.jpeg,2,1048
lungscc3808.jpeg,2,1003
lungscc3809.jpeg,2,1023
lungscc3810.jpeg,2,1032
lungscc3814.jpeg,2,1243
lungscc3815.jpeg,2,1047
lungscc3817.jpeg,2,1010
lungscc3818.jpeg,2,1010
lungscc382.jpeg,2,1045
lungscc3821.jpeg,2,1143
lungscc3822.jpeg,2,1092
lungscc3824.jpeg,2,1051
lungscc3827.jpeg,2,1086
lungscc3829.jpeg,2,1122
lungscc3834.jpeg,2,1035
lungscc3835.jpeg,2,1210
lungscc3836.jpeg,2,1184
lungscc3837.jpeg,2,1209
lungscc3838.jpeg,2,1120
lungscc3840.jpeg,2,1161
lungscc3842.jpeg,2,1200
lungscc3843.jpeg,2,1011
lungscc3846.jpeg,2,1075
lungscc3847.jpeg,2,1160
lungscc3849.jpeg,2,1096
lungscc3854.jpeg,2,1031
lungscc3859.jpeg,2,1033
lungscc386.jpeg,2,1049
lungscc3860.jpeg,2,1163
lungscc3861.jpeg,2,1013
lungscc3862.jpeg,2,1013
lungscc3863.jpeg,2,1129
lungscc3864.jpeg,2,1129
lungscc3865.jpeg,2,1140
lungscc3866.jpeg,2,1231
lungscc3867.jpeg,2,1158
lungscc3868.jpeg,2,1082
lungscc387.jpeg,2,1208
lungscc3871.jpeg,2,1186
lungscc3874.jpeg,2,1128
lungscc3875.jpeg,2,1016
lungscc3876.jpeg,2,1130
lungscc3878.jpeg,2,1047
lungscc388.jpeg,2,1175
lungscc3880.jpeg,2,1235
lungscc3881.jpeg,2,1224
lungscc3882.jpeg,2,1061
lungscc3884.jpeg,2,1039
lungscc3885.jpeg,2,1076
lungscc3886.jpeg,2,1111
lungscc3887.jpeg,2,1111
lungscc389.jpeg,2,1170
lungscc3890.jpeg,2,1122
lungscc3891.jpeg,2,1079
lungscc3893.jpeg,2,1147
lungscc3894.jpeg,2,1068
lungscc3895.jpeg,2,1206
lungscc3898.jpeg,2,1126
lungscc390.jpeg,2,1013
lungscc3902.jpeg,2,1098
lungscc3906.jpeg,2,1099
lungscc391.jpeg,2,1158
lungscc3912.jpeg,2,1105
lungscc3914.jpeg,2,1226
lungscc3918.jpeg,2,1214
lungscc3919.jpeg,2,1106
lungscc392.jpeg,2,1138
lungscc3920.jpeg,2,1231
lungscc3921.jpeg,2,1215
lungscc3922.jpeg,2,1237
lungscc3924.jpeg,2,1003
lungscc3925.jpeg,2,1003
lungscc3926.jpeg,2,1023
lungscc3927.jpeg,2,1186
lungscc3928.jpeg,2,1128
lungscc3929.jpeg,2,1018
lungscc393.jpeg,2,1123
lungscc3931.jpeg,2,1152
lungscc3932.jpeg,2,1238
lungscc3933.jpeg,2,1039
lungscc3934.jpeg,2,1076
lungscc3935.jpeg,2,1092
lungscc3936.jpeg,2,1100
lungscc3938.jpeg,2,1035
lungscc3939.jpeg,2,1210
lungscc3940.jpeg,2,1060
lungscc3941.jpeg,2,1135
lungscc3942.jpeg,2,1241
lungscc3943.jpeg,2,1026
lungscc3944.jpeg,2,1033
lungscc3945.jpeg,2,1127
lungscc3946.jpeg,2,1120
lungscc3947.jpeg,2,1109
lungscc3949.jpeg,2,1161
lungscc3950.jpeg,2,1161
lungscc3951.jpeg,2,1177
lungscc3952.jpeg,2,1113
lungscc3953.jpeg,2,1002
lungscc3954.jpeg,2,1011
lungscc3955.jpeg,2,1165
lungscc3956.jpeg,2,1165
lungscc3957.jpeg,2,1070
lungscc3959.jpeg,2,1038
lungscc396.jpeg,2,1179
lungscc3960.jpeg,2,1038
lungscc3963.jpeg,2,1055
lungscc3969.jpeg,2,1036
lungscc397.jpeg,2,1082
lungscc3970.jpeg,2,1036
lungscc3972.jpeg,2,1029
lungscc3977.jpeg,2,1197
lungscc3978.jpeg,2,1106
lungscc398.jpeg,2,1128
lungscc3980.jpeg,2,1141
lungscc3982.jpeg,2,1123
lungscc3985.jpeg,2,1019
lungscc3986.jpeg,2,1232
lungscc3987.jpeg,2,1101
lungscc3988.jpeg,2,1134
lungscc3989.jpeg,2,1128
lungscc399.jpeg,2,1148
lungscc3990.jpeg,2,1148
lungscc3991.jpeg,2,1104
lungscc3992.jpeg,2,1213
lungscc3995.jpeg,2,1235
lungscc3996.jpeg,2,1224
lungscc3997.jpeg,2,1224
lungscc3999.jpeg,2,1112
lungscc400.jpeg,2,1104
lungscc4000.jpeg,2,1159
lungscc4001.jpeg,2,1010
lungscc4002.jpeg,2,1193
lungscc4005.jpeg,2,1079
lungscc4007.jpeg,2,1069
lungscc4008.jpeg,2,1229
lungscc401.jpeg,2,1104
lungscc4011.jpeg,2,1225
lungscc4014.jpeg,2,1161
lungscc4015.jpeg,2,1172
lungscc4018.jpeg,2,1194
lungscc4019.jpeg,2,1165
lungscc402.jpeg,2,1130
lungscc4021.jpeg,2,1075
lungscc4022.jpeg,2,1075
lungscc4023.jpeg,2,1189
lungscc4024.jpeg,2,1041
lungscc4026.jpeg,2,1099
lungscc4027.jpeg,2,1166
lungscc4028.jpeg,2,1116
lungscc403.jpeg,2,1173
lungscc4030.jpeg,2,1045
lungscc4031.jpeg,2,1226
lungscc4033.jpeg,2,1197
lungscc4034.jpeg,2,1205
lungscc4035.jpeg,2,1106
lungscc4037.jpeg,2,1204
lungscc4038.jpeg,2,1204
lungscc4039.jpeg,2,1123
lungscc4040.jpeg,2,1179
lungscc4042.jpeg,2,1237
lungscc4043.jpeg,2,1082
lungscc4044.jpeg,2,1114
lungscc4045.jpeg,2,1188
lungscc4046.jpeg,2,1148
lungscc4047.jpeg,2,1090
lungscc4048.jpeg,2,1047
lungscc4049.jpeg,2,1224
lungscc405.jpeg,2,1235
lungscc4050.jpeg,2,1037
lungscc4052.jpeg,2,1238
lungscc4054.jpeg,2,1039
lungscc4058.jpeg,2,1124
lungscc4059.jpeg,2,1124
lungscc406.jpeg,2,1037
lungscc4060.jpeg,2,1068
lungscc4061.jpeg,2,1228
lungscc4062.jpeg,2,1009
lungscc4063.jpeg,2,1069
lungscc4064.jpeg,2,1241
lungscc4065.jpeg,2,1225
lungscc4066.jpeg,2,1225
lungscc4069.jpeg,2,1085
lungscc407.jpeg,2,1061
lungscc4070.jpeg,2,1085
lungscc4071.jpeg,2,1108
lungscc4074.jpeg,2,1136
lungscc4075.jpeg,2,1070
lungscc4076.jpeg,2,1094
lungscc4079.jpeg,2,1075
lungscc408.jpeg,2,1010
lungscc4082.jpeg,2,1041
lungscc4086.jpeg,2,1066
lungscc4087.jpeg,2,1099
lungscc4088.jpeg,2,1116
lungscc409.jpeg,2,1010
lungscc4093.jpeg,2,1150
lungscc4094.jpeg,2,1150
lungscc4099.jpeg,2,1168
lungscc410.jpeg,2,1092
lungscc4100.jpeg,2,1013
lungscc4101.jpeg,2,1129
lungscc4102.jpeg,2,1158
lungscc4104.jpeg,2,1023
lungscc4105.jpeg,2,1134
lungscc4107.jpeg,2,1188
lungscc4108.jpeg,2,1104
lungscc4109.jpeg,2,1213
lungscc411.jpeg,2,1111
lungscc4110.jpeg,2,1090
lungscc4111.jpeg,2,1039
lungscc4112.jpeg,2,1076
lungscc4113.jpeg,2,1076
lungscc4114.jpeg,2,1051
lungscc4116.jpeg,2,1237
lungscc4117.jpeg,2,1196
lungscc4118.jpeg,2,1079
lungscc4119.jpeg,2,1124
lungscc4120.jpeg,2,1000
lungscc4122.jpeg,2,1210
lungscc4123.jpeg,2,1228
lungscc4124.jpeg,2,1009
lungscc4127.jpeg,2,1126
lungscc4128.jpeg,2,1126
lungscc4129.jpeg,2,1225
lungscc413.jpeg,2,1012
lungscc4131.jpeg,2,1209
lungscc4132.jpeg,2,1085
lungscc4133.jpeg,2,1109
lungscc4134.jpeg,2,1108
lungscc4135.jpeg,2,1216
lungscc4136.jpeg,2,1011
lungscc4138.jpeg,2,1136
lungscc414.jpeg,2,1133
lungscc4140.jpeg,2,1178
lungscc4143.jpeg,2,1041
lungscc4146.jpeg,2,1098
lungscc4149.jpeg,2,1234
lungscc415.jpeg,2,1083
lungscc4152.jpeg,2,1105
lungscc4153.jpeg,2,1045
lungscc4154.jpeg,2,1217
lungscc4157.jpeg,2,1044
lungscc4158.jpeg,2,1163
lungscc4159.jpeg,2,1163
lungscc4160.jpeg,2,1214
lungscc4161.jpeg,2,1028
lungscc4162.jpeg,2,1013
lungscc4163.jpeg,2,1129
lungscc4164.jpeg,2,1158
lungscc4165.jpeg,2,1138
lungscc4166.jpeg,2,1232
lungscc4167.jpeg,2,1084
lungscc4168.jpeg,2,1134
lungscc4169.jpeg,2,1188
lungscc417.jpeg,2,1237
lungscc4170.jpeg,2,1188
lungscc4171.jpeg,2,1104
lungscc4172.jpeg,2,1090
lungscc4173.jpeg,2,1027
lungscc4175.jpeg,2,1039
lungscc4176.jpeg,2,1185
lungscc4178.jpeg,2,1133
lungscc418.jpeg,2,1196
lungscc4180.jpeg,2,1195
lungscc4181.jpeg,2,1139
lungscc4185.jpeg,2,1009
lungscc4186.jpeg,2,1009
lungscc4187.jpeg,2,1069
lungscc4189.jpeg,2,1225
lungscc419.jpeg,2,1119
lungscc4190.jpeg,2,1109
lungscc4191.jpeg,2,1002
lungscc4192.jpeg,2,1002
lungscc4193.jpeg,2,1011
lungscc4197.jpeg,2,1201
lungscc4198.jpeg,2,1055
lungscc420.jpeg,2,1139
lungscc4206.jpeg,2,1056
lungscc4207.jpeg,2,1056
lungscc4208.jpeg,2,1056
lungscc4209.jpeg,2,1166
lungscc421.jpeg,2,1124
lungscc4212.jpeg,2,1144
lungscc4213.jpeg,2,1197
lungscc4214.jpeg,2,1170
lungscc4215.jpeg,2,1044
lungscc4216.jpeg,2,1163
lungscc4217.jpeg,2,1123
lungscc4218.jpeg,2,1123
lungscc4219.jpeg,2,1179
lungscc422.jpeg,2,1068
lungscc4220.jpeg,2,998
lungscc4221.jpeg,2,1077
lungscc4222.jpeg,2,1019
lungscc4224.jpeg,2,1048
lungscc4227.jpeg,2,1003
lungscc4229.jpeg,2,1213
lungscc423.jpeg,2,1210
lungscc4230.jpeg,2,1213
lungscc4231.jpeg,2,1047
lungscc4234.jpeg,2,1037
lungscc4237.jpeg,2,1122
lungscc4238.jpeg,2,1122
lungscc4239.jpeg,2,1139
lungscc424.jpeg,2,1135
lungscc4240.jpeg,2,1008
lungscc4241.jpeg,2,1067
lungscc4242.jpeg,2,1228
lungscc4243.jpeg,2,1241
lungscc4244.jpeg,2,1184
lungscc4245.jpeg,2,1126
lungscc4247.jpeg,2,1225
lungscc4248.jpeg,2,1109
lungscc4249.jpeg,2,1161
lungscc4252.jpeg,2,1011
lungscc4253.jpeg,2,1030
lungscc4254.jpeg,2,1030
lungscc4255.jpeg,2,1136
lungscc4257.jpeg,2,1055
lungscc4258.jpeg,2,1041
lungscc426.jpeg,2,1184
lungscc4261.jpeg,2,1034
lungscc4265.jpeg,2,1056
lungscc4266.jpeg,2,1056
lungscc4267.jpeg,2,1036
lungscc4268.jpeg,2,1166
lungscc427.jpeg,2,1184
lungscc4273.jpeg,2,1163
lungscc4275.jpeg,2,1141
lungscc4276.jpeg,2,1158
lungscc4277.jpeg,2,998
lungscc4278.jpeg,2,1019
lungscc4280.jpeg,2,1032
lungscc4282.jpeg,2,1243
lungscc4283.jpeg,2,1016
lungscc4284.jpeg,2,1047
lungscc4285.jpeg,2,1037
lungscc4286.jpeg,2,1061
lungscc4287.jpeg,2,1061
lungscc4288.jpeg,2,1159
lungscc429.jpeg,2,1033
lungscc4290.jpeg,2,1039
lungscc4291.jpeg,2,1092
lungscc4292.jpeg,2,1111
lungscc4293.jpeg,2,1185
lungscc4294.jpeg,2,1185
lungscc4297.jpeg,2,1131
lungscc4298.jpeg,2,1000
lungscc4299.jpeg,2,1228
lungscc43.jpeg,2,1148
lungscc430.jpeg,2,1033
lungscc4300.jpeg,2,1229
lungscc4302.jpeg,2,1184
lungscc4305.jpeg,2,1026
lungscc4306.jpeg,2,1033
lungscc4307.jpeg,2,1209
lungscc4308.jpeg,2,1216
lungscc4309.jpeg,2,1011
lungscc431.jpeg,2,1177
lungscc4312.jpeg,2,1136
lungscc4313.jpeg,2,1169
lungscc4314.jpeg,2,1055
lungscc4315.jpeg,2,1098
lungscc4317.jpeg,2,1022
lungscc4318.jpeg,2,1099
lungscc4319.jpeg,2,1099
lungscc4322.jpeg,2,1056
lungscc4323.jpeg,2,1036
lungscc4324.jpeg,2,1036
lungscc4328.jpeg,2,1045
lungscc433.jpeg,2,1011
lungscc4330.jpeg,2,1149
lungscc4332.jpeg,2,1197
lungscc4334.jpeg,2,1168
lungscc4335.jpeg,2,1168
lungscc4336.jpeg,2,1158
lungscc4337.jpeg,2,1179
lungscc4338.jpeg,2,1077
lungscc4340.jpeg,2,1023
lungscc4341.jpeg,2,1023
lungscc4343.jpeg,2,1148
lungscc4347.jpeg,2,1047
lungscc4348.jpeg,2,1047
lungscc435.jpeg,2,1178
lungscc4350.jpeg,2,1010
lungscc4352.jpeg,2,1191
lungscc4355.jpeg,2,1086
lungscc4356.jpeg,2,1122
lungscc4357.jpeg,2,1122
lungscc4358.jpeg,2,1119
lungscc4359.jpeg,2,1065
lungscc436.jpeg,2,1189
lungscc4360.jpeg,2,1000
lungscc4362.jpeg,2,1009
lungscc4363.jpeg,2,1026
lungscc4364.jpeg,2,1172
lungscc4366.jpeg,2,1070
lungscc4367.jpeg,2,1070
lungscc4368.jpeg,2,1169
lungscc4370.jpeg,2,1096
lungscc4371.jpeg,2,1098
lungscc4375.jpeg,2,1166
lungscc4377.jpeg,2,1029
lungscc4378.jpeg,2,1150
lungscc4379.jpeg,2,1217
lungscc438.jpeg,2,1096
lungscc4382.jpeg,2,1233
lungscc4383.jpeg,2,1174
lungscc4385.jpeg,2,1205
lungscc4386.jpeg,2,1033
lungscc4387.jpeg,2,1033
lungscc4388.jpeg,2,1214
lungscc4389.jpeg,2,1028
lungscc4390.jpeg,2,1129
lungscc4391.jpeg,2,1204
lungscc4393.jpeg,2,1123
lungscc4395.jpeg,2,1019
lungscc4396.jpeg,2,1212
lungscc4397.jpeg,2,1048
lungscc4398.jpeg,2,1048
lungscc4399.jpeg,2,1048
lungscc44.jpeg,2,1037
lungscc4403.jpeg,2,1102
lungscc4405.jpeg,2,1092
lungscc4408.jpeg,2,1237
lungscc4409.jpeg,2,1086
lungscc441.jpeg,2,1098
lungscc4410.jpeg,2,1025
lungscc4412.jpeg,2,1065
lungscc4413.jpeg,2,1000
lungscc4414.jpeg,2,1135
lungscc4417.jpeg,2,1009
lungscc4418.jpeg,2,1153
lungscc442.jpeg,2,1022
lungscc4420.jpeg,2,1126
lungscc4422.jpeg,2,1161
lungscc4424.jpeg,2,1057
lungscc4425.jpeg,2,1190
lungscc4426.jpeg,2,1038
lungscc4427.jpeg,2,1038
lungscc4432.jpeg,2,1055
lungscc4435.jpeg,2,1029
lungscc4438.jpeg,2,1045
lungscc4441.jpeg,2,1174
lungscc4444.jpeg,2,1140
lungscc4445.jpeg,2,1140
lungscc4446.jpeg,2,1204
lungscc4447.jpeg,2,1231
lungscc4448.jpeg,2,1123
lungscc4449.jpeg,2,1050
lungscc445.jpeg,2,1036
lungscc4450.jpeg,2,1179
lungscc4453.jpeg,2,1023
lungscc4454.jpeg,2,1023
lungscc4455.jpeg,2,1114
lungscc4456.jpeg,2,1130
lungscc4457.jpeg,2,1235
lungscc4458.jpeg,2,1061
lungscc4459.jpeg,2,1010
lungscc446.jpeg,2,1029
lungscc4460.jpeg,2,1143
lungscc4461.jpeg,2,1191
lungscc4462.jpeg,2,1111
lungscc4463.jpeg,2,1185
lungscc4465.jpeg,2,1012
lungscc4468.jpeg,2,1083
lungscc4469.jpeg,2,1025
lungscc447.jpeg,2,1045
lungscc4470.jpeg,2,1196
lungscc4471.jpeg,2,1196
lungscc4472.jpeg,2,1079
lungscc4473.jpeg,2,1035
lungscc4474.jpeg,2,1035
lungscc4476.jpeg,2,1229
lungscc4478.jpeg,2,1184
lungscc4479.jpeg,2,1126
lungscc448.jpeg,2,1045
lungscc4480.jpeg,2,1209
lungscc4481.jpeg,2,1172
lungscc4482.jpeg,2,1200
lungscc4483.jpeg,2,1002
lungscc4486.jpeg,2,1157
lungscc4487.jpeg,2,1038
lungscc4488.jpeg,2,1055
lungscc4489.jpeg,2,1041
lungscc449.jpeg,2,1045
lungscc4493.jpeg,2,1098
lungscc4494.jpeg,2,1022
lungscc4497.jpeg,2,1099
lungscc4499.jpeg,2,1234
lungscc450.jpeg,2,1049
lungscc4501.jpeg,2,1105
lungscc4502.jpeg,2,1049
lungscc4503.jpeg,2,1205
lungscc4504.jpeg,2,1170
lungscc4505.jpeg,2,1179
lungscc4506.jpeg,2,1019
lungscc4509.jpeg,2,1186
lungscc451.jpeg,2,1244
lungscc4511.jpeg,2,1188
lungscc4512.jpeg,2,1016
lungscc4513.jpeg,2,1102
lungscc4515.jpeg,2,1047
lungscc4516.jpeg,2,1152
lungscc4517.jpeg,2,1224
lungscc4518.jpeg,2,1037
lungscc452.jpeg,2,1174
lungscc4520.jpeg,2,1027
lungscc4521.jpeg,2,1159
lungscc4522.jpeg,2,1076
lungscc4523.jpeg,2,1143
lungscc4525.jpeg,2,1237
lungscc4526.jpeg,2,1079
lungscc4527.jpeg,2,1139
lungscc4529.jpeg,2,1035
lungscc453.jpeg,2,1144
lungscc4530.jpeg,2,1068
lungscc4531.jpeg,2,1054
lungscc4532.jpeg,2,1067
lungscc4534.jpeg,2,1209
lungscc4535.jpeg,2,1085
lungscc454.jpeg,2,1033
lungscc4541.jpeg,2,1177
lungscc4542.jpeg,2,1216
lungscc4548.jpeg,2,1056
lungscc4549.jpeg,2,1036
lungscc4551.jpeg,2,1166
lungscc4554.jpeg,2,1205
lungscc4555.jpeg,2,1138
lungscc4556.jpeg,2,1179
lungscc4557.jpeg,2,998
lungscc4559.jpeg,2,1232
lungscc456.jpeg,2,1168
lungscc4561.jpeg,2,1023
lungscc4562.jpeg,2,1114
lungscc4563.jpeg,2,1114
lungscc4564.jpeg,2,1186
lungscc4566.jpeg,2,1134
lungscc4568.jpeg,2,1125
lungscc4569.jpeg,2,1243
lungscc457.jpeg,2,1231
lungscc4575.jpeg,2,1112
lungscc4576.jpeg,2,1010
lungscc4577.jpeg,2,1111
lungscc4578.jpeg,2,1111
lungscc4580.jpeg,2,1051
lungscc4581.jpeg,2,1133
lungscc4583.jpeg,2,1219
lungscc4584.jpeg,2,1196
lungscc4586.jpeg,2,1079
lungscc4587.jpeg,2,1139
lungscc4588.jpeg,2,1131
lungscc4590.jpeg,2,1228
lungscc4591.jpeg,2,1228
lungscc4592.jpeg,2,1135
lungscc4593.jpeg,2,1135
lungscc4594.jpeg,2,1009
lungscc4595.jpeg,2,1026
lungscc4597.jpeg,2,1127
lungscc4599.jpeg,2,1177
lungscc46.jpeg,2,1039
lungscc460.jpeg,2,1082
lungscc4600.jpeg,2,1165
lungscc4601.jpeg,2,1038
lungscc4602.jpeg,2,1038
lungscc4603.jpeg,2,1055
lungscc4608.jpeg,2,1031
lungscc4610.jpeg,2,1036
lungscc4611.jpeg,2,1036
lungscc4612.jpeg,2,1036
lungscc4614.jpeg,2,1116
lungscc4615.jpeg,2,1049
lungscc4616.jpeg,2,1049
lungscc4617.jpeg,2,1208
lungscc4619.jpeg,2,1231
lungscc4621.jpeg,2,1179
lungscc4622.jpeg,2,1084
lungscc4625.jpeg,2,1173
lungscc4626.jpeg,2,1238
lungscc4627.jpeg,2,1076
lungscc4628.jpeg,2,1092
lungscc4629.jpeg,2,1092
lungscc4631.jpeg,2,1100
lungscc4632.jpeg,2,1133
lungscc4633.jpeg,2,1237
lungscc4634.jpeg,2,1122
lungscc4635.jpeg,2,1079
lungscc4636.jpeg,2,1119
lungscc4638.jpeg,2,1147
lungscc4639.jpeg,2,1124
lungscc464.jpeg,2,1125
lungscc4641.jpeg,2,1069
lungscc4642.jpeg,2,1229
lungscc4649.jpeg,2,1109
lungscc465.jpeg,2,1016
lungscc4652.jpeg,2,1216
lungscc4654.jpeg,2,1194
lungscc4655.jpeg,2,1070
lungscc4657.jpeg,2,1055
lungscc4658.jpeg,2,1160
lungscc4660.jpeg,2,1096
lungscc4664.jpeg,2,1031
lungscc4665.jpeg,2,1031
lungscc4666.jpeg,2,1099
lungscc4667.jpeg,2,1099
lungscc4668.jpeg,2,1036
lungscc467.jpeg,2,1018
lungscc4673.jpeg,2,1105
lungscc4674.jpeg,2,1226
lungscc4675.jpeg,2,1150
lungscc4676.jpeg,2,1230
lungscc4677.jpeg,2,1149
lungscc4679.jpeg,2,1204
lungscc468.jpeg,2,1235
lungscc4680.jpeg,2,1019
lungscc4681.jpeg,2,1215
lungscc4682.jpeg,2,1048
lungscc4684.jpeg,2,1134
lungscc4685.jpeg,2,1128
lungscc4686.jpeg,2,1128
lungscc4687.jpeg,2,1148
lungscc4688.jpeg,2,1173
lungscc4690.jpeg,2,1112
lungscc4691.jpeg,2,1159
lungscc4692.jpeg,2,1159
lungscc4694.jpeg,2,1039
lungscc4695.jpeg,2,1219
lungscc4696.jpeg,2,1237
lungscc4697.jpeg,2,1147
lungscc4699.jpeg,2,1210
lungscc470.jpeg,2,1112
lungscc4700.jpeg,2,1008
lungscc4701.jpeg,2,1135
lungscc4702.jpeg,2,1009
lungscc4703.jpeg,2,1069
lungscc4704.jpeg,2,1033
lungscc4705.jpeg,2,1225
lungscc4707.jpeg,2,1209
lungscc471.jpeg,2,1159
lungscc4713.jpeg,2,1030
lungscc4714.jpeg,2,1169
lungscc4718.jpeg,2,1031
lungscc4721.jpeg,2,1099
lungscc4722.jpeg,2,1166
lungscc4724.jpeg,2,1217
lungscc4725.jpeg,2,1049
lungscc4728.jpeg,2,1205
lungscc4729.jpeg,2,1044
lungscc4730.jpeg,2,1168
lungscc4731.jpeg,2,1129
lungscc4732.jpeg,2,1140
lungscc4733.jpeg,2,1204
lungscc4734.jpeg,2,1158
lungscc4739.jpeg,2,1125
lungscc4740.jpeg,2,1137
lungscc4741.jpeg,2,1104
lungscc4742.jpeg,2,1102
lungscc4743.jpeg,2,1102
lungscc4746.jpeg,2,1018
lungscc4748.jpeg,2,1236
lungscc4749.jpeg,2,1159
lungscc475.jpeg,2,1086
lungscc4750.jpeg,2,1143
lungscc4752.jpeg,2,1195
lungscc4754.jpeg,2,1025
lungscc4755.jpeg,2,1196
lungscc4756.jpeg,2,1147
lungscc4757.jpeg,2,1065
lungscc4758.jpeg,2,1008
lungscc4759.jpeg,2,1153
lungscc4760.jpeg,2,1069
lungscc4764.jpeg,2,1127
lungscc4765.jpeg,2,1002
lungscc4767.jpeg,2,1011
lungscc4769.jpeg,2,1169
lungscc4772.jpeg,2,1055
lungscc4773.jpeg,2,1160
lungscc4777.jpeg,2,1066
lungscc4778.jpeg,2,1166
lungscc4779.jpeg,2,1116
lungscc478.jpeg,2,1227
lungscc4780.jpeg,2,1116
lungscc4781.jpeg,2,1049
lungscc4782.jpeg,2,1233
lungscc4783.jpeg,2,1197
lungscc4785.jpeg,2,1028
lungscc4786.jpeg,2,1231
lungscc4787.jpeg,2,1158
lungscc4788.jpeg,2,1138
lungscc479.jpeg,2,1035
lungscc4790.jpeg,2,1215
lungscc4791.jpeg,2,1048
lungscc4793.jpeg,2,1232
lungscc4794.jpeg,2,1084
lungscc4795.jpeg,2,1114
lungscc4796.jpeg,2,1114
lungscc4797.jpeg,2,1032
lungscc4799.jpeg,2,1243
lungscc48.jpeg,2,1083
lungscc480.jpeg,2,1065
lungscc4801.jpeg,2,1173
lungscc4802.jpeg,2,1027
lungscc4803.jpeg,2,1238
lungscc4804.jpeg,2,1159
lungscc4805.jpeg,2,1039
lungscc4806.jpeg,2,1191
lungscc4807.jpeg,2,1111
lungscc4808.jpeg,2,1185
lungscc481.jpeg,2,1000
lungscc4810.jpeg,2,1237
lungscc4811.jpeg,2,1122
lungscc4815.jpeg,2,1054
lungscc4816.jpeg,2,1008
lungscc482.jpeg,2,1008
lungscc4820.jpeg,2,1033
lungscc4821.jpeg,2,1085
lungscc4822.jpeg,2,1085
lungscc4823.jpeg,2,1177
lungscc4824.jpeg,2,1172
lungscc4825.jpeg,2,1113
lungscc4826.jpeg,2,1190
lungscc4827.jpeg,2,1011
lungscc4829.jpeg,2,1030
lungscc483.jpeg,2,1067
lungscc4830.jpeg,2,1070
lungscc4832.jpeg,2,1157
lungscc4834.jpeg,2,1189
lungscc4835.jpeg,2,1201
lungscc4836.jpeg,2,1201
lungscc4837.jpeg,2,1041
lungscc4838.jpeg,2,1096
lungscc484.jpeg,2,1153
lungscc4840.jpeg,2,1034
lungscc4843.jpeg,2,1022
lungscc4851.jpeg,2,1045
lungscc4852.jpeg,2,1150
lungscc4854.jpeg,2,1217
lungscc4855.jpeg,2,1049
lungscc4856.jpeg,2,1049
lungscc4857.jpeg,2,1205
lungscc4858.jpeg,2,1170
lungscc4859.jpeg,2,1168
lungscc486.jpeg,2,1153
lungscc4860.jpeg,2,1013
lungscc4861.jpeg,2,1019
lungscc4862.jpeg,2,1212
lungscc4863.jpeg,2,1048
lungscc4864.jpeg,2,1048
lungscc4865.jpeg,2,1186
lungscc4868.jpeg,2,1104
lungscc4869.jpeg,2,1213
lungscc4871.jpeg,2,1047
lungscc4873.jpeg,2,1010
lungscc4874.jpeg,2,1076
lungscc4875.jpeg,2,1111
lungscc4876.jpeg,2,1100
lungscc4877.jpeg,2,1012
lungscc4878.jpeg,2,1195
lungscc4879.jpeg,2,1122
lungscc488.jpeg,2,1026
lungscc4880.jpeg,2,1124
lungscc4882.jpeg,2,1069
lungscc4883.jpeg,2,1209
lungscc4884.jpeg,2,1209
lungscc4886.jpeg,2,1057
lungscc4887.jpeg,2,1190
lungscc4889.jpeg,2,1194
lungscc489.jpeg,2,1085
lungscc4891.jpeg,2,1169
lungscc4893.jpeg,2,1041
lungscc4907.jpeg,2,1036
lungscc491.jpeg,2,1057
lungscc4910.jpeg,2,1208
lungscc4911.jpeg,2,1214
lungscc4912.jpeg,2,1129
lungscc4913.jpeg,2,1204
lungscc4914.jpeg,2,1138
lungscc4915.jpeg,2,1123
lungscc4916.jpeg,2,1084
lungscc4917.jpeg,2,1101
lungscc4919.jpeg,2,1114
lungscc492.jpeg,2,1070
lungscc4921.jpeg,2,1125
lungscc4923.jpeg,2,1018
lungscc4924.jpeg,2,1152
lungscc4927.jpeg,2,1061
lungscc4928.jpeg,2,1112
lungscc4929.jpeg,2,1092
lungscc493.jpeg,2,1094
lungscc4930.jpeg,2,1191
lungscc4931.jpeg,2,1111
lungscc4932.jpeg,2,1185
lungscc4934.jpeg,2,1227
lungscc4936.jpeg,2,1131
lungscc4937.jpeg,2,1206
lungscc4939.jpeg,2,1008
lungscc494.jpeg,2,1169
lungscc4940.jpeg,2,1067
lungscc4941.jpeg,2,1067
lungscc4943.jpeg,2,1127
lungscc4944.jpeg,2,1161
lungscc4946.jpeg,2,1190
lungscc4949.jpeg,2,1038
lungscc495.jpeg,2,1075
lungscc4950.jpeg,2,1169
lungscc4952.jpeg,2,1041
lungscc4953.jpeg,2,1160
lungscc4957.jpeg,2,1031
lungscc4958.jpeg,2,1066
lungscc496.jpeg,2,1075
lungscc4961.jpeg,2,1166
lungscc4962.jpeg,2,1116
lungscc4964.jpeg,2,1244
lungscc4965.jpeg,2,1197
lungscc4966.jpeg,2,1163
lungscc4967.jpeg,2,1204
lungscc4969.jpeg,2,1215
lungscc4971.jpeg,2,1232
lungscc4972.jpeg,2,1032
lungscc4973.jpeg,2,1186
lungscc4974.jpeg,2,1186
lungscc4976.jpeg,2,1016
lungscc4977.jpeg,2,1047
lungscc4979.jpeg,2,1051
lungscc4980.jpeg,2,1195
lungscc4982.jpeg,2,1219
lungscc4983.jpeg,2,1237
lungscc4984.jpeg,2,1025
lungscc4985.jpeg,2,1025
lungscc4986.jpeg,2,1079
lungscc4987.jpeg,2,1119
lungscc499.jpeg,2,1201
lungscc4991.jpeg,2,1060
lungscc4992.jpeg,2,1060
lungscc4993.jpeg,2,1228
lungscc4996.jpeg,2,1127
lungscc4997.jpeg,2,1127
lungscc4998.jpeg,2,1109
lungscc4999.jpeg,2,1200
lungscc5.jpeg,2,1144
lungscc50.jpeg,2,1237
lungscc500.jpeg,2,1055
lungscc5000.jpeg,2,1011
lungscc501.jpeg,2,1203
lungscc503.jpeg,2,1034
lungscc508.jpeg,2,1099
lungscc51.jpeg,2,1086
lungscc510.jpeg,2,1226
lungscc512.jpeg,2,1208
lungscc514.jpeg,2,1174
lungscc515.jpeg,2,1144
lungscc516.jpeg,2,1170
lungscc517.jpeg,2,1170
lungscc518.jpeg,2,1163
lungscc519.jpeg,2,1129
lungscc52.jpeg,2,1035
lungscc520.jpeg,2,1129
lungscc521.jpeg,2,1231
lungscc523.jpeg,2,1138
lungscc524.jpeg,2,998
lungscc526.jpeg,2,1077
lungscc528.jpeg,2,1148
lungscc53.jpeg,2,1000
lungscc531.jpeg,2,1027
lungscc532.jpeg,2,1027
lungscc533.jpeg,2,1236
lungscc534.jpeg,2,1092
lungscc535.jpeg,2,1195
lungscc537.jpeg,2,1119
lungscc538.jpeg,2,1227
lungscc54.jpeg,2,1210
lungscc540.jpeg,2,1147
lungscc541.jpeg,2,1131
lungscc542.jpeg,2,1035
lungscc544.jpeg,2,1069
lungscc545.jpeg,2,1229
lungscc546.jpeg,2,1184
lungscc547.jpeg,2,1085
lungscc548.jpeg,2,1002
lungscc55.jpeg,2,1135
lungscc550.jpeg,2,1201
lungscc551.jpeg,2,1055
lungscc555.jpeg,2,1099
lungscc556.jpeg,2,1056
lungscc557.jpeg,2,1166
lungscc560.jpeg,2,1049
lungscc561.jpeg,2,1208
lungscc562.jpeg,2,1244
lungscc565.jpeg,2,1174
lungscc566.jpeg,2,1163
lungscc567.jpeg,2,1013
lungscc568.jpeg,2,1013
lungscc569.jpeg,2,1141
lungscc570.jpeg,2,1141
lungscc571.jpeg,2,1204
lungscc572.jpeg,2,1215
lungscc573.jpeg,2,1215
lungscc575.jpeg,2,1084
lungscc576.jpeg,2,1084
lungscc577.jpeg,2,1023
lungscc578.jpeg,2,1023
lungscc579.jpeg,2,1186
lungscc582.jpeg,2,1148
lungscc583.jpeg,2,1104
lungscc584.jpeg,2,1016
lungscc585.jpeg,2,1102
lungscc587.jpeg,2,1027
lungscc588.jpeg,2,1112
lungscc59.jpeg,2,1026
lungscc590.jpeg,2,1111
lungscc591.jpeg,2,1012
lungscc592.jpeg,2,1051
lungscc596.jpeg,2,1237
lungscc597.jpeg,2,1086
lungscc599.jpeg,2,1131
lungscc6.jpeg,2,1019
lungscc60.jpeg,2,1033
lungscc600.jpeg,2,1124
lungscc601.jpeg,2,1065
lungscc602.jpeg,2,1054
lungscc603.jpeg,2,1008
lungscc605.jpeg,2,1069
lungscc607.jpeg,2,1033
lungscc609.jpeg,2,1209
lungscc61.jpeg,2,1085
lungscc610.jpeg,2,1209
lungscc611.jpeg,2,1209
lungscc612.jpeg,2,1085
lungscc617.jpeg,2,1030
lungscc618.jpeg,2,1030
lungscc620.jpeg,2,1070
lungscc624.jpeg,2,1169
lungscc625.jpeg,2,1201
lungscc626.jpeg,2,1203
lungscc627.jpeg,2,1034
lungscc63.jpeg,2,1161
lungscc630.jpeg,2,1045
lungscc633.jpeg,2,1174
lungscc634.jpeg,2,1141
lungscc635.jpeg,2,1231
lungscc637.jpeg,2,1082
lungscc639.jpeg,2,1003
lungscc64.jpeg,2,1161
lungscc640.jpeg,2,1188
lungscc641.jpeg,2,1188
lungscc645.jpeg,2,1102
lungscc647.jpeg,2,1018
lungscc648.jpeg,2,1018
lungscc649.jpeg,2,1047
lungscc65.jpeg,2,1113
lungscc650.jpeg,2,1193
lungscc652.jpeg,2,1092
lungscc653.jpeg,2,1111
lungscc654.jpeg,2,1185
lungscc655.jpeg,2,1086
lungscc656.jpeg,2,1086
lungscc658.jpeg,2,1035
lungscc659.jpeg,2,1065
lungscc66.jpeg,2,1030
lungscc660.jpeg,2,1068
lungscc661.jpeg,2,1000
lungscc663.jpeg,2,1135
lungscc664.jpeg,2,1135
lungscc665.jpeg,2,1009
lungscc666.jpeg,2,1069
lungscc668.jpeg,2,1127
lungscc669.jpeg,2,1200
lungscc67.jpeg,2,1030
lungscc671.jpeg,2,1136
lungscc672.jpeg,2,1136
lungscc673.jpeg,2,1136
lungscc674.jpeg,2,1094
lungscc675.jpeg,2,1075
lungscc676.jpeg,2,1041
lungscc677.jpeg,2,1034
lungscc678.jpeg,2,1031
lungscc679.jpeg,2,1099
lungscc68.jpeg,2,1157
lungscc680.jpeg,2,1166
lungscc683.jpeg,2,1226
lungscc685.jpeg,2,1049
lungscc686.jpeg,2,1144
lungscc687.jpeg,2,1144
lungscc689.jpeg,2,1214
lungscc69.jpeg,2,1157
lungscc690.jpeg,2,1168
lungscc691.jpeg,2,1231
lungscc692.jpeg,2,1231
lungscc695.jpeg,2,1050
lungscc696.jpeg,2,1019
lungscc697.jpeg,2,1019
lungscc699.jpeg,2,1082
lungscc7.jpeg,2,1082
lungscc700.jpeg,2,1082
lungscc701.jpeg,2,1101
lungscc702.jpeg,2,1101
lungscc703.jpeg,2,1186
lungscc704.jpeg,2,1134
lungscc707.jpeg,2,1188
lungscc71.jpeg,2,1075
lungscc711.jpeg,2,1047
lungscc712.jpeg,2,1152
lungscc713.jpeg,2,1037
lungscc715.jpeg,2,1111
lungscc716.jpeg,2,1012
lungscc717.jpeg,2,1133
lungscc718.jpeg,2,1025
lungscc719.jpeg,2,1025
lungscc720.jpeg,2,1139
lungscc721.jpeg,2,1124
lungscc722.jpeg,2,1124
lungscc723.jpeg,2,1065
lungscc725.jpeg,2,1000
lungscc727.jpeg,2,1135
lungscc728.jpeg,2,1184
lungscc729.jpeg,2,1184
lungscc73.jpeg,2,1041
lungscc730.jpeg,2,1026
lungscc732.jpeg,2,1225
lungscc733.jpeg,2,1225
lungscc736.jpeg,2,1216
lungscc739.jpeg,2,1136
lungscc74.jpeg,2,1041
lungscc740.jpeg,2,1070
lungscc744.jpeg,2,1096
lungscc745.jpeg,2,1096
lungscc747.jpeg,2,1099
lungscc748.jpeg,2,1099
lungscc749.jpeg,2,1056
lungscc75.jpeg,2,1041
lungscc751.jpeg,2,1150
lungscc752.jpeg,2,1049
lungscc753.jpeg,2,1170
lungscc754.jpeg,2,1106
lungscc755.jpeg,2,1013
lungscc756.jpeg,2,1221
lungscc757.jpeg,2,1221
lungscc758.jpeg,2,1123
lungscc759.jpeg,2,1050
lungscc762.jpeg,2,1232
lungscc764.jpeg,2,1114
lungscc765.jpeg,2,1125
lungscc766.jpeg,2,1018
lungscc767.jpeg,2,1152
lungscc768.jpeg,2,1112
lungscc769.jpeg,2,1092
lungscc77.jpeg,2,1031
lungscc770.jpeg,2,1191
lungscc771.jpeg,2,1051
lungscc773.jpeg,2,1237
lungscc774.jpeg,2,1119
lungscc776.jpeg,2,1124
lungscc777.jpeg,2,1068
lungscc778.jpeg,2,1068
lungscc779.jpeg,2,1060
lungscc780.jpeg,2,1228
lungscc785.jpeg,2,1184
lungscc786.jpeg,2,1126
lungscc788.jpeg,2,1033
lungscc791.jpeg,2,1177
lungscc793.jpeg,2,1011
lungscc798.jpeg,2,1157
lungscc799.jpeg,2,1075
lungscc8.jpeg,2,1101
lungscc800.jpeg,2,1055
lungscc801.jpeg,2,1160
lungscc802.jpeg,2,1203
lungscc805.jpeg,2,1098
lungscc806.jpeg,2,1031
lungscc808.jpeg,2,1056
lungscc809.jpeg,2,1036
lungscc810.jpeg,2,1202
lungscc812.jpeg,2,1045
lungscc813.jpeg,2,1217
lungscc815.jpeg,2,1230
lungscc817.jpeg,2,1175
lungscc818.jpeg,2,1197
lungscc819.jpeg,2,1214
lungscc82.jpeg,2,1166
lungscc820.jpeg,2,1013
lungscc821.jpeg,2,998
lungscc823.jpeg,2,1212
lungscc824.jpeg,2,1232
lungscc826.jpeg,2,1134
lungscc828.jpeg,2,1128
lungscc829.jpeg,2,1243
lungscc830.jpeg,2,1104
lungscc831.jpeg,2,1213
lungscc835.jpeg,2,1047
lungscc838.jpeg,2,1061
lungscc839.jpeg,2,1025
lungscc84.jpeg,2,1105
lungscc840.jpeg,2,1196
lungscc841.jpeg,2,1196
lungscc842.jpeg,2,1147
lungscc843.jpeg,2,1035
lungscc844.jpeg,2,1065
lungscc846.jpeg,2,1135
lungscc847.jpeg,2,1135
lungscc849.jpeg,2,1026
lungscc85.jpeg,2,1197
lungscc852.jpeg,2,1108
lungscc853.jpeg,2,1057
lungscc855.jpeg,2,1194
lungscc856.jpeg,2,1136
lungscc857.jpeg,2,1157
lungscc858.jpeg,2,1157
lungscc86.jpeg,2,1197
lungscc869.jpeg,2,1029
lungscc87.jpeg,2,1044
lungscc873.jpeg,2,1233
lungscc874.jpeg,2,1230
lungscc875.jpeg,2,1175
lungscc876.jpeg,2,1028
lungscc877.jpeg,2,1023
lungscc878.jpeg,2,1134
lungscc879.jpeg,2,1134
lungscc88.jpeg,2,1168
lungscc881.jpeg,2,1243
lungscc882.jpeg,2,1148
lungscc883.jpeg,2,1137
lungscc884.jpeg,2,1102
lungscc886.jpeg,2,1018
lungscc888.jpeg,2,1061
lungscc89.jpeg,2,1158
lungscc890.jpeg,2,1112
lungscc891.jpeg,2,1159
lungscc892.jpeg,2,1039
lungscc893.jpeg,2,1076
lungscc894.jpeg,2,1143
lungscc897.jpeg,2,1051
lungscc898.jpeg,2,1196
lungscc9.jpeg,2,1023
lungscc901.jpeg,2,1139
lungscc903.jpeg,2,1035
lungscc904.jpeg,2,1206
lungscc906.jpeg,2,1054
lungscc907.jpeg,2,1009
lungscc909.jpeg,2,1009
lungscc91.jpeg,2,998
lungscc910.jpeg,2,1069
lungscc914.jpeg,2,1120
lungscc915.jpeg,2,1161
lungscc917.jpeg,2,1161
lungscc918.jpeg,2,1177
lungscc919.jpeg,2,1177
lungscc92.jpeg,2,1077
lungscc920.jpeg,2,1194
lungscc922.jpeg,2,1094
lungscc924.jpeg,2,1075
lungscc925.jpeg,2,1201
lungscc926.jpeg,2,1055
lungscc927.jpeg,2,1041
lungscc928.jpeg,2,1160
lungscc931.jpeg,2,1203
lungscc935.jpeg,2,1202
lungscc938.jpeg,2,1105
lungscc94.jpeg,2,1101
lungscc940.jpeg,2,1217
lungscc943.jpeg,2,1049
lungscc944.jpeg,2,1230
lungscc945.jpeg,2,1197
lungscc947.jpeg,2,1214
lungscc948.jpeg,2,1028
lungscc949.jpeg,2,1129
lungscc951.jpeg,2,1050
lungscc952.jpeg,2,998
lungscc954.jpeg,2,1003
lungscc956.jpeg,2,1186
lungscc959.jpeg,2,1224
lungscc961.jpeg,2,1112
lungscc964.jpeg,2,1195
lungscc965.jpeg,2,1086
lungscc966.jpeg,2,1196
lungscc967.jpeg,2,1196
lungscc969.jpeg,2,1147
lungscc97.jpeg,2,1018
lungscc970.jpeg,2,1147
lungscc971.jpeg,2,1131
lungscc972.jpeg,2,1060
lungscc973.jpeg,2,1009
lungscc974.jpeg,2,1229
lungscc975.jpeg,2,1229
lungscc98.jpeg,2,1018
lungscc980.jpeg,2,1108
lungscc981.jpeg,2,1161
lungscc983.jpeg,2,1201
lungscc984.jpeg,2,1055
lungscc991.jpeg,2,1166
lungscc993.jpeg,2,1029
lungscc994.jpeg,2,1226
lungscc995.jpeg,2,1226
lungscc997.jpeg,2,1175
lungscc998.jpeg,2,1175
lungscc999.jpeg,2,1149
