filename,label,group_id
lungaca100.jpeg,0,697
lungaca1003.jpeg,0,626
lungaca1004.jpeg,0,540
lungaca1008.jpeg,0,652
lungaca1011.jpeg,0,563
lungaca1014.jpeg,0,689
lungaca1017.jpeg,0,568
lungaca1018.jpeg,0,631
lungaca1019.jpeg,0,601
lungaca102.jpeg,0,597
lungaca1020.jpeg,0,627
lungaca1021.jpeg,0,741
lungaca1022.jpeg,0,639
lungaca1025.jpeg,0,711
lungaca1026.jpeg,0,645
lungaca103.jpeg,0,608
lungaca1030.jpeg,0,591
lungaca1031.jpeg,0,671
lungaca1033.jpeg,0,597
lungaca1034.jpeg,0,701
lungaca1036.jpeg,0,738
lungaca1037.jpeg,0,536
lungaca1038.jpeg,0,510
lungaca1041.jpeg,0,641
lungaca1043.jpeg,0,672
lungaca1044.jpeg,0,605
lungaca1045.jpeg,0,691
lungaca1047.jpeg,0,629
lungaca1048.jpeg,0,528
lungaca105.jpeg,0,674
lungaca1051.jpeg,0,690
lungaca1052.jpeg,0,604
lungaca1053.jpeg,0,565
lungaca1055.jpeg,0,694
lungaca1056.jpeg,0,540
lungaca1057.jpeg,0,521
lungaca1058.jpeg,0,731
lungaca1059.jpeg,0,733
lungaca106.jpeg,0,641
lungaca1060.jpeg,0,598
lungaca1061.jpeg,0,724
lungaca1062.jpeg,0,539
lungaca1063.jpeg,0,563
lungaca1064.jpeg,0,550
lungaca1065.jpeg,0,550
lungaca1066.jpeg,0,640
lungaca1067.jpeg,0,640
lungaca1068.jpeg,0,531
lungaca107.jpeg,0,745
lungaca1070.jpeg,0,706
lungaca1071.jpeg,0,601
lungaca1072.jpeg,0,533
lungaca1073.jpeg,0,583
lungaca1074.jpeg,0,702
lungaca1075.jpeg,0,684
lungaca1076.jpeg,0,645
lungaca1077.jpeg,0,636
lungaca1079.jpeg,0,657
lungaca1080.jpeg,0,671
lungaca1081.jpeg,0,701
lungaca1082.jpeg,0,738
lungaca1083.jpeg,0,648
lungaca1085.jpeg,0,609
lungaca1087.jpeg,0,630
lungaca1089.jpeg,0,718
lungaca109.jpeg,0,514
lungaca1091.jpeg,0,616
lungaca1092.jpeg,0,551
lungaca1093.jpeg,0,551
lungaca1094.jpeg,0,573
lungaca1095.jpeg,0,565
lungaca1096.jpeg,0,678
lungaca1097.jpeg,0,634
lungaca1099.jpeg,0,633
lungaca11.jpeg,0,630
lungaca110.jpeg,0,718
lungaca1101.jpeg,0,545
lungaca1102.jpeg,0,529
lungaca1103.jpeg,0,529
lungaca1104.jpeg,0,717
lungaca1105.jpeg,0,731
lungaca1106.jpeg,0,524
lungaca1107.jpeg,0,598
lungaca111.jpeg,0,586
lungaca1110.jpeg,0,563
lungaca1111.jpeg,0,550
lungaca1112.jpeg,0,550
lungaca1113.jpeg,0,640
lungaca1119.jpeg,0,533
lungaca112.jpeg,0,629
lungaca1121.jpeg,0,553
lungaca1123.jpeg,0,703
lungaca1124.jpeg,0,659
lungaca1125.jpeg,0,659
lungaca1126.jpeg,0,659
lungaca1127.jpeg,0,557
lungaca1128.jpeg,0,697
lungaca113.jpeg,0,551
lungaca1131.jpeg,0,612
lungaca1132.jpeg,0,534
lungaca1133.jpeg,0,513
lungaca1135.jpeg,0,559
lungaca1138.jpeg,0,514
lungaca1139.jpeg,0,691
lungaca114.jpeg,0,685
lungaca1140.jpeg,0,629
lungaca1142.jpeg,0,616
lungaca1144.jpeg,0,690
lungaca1145.jpeg,0,726
lungaca1146.jpeg,0,653
lungaca1148.jpeg,0,552
lungaca1149.jpeg,0,573
lungaca115.jpeg,0,685
lungaca1150.jpeg,0,573
lungaca1152.jpeg,0,634
lungaca1153.jpeg,0,512
lungaca1154.jpeg,0,512
lungaca1155.jpeg,0,633
lungaca1157.jpeg,0,709
lungaca1158.jpeg,0,732
lungaca116.jpeg,0,573
lungaca1160.jpeg,0,731
lungaca1161.jpeg,0,643
lungaca1164.jpeg,0,714
lungaca1165.jpeg,0,652
lungaca1166.jpeg,0,700
lungaca117.jpeg,0,565
lungaca1172.jpeg,0,552
lungaca1174.jpeg,0,618
lungaca1175.jpeg,0,728
lungaca1176.jpeg,0,677
lungaca1177.jpeg,0,556
lungaca1178.jpeg,0,627
lungaca1179.jpeg,0,702
lungaca118.jpeg,0,725
lungaca1181.jpeg,0,660
lungaca1184.jpeg,0,657
lungaca1187.jpeg,0,513
lungaca1188.jpeg,0,648
lungaca1189.jpeg,0,510
lungaca1190.jpeg,0,561
lungaca1191.jpeg,0,641
lungaca1192.jpeg,0,611
lungaca1193.jpeg,0,642
lungaca1194.jpeg,0,686
lungaca1195.jpeg,0,630
lungaca1196.jpeg,0,630
lungaca1199.jpeg,0,605
lungaca12.jpeg,0,554
lungaca1200.jpeg,0,554
lungaca1202.jpeg,0,541
lungaca1203.jpeg,0,687
lungaca1204.jpeg,0,687
lungaca1205.jpeg,0,589
lungaca1207.jpeg,0,573
lungaca1209.jpeg,0,566
lungaca1210.jpeg,0,666
lungaca1211.jpeg,0,666
lungaca1213.jpeg,0,515
lungaca1214.jpeg,0,675
lungaca1215.jpeg,0,675
lungaca1218.jpeg,0,516
lungaca1219.jpeg,0,516
lungaca1220.jpeg,0,521
lungaca1221.jpeg,0,598
lungaca1222.jpeg,0,643
lungaca1223.jpeg,0,600
lungaca1224.jpeg,0,699
lungaca1225.jpeg,0,714
lungaca1226.jpeg,0,558
lungaca1227.jpeg,0,588
lungaca1228.jpeg,0,531
lungaca123.jpeg,0,623
lungaca1230.jpeg,0,728
lungaca1231.jpeg,0,706
lungaca1232.jpeg,0,577
lungaca1234.jpeg,0,741
lungaca1235.jpeg,0,639
lungaca1238.jpeg,0,562
lungaca1239.jpeg,0,636
lungaca124.jpeg,0,521
lungaca1241.jpeg,0,520
lungaca1242.jpeg,0,703
lungaca1243.jpeg,0,622
lungaca1244.jpeg,0,591
lungaca1245.jpeg,0,649
lungaca1246.jpeg,0,572
lungaca1247.jpeg,0,671
lungaca1248.jpeg,0,671
lungaca125.jpeg,0,733
lungaca1251.jpeg,0,701
lungaca1252.jpeg,0,510
lungaca1254.jpeg,0,611
lungaca1255.jpeg,0,642
lungaca1256.jpeg,0,559
lungaca1258.jpeg,0,548
lungaca1259.jpeg,0,718
lungaca1260.jpeg,0,718
lungaca1261.jpeg,0,638
lungaca1263.jpeg,0,726
lungaca1264.jpeg,0,653
lungaca1266.jpeg,0,692
lungaca1267.jpeg,0,679
lungaca1268.jpeg,0,675
lungaca1271.jpeg,0,626
lungaca1272.jpeg,0,578
lungaca1276.jpeg,0,733
lungaca1277.jpeg,0,598
lungaca1279.jpeg,0,700
lungaca128.jpeg,0,643
lungaca1280.jpeg,0,550
lungaca1283.jpeg,0,552
lungaca1284.jpeg,0,568
lungaca1285.jpeg,0,706
lungaca1288.jpeg,0,533
lungaca1289.jpeg,0,741
lungaca129.jpeg,0,739
lungaca1290.jpeg,0,741
lungaca1291.jpeg,0,702
lungaca1293.jpeg,0,684
lungaca1298.jpeg,0,509
lungaca1299.jpeg,0,730
lungaca1300.jpeg,0,730
lungaca1301.jpeg,0,671
lungaca1302.jpeg,0,654
lungaca1303.jpeg,0,654
lungaca1304.jpeg,0,534
lungaca1306.jpeg,0,648
lungaca1307.jpeg,0,510
lungaca1308.jpeg,0,525
lungaca1309.jpeg,0,525
lungaca131.jpeg,0,700
lungaca1310.jpeg,0,642
lungaca1313.jpeg,0,548
lungaca1314.jpeg,0,629
lungaca1316.jpeg,0,616
lungaca1317.jpeg,0,653
lungaca1318.jpeg,0,687
lungaca1319.jpeg,0,695
lungaca132.jpeg,0,558
lungaca1320.jpeg,0,666
lungaca1323.jpeg,0,742
lungaca1326.jpeg,0,516
lungaca1327.jpeg,0,516
lungaca1328.jpeg,0,733
lungaca1329.jpeg,0,598
lungaca133.jpeg,0,558
lungaca1332.jpeg,0,600
lungaca1333.jpeg,0,700
lungaca1334.jpeg,0,680
lungaca1335.jpeg,0,588
lungaca1336.jpeg,0,531
lungaca1339.jpeg,0,689
lungaca134.jpeg,0,588
lungaca1340.jpeg,0,689
lungaca1343.jpeg,0,568
lungaca1344.jpeg,0,677
lungaca1347.jpeg,0,662
lungaca1349.jpeg,0,553
lungaca1350.jpeg,0,660
lungaca1351.jpeg,0,660
lungaca1352.jpeg,0,506
lungaca1353.jpeg,0,524
lungaca1355.jpeg,0,703
lungaca1356.jpeg,0,659
lungaca1357.jpeg,0,622
lungaca1358.jpeg,0,557
lungaca1359.jpeg,0,557
lungaca1360.jpeg,0,682
lungaca1361.jpeg,0,619
lungaca1362.jpeg,0,681
lungaca1368.jpeg,0,630
lungaca1370.jpeg,0,605
lungaca1371.jpeg,0,586
lungaca1372.jpeg,0,629
lungaca1373.jpeg,0,528
lungaca1374.jpeg,0,541
lungaca1375.jpeg,0,690
lungaca1376.jpeg,0,551
lungaca1378.jpeg,0,687
lungaca1379.jpeg,0,721
lungaca1380.jpeg,0,573
lungaca1382.jpeg,0,679
lungaca1384.jpeg,0,694
lungaca1386.jpeg,0,521
lungaca1387.jpeg,0,731
lungaca1390.jpeg,0,598
lungaca1391.jpeg,0,643
lungaca1392.jpeg,0,650
lungaca1393.jpeg,0,600
lungaca1394.jpeg,0,739
lungaca1395.jpeg,0,714
lungaca1397.jpeg,0,563
lungaca1398.jpeg,0,550
lungaca1399.jpeg,0,680
lungaca1401.jpeg,0,689
lungaca1402.jpeg,0,567
lungaca1404.jpeg,0,539
lungaca1409.jpeg,0,676
lungaca1410.jpeg,0,741
lungaca1412.jpeg,0,684
lungaca1413.jpeg,0,546
lungaca1415.jpeg,0,593
lungaca1416.jpeg,0,518
lungaca1417.jpeg,0,622
lungaca1420.jpeg,0,557
lungaca1421.jpeg,0,671
lungaca1422.jpeg,0,597
lungaca1424.jpeg,0,701
lungaca1426.jpeg,0,608
lungaca1427.jpeg,0,522
lungaca1428.jpeg,0,609
lungaca1429.jpeg,0,609
lungaca143.jpeg,0,677
lungaca1430.jpeg,0,672
lungaca1431.jpeg,0,544
lungaca1433.jpeg,0,605
lungaca1434.jpeg,0,691
lungaca1437.jpeg,0,710
lungaca1438.jpeg,0,528
lungaca1439.jpeg,0,528
lungaca144.jpeg,0,677
lungaca1440.jpeg,0,638
lungaca1441.jpeg,0,656
lungaca1443.jpeg,0,573
lungaca1444.jpeg,0,666
lungaca1445.jpeg,0,512
lungaca1446.jpeg,0,675
lungaca1447.jpeg,0,742
lungaca1448.jpeg,0,626
lungaca1449.jpeg,0,545
lungaca145.jpeg,0,556
lungaca1451.jpeg,0,540
lungaca1452.jpeg,0,670
lungaca1453.jpeg,0,733
lungaca1455.jpeg,0,563
lungaca1456.jpeg,0,581
lungaca146.jpeg,0,637
lungaca1463.jpeg,0,552
lungaca1464.jpeg,0,552
lungaca1465.jpeg,0,728
lungaca1467.jpeg,0,599
lungaca1468.jpeg,0,627
lungaca1469.jpeg,0,741
lungaca1470.jpeg,0,553
lungaca1471.jpeg,0,748
lungaca1472.jpeg,0,621
lungaca1473.jpeg,0,602
lungaca1474.jpeg,0,602
lungaca1476.jpeg,0,622
lungaca1477.jpeg,0,591
lungaca1478.jpeg,0,649
lungaca148.jpeg,0,661
lungaca1480.jpeg,0,572
lungaca1481.jpeg,0,572
lungaca1483.jpeg,0,654
lungaca1485.jpeg,0,738
lungaca1486.jpeg,0,536
lungaca1490.jpeg,0,548
lungaca1491.jpeg,0,548
lungaca1493.jpeg,0,586
lungaca1495.jpeg,0,638
lungaca1496.jpeg,0,726
lungaca1497.jpeg,0,713
lungaca1498.jpeg,0,507
lungaca1499.jpeg,0,512
lungaca150.jpeg,0,520
lungaca1502.jpeg,0,633
lungaca1504.jpeg,0,732
lungaca1506.jpeg,0,694
lungaca1508.jpeg,0,623
lungaca151.jpeg,0,520
lungaca1510.jpeg,0,521
lungaca1514.jpeg,0,724
lungaca1516.jpeg,0,539
lungaca1517.jpeg,0,563
lungaca1518.jpeg,0,640
lungaca1519.jpeg,0,567
lungaca152.jpeg,0,518
lungaca1521.jpeg,0,552
lungaca1523.jpeg,0,568
lungaca1524.jpeg,0,599
lungaca1525.jpeg,0,556
lungaca1526.jpeg,0,684
lungaca1527.jpeg,0,684
lungaca1528.jpeg,0,546
lungaca1529.jpeg,0,637
lungaca153.jpeg,0,703
lungaca1531.jpeg,0,621
lungaca1532.jpeg,0,661
lungaca1533.jpeg,0,520
lungaca1534.jpeg,0,509
lungaca1537.jpeg,0,591
lungaca1539.jpeg,0,657
lungaca154.jpeg,0,622
lungaca1540.jpeg,0,730
lungaca1541.jpeg,0,730
lungaca1542.jpeg,0,730
lungaca1543.jpeg,0,671
lungaca1544.jpeg,0,697
lungaca1546.jpeg,0,525
lungaca1547.jpeg,0,525
lungaca1548.jpeg,0,561
lungaca155.jpeg,0,649
lungaca1550.jpeg,0,747
lungaca1551.jpeg,0,747
lungaca1552.jpeg,0,559
lungaca1553.jpeg,0,559
lungaca1554.jpeg,0,630
lungaca1555.jpeg,0,554
lungaca1556.jpeg,0,548
lungaca1557.jpeg,0,548
lungaca1558.jpeg,0,691
lungaca1559.jpeg,0,629
lungaca156.jpeg,0,587
lungaca1560.jpeg,0,629
lungaca1561.jpeg,0,528
lungaca1562.jpeg,0,551
lungaca1563.jpeg,0,551
lungaca1565.jpeg,0,552
lungaca1566.jpeg,0,604
lungaca1567.jpeg,0,604
lungaca1568.jpeg,0,693
lungaca1569.jpeg,0,685
lungaca157.jpeg,0,572
lungaca1570.jpeg,0,515
lungaca1572.jpeg,0,633
lungaca1573.jpeg,0,545
lungaca1576.jpeg,0,540
lungaca1577.jpeg,0,743
lungaca1578.jpeg,0,516
lungaca158.jpeg,0,704
lungaca1580.jpeg,0,524
lungaca1581.jpeg,0,646
lungaca1582.jpeg,0,650
lungaca1583.jpeg,0,652
lungaca1584.jpeg,0,652
lungaca1585.jpeg,0,581
lungaca1586.jpeg,0,640
lungaca1588.jpeg,0,588
lungaca1592.jpeg,0,627
lungaca1593.jpeg,0,702
lungaca1594.jpeg,0,711
lungaca1596.jpeg,0,660
lungaca1597.jpeg,0,661
lungaca1598.jpeg,0,524
lungaca1599.jpeg,0,703
lungaca16.jpeg,0,616
lungaca160.jpeg,0,612
lungaca1601.jpeg,0,587
lungaca1602.jpeg,0,587
lungaca1603.jpeg,0,587
lungaca1604.jpeg,0,572
lungaca1605.jpeg,0,697
lungaca1606.jpeg,0,654
lungaca1608.jpeg,0,648
lungaca1610.jpeg,0,672
lungaca1612.jpeg,0,629
lungaca1615.jpeg,0,585
lungaca1616.jpeg,0,620
lungaca162.jpeg,0,701
lungaca1620.jpeg,0,566
lungaca1622.jpeg,0,692
lungaca1623.jpeg,0,512
lungaca1624.jpeg,0,512
lungaca1625.jpeg,0,512
lungaca1626.jpeg,0,675
lungaca1628.jpeg,0,633
lungaca163.jpeg,0,681
lungaca1630.jpeg,0,694
lungaca1632.jpeg,0,529
lungaca1633.jpeg,0,516
lungaca1635.jpeg,0,670
lungaca1636.jpeg,0,598
lungaca1637.jpeg,0,539
lungaca1638.jpeg,0,680
lungaca1639.jpeg,0,558
lungaca164.jpeg,0,513
lungaca1643.jpeg,0,689
lungaca1644.jpeg,0,689
lungaca1646.jpeg,0,556
lungaca1647.jpeg,0,627
lungaca1648.jpeg,0,627
lungaca1649.jpeg,0,627
lungaca165.jpeg,0,648
lungaca1650.jpeg,0,583
lungaca1651.jpeg,0,667
lungaca1653.jpeg,0,546
lungaca1654.jpeg,0,562
lungaca1655.jpeg,0,636
lungaca1656.jpeg,0,660
lungaca1657.jpeg,0,593
lungaca1658.jpeg,0,593
lungaca166.jpeg,0,648
lungaca1662.jpeg,0,682
lungaca1665.jpeg,0,597
lungaca1666.jpeg,0,597
lungaca1667.jpeg,0,619
lungaca1668.jpeg,0,619
lungaca1671.jpeg,0,608
lungaca1672.jpeg,0,648
lungaca1673.jpeg,0,525
lungaca1674.jpeg,0,674
lungaca1675.jpeg,0,544
lungaca168.jpeg,0,674
lungaca1680.jpeg,0,586
lungaca1681.jpeg,0,629
lungaca1682.jpeg,0,629
lungaca1685.jpeg,0,638
lungaca1686.jpeg,0,713
lungaca1687.jpeg,0,713
lungaca1688.jpeg,0,552
lungaca1689.jpeg,0,687
lungaca169.jpeg,0,609
lungaca1690.jpeg,0,604
lungaca1691.jpeg,0,620
lungaca1692.jpeg,0,573
lungaca1694.jpeg,0,675
lungaca1696.jpeg,0,732
lungaca1697.jpeg,0,732
lungaca1698.jpeg,0,545
lungaca17.jpeg,0,585
lungaca1700.jpeg,0,694
lungaca1701.jpeg,0,717
lungaca1704.jpeg,0,714
lungaca1705.jpeg,0,714
lungaca1707.jpeg,0,571
lungaca1709.jpeg,0,618
lungaca1710.jpeg,0,677
lungaca1712.jpeg,0,662
lungaca1713.jpeg,0,741
lungaca1715.jpeg,0,711
lungaca1716.jpeg,0,562
lungaca1717.jpeg,0,562
lungaca1718.jpeg,0,593
lungaca172.jpeg,0,611
lungaca1720.jpeg,0,557
lungaca1721.jpeg,0,681
lungaca1723.jpeg,0,525
lungaca1724.jpeg,0,674
lungaca1725.jpeg,0,698
lungaca1726.jpeg,0,609
lungaca1727.jpeg,0,611
lungaca1728.jpeg,0,611
lungaca1729.jpeg,0,605
lungaca173.jpeg,0,747
lungaca1730.jpeg,0,514
lungaca1731.jpeg,0,528
lungaca1734.jpeg,0,638
lungaca1735.jpeg,0,616
lungaca1736.jpeg,0,551
lungaca1737.jpeg,0,687
lungaca1738.jpeg,0,589
lungaca1739.jpeg,0,620
lungaca174.jpeg,0,745
lungaca1740.jpeg,0,685
lungaca1741.jpeg,0,566
lungaca1742.jpeg,0,742
lungaca1743.jpeg,0,545
lungaca1746.jpeg,0,720
lungaca1747.jpeg,0,743
lungaca1749.jpeg,0,524
lungaca1751.jpeg,0,539
lungaca1752.jpeg,0,563
lungaca1753.jpeg,0,581
lungaca1754.jpeg,0,581
lungaca1755.jpeg,0,680
lungaca1757.jpeg,0,588
lungaca1760.jpeg,0,539
lungaca1762.jpeg,0,552
lungaca1763.jpeg,0,552
lungaca1764.jpeg,0,577
lungaca1766.jpeg,0,662
lungaca1768.jpeg,0,546
lungaca1769.jpeg,0,645
lungaca1770.jpeg,0,637
lungaca1771.jpeg,0,602
lungaca1772.jpeg,0,506
lungaca1773.jpeg,0,524
lungaca1774.jpeg,0,703
lungaca1775.jpeg,0,615
lungaca1776.jpeg,0,591
lungaca1777.jpeg,0,715
lungaca1778.jpeg,0,557
lungaca1779.jpeg,0,704
lungaca178.jpeg,0,726
lungaca1781.jpeg,0,682
lungaca1782.jpeg,0,534
lungaca1785.jpeg,0,698
lungaca1786.jpeg,0,642
lungaca1787.jpeg,0,745
lungaca1788.jpeg,0,544
lungaca1789.jpeg,0,691
lungaca1791.jpeg,0,710
lungaca1794.jpeg,0,713
lungaca1795.jpeg,0,604
lungaca1796.jpeg,0,604
lungaca1797.jpeg,0,695
lungaca1798.jpeg,0,695
lungaca18.jpeg,0,678
lungaca180.jpeg,0,507
lungaca1800.jpeg,0,675
lungaca1803.jpeg,0,578
lungaca1804.jpeg,0,524
lungaca1806.jpeg,0,699
lungaca1807.jpeg,0,539
lungaca1808.jpeg,0,700
lungaca181.jpeg,0,685
lungaca1810.jpeg,0,635
lungaca1811.jpeg,0,539
lungaca1814.jpeg,0,599
lungaca1815.jpeg,0,577
lungaca1816.jpeg,0,631
lungaca1818.jpeg,0,538
lungaca1819.jpeg,0,538
lungaca182.jpeg,0,695
lungaca1820.jpeg,0,538
lungaca1821.jpeg,0,627
lungaca1822.jpeg,0,562
lungaca1823.jpeg,0,562
lungaca1825.jpeg,0,602
lungaca1826.jpeg,0,602
lungaca1827.jpeg,0,602
lungaca1828.jpeg,0,564
lungaca1829.jpeg,0,506
lungaca183.jpeg,0,679
lungaca1830.jpeg,0,524
lungaca1832.jpeg,0,509
lungaca1833.jpeg,0,703
lungaca1836.jpeg,0,649
lungaca1840.jpeg,0,619
lungaca1842.jpeg,0,536
lungaca1843.jpeg,0,641
lungaca1844.jpeg,0,747
lungaca1845.jpeg,0,686
lungaca1846.jpeg,0,629
lungaca1847.jpeg,0,528
lungaca1849.jpeg,0,585
lungaca185.jpeg,0,742
lungaca1851.jpeg,0,687
lungaca1852.jpeg,0,566
lungaca1853.jpeg,0,515
lungaca1855.jpeg,0,633
lungaca1857.jpeg,0,578
lungaca186.jpeg,0,626
lungaca1861.jpeg,0,529
lungaca1863.jpeg,0,540
lungaca1865.jpeg,0,600
lungaca1867.jpeg,0,652
lungaca1868.jpeg,0,563
lungaca1869.jpeg,0,581
lungaca187.jpeg,0,545
lungaca1874.jpeg,0,635
lungaca1877.jpeg,0,539
lungaca1878.jpeg,0,539
lungaca1879.jpeg,0,539
lungaca1880.jpeg,0,618
lungaca1881.jpeg,0,618
lungaca1882.jpeg,0,577
lungaca1883.jpeg,0,601
lungaca1884.jpeg,0,627
lungaca1885.jpeg,0,583
lungaca1886.jpeg,0,667
lungaca1887.jpeg,0,546
lungaca1888.jpeg,0,553
lungaca1889.jpeg,0,621
lungaca189.jpeg,0,529
lungaca1890.jpeg,0,602
lungaca1891.jpeg,0,520
lungaca1892.jpeg,0,593
lungaca1893.jpeg,0,649
lungaca1894.jpeg,0,649
lungaca1896.jpeg,0,534
lungaca1897.jpeg,0,534
lungaca1898.jpeg,0,597
lungaca1899.jpeg,0,681
lungaca19.jpeg,0,634
lungaca1900.jpeg,0,608
lungaca1901.jpeg,0,738
lungaca1902.jpeg,0,513
lungaca1903.jpeg,0,510
lungaca1904.jpeg,0,698
lungaca1905.jpeg,0,641
lungaca1906.jpeg,0,641
lungaca1907.jpeg,0,642
lungaca1908.jpeg,0,745
lungaca1909.jpeg,0,686
lungaca191.jpeg,0,623
lungaca1911.jpeg,0,554
lungaca1913.jpeg,0,726
lungaca1914.jpeg,0,585
lungaca1915.jpeg,0,585
lungaca1916.jpeg,0,585
lungaca1918.jpeg,0,589
lungaca1919.jpeg,0,685
lungaca192.jpeg,0,516
lungaca1920.jpeg,0,573
lungaca1921.jpeg,0,678
lungaca1923.jpeg,0,512
lungaca1924.jpeg,0,578
lungaca1926.jpeg,0,623
lungaca1927.jpeg,0,521
lungaca1928.jpeg,0,733
lungaca1929.jpeg,0,524
lungaca1930.jpeg,0,598
lungaca1931.jpeg,0,598
lungaca1933.jpeg,0,739
lungaca1935.jpeg,0,550
lungaca1936.jpeg,0,550
lungaca1937.jpeg,0,581
lungaca1939.jpeg,0,705
lungaca194.jpeg,0,598
lungaca1940.jpeg,0,531
lungaca1944.jpeg,0,539
lungaca1947.jpeg,0,599
lungaca1948.jpeg,0,601
lungaca1949.jpeg,0,662
lungaca1950.jpeg,0,662
lungaca1951.jpeg,0,639
lungaca1952.jpeg,0,667
lungaca1954.jpeg,0,562
lungaca1955.jpeg,0,553
lungaca1956.jpeg,0,524
lungaca1957.jpeg,0,520
lungaca1958.jpeg,0,703
lungaca1959.jpeg,0,622
lungaca196.jpeg,0,724
lungaca1961.jpeg,0,587
lungaca1962.jpeg,0,557
lungaca1963.jpeg,0,682
lungaca1964.jpeg,0,534
lungaca1965.jpeg,0,701
lungaca1969.jpeg,0,642
lungaca1970.jpeg,0,672
lungaca1972.jpeg,0,605
lungaca1973.jpeg,0,554
lungaca1974.jpeg,0,586
lungaca1975.jpeg,0,653
lungaca1977.jpeg,0,687
lungaca1978.jpeg,0,687
lungaca1979.jpeg,0,604
lungaca198.jpeg,0,550
lungaca1981.jpeg,0,565
lungaca1982.jpeg,0,565
lungaca1983.jpeg,0,565
lungaca1984.jpeg,0,565
lungaca1985.jpeg,0,679
lungaca1988.jpeg,0,535
lungaca1989.jpeg,0,623
lungaca1991.jpeg,0,646
lungaca1994.jpeg,0,600
lungaca1995.jpeg,0,724
lungaca1996.jpeg,0,699
lungaca1997.jpeg,0,714
lungaca1999.jpeg,0,680
lungaca20.jpeg,0,515
lungaca2000.jpeg,0,640
lungaca2001.jpeg,0,558
lungaca2003.jpeg,0,552
lungaca2004.jpeg,0,618
lungaca2005.jpeg,0,568
lungaca2007.jpeg,0,706
lungaca2008.jpeg,0,599
lungaca2013.jpeg,0,639
lungaca2014.jpeg,0,639
lungaca2016.jpeg,0,660
lungaca2017.jpeg,0,637
lungaca2019.jpeg,0,509
lungaca2021.jpeg,0,659
lungaca2023.jpeg,0,681
lungaca2024.jpeg,0,738
lungaca2025.jpeg,0,536
lungaca2026.jpeg,0,744
lungaca2028.jpeg,0,522
lungaca2029.jpeg,0,561
lungaca2030.jpeg,0,561
lungaca2031.jpeg,0,544
lungaca2032.jpeg,0,544
lungaca2034.jpeg,0,629
lungaca2037.jpeg,0,656
lungaca2038.jpeg,0,713
lungaca2039.jpeg,0,573
lungaca204.jpeg,0,552
lungaca2040.jpeg,0,678
lungaca2041.jpeg,0,692
lungaca2042.jpeg,0,692
lungaca2043.jpeg,0,515
lungaca2045.jpeg,0,545
lungaca2049.jpeg,0,535
lungaca205.jpeg,0,577
lungaca2052.jpeg,0,717
lungaca2055.jpeg,0,598
lungaca2056.jpeg,0,714
lungaca2057.jpeg,0,652
lungaca2058.jpeg,0,539
lungaca2059.jpeg,0,563
lungaca206.jpeg,0,556
lungaca2060.jpeg,0,700
lungaca2061.jpeg,0,700
lungaca2062.jpeg,0,571
lungaca2063.jpeg,0,680
lungaca2064.jpeg,0,680
lungaca2065.jpeg,0,680
lungaca2068.jpeg,0,588
lungaca207.jpeg,0,676
lungaca2071.jpeg,0,635
lungaca2074.jpeg,0,599
lungaca2075.jpeg,0,631
lungaca2076.jpeg,0,533
lungaca2077.jpeg,0,741
lungaca2078.jpeg,0,639
lungaca208.jpeg,0,533
lungaca2080.jpeg,0,637
lungaca2081.jpeg,0,621
lungaca2082.jpeg,0,621
lungaca2083.jpeg,0,661
lungaca2085.jpeg,0,572
lungaca2086.jpeg,0,657
lungaca2088.jpeg,0,597
lungaca209.jpeg,0,583
lungaca2090.jpeg,0,525
lungaca2091.jpeg,0,609
lungaca2092.jpeg,0,544
lungaca2093.jpeg,0,544
lungaca2094.jpeg,0,686
lungaca2096.jpeg,0,630
lungaca2097.jpeg,0,514
lungaca2098.jpeg,0,586
lungaca210.jpeg,0,639
lungaca2100.jpeg,0,541
lungaca2101.jpeg,0,541
lungaca2102.jpeg,0,541
lungaca2103.jpeg,0,552
lungaca2104.jpeg,0,589
lungaca2105.jpeg,0,685
lungaca2108.jpeg,0,633
lungaca2113.jpeg,0,535
lungaca2114.jpeg,0,529
lungaca2115.jpeg,0,720
lungaca2116.jpeg,0,521
lungaca2117.jpeg,0,731
lungaca2119.jpeg,0,600
lungaca212.jpeg,0,562
lungaca2120.jpeg,0,739
lungaca2121.jpeg,0,739
lungaca2125.jpeg,0,705
lungaca2127.jpeg,0,552
lungaca2128.jpeg,0,631
lungaca2129.jpeg,0,601
lungaca213.jpeg,0,748
lungaca2132.jpeg,0,538
lungaca2133.jpeg,0,583
lungaca2136.jpeg,0,593
lungaca2139.jpeg,0,703
lungaca214.jpeg,0,621
lungaca2140.jpeg,0,622
lungaca2142.jpeg,0,682
lungaca2143.jpeg,0,682
lungaca2144.jpeg,0,597
lungaca2145.jpeg,0,597
lungaca2146.jpeg,0,619
lungaca2147.jpeg,0,608
lungaca2148.jpeg,0,525
lungaca2149.jpeg,0,522
lungaca215.jpeg,0,587
lungaca2150.jpeg,0,674
lungaca2151.jpeg,0,641
lungaca2153.jpeg,0,559
lungaca2154.jpeg,0,551
lungaca2157.jpeg,0,687
lungaca2158.jpeg,0,589
lungaca216.jpeg,0,704
lungaca2160.jpeg,0,695
lungaca2161.jpeg,0,565
lungaca2162.jpeg,0,565
lungaca2164.jpeg,0,578
lungaca2167.jpeg,0,535
lungaca2168.jpeg,0,720
lungaca2169.jpeg,0,598
lungaca2170.jpeg,0,643
lungaca2171.jpeg,0,650
lungaca2172.jpeg,0,600
lungaca2176.jpeg,0,563
lungaca2177.jpeg,0,563
lungaca2178.jpeg,0,550
lungaca2179.jpeg,0,680
lungaca2181.jpeg,0,635
lungaca2182.jpeg,0,618
lungaca2185.jpeg,0,538
lungaca2186.jpeg,0,639
lungaca2188.jpeg,0,636
lungaca2189.jpeg,0,602
lungaca219.jpeg,0,513
lungaca2190.jpeg,0,661
lungaca2191.jpeg,0,506
lungaca2192.jpeg,0,593
lungaca2193.jpeg,0,593
lungaca2194.jpeg,0,518
lungaca2196.jpeg,0,591
lungaca2197.jpeg,0,587
lungaca2198.jpeg,0,715
lungaca2199.jpeg,0,557
lungaca2200.jpeg,0,682
lungaca2201.jpeg,0,612
lungaca2202.jpeg,0,612
lungaca2203.jpeg,0,534
lungaca2204.jpeg,0,510
lungaca2205.jpeg,0,747
lungaca2206.jpeg,0,745
lungaca2208.jpeg,0,605
lungaca2209.jpeg,0,554
lungaca221.jpeg,0,745
lungaca2210.jpeg,0,718
lungaca2211.jpeg,0,616
lungaca2213.jpeg,0,585
lungaca2215.jpeg,0,566
lungaca2216.jpeg,0,666
lungaca2219.jpeg,0,634
lungaca222.jpeg,0,554
lungaca2220.jpeg,0,692
lungaca2221.jpeg,0,515
lungaca2222.jpeg,0,578
lungaca2223.jpeg,0,694
lungaca2225.jpeg,0,623
lungaca2226.jpeg,0,743
lungaca2227.jpeg,0,524
lungaca2228.jpeg,0,524
lungaca2229.jpeg,0,646
lungaca223.jpeg,0,548
lungaca2230.jpeg,0,643
lungaca2231.jpeg,0,650
lungaca2232.jpeg,0,600
lungaca2233.jpeg,0,652
lungaca2234.jpeg,0,652
lungaca2235.jpeg,0,652
lungaca2236.jpeg,0,563
lungaca2237.jpeg,0,550
lungaca2238.jpeg,0,571
lungaca224.jpeg,0,514
lungaca2240.jpeg,0,689
lungaca2242.jpeg,0,728
lungaca2243.jpeg,0,577
lungaca2244.jpeg,0,556
lungaca2246.jpeg,0,741
lungaca2248.jpeg,0,636
lungaca2249.jpeg,0,748
lungaca225.jpeg,0,554
lungaca2250.jpeg,0,602
lungaca2251.jpeg,0,661
lungaca2252.jpeg,0,509
lungaca2254.jpeg,0,659
lungaca2255.jpeg,0,615
lungaca2256.jpeg,0,622
lungaca2257.jpeg,0,649
lungaca2258.jpeg,0,704
lungaca2259.jpeg,0,534
lungaca226.jpeg,0,586
lungaca2260.jpeg,0,681
lungaca2262.jpeg,0,513
lungaca2263.jpeg,0,510
lungaca2264.jpeg,0,525
lungaca2265.jpeg,0,522
lungaca2266.jpeg,0,561
lungaca2267.jpeg,0,559
lungaca227.jpeg,0,629
lungaca2271.jpeg,0,718
lungaca2274.jpeg,0,552
lungaca2275.jpeg,0,721
lungaca2276.jpeg,0,507
lungaca2277.jpeg,0,565
lungaca2278.jpeg,0,566
lungaca2279.jpeg,0,666
lungaca228.jpeg,0,616
lungaca2281.jpeg,0,634
lungaca2282.jpeg,0,692
lungaca2283.jpeg,0,512
lungaca2288.jpeg,0,529
lungaca2290.jpeg,0,524
lungaca2291.jpeg,0,524
lungaca2292.jpeg,0,643
lungaca2293.jpeg,0,650
lungaca2295.jpeg,0,652
lungaca2296.jpeg,0,563
lungaca2297.jpeg,0,680
lungaca2299.jpeg,0,531
lungaca2302.jpeg,0,568
lungaca2303.jpeg,0,631
lungaca2304.jpeg,0,631
lungaca2305.jpeg,0,556
lungaca2308.jpeg,0,645
lungaca231.jpeg,0,620
lungaca2312.jpeg,0,602
lungaca2313.jpeg,0,524
lungaca2314.jpeg,0,509
lungaca2315.jpeg,0,593
lungaca2316.jpeg,0,659
lungaca2317.jpeg,0,572
lungaca2318.jpeg,0,704
lungaca2319.jpeg,0,671
lungaca2322.jpeg,0,648
lungaca2323.jpeg,0,674
lungaca2324.jpeg,0,641
lungaca2326.jpeg,0,611
lungaca2328.jpeg,0,672
lungaca2329.jpeg,0,686
lungaca2330.jpeg,0,554
lungaca2331.jpeg,0,691
lungaca2332.jpeg,0,710
lungaca2333.jpeg,0,638
lungaca2335.jpeg,0,713
lungaca2337.jpeg,0,604
lungaca2338.jpeg,0,565
lungaca2339.jpeg,0,678
lungaca2340.jpeg,0,634
lungaca2342.jpeg,0,742
lungaca2343.jpeg,0,578
lungaca2345.jpeg,0,623
lungaca2346.jpeg,0,516
lungaca2347.jpeg,0,731
lungaca2348.jpeg,0,731
lungaca2349.jpeg,0,646
lungaca235.jpeg,0,634
lungaca2352.jpeg,0,714
lungaca2354.jpeg,0,571
lungaca2355.jpeg,0,571
lungaca2356.jpeg,0,588
lungaca2357.jpeg,0,531
lungaca2359.jpeg,0,689
lungaca2364.jpeg,0,618
lungaca2365.jpeg,0,618
lungaca2366.jpeg,0,568
lungaca2367.jpeg,0,568
lungaca2368.jpeg,0,728
lungaca2369.jpeg,0,631
lungaca237.jpeg,0,675
lungaca2370.jpeg,0,556
lungaca2371.jpeg,0,676
lungaca2372.jpeg,0,538
lungaca2374.jpeg,0,639
lungaca2375.jpeg,0,711
lungaca2376.jpeg,0,562
lungaca2378.jpeg,0,520
lungaca2379.jpeg,0,518
lungaca238.jpeg,0,732
lungaca2381.jpeg,0,591
lungaca2382.jpeg,0,704
lungaca2383.jpeg,0,619
lungaca2385.jpeg,0,513
lungaca2386.jpeg,0,513
lungaca2387.jpeg,0,536
lungaca2388.jpeg,0,744
lungaca2389.jpeg,0,744
lungaca239.jpeg,0,578
lungaca2392.jpeg,0,674
lungaca2393.jpeg,0,561
lungaca2394.jpeg,0,609
lungaca2395.jpeg,0,559
lungaca2396.jpeg,0,691
lungaca2397.jpeg,0,629
lungaca2398.jpeg,0,629
lungaca2399.jpeg,0,710
lungaca24.jpeg,0,598
lungaca240.jpeg,0,535
lungaca2400.jpeg,0,551
lungaca2402.jpeg,0,721
lungaca2404.jpeg,0,725
lungaca2405.jpeg,0,566
lungaca2406.jpeg,0,666
lungaca2407.jpeg,0,678
lungaca241.jpeg,0,529
lungaca2411.jpeg,0,626
lungaca2412.jpeg,0,545
lungaca2414.jpeg,0,529
lungaca2415.jpeg,0,529
lungaca2417.jpeg,0,521
lungaca2418.jpeg,0,643
lungaca2419.jpeg,0,650
lungaca242.jpeg,0,720
lungaca2421.jpeg,0,739
lungaca2423.jpeg,0,539
lungaca2424.jpeg,0,700
lungaca2425.jpeg,0,680
lungaca2426.jpeg,0,558
lungaca2429.jpeg,0,689
lungaca243.jpeg,0,623
lungaca2431.jpeg,0,568
lungaca2432.jpeg,0,706
lungaca2433.jpeg,0,706
lungaca2435.jpeg,0,662
lungaca2436.jpeg,0,538
lungaca2439.jpeg,0,660
lungaca244.jpeg,0,540
lungaca2440.jpeg,0,564
lungaca2441.jpeg,0,509
lungaca2442.jpeg,0,518
lungaca2444.jpeg,0,572
lungaca2445.jpeg,0,654
lungaca2447.jpeg,0,513
lungaca2448.jpeg,0,648
lungaca2449.jpeg,0,536
lungaca245.jpeg,0,646
lungaca2450.jpeg,0,522
lungaca2452.jpeg,0,686
lungaca2455.jpeg,0,554
lungaca2456.jpeg,0,691
lungaca2457.jpeg,0,528
lungaca2459.jpeg,0,638
lungaca2461.jpeg,0,585
lungaca2463.jpeg,0,687
lungaca2465.jpeg,0,573
lungaca2466.jpeg,0,565
lungaca2467.jpeg,0,678
lungaca2468.jpeg,0,692
lungaca2469.jpeg,0,512
lungaca247.jpeg,0,600
lungaca2470.jpeg,0,742
lungaca2472.jpeg,0,529
lungaca2473.jpeg,0,743
lungaca2474.jpeg,0,516
lungaca2475.jpeg,0,731
lungaca2476.jpeg,0,646
lungaca2477.jpeg,0,598
lungaca2478.jpeg,0,724
lungaca2479.jpeg,0,699
lungaca2480.jpeg,0,652
lungaca2481.jpeg,0,539
lungaca2482.jpeg,0,550
lungaca2483.jpeg,0,550
lungaca2487.jpeg,0,552
lungaca2489.jpeg,0,577
lungaca249.jpeg,0,714
lungaca2490.jpeg,0,627
lungaca2491.jpeg,0,583
lungaca2492.jpeg,0,702
lungaca2495.jpeg,0,506
lungaca2496.jpeg,0,593
lungaca2498.jpeg,0,715
lungaca2499.jpeg,0,557
lungaca250.jpeg,0,539
lungaca2500.jpeg,0,557
lungaca2501.jpeg,0,697
lungaca2502.jpeg,0,682
lungaca2504.jpeg,0,744
lungaca2505.jpeg,0,525
lungaca2506.jpeg,0,674
lungaca2508.jpeg,0,641
lungaca2511.jpeg,0,686
lungaca2512.jpeg,0,630
lungaca2515.jpeg,0,552
lungaca2516.jpeg,0,620
lungaca2517.jpeg,0,573
lungaca2518.jpeg,0,565
lungaca2520.jpeg,0,692
lungaca2521.jpeg,0,512
lungaca2525.jpeg,0,709
lungaca2526.jpeg,0,732
lungaca2527.jpeg,0,545
lungaca2529.jpeg,0,535
lungaca253.jpeg,0,618
lungaca2530.jpeg,0,623
lungaca2531.jpeg,0,524
lungaca2532.jpeg,0,646
lungaca2533.jpeg,0,643
lungaca2538.jpeg,0,563
lungaca2539.jpeg,0,550
lungaca254.jpeg,0,538
lungaca2540.jpeg,0,571
lungaca2541.jpeg,0,640
lungaca2542.jpeg,0,531
lungaca2544.jpeg,0,689
lungaca2548.jpeg,0,741
lungaca255.jpeg,0,538
lungaca2551.jpeg,0,711
lungaca2552.jpeg,0,546
lungaca2553.jpeg,0,546
lungaca2554.jpeg,0,546
lungaca2555.jpeg,0,564
lungaca2559.jpeg,0,703
lungaca256.jpeg,0,627
lungaca2560.jpeg,0,622
lungaca2561.jpeg,0,591
lungaca2562.jpeg,0,591
lungaca2563.jpeg,0,697
lungaca2564.jpeg,0,654
lungaca2565.jpeg,0,534
lungaca2566.jpeg,0,534
lungaca2568.jpeg,0,738
lungaca2569.jpeg,0,536
lungaca257.jpeg,0,741
lungaca2571.jpeg,0,674
lungaca2572.jpeg,0,609
lungaca2573.jpeg,0,642
lungaca2574.jpeg,0,686
lungaca2576.jpeg,0,586
lungaca2578.jpeg,0,713
lungaca2579.jpeg,0,653
lungaca258.jpeg,0,667
lungaca2581.jpeg,0,552
lungaca2582.jpeg,0,620
lungaca2583.jpeg,0,685
lungaca2588.jpeg,0,626
lungaca2590.jpeg,0,529
lungaca2591.jpeg,0,516
lungaca2592.jpeg,0,731
lungaca2593.jpeg,0,670
lungaca2594.jpeg,0,524
lungaca2595.jpeg,0,643
lungaca2596.jpeg,0,643
lungaca2600.jpeg,0,600
lungaca2601.jpeg,0,739
lungaca2602.jpeg,0,581
lungaca2604.jpeg,0,531
lungaca2605.jpeg,0,618
lungaca2608.jpeg,0,601
lungaca261.jpeg,0,684
lungaca2610.jpeg,0,627
lungaca2611.jpeg,0,667
lungaca2614.jpeg,0,636
lungaca2615.jpeg,0,553
lungaca2616.jpeg,0,660
lungaca2617.jpeg,0,660
lungaca2618.jpeg,0,748
lungaca2619.jpeg,0,703
lungaca262.jpeg,0,684
lungaca2620.jpeg,0,649
lungaca2621.jpeg,0,704
lungaca2622.jpeg,0,671
lungaca2623.jpeg,0,697
lungaca2624.jpeg,0,654
lungaca2625.jpeg,0,534
lungaca2626.jpeg,0,597
lungaca2627.jpeg,0,513
lungaca2628.jpeg,0,561
lungaca2629.jpeg,0,609
lungaca2630.jpeg,0,641
lungaca2631.jpeg,0,605
lungaca2634.jpeg,0,718
lungaca2636.jpeg,0,616
lungaca2637.jpeg,0,541
lungaca264.jpeg,0,621
lungaca2640.jpeg,0,687
lungaca2641.jpeg,0,507
lungaca2642.jpeg,0,589
lungaca2643.jpeg,0,620
lungaca2644.jpeg,0,685
lungaca2646.jpeg,0,573
lungaca2647.jpeg,0,565
lungaca2648.jpeg,0,725
lungaca2652.jpeg,0,578
lungaca2653.jpeg,0,545
lungaca2654.jpeg,0,545
lungaca2657.jpeg,0,717
lungaca2658.jpeg,0,643
lungaca266.jpeg,0,506
lungaca2661.jpeg,0,563
lungaca2662.jpeg,0,581
lungaca2664.jpeg,0,588
lungaca2665.jpeg,0,531
lungaca2666.jpeg,0,689
lungaca2667.jpeg,0,635
lungaca2668.jpeg,0,552
lungaca2669.jpeg,0,618
lungaca2670.jpeg,0,568
lungaca2671.jpeg,0,568
lungaca2672.jpeg,0,728
lungaca2673.jpeg,0,599
lungaca2674.jpeg,0,676
lungaca2675.jpeg,0,533
lungaca2676.jpeg,0,639
lungaca2677.jpeg,0,702
lungaca268.jpeg,0,591
lungaca2681.jpeg,0,546
lungaca2682.jpeg,0,562
lungaca2683.jpeg,0,562
lungaca2684.jpeg,0,506
lungaca2685.jpeg,0,506
lungaca2686.jpeg,0,520
lungaca2687.jpeg,0,615
lungaca2689.jpeg,0,591
lungaca269.jpeg,0,587
lungaca2690.jpeg,0,697
lungaca2691.jpeg,0,682
lungaca2692.jpeg,0,701
lungaca2693.jpeg,0,648
lungaca2694.jpeg,0,648
lungaca2696.jpeg,0,698
lungaca2697.jpeg,0,561
lungaca2698.jpeg,0,641
lungaca2699.jpeg,0,641
lungaca2700.jpeg,0,745
lungaca2703.jpeg,0,605
lungaca2704.jpeg,0,554
lungaca2705.jpeg,0,616
lungaca2707.jpeg,0,726
lungaca2708.jpeg,0,656
lungaca2709.jpeg,0,653
lungaca271.jpeg,0,730
lungaca2710.jpeg,0,552
lungaca2711.jpeg,0,620
lungaca2713.jpeg,0,565
lungaca2714.jpeg,0,692
lungaca2715.jpeg,0,545
lungaca2717.jpeg,0,540
lungaca2718.jpeg,0,540
lungaca2719.jpeg,0,516
lungaca2720.jpeg,0,670
lungaca2721.jpeg,0,646
lungaca2723.jpeg,0,699
lungaca2725.jpeg,0,680
lungaca273.jpeg,0,597
lungaca2730.jpeg,0,618
lungaca2731.jpeg,0,599
lungaca2732.jpeg,0,601
lungaca2733.jpeg,0,533
lungaca2734.jpeg,0,538
lungaca2735.jpeg,0,741
lungaca2737.jpeg,0,660
lungaca2738.jpeg,0,661
lungaca274.jpeg,0,701
lungaca2740.jpeg,0,591
lungaca2741.jpeg,0,715
lungaca2742.jpeg,0,657
lungaca2743.jpeg,0,597
lungaca2748.jpeg,0,554
lungaca2749.jpeg,0,554
lungaca2750.jpeg,0,554
lungaca2751.jpeg,0,691
lungaca2753.jpeg,0,638
lungaca2754.jpeg,0,656
lungaca2755.jpeg,0,585
lungaca2756.jpeg,0,653
lungaca2758.jpeg,0,721
lungaca2759.jpeg,0,507
lungaca276.jpeg,0,513
lungaca2760.jpeg,0,678
lungaca2762.jpeg,0,633
lungaca2763.jpeg,0,742
lungaca2766.jpeg,0,578
lungaca2768.jpeg,0,540
lungaca2769.jpeg,0,516
lungaca277.jpeg,0,536
lungaca2771.jpeg,0,670
lungaca2773.jpeg,0,598
lungaca2774.jpeg,0,652
lungaca2775.jpeg,0,581
lungaca278.jpeg,0,674
lungaca2780.jpeg,0,705
lungaca2781.jpeg,0,635
lungaca2784.jpeg,0,539
lungaca2785.jpeg,0,552
lungaca2786.jpeg,0,728
lungaca2787.jpeg,0,577
lungaca2789.jpeg,0,631
lungaca2793.jpeg,0,533
lungaca2794.jpeg,0,583
lungaca2795.jpeg,0,702
lungaca2798.jpeg,0,684
lungaca2801.jpeg,0,660
lungaca2802.jpeg,0,518
lungaca2803.jpeg,0,704
lungaca2804.jpeg,0,654
lungaca2805.jpeg,0,597
lungaca2809.jpeg,0,536
lungaca2810.jpeg,0,744
lungaca2811.jpeg,0,510
lungaca2813.jpeg,0,609
lungaca2814.jpeg,0,641
lungaca2815.jpeg,0,745
lungaca2816.jpeg,0,559
lungaca2818.jpeg,0,605
lungaca2819.jpeg,0,605
lungaca2820.jpeg,0,691
lungaca2822.jpeg,0,586
lungaca2823.jpeg,0,653
lungaca2824.jpeg,0,695
lungaca2825.jpeg,0,634
lungaca2826.jpeg,0,692
lungaca2828.jpeg,0,512
lungaca283.jpeg,0,554
lungaca2830.jpeg,0,679
lungaca2831.jpeg,0,742
lungaca2833.jpeg,0,545
lungaca2834.jpeg,0,743
lungaca2835.jpeg,0,743
lungaca2836.jpeg,0,516
lungaca2838.jpeg,0,643
lungaca2839.jpeg,0,739
lungaca284.jpeg,0,548
lungaca2840.jpeg,0,714
lungaca2842.jpeg,0,652
lungaca2843.jpeg,0,563
lungaca2846.jpeg,0,567
lungaca2848.jpeg,0,618
lungaca2849.jpeg,0,728
lungaca285.jpeg,0,586
lungaca2850.jpeg,0,577
lungaca2851.jpeg,0,631
lungaca2852.jpeg,0,662
lungaca2853.jpeg,0,676
lungaca2854.jpeg,0,533
lungaca2855.jpeg,0,533
lungaca2856.jpeg,0,639
lungaca2857.jpeg,0,636
lungaca2858.jpeg,0,621
lungaca2859.jpeg,0,661
lungaca286.jpeg,0,726
lungaca2862.jpeg,0,518
lungaca2863.jpeg,0,715
lungaca2864.jpeg,0,572
lungaca2865.jpeg,0,572
lungaca2869.jpeg,0,513
lungaca287.jpeg,0,726
lungaca2872.jpeg,0,674
lungaca2874.jpeg,0,745
lungaca2878.jpeg,0,514
lungaca2879.jpeg,0,554
lungaca288.jpeg,0,726
lungaca2880.jpeg,0,691
lungaca2882.jpeg,0,586
lungaca2883.jpeg,0,616
lungaca2886.jpeg,0,507
lungaca2887.jpeg,0,604
lungaca2888.jpeg,0,604
lungaca289.jpeg,0,585
lungaca2891.jpeg,0,634
lungaca2892.jpeg,0,634
lungaca2893.jpeg,0,515
lungaca2894.jpeg,0,675
lungaca2897.jpeg,0,529
lungaca2898.jpeg,0,743
lungaca2899.jpeg,0,731
lungaca29.jpeg,0,568
lungaca290.jpeg,0,721
lungaca2900.jpeg,0,670
lungaca2901.jpeg,0,524
lungaca2902.jpeg,0,646
lungaca2903.jpeg,0,643
lungaca2904.jpeg,0,600
lungaca2905.jpeg,0,714
lungaca2906.jpeg,0,652
lungaca2907.jpeg,0,652
lungaca2909.jpeg,0,567
lungaca291.jpeg,0,507
lungaca2910.jpeg,0,728
lungaca2913.jpeg,0,533
lungaca2914.jpeg,0,538
lungaca2916.jpeg,0,636
lungaca2917.jpeg,0,553
lungaca2918.jpeg,0,621
lungaca2919.jpeg,0,520
lungaca292.jpeg,0,589
lungaca2920.jpeg,0,509
lungaca2921.jpeg,0,518
lungaca2922.jpeg,0,591
lungaca2923.jpeg,0,597
lungaca2924.jpeg,0,619
lungaca2925.jpeg,0,681
lungaca2926.jpeg,0,536
lungaca2927.jpeg,0,744
lungaca2928.jpeg,0,744
lungaca2929.jpeg,0,609
lungaca293.jpeg,0,515
lungaca2930.jpeg,0,611
lungaca2931.jpeg,0,559
lungaca2933.jpeg,0,528
lungaca2936.jpeg,0,726
lungaca2937.jpeg,0,656
lungaca2938.jpeg,0,713
lungaca2939.jpeg,0,585
lungaca2940.jpeg,0,552
lungaca2941.jpeg,0,604
lungaca2942.jpeg,0,589
lungaca2943.jpeg,0,566
lungaca2944.jpeg,0,692
lungaca2945.jpeg,0,692
lungaca2947.jpeg,0,679
lungaca2950.jpeg,0,720
lungaca2951.jpeg,0,623
lungaca2952.jpeg,0,731
lungaca2953.jpeg,0,670
lungaca2955.jpeg,0,714
lungaca2956.jpeg,0,700
lungaca2957.jpeg,0,571
lungaca2958.jpeg,0,581
lungaca296.jpeg,0,633
lungaca2960.jpeg,0,558
lungaca2961.jpeg,0,558
lungaca2962.jpeg,0,689
lungaca2963.jpeg,0,567
lungaca2969.jpeg,0,631
lungaca297.jpeg,0,742
lungaca2970.jpeg,0,601
lungaca2973.jpeg,0,639
lungaca2974.jpeg,0,702
lungaca2975.jpeg,0,684
lungaca2976.jpeg,0,660
lungaca2977.jpeg,0,621
lungaca2978.jpeg,0,621
lungaca298.jpeg,0,709
lungaca2981.jpeg,0,715
lungaca2982.jpeg,0,715
lungaca2983.jpeg,0,715
lungaca2984.jpeg,0,557
lungaca2985.jpeg,0,730
lungaca2987.jpeg,0,612
lungaca2988.jpeg,0,654
lungaca299.jpeg,0,545
lungaca2992.jpeg,0,648
lungaca2993.jpeg,0,536
lungaca2994.jpeg,0,698
lungaca2996.jpeg,0,609
lungaca2997.jpeg,0,642
lungaca2999.jpeg,0,630
lungaca30.jpeg,0,599
lungaca3001.jpeg,0,514
lungaca3002.jpeg,0,554
lungaca3004.jpeg,0,629
lungaca3005.jpeg,0,541
lungaca3006.jpeg,0,653
lungaca3009.jpeg,0,721
lungaca3010.jpeg,0,507
lungaca3011.jpeg,0,515
lungaca3016.jpeg,0,626
lungaca3017.jpeg,0,732
lungaca3018.jpeg,0,529
lungaca3019.jpeg,0,743
lungaca3023.jpeg,0,714
lungaca3025.jpeg,0,550
lungaca3026.jpeg,0,581
lungaca303.jpeg,0,720
lungaca3031.jpeg,0,552
lungaca3032.jpeg,0,568
lungaca3033.jpeg,0,728
lungaca3034.jpeg,0,599
lungaca3035.jpeg,0,601
lungaca3036.jpeg,0,556
lungaca3037.jpeg,0,662
lungaca3038.jpeg,0,662
lungaca304.jpeg,0,743
lungaca3040.jpeg,0,741
lungaca3041.jpeg,0,667
lungaca3044.jpeg,0,703
lungaca3045.jpeg,0,622
lungaca3046.jpeg,0,715
lungaca3047.jpeg,0,654
lungaca3048.jpeg,0,654
lungaca305.jpeg,0,521
lungaca3050.jpeg,0,522
lungaca3051.jpeg,0,609
lungaca3052.jpeg,0,641
lungaca3054.jpeg,0,611
lungaca3056.jpeg,0,691
lungaca3057.jpeg,0,638
lungaca3058.jpeg,0,690
lungaca3059.jpeg,0,693
lungaca306.jpeg,0,524
lungaca3060.jpeg,0,620
lungaca3063.jpeg,0,626
lungaca3064.jpeg,0,578
lungaca3066.jpeg,0,623
lungaca3067.jpeg,0,516
lungaca3069.jpeg,0,650
lungaca307.jpeg,0,646
lungaca3070.jpeg,0,652
lungaca3071.jpeg,0,539
lungaca3072.jpeg,0,571
lungaca3075.jpeg,0,635
lungaca3077.jpeg,0,568
lungaca3078.jpeg,0,577
lungaca308.jpeg,0,600
lungaca3080.jpeg,0,676
lungaca3081.jpeg,0,538
lungaca3082.jpeg,0,627
lungaca3083.jpeg,0,583
lungaca3084.jpeg,0,684
lungaca3088.jpeg,0,593
lungaca3090.jpeg,0,622
lungaca3091.jpeg,0,649
lungaca3092.jpeg,0,587
lungaca3093.jpeg,0,572
lungaca3094.jpeg,0,572
lungaca3095.jpeg,0,572
lungaca3096.jpeg,0,612
lungaca3097.jpeg,0,534
lungaca3099.jpeg,0,536
lungaca31.jpeg,0,677
lungaca3101.jpeg,0,536
lungaca3103.jpeg,0,510
lungaca3105.jpeg,0,641
lungaca3106.jpeg,0,747
lungaca3108.jpeg,0,710
lungaca3109.jpeg,0,528
lungaca3110.jpeg,0,638
lungaca3111.jpeg,0,656
lungaca3112.jpeg,0,713
lungaca3113.jpeg,0,604
lungaca3114.jpeg,0,589
lungaca3115.jpeg,0,565
lungaca3116.jpeg,0,666
lungaca3119.jpeg,0,675
lungaca312.jpeg,0,714
lungaca3120.jpeg,0,675
lungaca3124.jpeg,0,578
lungaca3125.jpeg,0,529
lungaca3126.jpeg,0,529
lungaca3127.jpeg,0,720
lungaca3128.jpeg,0,598
lungaca3130.jpeg,0,652
lungaca3136.jpeg,0,728
lungaca3138.jpeg,0,631
lungaca3139.jpeg,0,556
lungaca314.jpeg,0,652
lungaca3140.jpeg,0,662
lungaca3141.jpeg,0,676
lungaca3142.jpeg,0,533
lungaca3144.jpeg,0,627
lungaca3145.jpeg,0,741
lungaca3146.jpeg,0,639
lungaca3147.jpeg,0,702
lungaca3148.jpeg,0,667
lungaca3149.jpeg,0,546
lungaca3150.jpeg,0,645
lungaca3151.jpeg,0,602
lungaca3152.jpeg,0,506
lungaca3153.jpeg,0,506
lungaca3154.jpeg,0,506
lungaca3155.jpeg,0,506
lungaca3156.jpeg,0,509
lungaca3157.jpeg,0,557
lungaca3158.jpeg,0,657
lungaca3159.jpeg,0,671
lungaca3160.jpeg,0,671
lungaca3162.jpeg,0,619
lungaca3165.jpeg,0,513
lungaca3166.jpeg,0,513
lungaca3169.jpeg,0,510
lungaca317.jpeg,0,588
lungaca3171.jpeg,0,609
lungaca3172.jpeg,0,641
lungaca3175.jpeg,0,586
lungaca3176.jpeg,0,528
lungaca3177.jpeg,0,528
lungaca3178.jpeg,0,616
lungaca3179.jpeg,0,656
lungaca3180.jpeg,0,653
lungaca3182.jpeg,0,552
lungaca3183.jpeg,0,685
lungaca3186.jpeg,0,725
lungaca319.jpeg,0,635
lungaca3190.jpeg,0,732
lungaca3191.jpeg,0,545
lungaca3192.jpeg,0,535
lungaca3197.jpeg,0,670
lungaca3199.jpeg,0,643
lungaca32.jpeg,0,538
lungaca320.jpeg,0,635
lungaca3201.jpeg,0,650
lungaca3202.jpeg,0,650
lungaca3203.jpeg,0,600
lungaca3204.jpeg,0,699
lungaca3205.jpeg,0,699
lungaca3206.jpeg,0,581
lungaca3207.jpeg,0,581
lungaca3208.jpeg,0,588
lungaca3209.jpeg,0,531
lungaca321.jpeg,0,599
lungaca3212.jpeg,0,728
lungaca3213.jpeg,0,556
lungaca3214.jpeg,0,538
lungaca3217.jpeg,0,564
lungaca3218.jpeg,0,615
lungaca3219.jpeg,0,615
lungaca322.jpeg,0,599
lungaca3223.jpeg,0,572
lungaca3224.jpeg,0,657
lungaca3225.jpeg,0,682
lungaca3229.jpeg,0,701
lungaca323.jpeg,0,577
lungaca3230.jpeg,0,744
lungaca3232.jpeg,0,510
lungaca3233.jpeg,0,698
lungaca3234.jpeg,0,698
lungaca3235.jpeg,0,514
lungaca3236.jpeg,0,514
lungaca324.jpeg,0,533
lungaca3240.jpeg,0,638
lungaca3241.jpeg,0,653
lungaca3242.jpeg,0,552
lungaca3243.jpeg,0,589
lungaca3245.jpeg,0,695
lungaca3246.jpeg,0,565
lungaca3247.jpeg,0,666
lungaca3249.jpeg,0,742
lungaca325.jpeg,0,538
lungaca3252.jpeg,0,709
lungaca3254.jpeg,0,540
lungaca3256.jpeg,0,646
lungaca3258.jpeg,0,643
lungaca3262.jpeg,0,539
lungaca3264.jpeg,0,588
lungaca3269.jpeg,0,556
lungaca3270.jpeg,0,538
lungaca3271.jpeg,0,546
lungaca3272.jpeg,0,553
lungaca3273.jpeg,0,564
lungaca3274.jpeg,0,564
lungaca3276.jpeg,0,593
lungaca3278.jpeg,0,659
lungaca328.jpeg,0,645
lungaca3280.jpeg,0,649
lungaca3281.jpeg,0,730
lungaca3282.jpeg,0,682
lungaca3283.jpeg,0,682
lungaca3285.jpeg,0,612
lungaca3286.jpeg,0,654
lungaca3288.jpeg,0,611
lungaca3289.jpeg,0,544
lungaca329.jpeg,0,562
lungaca3290.jpeg,0,686
lungaca3292.jpeg,0,605
lungaca3294.jpeg,0,586
lungaca3296.jpeg,0,690
lungaca3297.jpeg,0,656
lungaca3298.jpeg,0,721
lungaca3299.jpeg,0,604
lungaca33.jpeg,0,583
lungaca3307.jpeg,0,529
lungaca3308.jpeg,0,529
lungaca331.jpeg,0,553
lungaca3310.jpeg,0,524
lungaca3311.jpeg,0,739
lungaca3312.jpeg,0,714
lungaca3313.jpeg,0,581
lungaca3314.jpeg,0,680
lungaca3315.jpeg,0,640
lungaca3316.jpeg,0,558
lungaca332.jpeg,0,602
lungaca3321.jpeg,0,568
lungaca3322.jpeg,0,556
lungaca3323.jpeg,0,533
lungaca3324.jpeg,0,533
lungaca3325.jpeg,0,533
lungaca3326.jpeg,0,538
lungaca3327.jpeg,0,741
lungaca3328.jpeg,0,637
lungaca3329.jpeg,0,637
lungaca3330.jpeg,0,748
lungaca3331.jpeg,0,520
lungaca3335.jpeg,0,649
lungaca3336.jpeg,0,557
lungaca3337.jpeg,0,704
lungaca3339.jpeg,0,654
lungaca334.jpeg,0,661
lungaca3340.jpeg,0,597
lungaca3341.jpeg,0,738
lungaca3342.jpeg,0,513
lungaca3343.jpeg,0,513
lungaca3346.jpeg,0,609
lungaca3347.jpeg,0,609
lungaca3348.jpeg,0,611
lungaca3349.jpeg,0,745
lungaca335.jpeg,0,506
lungaca3352.jpeg,0,544
lungaca3353.jpeg,0,544
lungaca3354.jpeg,0,554
lungaca3355.jpeg,0,554
lungaca3356.jpeg,0,656
lungaca3357.jpeg,0,604
lungaca3358.jpeg,0,604
lungaca3359.jpeg,0,565
lungaca336.jpeg,0,509
lungaca3360.jpeg,0,666
lungaca3361.jpeg,0,512
lungaca3364.jpeg,0,578
lungaca3366.jpeg,0,529
lungaca3370.jpeg,0,699
lungaca3371.jpeg,0,699
lungaca3372.jpeg,0,714
lungaca3373.jpeg,0,539
lungaca3374.jpeg,0,563
lungaca3375.jpeg,0,571
lungaca3376.jpeg,0,640
lungaca3377.jpeg,0,558
lungaca3379.jpeg,0,677
lungaca3380.jpeg,0,677
lungaca3381.jpeg,0,677
lungaca3382.jpeg,0,556
lungaca3383.jpeg,0,662
lungaca3386.jpeg,0,546
lungaca3387.jpeg,0,562
lungaca339.jpeg,0,659
lungaca3390.jpeg,0,659
lungaca3391.jpeg,0,659
lungaca3392.jpeg,0,622
lungaca3394.jpeg,0,587
lungaca3395.jpeg,0,587
lungaca3396.jpeg,0,587
lungaca3397.jpeg,0,572
lungaca3398.jpeg,0,730
lungaca3399.jpeg,0,619
lungaca340.jpeg,0,657
lungaca3400.jpeg,0,608
lungaca3401.jpeg,0,513
lungaca3402.jpeg,0,698
lungaca3403.jpeg,0,544
lungaca3409.jpeg,0,548
lungaca341.jpeg,0,671
lungaca3411.jpeg,0,710
lungaca3412.jpeg,0,528
lungaca342.jpeg,0,682
lungaca3420.jpeg,0,678
lungaca3422.jpeg,0,634
lungaca3424.jpeg,0,679
lungaca3425.jpeg,0,675
lungaca3427.jpeg,0,742
lungaca3428.jpeg,0,732
lungaca343.jpeg,0,681
lungaca3430.jpeg,0,694
lungaca3431.jpeg,0,694
lungaca3433.jpeg,0,720
lungaca3434.jpeg,0,623
lungaca3435.jpeg,0,540
lungaca3436.jpeg,0,717
lungaca3437.jpeg,0,733
lungaca3438.jpeg,0,733
lungaca3439.jpeg,0,646
lungaca344.jpeg,0,744
lungaca3443.jpeg,0,640
lungaca3446.jpeg,0,531
lungaca3449.jpeg,0,567
lungaca345.jpeg,0,525
lungaca3453.jpeg,0,618
lungaca3454.jpeg,0,568
lungaca3455.jpeg,0,599
lungaca3456.jpeg,0,631
lungaca3459.jpeg,0,667
lungaca346.jpeg,0,698
lungaca3460.jpeg,0,684
lungaca3461.jpeg,0,562
lungaca3462.jpeg,0,636
lungaca3463.jpeg,0,621
lungaca3464.jpeg,0,661
lungaca3465.jpeg,0,715
lungaca3466.jpeg,0,557
lungaca3467.jpeg,0,730
lungaca3469.jpeg,0,682
lungaca347.jpeg,0,561
lungaca3473.jpeg,0,536
lungaca3474.jpeg,0,510
lungaca3475.jpeg,0,522
lungaca3477.jpeg,0,630
lungaca3478.jpeg,0,690
lungaca3479.jpeg,0,656
lungaca348.jpeg,0,745
lungaca3481.jpeg,0,585
lungaca3483.jpeg,0,721
lungaca3484.jpeg,0,507
lungaca3485.jpeg,0,685
lungaca3486.jpeg,0,678
lungaca3487.jpeg,0,634
lungaca3488.jpeg,0,634
lungaca3490.jpeg,0,633
lungaca3492.jpeg,0,626
lungaca3493.jpeg,0,732
lungaca3497.jpeg,0,694
lungaca3499.jpeg,0,516
lungaca35.jpeg,0,639
lungaca3503.jpeg,0,652
lungaca3504.jpeg,0,680
lungaca3505.jpeg,0,640
lungaca3506.jpeg,0,558
lungaca3507.jpeg,0,531
lungaca3509.jpeg,0,635
lungaca351.jpeg,0,605
lungaca3510.jpeg,0,635
lungaca3513.jpeg,0,618
lungaca3514.jpeg,0,568
lungaca3515.jpeg,0,677
lungaca3516.jpeg,0,556
lungaca3518.jpeg,0,676
lungaca3519.jpeg,0,741
lungaca3520.jpeg,0,711
lungaca3521.jpeg,0,660
lungaca3522.jpeg,0,703
lungaca3523.jpeg,0,649
lungaca3524.jpeg,0,671
lungaca3525.jpeg,0,682
lungaca3526.jpeg,0,612
lungaca3527.jpeg,0,619
lungaca353.jpeg,0,718
lungaca3530.jpeg,0,738
lungaca3532.jpeg,0,522
lungaca3533.jpeg,0,522
lungaca3534.jpeg,0,698
lungaca3535.jpeg,0,745
lungaca3538.jpeg,0,554
lungaca354.jpeg,0,718
lungaca3540.jpeg,0,616
lungaca3541.jpeg,0,541
lungaca3542.jpeg,0,713
lungaca3544.jpeg,0,552
lungaca3545.jpeg,0,507
lungaca3546.jpeg,0,620
lungaca3547.jpeg,0,573
lungaca3548.jpeg,0,573
lungaca3549.jpeg,0,695
lungaca355.jpeg,0,586
lungaca3551.jpeg,0,634
lungaca3553.jpeg,0,633
lungaca3555.jpeg,0,709
lungaca3556.jpeg,0,516
lungaca3557.jpeg,0,516
lungaca3558.jpeg,0,731
lungaca3559.jpeg,0,731
lungaca356.jpeg,0,528
lungaca3560.jpeg,0,646
lungaca3561.jpeg,0,646
lungaca3562.jpeg,0,598
lungaca3564.jpeg,0,563
lungaca3567.jpeg,0,567
lungaca3568.jpeg,0,568
lungaca3569.jpeg,0,662
lungaca3570.jpeg,0,627
lungaca3571.jpeg,0,639
lungaca3572.jpeg,0,702
lungaca3575.jpeg,0,645
lungaca3576.jpeg,0,645
lungaca3577.jpeg,0,602
lungaca3578.jpeg,0,509
lungaca3579.jpeg,0,593
lungaca3581.jpeg,0,518
lungaca3582.jpeg,0,703
lungaca3583.jpeg,0,622
lungaca3584.jpeg,0,649
lungaca3585.jpeg,0,587
lungaca3586.jpeg,0,704
lungaca3587.jpeg,0,697
lungaca359.jpeg,0,616
lungaca3590.jpeg,0,681
lungaca3596.jpeg,0,554
lungaca3597.jpeg,0,586
lungaca3599.jpeg,0,507
lungaca36.jpeg,0,637
lungaca360.jpeg,0,585
lungaca3600.jpeg,0,589
lungaca3601.jpeg,0,695
lungaca3605.jpeg,0,578
lungaca3606.jpeg,0,578
lungaca3608.jpeg,0,529
lungaca3609.jpeg,0,623
lungaca361.jpeg,0,653
lungaca3610.jpeg,0,540
lungaca3611.jpeg,0,743
lungaca3612.jpeg,0,516
lungaca3614.jpeg,0,521
lungaca3615.jpeg,0,521
lungaca3616.jpeg,0,521
lungaca3618.jpeg,0,733
lungaca3619.jpeg,0,733
lungaca362.jpeg,0,604
lungaca3620.jpeg,0,600
lungaca3621.jpeg,0,563
lungaca3622.jpeg,0,700
lungaca3624.jpeg,0,588
lungaca3628.jpeg,0,728
lungaca3629.jpeg,0,728
lungaca3631.jpeg,0,677
lungaca3632.jpeg,0,662
lungaca3633.jpeg,0,533
lungaca3634.jpeg,0,621
lungaca3635.jpeg,0,703
lungaca3636.jpeg,0,659
lungaca3638.jpeg,0,557
lungaca3639.jpeg,0,572
lungaca364.jpeg,0,725
lungaca3640.jpeg,0,572
lungaca3641.jpeg,0,704
lungaca3642.jpeg,0,704
lungaca3643.jpeg,0,654
lungaca3644.jpeg,0,534
lungaca3645.jpeg,0,619
lungaca3646.jpeg,0,744
lungaca365.jpeg,0,666
lungaca3650.jpeg,0,630
lungaca3655.jpeg,0,718
lungaca3657.jpeg,0,656
lungaca3658.jpeg,0,551
lungaca366.jpeg,0,692
lungaca3660.jpeg,0,552
lungaca3661.jpeg,0,604
lungaca3662.jpeg,0,695
lungaca3663.jpeg,0,678
lungaca3664.jpeg,0,678
lungaca3665.jpeg,0,515
lungaca3666.jpeg,0,709
lungaca3669.jpeg,0,720
lungaca3670.jpeg,0,720
lungaca3671.jpeg,0,731
lungaca3674.jpeg,0,600
lungaca3675.jpeg,0,739
lungaca3677.jpeg,0,571
lungaca3678.jpeg,0,581
lungaca368.jpeg,0,578
lungaca3680.jpeg,0,558
lungaca3681.jpeg,0,558
lungaca3683.jpeg,0,635
lungaca3684.jpeg,0,539
lungaca3685.jpeg,0,539
lungaca3688.jpeg,0,618
lungaca3689.jpeg,0,568
lungaca369.jpeg,0,529
lungaca3690.jpeg,0,599
lungaca3691.jpeg,0,577
lungaca3692.jpeg,0,662
lungaca3693.jpeg,0,711
lungaca3694.jpeg,0,660
lungaca3695.jpeg,0,506
lungaca3697.jpeg,0,509
lungaca3698.jpeg,0,703
lungaca37.jpeg,0,621
lungaca370.jpeg,0,540
lungaca3700.jpeg,0,587
lungaca3702.jpeg,0,557
lungaca3703.jpeg,0,730
lungaca3704.jpeg,0,597
lungaca3705.jpeg,0,513
lungaca3706.jpeg,0,674
lungaca3707.jpeg,0,674
lungaca3708.jpeg,0,611
lungaca371.jpeg,0,743
lungaca3710.jpeg,0,554
lungaca3711.jpeg,0,718
lungaca3712.jpeg,0,528
lungaca3713.jpeg,0,528
lungaca3715.jpeg,0,616
lungaca3716.jpeg,0,585
lungaca3717.jpeg,0,552
lungaca3718.jpeg,0,620
lungaca3721.jpeg,0,725
lungaca3722.jpeg,0,692
lungaca3723.jpeg,0,515
lungaca3725.jpeg,0,679
lungaca3727.jpeg,0,694
lungaca3729.jpeg,0,623
lungaca373.jpeg,0,739
lungaca3730.jpeg,0,540
lungaca3731.jpeg,0,521
lungaca3732.jpeg,0,670
lungaca3733.jpeg,0,600
lungaca3735.jpeg,0,699
lungaca3736.jpeg,0,699
lungaca3738.jpeg,0,563
lungaca3739.jpeg,0,581
lungaca374.jpeg,0,739
lungaca3741.jpeg,0,705
lungaca3742.jpeg,0,567
lungaca3743.jpeg,0,728
lungaca3745.jpeg,0,601
lungaca3747.jpeg,0,676
lungaca3748.jpeg,0,667
lungaca3749.jpeg,0,667
lungaca375.jpeg,0,714
lungaca3752.jpeg,0,711
lungaca3753.jpeg,0,711
lungaca3754.jpeg,0,553
lungaca3755.jpeg,0,660
lungaca3756.jpeg,0,661
lungaca3757.jpeg,0,661
lungaca3758.jpeg,0,524
lungaca376.jpeg,0,714
lungaca3760.jpeg,0,715
lungaca3761.jpeg,0,572
lungaca3762.jpeg,0,682
lungaca3763.jpeg,0,534
lungaca3764.jpeg,0,597
lungaca3765.jpeg,0,597
lungaca3767.jpeg,0,701
lungaca3769.jpeg,0,744
lungaca3770.jpeg,0,525
lungaca3771.jpeg,0,674
lungaca3773.jpeg,0,611
lungaca3774.jpeg,0,559
lungaca3775.jpeg,0,672
lungaca3776.jpeg,0,514
lungaca3778.jpeg,0,710
lungaca3779.jpeg,0,656
lungaca378.jpeg,0,563
lungaca3781.jpeg,0,653
lungaca3783.jpeg,0,573
lungaca3785.jpeg,0,566
lungaca3786.jpeg,0,515
lungaca379.jpeg,0,563
lungaca3790.jpeg,0,578
lungaca3794.jpeg,0,529
lungaca3795.jpeg,0,720
lungaca3797.jpeg,0,717
lungaca38.jpeg,0,730
lungaca3800.jpeg,0,539
lungaca3802.jpeg,0,588
lungaca3803.jpeg,0,689
lungaca3804.jpeg,0,635
lungaca3805.jpeg,0,539
lungaca3806.jpeg,0,539
lungaca3808.jpeg,0,599
lungaca381.jpeg,0,588
lungaca3810.jpeg,0,627
lungaca3811.jpeg,0,627
lungaca3812.jpeg,0,741
lungaca3813.jpeg,0,702
lungaca3815.jpeg,0,684
lungaca3817.jpeg,0,636
lungaca3818.jpeg,0,637
lungaca3819.jpeg,0,593
lungaca382.jpeg,0,567
lungaca3821.jpeg,0,659
lungaca3823.jpeg,0,557
lungaca3824.jpeg,0,682
lungaca3825.jpeg,0,682
lungaca3826.jpeg,0,654
lungaca3827.jpeg,0,654
lungaca3828.jpeg,0,619
lungaca383.jpeg,0,568
lungaca3834.jpeg,0,544
lungaca3835.jpeg,0,630
lungaca3837.jpeg,0,586
lungaca3838.jpeg,0,586
lungaca3839.jpeg,0,638
lungaca3840.jpeg,0,656
lungaca3841.jpeg,0,656
lungaca3842.jpeg,0,713
lungaca3844.jpeg,0,653
lungaca3845.jpeg,0,721
lungaca3846.jpeg,0,604
lungaca3847.jpeg,0,695
lungaca3848.jpeg,0,725
lungaca3849.jpeg,0,725
lungaca385.jpeg,0,577
lungaca3851.jpeg,0,679
lungaca3852.jpeg,0,675
lungaca3856.jpeg,0,717
lungaca3857.jpeg,0,731
lungaca3859.jpeg,0,670
lungaca3860.jpeg,0,524
lungaca3862.jpeg,0,714
lungaca3864.jpeg,0,550
lungaca3865.jpeg,0,550
lungaca3866.jpeg,0,640
lungaca3870.jpeg,0,689
lungaca3871.jpeg,0,567
lungaca3873.jpeg,0,577
lungaca3874.jpeg,0,631
lungaca3876.jpeg,0,627
lungaca3878.jpeg,0,621
lungaca3879.jpeg,0,602
lungaca388.jpeg,0,667
lungaca3881.jpeg,0,593
lungaca3882.jpeg,0,659
lungaca3883.jpeg,0,615
lungaca3884.jpeg,0,591
lungaca3885.jpeg,0,657
lungaca3886.jpeg,0,671
lungaca3887.jpeg,0,597
lungaca3889.jpeg,0,648
lungaca3890.jpeg,0,525
lungaca3892.jpeg,0,611
lungaca3893.jpeg,0,559
lungaca3895.jpeg,0,605
lungaca3896.jpeg,0,710
lungaca3897.jpeg,0,726
lungaca3898.jpeg,0,551
lungaca3899.jpeg,0,713
lungaca39.jpeg,0,682
lungaca390.jpeg,0,562
lungaca3901.jpeg,0,721
lungaca3902.jpeg,0,721
lungaca3903.jpeg,0,589
lungaca3904.jpeg,0,589
lungaca3905.jpeg,0,693
lungaca3906.jpeg,0,620
lungaca3909.jpeg,0,675
lungaca391.jpeg,0,562
lungaca3910.jpeg,0,633
lungaca3914.jpeg,0,516
lungaca3916.jpeg,0,733
lungaca3917.jpeg,0,524
lungaca3918.jpeg,0,598
lungaca3919.jpeg,0,600
lungaca3921.jpeg,0,699
lungaca3922.jpeg,0,571
lungaca3925.jpeg,0,531
lungaca3926.jpeg,0,635
lungaca3929.jpeg,0,631
lungaca393.jpeg,0,553
lungaca3930.jpeg,0,533
lungaca3931.jpeg,0,583
lungaca3932.jpeg,0,667
lungaca3934.jpeg,0,684
lungaca3935.jpeg,0,711
lungaca3936.jpeg,0,711
lungaca3938.jpeg,0,637
lungaca3940.jpeg,0,657
lungaca3941.jpeg,0,704
lungaca3944.jpeg,0,744
lungaca3945.jpeg,0,674
lungaca3946.jpeg,0,747
lungaca3948.jpeg,0,605
lungaca3949.jpeg,0,548
lungaca395.jpeg,0,564
lungaca3950.jpeg,0,586
lungaca3951.jpeg,0,629
lungaca3953.jpeg,0,638
lungaca3954.jpeg,0,616
lungaca3956.jpeg,0,690
lungaca3957.jpeg,0,653
lungaca396.jpeg,0,524
lungaca3960.jpeg,0,507
lungaca3962.jpeg,0,604
lungaca3963.jpeg,0,666
lungaca3965.jpeg,0,675
lungaca3968.jpeg,0,633
lungaca397.jpeg,0,524
lungaca3970.jpeg,0,626
lungaca3971.jpeg,0,732
lungaca3972.jpeg,0,545
lungaca3973.jpeg,0,535
lungaca3974.jpeg,0,623
lungaca3975.jpeg,0,540
lungaca3976.jpeg,0,540
lungaca3980.jpeg,0,650
lungaca3982.jpeg,0,581
lungaca3983.jpeg,0,680
lungaca3984.jpeg,0,558
lungaca3989.jpeg,0,577
lungaca399.jpeg,0,509
lungaca3990.jpeg,0,556
lungaca3991.jpeg,0,556
lungaca3992.jpeg,0,676
lungaca3993.jpeg,0,583
lungaca3994.jpeg,0,702
lungaca3995.jpeg,0,667
lungaca3996.jpeg,0,636
lungaca3998.jpeg,0,637
lungaca3999.jpeg,0,621
lungaca400.jpeg,0,591
lungaca4000.jpeg,0,564
lungaca4001.jpeg,0,661
lungaca4002.jpeg,0,520
lungaca4003.jpeg,0,518
lungaca4005.jpeg,0,730
lungaca4006.jpeg,0,671
lungaca4007.jpeg,0,681
lungaca4008.jpeg,0,536
lungaca4009.jpeg,0,510
lungaca4012.jpeg,0,544
lungaca4014.jpeg,0,514
lungaca4015.jpeg,0,528
lungaca4016.jpeg,0,616
lungaca4017.jpeg,0,690
lungaca4018.jpeg,0,585
lungaca4020.jpeg,0,604
lungaca4022.jpeg,0,695
lungaca4023.jpeg,0,634
lungaca4024.jpeg,0,515
lungaca4026.jpeg,0,512
lungaca4028.jpeg,0,709
lungaca4029.jpeg,0,709
lungaca4030.jpeg,0,545
lungaca4031.jpeg,0,529
lungaca4032.jpeg,0,516
lungaca4033.jpeg,0,670
lungaca4035.jpeg,0,524
lungaca4036.jpeg,0,524
lungaca4037.jpeg,0,598
lungaca4038.jpeg,0,739
lungaca4039.jpeg,0,724
lungaca404.jpeg,0,704
lungaca4041.jpeg,0,680
lungaca4042.jpeg,0,680
lungaca4044.jpeg,0,531
lungaca4046.jpeg,0,599
lungaca4047.jpeg,0,577
lungaca4048.jpeg,0,601
lungaca405.jpeg,0,682
lungaca4051.jpeg,0,662
lungaca4052.jpeg,0,627
lungaca4053.jpeg,0,702
lungaca4054.jpeg,0,546
lungaca4055.jpeg,0,645
lungaca4056.jpeg,0,506
lungaca4057.jpeg,0,524
lungaca4059.jpeg,0,659
lungaca406.jpeg,0,534
lungaca4060.jpeg,0,730
lungaca4061.jpeg,0,671
lungaca4062.jpeg,0,697
lungaca4063.jpeg,0,534
lungaca4067.jpeg,0,513
lungaca4069.jpeg,0,525
lungaca407.jpeg,0,534
lungaca4072.jpeg,0,609
lungaca4073.jpeg,0,609
lungaca4075.jpeg,0,642
lungaca4077.jpeg,0,548
lungaca4078.jpeg,0,554
lungaca4081.jpeg,0,718
lungaca4082.jpeg,0,586
lungaca4083.jpeg,0,551
lungaca4084.jpeg,0,585
lungaca4088.jpeg,0,512
lungaca409.jpeg,0,738
lungaca4090.jpeg,0,675
lungaca4092.jpeg,0,529
lungaca4094.jpeg,0,733
lungaca4099.jpeg,0,588
lungaca410.jpeg,0,510
lungaca4100.jpeg,0,552
lungaca4101.jpeg,0,706
lungaca4102.jpeg,0,601
lungaca4103.jpeg,0,533
lungaca4104.jpeg,0,583
lungaca4105.jpeg,0,667
lungaca4108.jpeg,0,562
lungaca411.jpeg,0,522
lungaca4111.jpeg,0,553
lungaca4112.jpeg,0,637
lungaca4114.jpeg,0,524
lungaca4115.jpeg,0,509
lungaca4117.jpeg,0,649
lungaca4118.jpeg,0,587
lungaca4119.jpeg,0,715
lungaca412.jpeg,0,561
lungaca4120.jpeg,0,557
lungaca4121.jpeg,0,572
lungaca4122.jpeg,0,671
lungaca4123.jpeg,0,682
lungaca4125.jpeg,0,612
lungaca4126.jpeg,0,654
lungaca4127.jpeg,0,619
lungaca4129.jpeg,0,648
lungaca413.jpeg,0,745
lungaca4132.jpeg,0,561
lungaca4133.jpeg,0,609
lungaca4134.jpeg,0,609
lungaca4136.jpeg,0,747
lungaca4137.jpeg,0,559
lungaca4138.jpeg,0,672
lungaca4139.jpeg,0,544
lungaca414.jpeg,0,630
lungaca4140.jpeg,0,544
lungaca4141.jpeg,0,554
lungaca4142.jpeg,0,713
lungaca4143.jpeg,0,653
lungaca4145.jpeg,0,687
lungaca4146.jpeg,0,693
lungaca4147.jpeg,0,565
lungaca4148.jpeg,0,725
lungaca4149.jpeg,0,725
lungaca415.jpeg,0,514
lungaca4150.jpeg,0,666
lungaca4151.jpeg,0,634
lungaca4154.jpeg,0,709
lungaca4155.jpeg,0,709
lungaca4157.jpeg,0,720
lungaca4158.jpeg,0,720
lungaca416.jpeg,0,629
lungaca4162.jpeg,0,563
lungaca4163.jpeg,0,700
lungaca4164.jpeg,0,581
lungaca4166.jpeg,0,705
lungaca4167.jpeg,0,531
lungaca4168.jpeg,0,689
lungaca4170.jpeg,0,618
lungaca4172.jpeg,0,601
lungaca4174.jpeg,0,556
lungaca4175.jpeg,0,556
lungaca4176.jpeg,0,538
lungaca4177.jpeg,0,741
lungaca4179.jpeg,0,645
lungaca418.jpeg,0,528
lungaca4180.jpeg,0,602
lungaca4183.jpeg,0,520
lungaca4184.jpeg,0,509
lungaca4185.jpeg,0,593
lungaca4186.jpeg,0,659
lungaca4187.jpeg,0,615
lungaca4188.jpeg,0,591
lungaca419.jpeg,0,551
lungaca4192.jpeg,0,747
lungaca4193.jpeg,0,686
lungaca4194.jpeg,0,554
lungaca4195.jpeg,0,528
lungaca4198.jpeg,0,620
lungaca4199.jpeg,0,620
lungaca42.jpeg,0,525
lungaca4200.jpeg,0,692
lungaca4205.jpeg,0,545
lungaca4206.jpeg,0,529
lungaca4208.jpeg,0,540
lungaca4209.jpeg,0,743
lungaca4210.jpeg,0,717
lungaca4211.jpeg,0,521
lungaca4212.jpeg,0,521
lungaca4213.jpeg,0,524
lungaca4214.jpeg,0,650
lungaca4217.jpeg,0,739
lungaca4218.jpeg,0,739
lungaca422.jpeg,0,589
lungaca4220.jpeg,0,640
lungaca4221.jpeg,0,640
lungaca4227.jpeg,0,539
lungaca4229.jpeg,0,706
lungaca4232.jpeg,0,662
lungaca4235.jpeg,0,621
lungaca4236.jpeg,0,602
lungaca4237.jpeg,0,564
lungaca4239.jpeg,0,520
lungaca424.jpeg,0,695
lungaca4242.jpeg,0,649
lungaca4243.jpeg,0,730
lungaca4244.jpeg,0,730
lungaca4245.jpeg,0,697
lungaca4246.jpeg,0,534
lungaca4249.jpeg,0,608
lungaca425.jpeg,0,666
lungaca4250.jpeg,0,744
lungaca4252.jpeg,0,522
lungaca4253.jpeg,0,747
lungaca4257.jpeg,0,514
lungaca4258.jpeg,0,691
lungaca4261.jpeg,0,718
lungaca4262.jpeg,0,629
lungaca4263.jpeg,0,616
lungaca4264.jpeg,0,653
lungaca4265.jpeg,0,604
lungaca4266.jpeg,0,693
lungaca4268.jpeg,0,633
lungaca4269.jpeg,0,720
lungaca4270.jpeg,0,516
lungaca4272.jpeg,0,733
lungaca4273.jpeg,0,600
lungaca4275.jpeg,0,588
lungaca4276.jpeg,0,588
lungaca4277.jpeg,0,705
lungaca4278.jpeg,0,531
lungaca4280.jpeg,0,635
lungaca4281.jpeg,0,631
lungaca4283.jpeg,0,533
lungaca4284.jpeg,0,741
lungaca4285.jpeg,0,667
lungaca4286.jpeg,0,645
lungaca4287.jpeg,0,645
lungaca4288.jpeg,0,553
lungaca4289.jpeg,0,564
lungaca4290.jpeg,0,661
lungaca4291.jpeg,0,593
lungaca4292.jpeg,0,703
lungaca4293.jpeg,0,649
lungaca4295.jpeg,0,715
lungaca4296.jpeg,0,654
lungaca4299.jpeg,0,681
lungaca4300.jpeg,0,608
lungaca4301.jpeg,0,510
lungaca4305.jpeg,0,642
lungaca4309.jpeg,0,718
lungaca4310.jpeg,0,710
lungaca4312.jpeg,0,726
lungaca4313.jpeg,0,656
lungaca4316.jpeg,0,653
lungaca4317.jpeg,0,604
lungaca4318.jpeg,0,620
lungaca4319.jpeg,0,695
lungaca432.jpeg,0,529
lungaca4320.jpeg,0,695
lungaca4321.jpeg,0,634
lungaca4322.jpeg,0,675
lungaca4324.jpeg,0,742
lungaca4325.jpeg,0,742
lungaca4326.jpeg,0,545
lungaca4328.jpeg,0,529
lungaca4330.jpeg,0,524
lungaca4333.jpeg,0,650
lungaca4334.jpeg,0,699
lungaca4337.jpeg,0,539
lungaca4338.jpeg,0,680
lungaca434.jpeg,0,733
lungaca4342.jpeg,0,588
lungaca4343.jpeg,0,531
lungaca4344.jpeg,0,531
lungaca4349.jpeg,0,568
lungaca435.jpeg,0,724
lungaca4352.jpeg,0,627
lungaca4353.jpeg,0,684
lungaca4354.jpeg,0,660
lungaca4355.jpeg,0,660
lungaca4358.jpeg,0,518
lungaca4359.jpeg,0,622
lungaca436.jpeg,0,699
lungaca4360.jpeg,0,649
lungaca4361.jpeg,0,557
lungaca4362.jpeg,0,671
lungaca4365.jpeg,0,619
lungaca4366.jpeg,0,681
lungaca4369.jpeg,0,522
lungaca437.jpeg,0,652
lungaca4372.jpeg,0,554
lungaca4373.jpeg,0,554
lungaca4376.jpeg,0,586
lungaca4377.jpeg,0,629
lungaca4378.jpeg,0,710
lungaca4384.jpeg,0,552
lungaca4385.jpeg,0,721
lungaca4387.jpeg,0,573
lungaca4388.jpeg,0,566
lungaca439.jpeg,0,567
lungaca4390.jpeg,0,634
lungaca4391.jpeg,0,692
lungaca4395.jpeg,0,679
lungaca4397.jpeg,0,732
lungaca4399.jpeg,0,535
lungaca44.jpeg,0,698
lungaca440.jpeg,0,635
lungaca4401.jpeg,0,652
lungaca4402.jpeg,0,640
lungaca4403.jpeg,0,558
lungaca4404.jpeg,0,588
lungaca4405.jpeg,0,552
lungaca4406.jpeg,0,728
lungaca4407.jpeg,0,556
lungaca4408.jpeg,0,662
lungaca4409.jpeg,0,583
lungaca4410.jpeg,0,741
lungaca4413.jpeg,0,546
lungaca4414.jpeg,0,748
lungaca4415.jpeg,0,621
lungaca4416.jpeg,0,564
lungaca4417.jpeg,0,661
lungaca4418.jpeg,0,524
lungaca4419.jpeg,0,509
lungaca442.jpeg,0,618
lungaca4420.jpeg,0,593
lungaca4421.jpeg,0,622
lungaca4422.jpeg,0,649
lungaca4423.jpeg,0,657
lungaca4424.jpeg,0,534
lungaca4426.jpeg,0,619
lungaca4427.jpeg,0,744
lungaca4428.jpeg,0,525
lungaca4429.jpeg,0,522
lungaca443.jpeg,0,568
lungaca4431.jpeg,0,559
lungaca4432.jpeg,0,559
lungaca4434.jpeg,0,548
lungaca4437.jpeg,0,528
lungaca4438.jpeg,0,616
lungaca4439.jpeg,0,653
lungaca444.jpeg,0,599
lungaca4441.jpeg,0,620
lungaca4443.jpeg,0,678
lungaca4444.jpeg,0,678
lungaca4446.jpeg,0,633
lungaca4449.jpeg,0,709
lungaca445.jpeg,0,631
lungaca4450.jpeg,0,578
lungaca4451.jpeg,0,545
lungaca4452.jpeg,0,623
lungaca4453.jpeg,0,540
lungaca4454.jpeg,0,733
lungaca4455.jpeg,0,539
lungaca4456.jpeg,0,571
lungaca4457.jpeg,0,680
lungaca4458.jpeg,0,558
lungaca4460.jpeg,0,705
lungaca4462.jpeg,0,568
lungaca4463.jpeg,0,601
lungaca4464.jpeg,0,601
lungaca4465.jpeg,0,677
lungaca4466.jpeg,0,676
lungaca4467.jpeg,0,533
lungaca4468.jpeg,0,741
lungaca4469.jpeg,0,702
lungaca4471.jpeg,0,684
lungaca4473.jpeg,0,546
lungaca4474.jpeg,0,636
lungaca4476.jpeg,0,602
lungaca4477.jpeg,0,520
lungaca448.jpeg,0,546
lungaca4480.jpeg,0,518
lungaca4481.jpeg,0,715
lungaca4482.jpeg,0,572
lungaca4483.jpeg,0,657
lungaca4486.jpeg,0,525
lungaca4487.jpeg,0,745
lungaca4488.jpeg,0,745
lungaca4489.jpeg,0,605
lungaca449.jpeg,0,645
lungaca4490.jpeg,0,554
lungaca4491.jpeg,0,514
lungaca4496.jpeg,0,718
lungaca4497.jpeg,0,616
lungaca4499.jpeg,0,690
lungaca45.jpeg,0,559
lungaca450.jpeg,0,562
lungaca4500.jpeg,0,726
lungaca4502.jpeg,0,589
lungaca4503.jpeg,0,693
lungaca4504.jpeg,0,693
lungaca4505.jpeg,0,634
lungaca4506.jpeg,0,692
lungaca4507.jpeg,0,679
lungaca4508.jpeg,0,578
lungaca451.jpeg,0,553
lungaca4510.jpeg,0,535
lungaca4514.jpeg,0,731
lungaca4515.jpeg,0,733
lungaca4516.jpeg,0,643
lungaca4517.jpeg,0,643
lungaca4519.jpeg,0,700
lungaca452.jpeg,0,748
lungaca4520.jpeg,0,680
lungaca4525.jpeg,0,618
lungaca4527.jpeg,0,677
lungaca4528.jpeg,0,533
lungaca4529.jpeg,0,639
lungaca453.jpeg,0,621
lungaca4530.jpeg,0,639
lungaca4532.jpeg,0,562
lungaca4535.jpeg,0,661
lungaca4538.jpeg,0,509
lungaca4539.jpeg,0,518
lungaca454.jpeg,0,564
lungaca4540.jpeg,0,615
lungaca4541.jpeg,0,622
lungaca4542.jpeg,0,697
lungaca4544.jpeg,0,522
lungaca4545.jpeg,0,522
lungaca4546.jpeg,0,698
lungaca4547.jpeg,0,561
lungaca4549.jpeg,0,609
lungaca455.jpeg,0,661
lungaca4552.jpeg,0,686
lungaca4553.jpeg,0,686
lungaca4554.jpeg,0,548
lungaca4556.jpeg,0,690
lungaca4557.jpeg,0,690
lungaca4558.jpeg,0,551
lungaca4559.jpeg,0,551
lungaca456.jpeg,0,520
lungaca4560.jpeg,0,687
lungaca4561.jpeg,0,721
lungaca4562.jpeg,0,604
lungaca4563.jpeg,0,573
lungaca4566.jpeg,0,725
lungaca4567.jpeg,0,566
lungaca4568.jpeg,0,634
lungaca4569.jpeg,0,634
lungaca457.jpeg,0,593
lungaca4572.jpeg,0,694
lungaca4574.jpeg,0,540
lungaca4578.jpeg,0,618
lungaca4579.jpeg,0,577
lungaca458.jpeg,0,649
lungaca4581.jpeg,0,662
lungaca4582.jpeg,0,676
lungaca4583.jpeg,0,533
lungaca4584.jpeg,0,538
lungaca4585.jpeg,0,538
lungaca4588.jpeg,0,711
lungaca4589.jpeg,0,546
lungaca4590.jpeg,0,553
lungaca4591.jpeg,0,637
lungaca4593.jpeg,0,564
lungaca4594.jpeg,0,661
lungaca4598.jpeg,0,557
lungaca4599.jpeg,0,657
lungaca4600.jpeg,0,612
lungaca4601.jpeg,0,597
lungaca4602.jpeg,0,681
lungaca4603.jpeg,0,608
lungaca4605.jpeg,0,513
lungaca4607.jpeg,0,744
lungaca4608.jpeg,0,525
lungaca4609.jpeg,0,522
lungaca461.jpeg,0,704
lungaca4610.jpeg,0,561
lungaca4611.jpeg,0,641
lungaca4613.jpeg,0,686
lungaca4617.jpeg,0,718
lungaca4619.jpeg,0,653
lungaca462.jpeg,0,704
lungaca4620.jpeg,0,507
lungaca4621.jpeg,0,507
lungaca4623.jpeg,0,666
lungaca4625.jpeg,0,512
lungaca4626.jpeg,0,516
lungaca4627.jpeg,0,516
lungaca4629.jpeg,0,733
lungaca463.jpeg,0,534
lungaca4630.jpeg,0,524
lungaca4631.jpeg,0,600
lungaca4632.jpeg,0,739
lungaca4636.jpeg,0,640
lungaca4640.jpeg,0,689
lungaca4641.jpeg,0,552
lungaca4642.jpeg,0,568
lungaca4643.jpeg,0,599
lungaca4644.jpeg,0,556
lungaca4645.jpeg,0,556
lungaca4646.jpeg,0,639
lungaca4648.jpeg,0,667
lungaca4652.jpeg,0,564
lungaca4654.jpeg,0,509
lungaca4655.jpeg,0,659
lungaca4656.jpeg,0,659
lungaca4658.jpeg,0,622
lungaca4659.jpeg,0,657
lungaca466.jpeg,0,701
lungaca4660.jpeg,0,682
lungaca4661.jpeg,0,597
lungaca4662.jpeg,0,619
lungaca4664.jpeg,0,681
lungaca4666.jpeg,0,525
lungaca4667.jpeg,0,641
lungaca4668.jpeg,0,611
lungaca4669.jpeg,0,745
lungaca4670.jpeg,0,559
lungaca4671.jpeg,0,544
lungaca4674.jpeg,0,514
lungaca4678.jpeg,0,710
lungaca468.jpeg,0,698
lungaca4680.jpeg,0,656
lungaca4681.jpeg,0,721
lungaca4684.jpeg,0,573
lungaca4685.jpeg,0,725
lungaca4686.jpeg,0,666
lungaca4687.jpeg,0,678
lungaca4689.jpeg,0,742
lungaca469.jpeg,0,672
lungaca4692.jpeg,0,626
lungaca4693.jpeg,0,578
lungaca4694.jpeg,0,623
lungaca4695.jpeg,0,733
lungaca4696.jpeg,0,733
lungaca4697.jpeg,0,650
lungaca4698.jpeg,0,539
lungaca47.jpeg,0,630
lungaca4700.jpeg,0,700
lungaca4701.jpeg,0,680
lungaca4702.jpeg,0,640
lungaca4703.jpeg,0,705
lungaca4706.jpeg,0,539
lungaca4707.jpeg,0,556
lungaca4709.jpeg,0,676
lungaca471.jpeg,0,554
lungaca4710.jpeg,0,627
lungaca4711.jpeg,0,562
lungaca4712.jpeg,0,562
lungaca4716.jpeg,0,524
lungaca4718.jpeg,0,615
lungaca4719.jpeg,0,622
lungaca472.jpeg,0,586
lungaca4720.jpeg,0,587
lungaca4724.jpeg,0,612
lungaca4725.jpeg,0,597
lungaca4727.jpeg,0,536
lungaca4728.jpeg,0,744
lungaca4729.jpeg,0,609
lungaca473.jpeg,0,586
lungaca4730.jpeg,0,609
lungaca4732.jpeg,0,642
lungaca4733.jpeg,0,672
lungaca4734.jpeg,0,672
lungaca4735.jpeg,0,718
lungaca4736.jpeg,0,710
lungaca4737.jpeg,0,528
lungaca4739.jpeg,0,638
lungaca474.jpeg,0,586
lungaca4740.jpeg,0,726
lungaca4741.jpeg,0,713
lungaca4742.jpeg,0,585
lungaca4743.jpeg,0,589
lungaca4746.jpeg,0,634
lungaca4748.jpeg,0,679
lungaca4749.jpeg,0,679
lungaca475.jpeg,0,710
lungaca4750.jpeg,0,679
lungaca4752.jpeg,0,545
lungaca4754.jpeg,0,524
lungaca4756.jpeg,0,643
lungaca4757.jpeg,0,643
lungaca4763.jpeg,0,699
lungaca4764.jpeg,0,581
lungaca4765.jpeg,0,680
lungaca4766.jpeg,0,705
lungaca4767.jpeg,0,705
lungaca4768.jpeg,0,689
lungaca4769.jpeg,0,567
lungaca477.jpeg,0,653
lungaca4770.jpeg,0,635
lungaca4771.jpeg,0,706
lungaca4772.jpeg,0,631
lungaca4773.jpeg,0,662
lungaca4774.jpeg,0,538
lungaca4775.jpeg,0,702
lungaca4779.jpeg,0,730
lungaca478.jpeg,0,604
lungaca4780.jpeg,0,704
lungaca4782.jpeg,0,682
lungaca4785.jpeg,0,534
lungaca4786.jpeg,0,681
lungaca4788.jpeg,0,608
lungaca4789.jpeg,0,738
lungaca479.jpeg,0,620
lungaca4790.jpeg,0,744
lungaca4791.jpeg,0,510
lungaca4794.jpeg,0,544
lungaca4797.jpeg,0,687
lungaca4798.jpeg,0,507
lungaca48.jpeg,0,605
lungaca480.jpeg,0,620
lungaca4800.jpeg,0,573
lungaca4802.jpeg,0,679
lungaca4803.jpeg,0,675
lungaca4807.jpeg,0,626
lungaca4808.jpeg,0,545
lungaca4809.jpeg,0,545
lungaca4811.jpeg,0,720
lungaca4812.jpeg,0,720
lungaca4813.jpeg,0,623
lungaca4816.jpeg,0,670
lungaca4817.jpeg,0,524
lungaca4818.jpeg,0,524
lungaca482.jpeg,0,695
lungaca4820.jpeg,0,600
lungaca4824.jpeg,0,588
lungaca4826.jpeg,0,568
lungaca4827.jpeg,0,577
lungaca4828.jpeg,0,601
lungaca4829.jpeg,0,601
lungaca483.jpeg,0,692
lungaca4833.jpeg,0,645
lungaca4834.jpeg,0,621
lungaca4835.jpeg,0,621
lungaca4836.jpeg,0,518
lungaca4839.jpeg,0,572
lungaca484.jpeg,0,626
lungaca4841.jpeg,0,697
lungaca4842.jpeg,0,612
lungaca4843.jpeg,0,597
lungaca4844.jpeg,0,619
lungaca4845.jpeg,0,536
lungaca4849.jpeg,0,609
lungaca485.jpeg,0,545
lungaca4850.jpeg,0,611
lungaca4851.jpeg,0,544
lungaca4853.jpeg,0,554
lungaca4855.jpeg,0,629
lungaca4856.jpeg,0,710
lungaca4857.jpeg,0,551
lungaca4858.jpeg,0,653
lungaca4860.jpeg,0,552
lungaca4861.jpeg,0,687
lungaca4862.jpeg,0,604
lungaca4864.jpeg,0,692
lungaca4869.jpeg,0,743
lungaca487.jpeg,0,516
lungaca4870.jpeg,0,521
lungaca4871.jpeg,0,521
lungaca4872.jpeg,0,598
lungaca4873.jpeg,0,739
lungaca4874.jpeg,0,652
lungaca4876.jpeg,0,700
lungaca4878.jpeg,0,568
lungaca488.jpeg,0,670
lungaca4881.jpeg,0,702
lungaca4883.jpeg,0,546
lungaca4884.jpeg,0,637
lungaca4885.jpeg,0,661
lungaca4886.jpeg,0,520
lungaca4888.jpeg,0,518
lungaca489.jpeg,0,643
lungaca4891.jpeg,0,587
lungaca4893.jpeg,0,715
lungaca4894.jpeg,0,557
lungaca4895.jpeg,0,657
lungaca4896.jpeg,0,697
lungaca4897.jpeg,0,682
lungaca4898.jpeg,0,534
lungaca4901.jpeg,0,513
lungaca4902.jpeg,0,744
lungaca4903.jpeg,0,561
lungaca4905.jpeg,0,611
lungaca4906.jpeg,0,672
lungaca4907.jpeg,0,686
lungaca4908.jpeg,0,528
lungaca4909.jpeg,0,638
lungaca491.jpeg,0,650
lungaca4911.jpeg,0,713
lungaca4913.jpeg,0,507
lungaca4914.jpeg,0,604
lungaca4915.jpeg,0,573
lungaca4918.jpeg,0,515
lungaca492.jpeg,0,739
lungaca4920.jpeg,0,679
lungaca4922.jpeg,0,633
lungaca4923.jpeg,0,742
lungaca4924.jpeg,0,626
lungaca4925.jpeg,0,694
lungaca4927.jpeg,0,743
lungaca4928.jpeg,0,646
lungaca4929.jpeg,0,724
lungaca493.jpeg,0,699
lungaca4932.jpeg,0,539
lungaca4933.jpeg,0,571
lungaca4934.jpeg,0,571
lungaca4937.jpeg,0,567
lungaca4939.jpeg,0,677
lungaca494.jpeg,0,539
lungaca4940.jpeg,0,662
lungaca4941.jpeg,0,533
lungaca4943.jpeg,0,660
lungaca4944.jpeg,0,660
lungaca4945.jpeg,0,602
lungaca4947.jpeg,0,518
lungaca4949.jpeg,0,659
lungaca495.jpeg,0,640
lungaca4950.jpeg,0,649
lungaca4953.jpeg,0,534
lungaca4956.jpeg,0,738
lungaca4957.jpeg,0,744
lungaca4959.jpeg,0,698
lungaca496.jpeg,0,558
lungaca4961.jpeg,0,672
lungaca4965.jpeg,0,554
lungaca497.jpeg,0,705
lungaca4970.jpeg,0,589
lungaca4971.jpeg,0,685
lungaca4972.jpeg,0,566
lungaca4973.jpeg,0,578
lungaca4975.jpeg,0,529
lungaca4977.jpeg,0,724
lungaca4980.jpeg,0,700
lungaca4981.jpeg,0,640
lungaca4983.jpeg,0,689
lungaca4986.jpeg,0,568
lungaca4987.jpeg,0,728
lungaca4989.jpeg,0,631
lungaca4990.jpeg,0,631
lungaca4991.jpeg,0,533
lungaca4992.jpeg,0,538
lungaca4994.jpeg,0,621
lungaca4995.jpeg,0,524
lungaca4996.jpeg,0,520
lungaca4998.jpeg,0,715
lungaca4999.jpeg,0,657
lungaca50.jpeg,0,528
lungaca5000.jpeg,0,657
lungaca502.jpeg,0,601
lungaca504.jpeg,0,741
lungaca505.jpeg,0,639
lungaca506.jpeg,0,702
lungaca508.jpeg,0,645
lungaca509.jpeg,0,562
lungaca511.jpeg,0,637
lungaca512.jpeg,0,621
lungaca515.jpeg,0,520
lungaca516.jpeg,0,615
lungaca517.jpeg,0,704
lungaca518.jpeg,0,654
lungaca52.jpeg,0,541
lungaca521.jpeg,0,738
lungaca523.jpeg,0,510
lungaca524.jpeg,0,522
lungaca525.jpeg,0,674
lungaca528.jpeg,0,554
lungaca531.jpeg,0,656
lungaca532.jpeg,0,693
lungaca533.jpeg,0,678
lungaca534.jpeg,0,515
lungaca536.jpeg,0,512
lungaca54.jpeg,0,585
lungaca541.jpeg,0,732
lungaca542.jpeg,0,694
lungaca545.jpeg,0,717
lungaca547.jpeg,0,724
lungaca55.jpeg,0,685
lungaca550.jpeg,0,680
lungaca551.jpeg,0,680
lungaca552.jpeg,0,558
lungaca555.jpeg,0,588
lungaca556.jpeg,0,588
lungaca562.jpeg,0,552
lungaca563.jpeg,0,568
lungaca564.jpeg,0,728
lungaca565.jpeg,0,654
lungaca566.jpeg,0,599
lungaca567.jpeg,0,677
lungaca568.jpeg,0,556
lungaca569.jpeg,0,662
lungaca57.jpeg,0,695
lungaca570.jpeg,0,741
lungaca572.jpeg,0,564
lungaca573.jpeg,0,587
lungaca574.jpeg,0,572
lungaca575.jpeg,0,704
lungaca576.jpeg,0,534
lungaca577.jpeg,0,681
lungaca58.jpeg,0,512
lungaca581.jpeg,0,648
lungaca583.jpeg,0,698
lungaca585.jpeg,0,561
lungaca586.jpeg,0,609
lungaca588.jpeg,0,611
lungaca589.jpeg,0,611
lungaca59.jpeg,0,679
lungaca590.jpeg,0,747
lungaca592.jpeg,0,586
lungaca594.jpeg,0,690
lungaca595.jpeg,0,604
lungaca596.jpeg,0,693
lungaca597.jpeg,0,620
lungaca6.jpeg,0,561
lungaca60.jpeg,0,626
lungaca600.jpeg,0,675
lungaca605.jpeg,0,529
lungaca607.jpeg,0,521
lungaca608.jpeg,0,731
lungaca609.jpeg,0,731
lungaca610.jpeg,0,650
lungaca611.jpeg,0,699
lungaca612.jpeg,0,652
lungaca614.jpeg,0,588
lungaca615.jpeg,0,705
lungaca616.jpeg,0,531
lungaca621.jpeg,0,662
lungaca622.jpeg,0,533
lungaca623.jpeg,0,538
lungaca624.jpeg,0,627
lungaca625.jpeg,0,583
lungaca627.jpeg,0,702
lungaca628.jpeg,0,711
lungaca63.jpeg,0,623
lungaca630.jpeg,0,621
lungaca631.jpeg,0,506
lungaca633.jpeg,0,509
lungaca635.jpeg,0,659
lungaca636.jpeg,0,622
lungaca637.jpeg,0,591
lungaca638.jpeg,0,587
lungaca639.jpeg,0,715
lungaca64.jpeg,0,516
lungaca641.jpeg,0,682
lungaca642.jpeg,0,682
lungaca643.jpeg,0,654
lungaca646.jpeg,0,738
lungaca647.jpeg,0,536
lungaca648.jpeg,0,641
lungaca649.jpeg,0,642
lungaca65.jpeg,0,646
lungaca650.jpeg,0,544
lungaca651.jpeg,0,630
lungaca652.jpeg,0,554
lungaca653.jpeg,0,514
lungaca656.jpeg,0,685
lungaca657.jpeg,0,566
lungaca658.jpeg,0,692
lungaca659.jpeg,0,679
lungaca66.jpeg,0,739
lungaca663.jpeg,0,709
lungaca664.jpeg,0,578
lungaca666.jpeg,0,720
lungaca669.jpeg,0,646
lungaca672.jpeg,0,600
lungaca674.jpeg,0,581
lungaca675.jpeg,0,539
lungaca678.jpeg,0,706
lungaca679.jpeg,0,577
lungaca68.jpeg,0,539
lungaca680.jpeg,0,556
lungaca682.jpeg,0,676
lungaca683.jpeg,0,583
lungaca684.jpeg,0,583
lungaca685.jpeg,0,741
lungaca686.jpeg,0,702
lungaca688.jpeg,0,645
lungaca689.jpeg,0,564
lungaca69.jpeg,0,563
lungaca690.jpeg,0,520
lungaca691.jpeg,0,593
lungaca692.jpeg,0,518
lungaca693.jpeg,0,622
lungaca695.jpeg,0,587
lungaca697.jpeg,0,704
lungaca698.jpeg,0,612
lungaca699.jpeg,0,597
lungaca7.jpeg,0,561
lungaca70.jpeg,0,563
lungaca700.jpeg,0,608
lungaca701.jpeg,0,738
lungaca703.jpeg,0,510
lungaca704.jpeg,0,609
lungaca705.jpeg,0,641
lungaca707.jpeg,0,611
lungaca709.jpeg,0,585
lungaca71.jpeg,0,567
lungaca710.jpeg,0,653
lungaca712.jpeg,0,552
lungaca714.jpeg,0,693
lungaca715.jpeg,0,620
lungaca716.jpeg,0,620
lungaca717.jpeg,0,695
lungaca719.jpeg,0,566
lungaca721.jpeg,0,634
lungaca723.jpeg,0,633
lungaca724.jpeg,0,535
lungaca727.jpeg,0,724
lungaca729.jpeg,0,714
lungaca73.jpeg,0,728
lungaca730.jpeg,0,571
lungaca731.jpeg,0,558
lungaca736.jpeg,0,618
lungaca737.jpeg,0,706
lungaca738.jpeg,0,662
lungaca739.jpeg,0,583
lungaca74.jpeg,0,728
lungaca740.jpeg,0,583
lungaca741.jpeg,0,702
lungaca742.jpeg,0,546
lungaca743.jpeg,0,636
lungaca745.jpeg,0,520
lungaca746.jpeg,0,591
lungaca747.jpeg,0,649
lungaca748.jpeg,0,587
lungaca75.jpeg,0,577
lungaca750.jpeg,0,572
lungaca751.jpeg,0,697
lungaca753.jpeg,0,681
lungaca756.jpeg,0,525
lungaca758.jpeg,0,609
lungaca759.jpeg,0,642
lungaca76.jpeg,0,631
lungaca760.jpeg,0,745
lungaca761.jpeg,0,559
lungaca762.jpeg,0,559
lungaca764.jpeg,0,554
lungaca765.jpeg,0,554
lungaca769.jpeg,0,551
lungaca77.jpeg,0,631
lungaca771.jpeg,0,687
lungaca772.jpeg,0,687
lungaca778.jpeg,0,717
lungaca780.jpeg,0,643
lungaca781.jpeg,0,650
lungaca782.jpeg,0,724
lungaca786.jpeg,0,567
lungaca787.jpeg,0,567
lungaca788.jpeg,0,567
lungaca789.jpeg,0,635
lungaca79.jpeg,0,662
lungaca790.jpeg,0,539
lungaca792.jpeg,0,599
lungaca793.jpeg,0,599
lungaca796.jpeg,0,662
lungaca797.jpeg,0,538
lungaca798.jpeg,0,583
lungaca799.jpeg,0,684
lungaca800.jpeg,0,621
lungaca801.jpeg,0,661
lungaca803.jpeg,0,622
lungaca804.jpeg,0,591
lungaca807.jpeg,0,608
lungaca809.jpeg,0,648
lungaca81.jpeg,0,660
lungaca810.jpeg,0,648
lungaca811.jpeg,0,648
lungaca813.jpeg,0,611
lungaca814.jpeg,0,747
lungaca816.jpeg,0,554
lungaca817.jpeg,0,514
lungaca818.jpeg,0,691
lungaca823.jpeg,0,690
lungaca824.jpeg,0,551
lungaca826.jpeg,0,573
lungaca828.jpeg,0,725
lungaca829.jpeg,0,692
lungaca83.jpeg,0,621
lungaca830.jpeg,0,515
lungaca832.jpeg,0,633
lungaca836.jpeg,0,717
lungaca839.jpeg,0,524
lungaca84.jpeg,0,602
lungaca841.jpeg,0,550
lungaca843.jpeg,0,588
lungaca844.jpeg,0,531
lungaca849.jpeg,0,583
lungaca85.jpeg,0,506
lungaca850.jpeg,0,741
lungaca852.jpeg,0,546
lungaca853.jpeg,0,553
lungaca854.jpeg,0,564
lungaca855.jpeg,0,661
lungaca856.jpeg,0,506
lungaca860.jpeg,0,649
lungaca863.jpeg,0,681
lungaca864.jpeg,0,738
lungaca865.jpeg,0,744
lungaca866.jpeg,0,522
lungaca869.jpeg,0,605
lungaca870.jpeg,0,691
lungaca871.jpeg,0,691
lungaca872.jpeg,0,528
lungaca873.jpeg,0,656
lungaca874.jpeg,0,551
lungaca875.jpeg,0,721
lungaca876.jpeg,0,573
lungaca877.jpeg,0,695
lungaca878.jpeg,0,565
lungaca879.jpeg,0,725
lungaca880.jpeg,0,666
lungaca881.jpeg,0,512
lungaca883.jpeg,0,709
lungaca884.jpeg,0,545
lungaca885.jpeg,0,545
lungaca887.jpeg,0,743
lungaca888.jpeg,0,516
lungaca89.jpeg,0,593
lungaca891.jpeg,0,524
lungaca892.jpeg,0,739
lungaca893.jpeg,0,724
lungaca894.jpeg,0,699
lungaca897.jpeg,0,705
lungaca898.jpeg,0,689
lungaca899.jpeg,0,567
lungaca9.jpeg,0,609
lungaca900.jpeg,0,635
lungaca902.jpeg,0,552
lungaca903.jpeg,0,728
lungaca904.jpeg,0,601
lungaca905.jpeg,0,538
lungaca906.jpeg,0,639
lungaca907.jpeg,0,702
lungaca910.jpeg,0,562
lungaca911.jpeg,0,660
lungaca912.jpeg,0,660
lungaca913.jpeg,0,602
lungaca914.jpeg,0,602
lungaca915.jpeg,0,506
lungaca916.jpeg,0,659
lungaca917.jpeg,0,615
lungaca919.jpeg,0,587
lungaca921.jpeg,0,657
lungaca924.jpeg,0,654
lungaca926.jpeg,0,510
lungaca927.jpeg,0,642
lungaca928.jpeg,0,745
lungaca930.jpeg,0,514
lungaca931.jpeg,0,710
lungaca933.jpeg,0,690
lungaca934.jpeg,0,726
lungaca937.jpeg,0,552
lungaca938.jpeg,0,589
lungaca94.jpeg,0,703
lungaca941.jpeg,0,565
lungaca942.jpeg,0,666
lungaca944.jpeg,0,512
lungaca945.jpeg,0,512
lungaca947.jpeg,0,742
lungaca948.jpeg,0,709
lungaca949.jpeg,0,529
lungaca95.jpeg,0,649
lungaca950.jpeg,0,720
lungaca951.jpeg,0,650
lungaca952.jpeg,0,600
lungaca954.jpeg,0,563
lungaca959.jpeg,0,689
lungaca96.jpeg,0,587
lungaca960.jpeg,0,689
lungaca962.jpeg,0,552
lungaca963.jpeg,0,618
lungaca964.jpeg,0,568
lungaca965.jpeg,0,728
lungaca966.jpeg,0,631
lungaca97.jpeg,0,557
lungaca970.jpeg,0,621
lungaca973.jpeg,0,622
lungaca975.jpeg,0,657
lungaca976.jpeg,0,619
lungaca978.jpeg,0,701
lungaca98.jpeg,0,657
lungaca980.jpeg,0,561
lungaca984.jpeg,0,642
lungaca987.jpeg,0,544
lungaca988.jpeg,0,686
lungaca99.jpeg,0,704
lungaca991.jpeg,0,586
lungaca992.jpeg,0,638
lungaca993.jpeg,0,690
lungaca994.jpeg,0,690
lungaca995.jpeg,0,551
lungaca996.jpeg,0,687
lungaca997.jpeg,0,604
lungn1.jpeg,1,820
lungn10.jpeg,1,931
lungn1000.jpeg,1,823
lungn1003.jpeg,1,866
lungn1004.jpeg,1,953
lungn1005.jpeg,1,953
lungn1006.jpeg,1,953
lungn1007.jpeg,1,931
lungn1008.jpeg,1,931
lungn1009.jpeg,1,881
lungn101.jpeg,1,851
lungn1010.jpeg,1,783
lungn1012.jpeg,1,855
lungn1013.jpeg,1,794
lungn1014.jpeg,1,794
lungn1017.jpeg,1,917
lungn102.jpeg,1,843
lungn1020.jpeg,1,914
lungn1021.jpeg,1,751
lungn1022.jpeg,1,751
lungn1024.jpeg,1,915
lungn1025.jpeg,1,898
lungn1028.jpeg,1,839
lungn1029.jpeg,1,863
lungn1030.jpeg,1,779
lungn1032.jpeg,1,956
lungn1033.jpeg,1,961
lungn1034.jpeg,1,945
lungn1035.jpeg,1,830
lungn1036.jpeg,1,788
lungn1038.jpeg,1,778
lungn1039.jpeg,1,798
lungn104.jpeg,1,995
lungn1040.jpeg,1,971
lungn1042.jpeg,1,756
lungn1044.jpeg,1,888
lungn1051.jpeg,1,793
lungn1052.jpeg,1,770
lungn1053.jpeg,1,948
lungn1055.jpeg,1,958
lungn1056.jpeg,1,824
lungn1058.jpeg,1,926
lungn106.jpeg,1,857
lungn1060.jpeg,1,820
lungn1061.jpeg,1,942
lungn1064.jpeg,1,766
lungn1065.jpeg,1,766
lungn1066.jpeg,1,796
lungn1067.jpeg,1,785
lungn1068.jpeg,1,785
lungn1070.jpeg,1,837
lungn1071.jpeg,1,768
lungn1073.jpeg,1,836
lungn1074.jpeg,1,916
lungn1076.jpeg,1,832
lungn1077.jpeg,1,979
lungn1078.jpeg,1,866
lungn1079.jpeg,1,828
lungn1081.jpeg,1,794
lungn1083.jpeg,1,941
lungn1084.jpeg,1,936
lungn1086.jpeg,1,755
lungn1087.jpeg,1,757
lungn1088.jpeg,1,774
lungn1089.jpeg,1,898
lungn1090.jpeg,1,949
lungn1091.jpeg,1,806
lungn1092.jpeg,1,826
lungn1093.jpeg,1,904
lungn1098.jpeg,1,805
lungn1099.jpeg,1,867
lungn1103.jpeg,1,809
lungn1104.jpeg,1,854
lungn1105.jpeg,1,946
lungn1108.jpeg,1,885
lungn1109.jpeg,1,802
lungn1110.jpeg,1,802
lungn1111.jpeg,1,908
lungn1112.jpeg,1,940
lungn1113.jpeg,1,897
lungn1114.jpeg,1,982
lungn1115.jpeg,1,964
lungn1116.jpeg,1,877
lungn1117.jpeg,1,787
lungn1122.jpeg,1,905
lungn1123.jpeg,1,836
lungn1125.jpeg,1,988
lungn1126.jpeg,1,851
lungn1127.jpeg,1,797
lungn1128.jpeg,1,783
lungn1129.jpeg,1,783
lungn113.jpeg,1,806
lungn1130.jpeg,1,923
lungn1131.jpeg,1,917
lungn1133.jpeg,1,816
lungn1134.jpeg,1,751
lungn1136.jpeg,1,985
lungn1137.jpeg,1,844
lungn1138.jpeg,1,915
lungn1139.jpeg,1,949
lungn1142.jpeg,1,777
lungn1143.jpeg,1,822
lungn1145.jpeg,1,880
lungn1148.jpeg,1,781
lungn1149.jpeg,1,792
lungn1150.jpeg,1,809
lungn1152.jpeg,1,807
lungn1153.jpeg,1,950
lungn1154.jpeg,1,950
lungn1155.jpeg,1,955
lungn1159.jpeg,1,975
lungn1160.jpeg,1,791
lungn1161.jpeg,1,888
lungn1162.jpeg,1,773
lungn1164.jpeg,1,993
lungn1165.jpeg,1,928
lungn1166.jpeg,1,793
lungn1167.jpeg,1,982
lungn1168.jpeg,1,964
lungn1169.jpeg,1,877
lungn117.jpeg,1,767
lungn1170.jpeg,1,858
lungn1171.jpeg,1,813
lungn1172.jpeg,1,980
lungn1173.jpeg,1,864
lungn1174.jpeg,1,824
lungn1175.jpeg,1,824
lungn1176.jpeg,1,926
lungn1177.jpeg,1,926
lungn1179.jpeg,1,875
lungn118.jpeg,1,777
lungn1181.jpeg,1,927
lungn1184.jpeg,1,823
lungn1186.jpeg,1,752
lungn1187.jpeg,1,752
lungn1188.jpeg,1,916
lungn1191.jpeg,1,797
lungn1192.jpeg,1,881
lungn1193.jpeg,1,759
lungn1194.jpeg,1,783
lungn1196.jpeg,1,995
lungn1197.jpeg,1,794
lungn1199.jpeg,1,941
lungn12.jpeg,1,853
lungn120.jpeg,1,930
lungn1200.jpeg,1,751
lungn1201.jpeg,1,751
lungn1202.jpeg,1,774
lungn1203.jpeg,1,915
lungn1204.jpeg,1,898
lungn1206.jpeg,1,812
lungn1207.jpeg,1,777
lungn1208.jpeg,1,761
lungn121.jpeg,1,790
lungn1212.jpeg,1,846
lungn1216.jpeg,1,990
lungn1217.jpeg,1,854
lungn1219.jpeg,1,946
lungn1221.jpeg,1,975
lungn1223.jpeg,1,885
lungn1228.jpeg,1,928
lungn1229.jpeg,1,940
lungn123.jpeg,1,805
lungn1230.jpeg,1,786
lungn1231.jpeg,1,786
lungn1232.jpeg,1,787
lungn1233.jpeg,1,787
lungn1235.jpeg,1,960
lungn1236.jpeg,1,874
lungn1237.jpeg,1,907
lungn1238.jpeg,1,766
lungn124.jpeg,1,845
lungn1242.jpeg,1,905
lungn1243.jpeg,1,785
lungn1244.jpeg,1,933
lungn1245.jpeg,1,832
lungn1248.jpeg,1,831
lungn1249.jpeg,1,931
lungn125.jpeg,1,788
lungn1250.jpeg,1,797
lungn1251.jpeg,1,783
lungn1252.jpeg,1,970
lungn1253.jpeg,1,891
lungn1256.jpeg,1,814
lungn1257.jpeg,1,757
lungn1258.jpeg,1,757
lungn1259.jpeg,1,985
lungn126.jpeg,1,909
lungn1260.jpeg,1,915
lungn1261.jpeg,1,898
lungn1262.jpeg,1,806
lungn1263.jpeg,1,860
lungn1264.jpeg,1,872
lungn1265.jpeg,1,779
lungn1267.jpeg,1,829
lungn1268.jpeg,1,961
lungn1269.jpeg,1,895
lungn127.jpeg,1,799
lungn1270.jpeg,1,815
lungn1272.jpeg,1,972
lungn1274.jpeg,1,869
lungn1275.jpeg,1,971
lungn1276.jpeg,1,946
lungn1277.jpeg,1,807
lungn1278.jpeg,1,950
lungn1279.jpeg,1,756
lungn128.jpeg,1,799
lungn1280.jpeg,1,762
lungn1281.jpeg,1,762
lungn1282.jpeg,1,902
lungn1283.jpeg,1,902
lungn1285.jpeg,1,885
lungn1288.jpeg,1,883
lungn1290.jpeg,1,940
lungn1291.jpeg,1,948
lungn1292.jpeg,1,897
lungn1293.jpeg,1,897
lungn1295.jpeg,1,824
lungn1297.jpeg,1,983
lungn1298.jpeg,1,862
lungn1299.jpeg,1,919
lungn130.jpeg,1,798
lungn1300.jpeg,1,947
lungn1301.jpeg,1,947
lungn1302.jpeg,1,943
lungn1303.jpeg,1,752
lungn1306.jpeg,1,851
lungn1307.jpeg,1,843
lungn1308.jpeg,1,953
lungn131.jpeg,1,798
lungn1312.jpeg,1,914
lungn1313.jpeg,1,755
lungn1314.jpeg,1,751
lungn1315.jpeg,1,757
lungn1316.jpeg,1,808
lungn1317.jpeg,1,808
lungn1319.jpeg,1,865
lungn132.jpeg,1,971
lungn1320.jpeg,1,863
lungn1325.jpeg,1,880
lungn1326.jpeg,1,880
lungn1327.jpeg,1,790
lungn1331.jpeg,1,956
lungn1333.jpeg,1,867
lungn1334.jpeg,1,990
lungn1336.jpeg,1,854
lungn1338.jpeg,1,955
lungn1339.jpeg,1,762
lungn1341.jpeg,1,913
lungn1342.jpeg,1,888
lungn1343.jpeg,1,888
lungn1345.jpeg,1,908
lungn1347.jpeg,1,976
lungn1348.jpeg,1,940
lungn1349.jpeg,1,858
lungn1350.jpeg,1,813
lungn1351.jpeg,1,787
lungn1352.jpeg,1,864
lungn1353.jpeg,1,864
lungn1354.jpeg,1,960
lungn1357.jpeg,1,874
lungn1358.jpeg,1,907
lungn1359.jpeg,1,907
lungn1360.jpeg,1,942
lungn1362.jpeg,1,922
lungn1363.jpeg,1,875
lungn1365.jpeg,1,919
lungn1366.jpeg,1,947
lungn1367.jpeg,1,785
lungn1369.jpeg,1,933
lungn1370.jpeg,1,916
lungn1371.jpeg,1,988
lungn1372.jpeg,1,866
lungn1373.jpeg,1,831
lungn1376.jpeg,1,783
lungn1377.jpeg,1,965
lungn1378.jpeg,1,965
lungn138.jpeg,1,817
lungn1380.jpeg,1,794
lungn1381.jpeg,1,794
lungn1384.jpeg,1,941
lungn1386.jpeg,1,853
lungn1387.jpeg,1,774
lungn1389.jpeg,1,844
lungn139.jpeg,1,817
lungn1390.jpeg,1,915
lungn1391.jpeg,1,915
lungn1392.jpeg,1,949
lungn1393.jpeg,1,826
lungn1394.jpeg,1,812
lungn1395.jpeg,1,880
lungn1396.jpeg,1,829
lungn1397.jpeg,1,829
lungn1398.jpeg,1,845
lungn14.jpeg,1,949
lungn140.jpeg,1,817
lungn1400.jpeg,1,895
lungn1401.jpeg,1,932
lungn1402.jpeg,1,867
lungn1403.jpeg,1,990
lungn1404.jpeg,1,811
lungn141.jpeg,1,973
lungn1410.jpeg,1,971
lungn1411.jpeg,1,946
lungn1413.jpeg,1,959
lungn1414.jpeg,1,902
lungn1415.jpeg,1,802
lungn1418.jpeg,1,817
lungn142.jpeg,1,973
lungn1420.jpeg,1,964
lungn1423.jpeg,1,983
lungn1424.jpeg,1,874
lungn1425.jpeg,1,987
lungn1426.jpeg,1,862
lungn1428.jpeg,1,927
lungn143.jpeg,1,849
lungn1430.jpeg,1,768
lungn1431.jpeg,1,752
lungn1432.jpeg,1,906
lungn1433.jpeg,1,962
lungn1434.jpeg,1,979
lungn1440.jpeg,1,764
lungn1441.jpeg,1,816
lungn1442.jpeg,1,816
lungn1444.jpeg,1,757
lungn1445.jpeg,1,985
lungn1446.jpeg,1,985
lungn1447.jpeg,1,806
lungn145.jpeg,1,786
lungn1450.jpeg,1,860
lungn1453.jpeg,1,804
lungn1455.jpeg,1,856
lungn1456.jpeg,1,882
lungn1457.jpeg,1,895
lungn1458.jpeg,1,815
lungn1459.jpeg,1,932
lungn146.jpeg,1,786
lungn1460.jpeg,1,765
lungn1462.jpeg,1,990
lungn1463.jpeg,1,799
lungn1464.jpeg,1,799
lungn1466.jpeg,1,971
lungn1467.jpeg,1,876
lungn1469.jpeg,1,975
lungn1470.jpeg,1,791
lungn1471.jpeg,1,913
lungn1474.jpeg,1,976
lungn1475.jpeg,1,770
lungn1476.jpeg,1,897
lungn1477.jpeg,1,786
lungn1478.jpeg,1,964
lungn148.jpeg,1,952
lungn1480.jpeg,1,922
lungn1482.jpeg,1,771
lungn1483.jpeg,1,796
lungn1485.jpeg,1,989
lungn1486.jpeg,1,978
lungn1489.jpeg,1,752
lungn149.jpeg,1,952
lungn1490.jpeg,1,752
lungn1491.jpeg,1,916
lungn1492.jpeg,1,866
lungn1493.jpeg,1,866
lungn1494.jpeg,1,881
lungn1495.jpeg,1,759
lungn1496.jpeg,1,965
lungn1498.jpeg,1,857
lungn1499.jpeg,1,891
lungn150.jpeg,1,960
lungn1500.jpeg,1,923
lungn1502.jpeg,1,844
lungn1503.jpeg,1,844
lungn1507.jpeg,1,865
lungn1508.jpeg,1,767
lungn1509.jpeg,1,930
lungn151.jpeg,1,926
lungn1510.jpeg,1,930
lungn1511.jpeg,1,825
lungn1513.jpeg,1,805
lungn1516.jpeg,1,845
lungn1519.jpeg,1,830
lungn152.jpeg,1,874
lungn1520.jpeg,1,815
lungn1521.jpeg,1,788
lungn1522.jpeg,1,788
lungn1523.jpeg,1,778
lungn1524.jpeg,1,867
lungn1525.jpeg,1,799
lungn1526.jpeg,1,809
lungn1527.jpeg,1,807
lungn1529.jpeg,1,876
lungn1530.jpeg,1,924
lungn1535.jpeg,1,802
lungn1536.jpeg,1,908
lungn1537.jpeg,1,976
lungn154.jpeg,1,942
lungn1540.jpeg,1,928
lungn1541.jpeg,1,980
lungn1543.jpeg,1,820
lungn1544.jpeg,1,987
lungn1545.jpeg,1,942
lungn1546.jpeg,1,771
lungn1547.jpeg,1,836
lungn1549.jpeg,1,962
lungn155.jpeg,1,771
lungn1550.jpeg,1,979
lungn1551.jpeg,1,866
lungn1552.jpeg,1,831
lungn1553.jpeg,1,843
lungn1554.jpeg,1,953
lungn1556.jpeg,1,759
lungn1557.jpeg,1,759
lungn1558.jpeg,1,970
lungn1562.jpeg,1,923
lungn1564.jpeg,1,755
lungn1566.jpeg,1,893
lungn1567.jpeg,1,808
lungn1568.jpeg,1,808
lungn157.jpeg,1,797
lungn1571.jpeg,1,758
lungn1573.jpeg,1,826
lungn1574.jpeg,1,939
lungn1577.jpeg,1,886
lungn1578.jpeg,1,839
lungn1579.jpeg,1,839
lungn1580.jpeg,1,790
lungn1582.jpeg,1,856
lungn1583.jpeg,1,788
lungn1584.jpeg,1,792
lungn1585.jpeg,1,792
lungn159.jpeg,1,823
lungn1590.jpeg,1,869
lungn1591.jpeg,1,798
lungn1592.jpeg,1,950
lungn1595.jpeg,1,902
lungn16.jpeg,1,806
lungn160.jpeg,1,978
lungn1600.jpeg,1,973
lungn1601.jpeg,1,940
lungn1602.jpeg,1,864
lungn1603.jpeg,1,824
lungn1604.jpeg,1,824
lungn1605.jpeg,1,983
lungn161.jpeg,1,836
lungn1610.jpeg,1,927
lungn1611.jpeg,1,919
lungn1612.jpeg,1,947
lungn1613.jpeg,1,938
lungn1614.jpeg,1,938
lungn1615.jpeg,1,989
lungn1616.jpeg,1,768
lungn1617.jpeg,1,836
lungn1618.jpeg,1,916
lungn162.jpeg,1,752
lungn1620.jpeg,1,906
lungn1622.jpeg,1,979
lungn1623.jpeg,1,843
lungn1624.jpeg,1,953
lungn1625.jpeg,1,898
lungn1626.jpeg,1,826
lungn1627.jpeg,1,826
lungn1629.jpeg,1,872
lungn1630.jpeg,1,767
lungn1631.jpeg,1,767
lungn1632.jpeg,1,930
lungn1635.jpeg,1,846
lungn1636.jpeg,1,856
lungn1637.jpeg,1,781
lungn1638.jpeg,1,781
lungn1639.jpeg,1,867
lungn164.jpeg,1,906
lungn1640.jpeg,1,909
lungn1641.jpeg,1,990
lungn1643.jpeg,1,890
lungn1645.jpeg,1,854
lungn1646.jpeg,1,854
lungn1647.jpeg,1,996
lungn1648.jpeg,1,762
lungn165.jpeg,1,979
lungn1650.jpeg,1,888
lungn1652.jpeg,1,802
lungn1655.jpeg,1,973
lungn1656.jpeg,1,973
lungn1657.jpeg,1,793
lungn1658.jpeg,1,897
lungn1659.jpeg,1,813
lungn1660.jpeg,1,980
lungn1661.jpeg,1,787
lungn1662.jpeg,1,787
lungn1663.jpeg,1,983
lungn1664.jpeg,1,926
lungn1667.jpeg,1,947
lungn1668.jpeg,1,947
lungn1669.jpeg,1,962
lungn167.jpeg,1,764
lungn1670.jpeg,1,851
lungn1671.jpeg,1,953
lungn1672.jpeg,1,931
lungn1673.jpeg,1,797
lungn1674.jpeg,1,970
lungn1675.jpeg,1,828
lungn1677.jpeg,1,857
lungn1678.jpeg,1,857
lungn168.jpeg,1,751
lungn1680.jpeg,1,853
lungn1681.jpeg,1,853
lungn1682.jpeg,1,755
lungn1684.jpeg,1,751
lungn1685.jpeg,1,751
lungn1686.jpeg,1,985
lungn1687.jpeg,1,808
lungn1688.jpeg,1,808
lungn169.jpeg,1,814
lungn1690.jpeg,1,758
lungn1691.jpeg,1,860
lungn1692.jpeg,1,939
lungn1693.jpeg,1,939
lungn1694.jpeg,1,865
lungn1695.jpeg,1,865
lungn1698.jpeg,1,956
lungn1699.jpeg,1,805
lungn17.jpeg,1,860
lungn170.jpeg,1,929
lungn1701.jpeg,1,845
lungn1702.jpeg,1,945
lungn1704.jpeg,1,990
lungn1705.jpeg,1,809
lungn1708.jpeg,1,996
lungn1709.jpeg,1,950
lungn1710.jpeg,1,876
lungn1712.jpeg,1,819
lungn1713.jpeg,1,885
lungn1716.jpeg,1,810
lungn1717.jpeg,1,993
lungn1718.jpeg,1,793
lungn1719.jpeg,1,770
lungn1720.jpeg,1,770
lungn1721.jpeg,1,897
lungn1722.jpeg,1,786
lungn1723.jpeg,1,813
lungn1724.jpeg,1,980
lungn1725.jpeg,1,952
lungn1726.jpeg,1,926
lungn1727.jpeg,1,820
lungn1728.jpeg,1,987
lungn1729.jpeg,1,875
lungn173.jpeg,1,898
lungn1732.jpeg,1,919
lungn1733.jpeg,1,947
lungn1736.jpeg,1,938
lungn1737.jpeg,1,943
lungn1738.jpeg,1,836
lungn1739.jpeg,1,752
lungn1741.jpeg,1,979
lungn1742.jpeg,1,797
lungn1743.jpeg,1,797
lungn1745.jpeg,1,995
lungn1746.jpeg,1,828
lungn1747.jpeg,1,855
lungn1748.jpeg,1,891
lungn1749.jpeg,1,891
lungn175.jpeg,1,826
lungn1751.jpeg,1,751
lungn1752.jpeg,1,929
lungn1753.jpeg,1,808
lungn1754.jpeg,1,808
lungn1756.jpeg,1,915
lungn1757.jpeg,1,915
lungn1758.jpeg,1,898
lungn176.jpeg,1,767
lungn1760.jpeg,1,812
lungn1761.jpeg,1,886
lungn1762.jpeg,1,886
lungn1763.jpeg,1,825
lungn1765.jpeg,1,829
lungn1766.jpeg,1,829
lungn1767.jpeg,1,846
lungn1769.jpeg,1,815
lungn177.jpeg,1,761
lungn1770.jpeg,1,792
lungn1771.jpeg,1,778
lungn1772.jpeg,1,765
lungn1773.jpeg,1,809
lungn1776.jpeg,1,876
lungn1778.jpeg,1,835
lungn1779.jpeg,1,885
lungn178.jpeg,1,956
lungn1781.jpeg,1,802
lungn1782.jpeg,1,773
lungn1785.jpeg,1,858
lungn1786.jpeg,1,952
lungn1788.jpeg,1,942
lungn179.jpeg,1,956
lungn1790.jpeg,1,766
lungn1791.jpeg,1,875
lungn1792.jpeg,1,875
lungn1794.jpeg,1,927
lungn1799.jpeg,1,931
lungn180.jpeg,1,829
lungn1800.jpeg,1,881
lungn1801.jpeg,1,828
lungn1802.jpeg,1,917
lungn1804.jpeg,1,914
lungn1805.jpeg,1,941
lungn1806.jpeg,1,774
lungn1807.jpeg,1,929
lungn1808.jpeg,1,893
lungn1809.jpeg,1,949
lungn181.jpeg,1,805
lungn1810.jpeg,1,812
lungn1811.jpeg,1,863
lungn1812.jpeg,1,779
lungn1815.jpeg,1,880
lungn1816.jpeg,1,880
lungn1817.jpeg,1,930
lungn1818.jpeg,1,825
lungn1819.jpeg,1,825
lungn182.jpeg,1,856
lungn1820.jpeg,1,804
lungn1821.jpeg,1,805
lungn1822.jpeg,1,895
lungn1823.jpeg,1,932
lungn1824.jpeg,1,867
lungn1825.jpeg,1,971
lungn1826.jpeg,1,946
lungn1827.jpeg,1,959
lungn1829.jpeg,1,902
lungn183.jpeg,1,945
lungn1830.jpeg,1,975
lungn1831.jpeg,1,975
lungn1833.jpeg,1,993
lungn1836.jpeg,1,928
lungn1837.jpeg,1,940
lungn1839.jpeg,1,877
lungn184.jpeg,1,945
lungn1840.jpeg,1,877
lungn1841.jpeg,1,958
lungn1842.jpeg,1,813
lungn1844.jpeg,1,986
lungn1845.jpeg,1,987
lungn1846.jpeg,1,862
lungn1847.jpeg,1,922
lungn1849.jpeg,1,905
lungn185.jpeg,1,882
lungn1850.jpeg,1,785
lungn1851.jpeg,1,785
lungn1852.jpeg,1,823
lungn1853.jpeg,1,823
lungn1854.jpeg,1,836
lungn1855.jpeg,1,896
lungn1856.jpeg,1,896
lungn1857.jpeg,1,832
lungn1858.jpeg,1,832
lungn1859.jpeg,1,843
lungn186.jpeg,1,895
lungn1861.jpeg,1,828
lungn1862.jpeg,1,941
lungn1864.jpeg,1,844
lungn1865.jpeg,1,915
lungn1866.jpeg,1,915
lungn1867.jpeg,1,949
lungn1868.jpeg,1,904
lungn1870.jpeg,1,825
lungn1872.jpeg,1,845
lungn1873.jpeg,1,856
lungn1874.jpeg,1,856
lungn1875.jpeg,1,932
lungn1876.jpeg,1,792
lungn1878.jpeg,1,809
lungn1879.jpeg,1,854
lungn1884.jpeg,1,798
lungn1885.jpeg,1,950
lungn1888.jpeg,1,762
lungn1889.jpeg,1,902
lungn189.jpeg,1,972
lungn1890.jpeg,1,913
lungn1894.jpeg,1,773
lungn1895.jpeg,1,849
lungn1896.jpeg,1,928
lungn1897.jpeg,1,940
lungn1898.jpeg,1,770
lungn1899.jpeg,1,858
lungn190.jpeg,1,811
lungn1900.jpeg,1,858
lungn1901.jpeg,1,864
lungn1903.jpeg,1,874
lungn1904.jpeg,1,874
lungn1906.jpeg,1,919
lungn1907.jpeg,1,821
lungn1908.jpeg,1,797
lungn1911.jpeg,1,916
lungn1912.jpeg,1,962
lungn1913.jpeg,1,851
lungn1914.jpeg,1,881
lungn1916.jpeg,1,855
lungn1918.jpeg,1,857
lungn1919.jpeg,1,923
lungn1920.jpeg,1,917
lungn1923.jpeg,1,757
lungn1924.jpeg,1,985
lungn1925.jpeg,1,774
lungn1927.jpeg,1,844
lungn1928.jpeg,1,893
lungn1929.jpeg,1,808
lungn193.jpeg,1,869
lungn1930.jpeg,1,915
lungn1933.jpeg,1,812
lungn1934.jpeg,1,872
lungn1936.jpeg,1,961
lungn1937.jpeg,1,961
lungn1938.jpeg,1,846
lungn194.jpeg,1,807
lungn1941.jpeg,1,830
lungn1942.jpeg,1,830
lungn1943.jpeg,1,788
lungn1944.jpeg,1,781
lungn1946.jpeg,1,778
lungn1947.jpeg,1,778
lungn1948.jpeg,1,811
lungn1949.jpeg,1,950
lungn195.jpeg,1,996
lungn1950.jpeg,1,955
lungn1951.jpeg,1,876
lungn1952.jpeg,1,762
lungn1954.jpeg,1,924
lungn1955.jpeg,1,888
lungn1956.jpeg,1,888
lungn196.jpeg,1,835
lungn1961.jpeg,1,993
lungn1963.jpeg,1,958
lungn1964.jpeg,1,813
lungn1966.jpeg,1,862
lungn1967.jpeg,1,766
lungn1968.jpeg,1,922
lungn1969.jpeg,1,875
lungn197.jpeg,1,791
lungn1971.jpeg,1,771
lungn1973.jpeg,1,905
lungn1974.jpeg,1,797
lungn1975.jpeg,1,947
lungn1976.jpeg,1,943
lungn1977.jpeg,1,933
lungn1978.jpeg,1,768
lungn1979.jpeg,1,836
lungn1981.jpeg,1,843
lungn1982.jpeg,1,797
lungn1983.jpeg,1,970
lungn1986.jpeg,1,855
lungn1988.jpeg,1,891
lungn199.jpeg,1,913
lungn1990.jpeg,1,764
lungn1991.jpeg,1,816
lungn1992.jpeg,1,757
lungn1993.jpeg,1,985
lungn1994.jpeg,1,929
lungn1996.jpeg,1,893
lungn1998.jpeg,1,898
lungn2.jpeg,1,922
lungn20.jpeg,1,765
lungn2000.jpeg,1,767
lungn2001.jpeg,1,779
lungn2002.jpeg,1,822
lungn2003.jpeg,1,822
lungn2004.jpeg,1,930
lungn2005.jpeg,1,846
lungn2006.jpeg,1,846
lungn2007.jpeg,1,856
lungn2008.jpeg,1,895
lungn2009.jpeg,1,781
lungn201.jpeg,1,883
lungn2011.jpeg,1,990
lungn2012.jpeg,1,890
lungn2013.jpeg,1,809
lungn2015.jpeg,1,762
lungn2016.jpeg,1,885
lungn2017.jpeg,1,810
lungn2018.jpeg,1,897
lungn2019.jpeg,1,964
lungn2020.jpeg,1,864
lungn2021.jpeg,1,824
lungn2023.jpeg,1,922
lungn2024.jpeg,1,821
lungn2025.jpeg,1,797
lungn2027.jpeg,1,943
lungn2028.jpeg,1,943
lungn2029.jpeg,1,978
lungn203.jpeg,1,928
lungn2031.jpeg,1,896
lungn2032.jpeg,1,896
lungn2033.jpeg,1,906
lungn2034.jpeg,1,962
lungn2036.jpeg,1,953
lungn2037.jpeg,1,953
lungn2038.jpeg,1,953
lungn2039.jpeg,1,881
lungn204.jpeg,1,770
lungn2040.jpeg,1,759
lungn2041.jpeg,1,759
lungn2042.jpeg,1,965
lungn2043.jpeg,1,828
lungn2045.jpeg,1,764
lungn2046.jpeg,1,853
lungn2047.jpeg,1,936
lungn2048.jpeg,1,755
lungn2049.jpeg,1,985
lungn205.jpeg,1,948
lungn2050.jpeg,1,774
lungn2052.jpeg,1,929
lungn2054.jpeg,1,844
lungn2055.jpeg,1,844
lungn2056.jpeg,1,893
lungn2057.jpeg,1,808
lungn2058.jpeg,1,949
lungn2059.jpeg,1,758
lungn206.jpeg,1,858
lungn2060.jpeg,1,758
lungn2061.jpeg,1,860
lungn2062.jpeg,1,767
lungn2063.jpeg,1,863
lungn2069.jpeg,1,830
lungn207.jpeg,1,787
lungn2070.jpeg,1,788
lungn2072.jpeg,1,778
lungn2073.jpeg,1,972
lungn2074.jpeg,1,811
lungn2075.jpeg,1,890
lungn2076.jpeg,1,809
lungn2077.jpeg,1,854
lungn2078.jpeg,1,798
lungn2079.jpeg,1,971
lungn208.jpeg,1,874
lungn2080.jpeg,1,946
lungn2081.jpeg,1,807
lungn2082.jpeg,1,959
lungn2083.jpeg,1,876
lungn2086.jpeg,1,975
lungn209.jpeg,1,796
lungn2091.jpeg,1,883
lungn2092.jpeg,1,817
lungn2095.jpeg,1,770
lungn2096.jpeg,1,770
lungn2099.jpeg,1,821
lungn21.jpeg,1,799
lungn210.jpeg,1,821
lungn2100.jpeg,1,938
lungn2101.jpeg,1,943
lungn2102.jpeg,1,837
lungn2105.jpeg,1,866
lungn2106.jpeg,1,866
lungn2107.jpeg,1,931
lungn2108.jpeg,1,797
lungn2109.jpeg,1,828
lungn211.jpeg,1,905
lungn2111.jpeg,1,816
lungn2112.jpeg,1,985
lungn2113.jpeg,1,774
lungn2114.jpeg,1,774
lungn2115.jpeg,1,844
lungn2116.jpeg,1,808
lungn2117.jpeg,1,808
lungn2118.jpeg,1,904
lungn2119.jpeg,1,872
lungn212.jpeg,1,938
lungn2121.jpeg,1,767
lungn2122.jpeg,1,822
lungn2123.jpeg,1,761
lungn2124.jpeg,1,761
lungn2126.jpeg,1,880
lungn2127.jpeg,1,804
lungn2129.jpeg,1,845
lungn213.jpeg,1,823
lungn2131.jpeg,1,867
lungn2133.jpeg,1,811
lungn2135.jpeg,1,890
lungn2138.jpeg,1,955
lungn2142.jpeg,1,902
lungn2144.jpeg,1,888
lungn2145.jpeg,1,802
lungn2147.jpeg,1,786
lungn2148.jpeg,1,958
lungn2149.jpeg,1,864
lungn2150.jpeg,1,960
lungn2151.jpeg,1,874
lungn2152.jpeg,1,986
lungn2153.jpeg,1,942
lungn2154.jpeg,1,766
lungn2155.jpeg,1,766
lungn2156.jpeg,1,771
lungn2157.jpeg,1,919
lungn216.jpeg,1,906
lungn2160.jpeg,1,981
lungn2161.jpeg,1,823
lungn2162.jpeg,1,837
lungn2164.jpeg,1,768
lungn2165.jpeg,1,978
lungn2166.jpeg,1,916
lungn2168.jpeg,1,759
lungn2169.jpeg,1,783
lungn217.jpeg,1,783
lungn2170.jpeg,1,855
lungn2171.jpeg,1,917
lungn2172.jpeg,1,917
lungn2174.jpeg,1,764
lungn2175.jpeg,1,764
lungn2176.jpeg,1,844
lungn2178.jpeg,1,963
lungn2179.jpeg,1,898
lungn2181.jpeg,1,812
lungn2182.jpeg,1,939
lungn2183.jpeg,1,779
lungn2184.jpeg,1,779
lungn2185.jpeg,1,822
lungn219.jpeg,1,891
lungn2190.jpeg,1,882
lungn2191.jpeg,1,778
lungn2192.jpeg,1,867
lungn2193.jpeg,1,972
lungn2196.jpeg,1,946
lungn2197.jpeg,1,950
lungn2199.jpeg,1,924
lungn2200.jpeg,1,885
lungn2203.jpeg,1,908
lungn2204.jpeg,1,993
lungn2205.jpeg,1,993
lungn2206.jpeg,1,928
lungn2207.jpeg,1,940
lungn2208.jpeg,1,948
lungn2209.jpeg,1,824
lungn221.jpeg,1,816
lungn2210.jpeg,1,874
lungn2211.jpeg,1,862
lungn2212.jpeg,1,922
lungn2215.jpeg,1,947
lungn2216.jpeg,1,785
lungn2218.jpeg,1,943
lungn2219.jpeg,1,823
lungn222.jpeg,1,985
lungn2220.jpeg,1,989
lungn2221.jpeg,1,768
lungn2223.jpeg,1,916
lungn2226.jpeg,1,855
lungn2229.jpeg,1,936
lungn2230.jpeg,1,816
lungn2234.jpeg,1,949
lungn2235.jpeg,1,806
lungn2236.jpeg,1,904
lungn2237.jpeg,1,904
lungn2238.jpeg,1,812
lungn2239.jpeg,1,939
lungn224.jpeg,1,929
lungn2241.jpeg,1,863
lungn2242.jpeg,1,825
lungn2243.jpeg,1,956
lungn2244.jpeg,1,956
lungn2246.jpeg,1,845
lungn2247.jpeg,1,856
lungn2248.jpeg,1,882
lungn2249.jpeg,1,792
lungn2257.jpeg,1,888
lungn2258.jpeg,1,885
lungn2259.jpeg,1,885
lungn226.jpeg,1,939
lungn2262.jpeg,1,908
lungn2263.jpeg,1,976
lungn2264.jpeg,1,810
lungn2265.jpeg,1,810
lungn2267.jpeg,1,877
lungn2268.jpeg,1,858
lungn2269.jpeg,1,813
lungn227.jpeg,1,865
lungn2270.jpeg,1,787
lungn2271.jpeg,1,926
lungn2272.jpeg,1,766
lungn2275.jpeg,1,919
lungn2276.jpeg,1,797
lungn2278.jpeg,1,823
lungn2279.jpeg,1,916
lungn228.jpeg,1,767
lungn2280.jpeg,1,988
lungn2281.jpeg,1,962
lungn2282.jpeg,1,962
lungn2284.jpeg,1,965
lungn2285.jpeg,1,970
lungn2286.jpeg,1,794
lungn2287.jpeg,1,857
lungn2289.jpeg,1,914
lungn229.jpeg,1,863
lungn2290.jpeg,1,941
lungn2291.jpeg,1,853
lungn2293.jpeg,1,814
lungn2294.jpeg,1,985
lungn2295.jpeg,1,985
lungn2296.jpeg,1,893
lungn2297.jpeg,1,758
lungn2299.jpeg,1,839
lungn23.jpeg,1,811
lungn230.jpeg,1,779
lungn2300.jpeg,1,863
lungn2301.jpeg,1,777
lungn2303.jpeg,1,880
lungn2304.jpeg,1,880
lungn2306.jpeg,1,804
lungn2307.jpeg,1,932
lungn2308.jpeg,1,792
lungn2309.jpeg,1,778
lungn231.jpeg,1,761
lungn2312.jpeg,1,890
lungn2313.jpeg,1,946
lungn2314.jpeg,1,807
lungn2316.jpeg,1,902
lungn2318.jpeg,1,835
lungn2319.jpeg,1,885
lungn2322.jpeg,1,908
lungn2323.jpeg,1,773
lungn2324.jpeg,1,773
lungn2325.jpeg,1,817
lungn2326.jpeg,1,849
lungn2327.jpeg,1,928
lungn2328.jpeg,1,793
lungn2329.jpeg,1,877
lungn233.jpeg,1,825
lungn2330.jpeg,1,864
lungn2331.jpeg,1,952
lungn2334.jpeg,1,862
lungn2335.jpeg,1,927
lungn2336.jpeg,1,771
lungn2337.jpeg,1,821
lungn2338.jpeg,1,797
lungn2339.jpeg,1,947
lungn2341.jpeg,1,896
lungn2342.jpeg,1,962
lungn2343.jpeg,1,953
lungn2344.jpeg,1,783
lungn2345.jpeg,1,965
lungn2347.jpeg,1,891
lungn2348.jpeg,1,814
lungn2350.jpeg,1,808
lungn2352.jpeg,1,915
lungn2353.jpeg,1,949
lungn2355.jpeg,1,886
lungn2357.jpeg,1,779
lungn2358.jpeg,1,822
lungn2362.jpeg,1,880
lungn2363.jpeg,1,790
lungn2364.jpeg,1,804
lungn2365.jpeg,1,956
lungn2367.jpeg,1,895
lungn2368.jpeg,1,788
lungn2373.jpeg,1,809
lungn2374.jpeg,1,809
lungn2377.jpeg,1,955
lungn2378.jpeg,1,762
lungn2379.jpeg,1,883
lungn238.jpeg,1,815
lungn2380.jpeg,1,817
lungn2381.jpeg,1,849
lungn2382.jpeg,1,793
lungn2383.jpeg,1,940
lungn2385.jpeg,1,786
lungn2386.jpeg,1,877
lungn2387.jpeg,1,958
lungn2388.jpeg,1,864
lungn239.jpeg,1,778
lungn2390.jpeg,1,874
lungn2391.jpeg,1,874
lungn2392.jpeg,1,907
lungn2393.jpeg,1,987
lungn2394.jpeg,1,771
lungn2395.jpeg,1,947
lungn2396.jpeg,1,947
lungn2397.jpeg,1,823
lungn2398.jpeg,1,836
lungn2399.jpeg,1,896
lungn240.jpeg,1,765
lungn2400.jpeg,1,896
lungn2401.jpeg,1,962
lungn2402.jpeg,1,832
lungn2403.jpeg,1,831
lungn2404.jpeg,1,759
lungn2405.jpeg,1,759
lungn2406.jpeg,1,828
lungn2408.jpeg,1,794
lungn2409.jpeg,1,857
lungn241.jpeg,1,890
lungn2410.jpeg,1,891
lungn2413.jpeg,1,755
lungn2415.jpeg,1,893
lungn2417.jpeg,1,963
lungn2418.jpeg,1,898
lungn2419.jpeg,1,898
lungn2422.jpeg,1,812
lungn2423.jpeg,1,872
lungn2425.jpeg,1,886
lungn2426.jpeg,1,839
lungn2427.jpeg,1,779
lungn2429.jpeg,1,880
lungn2430.jpeg,1,956
lungn2431.jpeg,1,882
lungn2432.jpeg,1,815
lungn2435.jpeg,1,867
lungn2436.jpeg,1,990
lungn2437.jpeg,1,811
lungn2438.jpeg,1,869
lungn244.jpeg,1,946
lungn2440.jpeg,1,971
lungn2441.jpeg,1,959
lungn2442.jpeg,1,876
lungn2445.jpeg,1,993
lungn2447.jpeg,1,787
lungn245.jpeg,1,807
lungn2451.jpeg,1,926
lungn2452.jpeg,1,926
lungn2453.jpeg,1,986
lungn2455.jpeg,1,922
lungn2456.jpeg,1,919
lungn2457.jpeg,1,905
lungn2458.jpeg,1,905
lungn246.jpeg,1,996
lungn2460.jpeg,1,989
lungn2461.jpeg,1,768
lungn2462.jpeg,1,836
lungn2464.jpeg,1,896
lungn2466.jpeg,1,979
lungn2467.jpeg,1,881
lungn2468.jpeg,1,759
lungn2469.jpeg,1,828
lungn247.jpeg,1,959
lungn2471.jpeg,1,794
lungn2472.jpeg,1,917
lungn2475.jpeg,1,941
lungn2477.jpeg,1,814
lungn2478.jpeg,1,929
lungn2481.jpeg,1,915
lungn2483.jpeg,1,939
lungn2484.jpeg,1,886
lungn2485.jpeg,1,886
lungn2486.jpeg,1,767
lungn2488.jpeg,1,804
lungn2489.jpeg,1,805
lungn249.jpeg,1,819
lungn2491.jpeg,1,856
lungn2492.jpeg,1,945
lungn2493.jpeg,1,895
lungn2494.jpeg,1,830
lungn2495.jpeg,1,830
lungn2496.jpeg,1,792
lungn2497.jpeg,1,867
lungn2498.jpeg,1,909
lungn2499.jpeg,1,955
lungn250.jpeg,1,819
lungn2500.jpeg,1,876
lungn2502.jpeg,1,924
lungn2503.jpeg,1,791
lungn2507.jpeg,1,810
lungn2508.jpeg,1,973
lungn2509.jpeg,1,770
lungn2510.jpeg,1,786
lungn2511.jpeg,1,786
lungn2512.jpeg,1,877
lungn2513.jpeg,1,824
lungn2514.jpeg,1,960
lungn2515.jpeg,1,874
lungn2516.jpeg,1,820
lungn2517.jpeg,1,942
lungn2518.jpeg,1,766
lungn2520.jpeg,1,785
lungn2522.jpeg,1,938
lungn2524.jpeg,1,906
lungn2525.jpeg,1,962
lungn2526.jpeg,1,831
lungn2527.jpeg,1,843
lungn2528.jpeg,1,965
lungn2529.jpeg,1,970
lungn2530.jpeg,1,828
lungn2531.jpeg,1,855
lungn2532.jpeg,1,855
lungn2534.jpeg,1,923
lungn2536.jpeg,1,755
lungn2537.jpeg,1,757
lungn2538.jpeg,1,985
lungn2542.jpeg,1,860
lungn2543.jpeg,1,860
lungn2544.jpeg,1,860
lungn2545.jpeg,1,872
lungn2546.jpeg,1,872
lungn2549.jpeg,1,865
lungn255.jpeg,1,773
lungn2550.jpeg,1,767
lungn2551.jpeg,1,761
lungn2552.jpeg,1,880
lungn2554.jpeg,1,895
lungn2555.jpeg,1,895
lungn2559.jpeg,1,807
lungn256.jpeg,1,883
lungn2562.jpeg,1,762
lungn2563.jpeg,1,924
lungn2565.jpeg,1,791
lungn2566.jpeg,1,885
lungn2567.jpeg,1,976
lungn2571.jpeg,1,824
lungn2572.jpeg,1,960
lungn2574.jpeg,1,942
lungn2576.jpeg,1,766
lungn2577.jpeg,1,905
lungn2578.jpeg,1,981
lungn2579.jpeg,1,981
lungn258.jpeg,1,849
lungn2580.jpeg,1,768
lungn2581.jpeg,1,768
lungn2582.jpeg,1,768
lungn2583.jpeg,1,836
lungn2584.jpeg,1,752
lungn2586.jpeg,1,979
lungn2587.jpeg,1,843
lungn2588.jpeg,1,797
lungn2589.jpeg,1,797
lungn259.jpeg,1,982
lungn2590.jpeg,1,881
lungn2591.jpeg,1,970
lungn2592.jpeg,1,995
lungn2593.jpeg,1,891
lungn2595.jpeg,1,751
lungn2596.jpeg,1,774
lungn2598.jpeg,1,844
lungn2599.jpeg,1,963
lungn260.jpeg,1,964
lungn2601.jpeg,1,812
lungn2603.jpeg,1,839
lungn2604.jpeg,1,779
lungn2605.jpeg,1,761
lungn2606.jpeg,1,761
lungn2607.jpeg,1,790
lungn2608.jpeg,1,790
lungn2610.jpeg,1,804
lungn2611.jpeg,1,805
lungn2612.jpeg,1,846
lungn2613.jpeg,1,856
lungn2614.jpeg,1,830
lungn2618.jpeg,1,854
lungn262.jpeg,1,824
lungn2620.jpeg,1,798
lungn2621.jpeg,1,971
lungn2622.jpeg,1,971
lungn2623.jpeg,1,959
lungn2624.jpeg,1,876
lungn2626.jpeg,1,902
lungn2627.jpeg,1,924
lungn2629.jpeg,1,773
lungn2630.jpeg,1,810
lungn2631.jpeg,1,940
lungn2633.jpeg,1,824
lungn2635.jpeg,1,960
lungn2636.jpeg,1,874
lungn2637.jpeg,1,862
lungn2639.jpeg,1,905
lungn264.jpeg,1,960
lungn2641.jpeg,1,981
lungn2642.jpeg,1,752
lungn2643.jpeg,1,752
lungn2644.jpeg,1,906
lungn2646.jpeg,1,979
lungn2647.jpeg,1,931
lungn2648.jpeg,1,931
lungn2649.jpeg,1,995
lungn2651.jpeg,1,917
lungn2654.jpeg,1,941
lungn2655.jpeg,1,764
lungn2657.jpeg,1,915
lungn2658.jpeg,1,758
lungn266.jpeg,1,926
lungn2661.jpeg,1,886
lungn2662.jpeg,1,839
lungn2663.jpeg,1,779
lungn2664.jpeg,1,822
lungn2665.jpeg,1,761
lungn2666.jpeg,1,956
lungn2667.jpeg,1,956
lungn2669.jpeg,1,846
lungn2670.jpeg,1,895
lungn2671.jpeg,1,830
lungn2672.jpeg,1,788
lungn2674.jpeg,1,909
lungn2675.jpeg,1,909
lungn2678.jpeg,1,869
lungn268.jpeg,1,820
lungn2682.jpeg,1,950
lungn2683.jpeg,1,924
lungn2685.jpeg,1,819
lungn2686.jpeg,1,975
lungn2687.jpeg,1,885
lungn269.jpeg,1,820
lungn2692.jpeg,1,773
lungn2693.jpeg,1,883
lungn2697.jpeg,1,952
lungn2698.jpeg,1,926
lungn27.jpeg,1,996
lungn270.jpeg,1,942
lungn2700.jpeg,1,907
lungn2704.jpeg,1,837
lungn2705.jpeg,1,933
lungn2706.jpeg,1,978
lungn2707.jpeg,1,832
lungn2708.jpeg,1,866
lungn271.jpeg,1,942
lungn2710.jpeg,1,797
lungn2711.jpeg,1,797
lungn2713.jpeg,1,995
lungn2714.jpeg,1,828
lungn2715.jpeg,1,828
lungn2719.jpeg,1,853
lungn2720.jpeg,1,816
lungn2721.jpeg,1,929
lungn2723.jpeg,1,949
lungn2724.jpeg,1,812
lungn2725.jpeg,1,812
lungn2727.jpeg,1,822
lungn2729.jpeg,1,930
lungn2731.jpeg,1,804
lungn2733.jpeg,1,805
lungn2735.jpeg,1,972
lungn2737.jpeg,1,799
lungn2740.jpeg,1,996
lungn2744.jpeg,1,802
lungn2745.jpeg,1,908
lungn2746.jpeg,1,773
lungn2747.jpeg,1,883
lungn2749.jpeg,1,817
lungn2751.jpeg,1,786
lungn2752.jpeg,1,964
lungn2754.jpeg,1,877
lungn2755.jpeg,1,958
lungn2756.jpeg,1,958
lungn2757.jpeg,1,960
lungn2759.jpeg,1,907
lungn276.jpeg,1,981
lungn2761.jpeg,1,927
lungn2762.jpeg,1,796
lungn2763.jpeg,1,796
lungn2764.jpeg,1,797
lungn2767.jpeg,1,836
lungn2768.jpeg,1,752
lungn277.jpeg,1,933
lungn2771.jpeg,1,828
lungn2772.jpeg,1,857
lungn2773.jpeg,1,891
lungn2774.jpeg,1,764
lungn2777.jpeg,1,814
lungn2778.jpeg,1,844
lungn2779.jpeg,1,915
lungn2780.jpeg,1,915
lungn2781.jpeg,1,963
lungn2782.jpeg,1,949
lungn2783.jpeg,1,949
lungn2786.jpeg,1,777
lungn2787.jpeg,1,777
lungn2788.jpeg,1,822
lungn2789.jpeg,1,761
lungn2790.jpeg,1,930
lungn2791.jpeg,1,825
lungn2792.jpeg,1,790
lungn2793.jpeg,1,790
lungn2795.jpeg,1,846
lungn2796.jpeg,1,815
lungn2797.jpeg,1,788
lungn2798.jpeg,1,781
lungn2799.jpeg,1,781
lungn28.jpeg,1,950
lungn280.jpeg,1,988
lungn2800.jpeg,1,778
lungn2801.jpeg,1,854
lungn2805.jpeg,1,971
lungn2807.jpeg,1,975
lungn281.jpeg,1,988
lungn2810.jpeg,1,810
lungn2811.jpeg,1,993
lungn2812.jpeg,1,928
lungn2813.jpeg,1,793
lungn2814.jpeg,1,793
lungn2815.jpeg,1,897
lungn2816.jpeg,1,877
lungn2817.jpeg,1,980
lungn2818.jpeg,1,864
lungn2819.jpeg,1,864
lungn282.jpeg,1,851
lungn2822.jpeg,1,820
lungn2823.jpeg,1,942
lungn2824.jpeg,1,942
lungn2825.jpeg,1,942
lungn2826.jpeg,1,942
lungn2828.jpeg,1,922
lungn2829.jpeg,1,875
lungn283.jpeg,1,831
lungn2831.jpeg,1,919
lungn2832.jpeg,1,933
lungn2833.jpeg,1,989
lungn2834.jpeg,1,768
lungn2835.jpeg,1,832
lungn2836.jpeg,1,851
lungn2837.jpeg,1,831
lungn2838.jpeg,1,881
lungn2839.jpeg,1,995
lungn284.jpeg,1,931
lungn2840.jpeg,1,828
lungn2842.jpeg,1,857
lungn2846.jpeg,1,853
lungn2847.jpeg,1,929
lungn2849.jpeg,1,806
lungn285.jpeg,1,797
lungn2850.jpeg,1,863
lungn2851.jpeg,1,777
lungn2852.jpeg,1,779
lungn2853.jpeg,1,779
lungn2854.jpeg,1,930
lungn2855.jpeg,1,790
lungn2856.jpeg,1,790
lungn2858.jpeg,1,804
lungn286.jpeg,1,995
lungn2860.jpeg,1,909
lungn2861.jpeg,1,909
lungn2865.jpeg,1,946
lungn2866.jpeg,1,996
lungn2867.jpeg,1,955
lungn2869.jpeg,1,819
lungn287.jpeg,1,828
lungn2873.jpeg,1,773
lungn2876.jpeg,1,948
lungn2877.jpeg,1,786
lungn2878.jpeg,1,787
lungn288.jpeg,1,828
lungn2880.jpeg,1,922
lungn2881.jpeg,1,875
lungn2883.jpeg,1,981
lungn2884.jpeg,1,978
lungn2885.jpeg,1,866
lungn2886.jpeg,1,965
lungn2888.jpeg,1,917
lungn289.jpeg,1,794
lungn2890.jpeg,1,755
lungn2891.jpeg,1,757
lungn2892.jpeg,1,774
lungn2893.jpeg,1,929
lungn2895.jpeg,1,893
lungn2896.jpeg,1,949
lungn2898.jpeg,1,886
lungn2899.jpeg,1,777
lungn290.jpeg,1,794
lungn2900.jpeg,1,761
lungn2902.jpeg,1,880
lungn2903.jpeg,1,825
lungn2905.jpeg,1,829
lungn2910.jpeg,1,945
lungn2911.jpeg,1,830
lungn2912.jpeg,1,830
lungn2914.jpeg,1,781
lungn2915.jpeg,1,811
lungn2918.jpeg,1,809
lungn292.jpeg,1,914
lungn2921.jpeg,1,950
lungn2922.jpeg,1,955
lungn2923.jpeg,1,902
lungn2925.jpeg,1,975
lungn2927.jpeg,1,913
lungn2928.jpeg,1,802
lungn2929.jpeg,1,883
lungn2930.jpeg,1,810
lungn2931.jpeg,1,810
lungn2932.jpeg,1,973
lungn2933.jpeg,1,948
lungn2936.jpeg,1,874
lungn2937.jpeg,1,820
lungn2938.jpeg,1,987
lungn2939.jpeg,1,942
lungn2940.jpeg,1,875
lungn2941.jpeg,1,796
lungn2942.jpeg,1,905
lungn2943.jpeg,1,785
lungn2944.jpeg,1,785
lungn2946.jpeg,1,752
lungn2947.jpeg,1,752
lungn2951.jpeg,1,962
lungn2952.jpeg,1,843
lungn2953.jpeg,1,843
lungn2954.jpeg,1,843
lungn2956.jpeg,1,783
lungn2959.jpeg,1,891
lungn296.jpeg,1,751
lungn2961.jpeg,1,941
lungn2963.jpeg,1,936
lungn2964.jpeg,1,816
lungn2965.jpeg,1,812
lungn2966.jpeg,1,865
lungn2967.jpeg,1,761
lungn2968.jpeg,1,790
lungn297.jpeg,1,814
lungn2971.jpeg,1,990
lungn2975.jpeg,1,756
lungn2976.jpeg,1,902
lungn2977.jpeg,1,902
lungn2978.jpeg,1,791
lungn2979.jpeg,1,791
lungn298.jpeg,1,893
lungn2980.jpeg,1,791
lungn2984.jpeg,1,928
lungn2985.jpeg,1,793
lungn2986.jpeg,1,940
lungn2987.jpeg,1,940
lungn2988.jpeg,1,948
lungn2989.jpeg,1,864
lungn2990.jpeg,1,864
lungn2991.jpeg,1,960
lungn2993.jpeg,1,907
lungn2995.jpeg,1,942
lungn2996.jpeg,1,922
lungn2998.jpeg,1,771
lungn3.jpeg,1,927
lungn30.jpeg,1,791
lungn300.jpeg,1,806
lungn3000.jpeg,1,837
lungn3001.jpeg,1,933
lungn3002.jpeg,1,836
lungn3009.jpeg,1,881
lungn301.jpeg,1,806
lungn3011.jpeg,1,891
lungn3012.jpeg,1,923
lungn3013.jpeg,1,917
lungn3014.jpeg,1,917
lungn3017.jpeg,1,764
lungn3018.jpeg,1,853
lungn3019.jpeg,1,936
lungn3020.jpeg,1,816
lungn3021.jpeg,1,808
lungn3023.jpeg,1,806
lungn3027.jpeg,1,825
lungn3028.jpeg,1,805
lungn3029.jpeg,1,961
lungn303.jpeg,1,872
lungn3030.jpeg,1,856
lungn3031.jpeg,1,895
lungn3032.jpeg,1,895
lungn3033.jpeg,1,792
lungn3034.jpeg,1,971
lungn3035.jpeg,1,807
lungn3036.jpeg,1,876
lungn3037.jpeg,1,756
lungn304.jpeg,1,939
lungn3041.jpeg,1,817
lungn3042.jpeg,1,976
lungn3043.jpeg,1,897
lungn3045.jpeg,1,982
lungn3046.jpeg,1,786
lungn3047.jpeg,1,964
lungn3049.jpeg,1,958
lungn305.jpeg,1,886
lungn3050.jpeg,1,864
lungn3051.jpeg,1,960
lungn3054.jpeg,1,821
lungn3055.jpeg,1,821
lungn3056.jpeg,1,947
lungn3057.jpeg,1,947
lungn3058.jpeg,1,823
lungn3059.jpeg,1,823
lungn306.jpeg,1,863
lungn3060.jpeg,1,851
lungn3061.jpeg,1,831
lungn3062.jpeg,1,953
lungn3064.jpeg,1,970
lungn3065.jpeg,1,794
lungn3066.jpeg,1,857
lungn3067.jpeg,1,891
lungn3068.jpeg,1,923
lungn3069.jpeg,1,917
lungn307.jpeg,1,777
lungn3070.jpeg,1,914
lungn3072.jpeg,1,774
lungn3075.jpeg,1,898
lungn3077.jpeg,1,812
lungn3078.jpeg,1,872
lungn3081.jpeg,1,886
lungn3082.jpeg,1,886
lungn3083.jpeg,1,777
lungn3084.jpeg,1,822
lungn3087.jpeg,1,805
lungn3088.jpeg,1,846
lungn3089.jpeg,1,895
lungn309.jpeg,1,825
lungn3090.jpeg,1,895
lungn3091.jpeg,1,830
lungn3092.jpeg,1,792
lungn3094.jpeg,1,890
lungn3095.jpeg,1,809
lungn3097.jpeg,1,854
lungn3098.jpeg,1,798
lungn3099.jpeg,1,798
lungn31.jpeg,1,993
lungn310.jpeg,1,882
lungn3100.jpeg,1,955
lungn3101.jpeg,1,902
lungn3102.jpeg,1,902
lungn3103.jpeg,1,908
lungn3104.jpeg,1,773
lungn3105.jpeg,1,883
lungn3107.jpeg,1,810
lungn3108.jpeg,1,973
lungn3109.jpeg,1,940
lungn311.jpeg,1,792
lungn3110.jpeg,1,786
lungn3111.jpeg,1,964
lungn3112.jpeg,1,877
lungn3113.jpeg,1,877
lungn3114.jpeg,1,813
lungn3116.jpeg,1,820
lungn3117.jpeg,1,862
lungn3119.jpeg,1,766
lungn312.jpeg,1,909
lungn3120.jpeg,1,875
lungn3121.jpeg,1,771
lungn3122.jpeg,1,771
lungn3123.jpeg,1,919
lungn3124.jpeg,1,823
lungn3125.jpeg,1,933
lungn3126.jpeg,1,768
lungn3127.jpeg,1,836
lungn3128.jpeg,1,836
lungn3129.jpeg,1,836
lungn313.jpeg,1,811
lungn3130.jpeg,1,988
lungn3131.jpeg,1,831
lungn3132.jpeg,1,783
lungn3133.jpeg,1,794
lungn3135.jpeg,1,917
lungn3137.jpeg,1,914
lungn3139.jpeg,1,941
lungn314.jpeg,1,890
lungn3140.jpeg,1,774
lungn3141.jpeg,1,774
lungn3142.jpeg,1,929
lungn3143.jpeg,1,898
lungn3144.jpeg,1,949
lungn3145.jpeg,1,777
lungn3148.jpeg,1,805
lungn315.jpeg,1,854
lungn3150.jpeg,1,845
lungn3151.jpeg,1,856
lungn3152.jpeg,1,815
lungn3153.jpeg,1,781
lungn3154.jpeg,1,792
lungn3157.jpeg,1,972
lungn3158.jpeg,1,799
lungn316.jpeg,1,798
lungn3161.jpeg,1,756
lungn3162.jpeg,1,902
lungn3163.jpeg,1,913
lungn3164.jpeg,1,802
lungn3166.jpeg,1,810
lungn3167.jpeg,1,993
lungn3168.jpeg,1,849
lungn3169.jpeg,1,793
lungn317.jpeg,1,946
lungn3170.jpeg,1,897
lungn3173.jpeg,1,952
lungn3174.jpeg,1,983
lungn3176.jpeg,1,820
lungn3177.jpeg,1,862
lungn3179.jpeg,1,821
lungn318.jpeg,1,876
lungn3180.jpeg,1,797
lungn3181.jpeg,1,943
lungn3182.jpeg,1,823
lungn3183.jpeg,1,837
lungn3184.jpeg,1,933
lungn3186.jpeg,1,768
lungn3187.jpeg,1,752
lungn3188.jpeg,1,916
lungn3189.jpeg,1,832
lungn319.jpeg,1,762
lungn3190.jpeg,1,851
lungn3191.jpeg,1,979
lungn3192.jpeg,1,843
lungn3194.jpeg,1,783
lungn3196.jpeg,1,923
lungn3199.jpeg,1,757
lungn32.jpeg,1,849
lungn320.jpeg,1,791
lungn3200.jpeg,1,929
lungn3201.jpeg,1,929
lungn3202.jpeg,1,872
lungn3203.jpeg,1,939
lungn3204.jpeg,1,886
lungn3205.jpeg,1,863
lungn3206.jpeg,1,761
lungn3209.jpeg,1,846
lungn3210.jpeg,1,830
lungn3211.jpeg,1,788
lungn3213.jpeg,1,778
lungn3214.jpeg,1,972
lungn3215.jpeg,1,765
lungn3217.jpeg,1,990
lungn3218.jpeg,1,990
lungn322.jpeg,1,913
lungn3221.jpeg,1,762
lungn3223.jpeg,1,924
lungn3224.jpeg,1,975
lungn3229.jpeg,1,948
lungn323.jpeg,1,888
lungn3230.jpeg,1,897
lungn3231.jpeg,1,877
lungn3232.jpeg,1,958
lungn3234.jpeg,1,874
lungn3235.jpeg,1,987
lungn3236.jpeg,1,771
lungn3237.jpeg,1,771
lungn3238.jpeg,1,796
lungn3239.jpeg,1,919
lungn324.jpeg,1,885
lungn3240.jpeg,1,821
lungn3241.jpeg,1,947
lungn3242.jpeg,1,938
lungn3243.jpeg,1,933
lungn3244.jpeg,1,933
lungn3245.jpeg,1,916
lungn3246.jpeg,1,832
lungn3248.jpeg,1,797
lungn3249.jpeg,1,759
lungn3250.jpeg,1,783
lungn3253.jpeg,1,917
lungn3254.jpeg,1,985
lungn3255.jpeg,1,985
lungn3256.jpeg,1,915
lungn3257.jpeg,1,758
lungn3259.jpeg,1,904
lungn326.jpeg,1,802
lungn3262.jpeg,1,777
lungn3263.jpeg,1,777
lungn3266.jpeg,1,829
lungn3267.jpeg,1,882
lungn3268.jpeg,1,895
lungn3269.jpeg,1,895
lungn327.jpeg,1,802
lungn3270.jpeg,1,972
lungn3271.jpeg,1,765
lungn3274.jpeg,1,990
lungn3275.jpeg,1,799
lungn3278.jpeg,1,890
lungn3279.jpeg,1,950
lungn3280.jpeg,1,959
lungn3281.jpeg,1,756
lungn3282.jpeg,1,756
lungn3285.jpeg,1,975
lungn3287.jpeg,1,913
lungn3288.jpeg,1,885
lungn329.jpeg,1,793
lungn3292.jpeg,1,773
lungn3293.jpeg,1,810
lungn3294.jpeg,1,993
lungn3297.jpeg,1,982
lungn3298.jpeg,1,858
lungn3299.jpeg,1,980
lungn3300.jpeg,1,864
lungn3302.jpeg,1,942
lungn3303.jpeg,1,875
lungn3308.jpeg,1,752
lungn3309.jpeg,1,916
lungn3310.jpeg,1,979
lungn3311.jpeg,1,797
lungn3312.jpeg,1,881
lungn3313.jpeg,1,759
lungn3314.jpeg,1,965
lungn3318.jpeg,1,751
lungn3319.jpeg,1,757
lungn3320.jpeg,1,963
lungn3323.jpeg,1,865
lungn3324.jpeg,1,779
lungn3325.jpeg,1,779
lungn3326.jpeg,1,761
lungn3327.jpeg,1,761
lungn3329.jpeg,1,930
lungn333.jpeg,1,862
lungn3331.jpeg,1,815
lungn3332.jpeg,1,932
lungn3336.jpeg,1,811
lungn3337.jpeg,1,854
lungn3339.jpeg,1,946
lungn334.jpeg,1,942
lungn3342.jpeg,1,762
lungn3343.jpeg,1,762
lungn3344.jpeg,1,819
lungn3345.jpeg,1,835
lungn3346.jpeg,1,835
lungn3347.jpeg,1,791
lungn3348.jpeg,1,791
lungn3350.jpeg,1,976
lungn3353.jpeg,1,793
lungn3354.jpeg,1,940
lungn3355.jpeg,1,858
lungn3356.jpeg,1,983
lungn3357.jpeg,1,938
lungn3358.jpeg,1,823
lungn3359.jpeg,1,768
lungn3360.jpeg,1,752
lungn3361.jpeg,1,906
lungn3363.jpeg,1,953
lungn3365.jpeg,1,783
lungn3366.jpeg,1,965
lungn3367.jpeg,1,970
lungn3368.jpeg,1,923
lungn3369.jpeg,1,917
lungn337.jpeg,1,919
lungn3371.jpeg,1,816
lungn3372.jpeg,1,757
lungn3373.jpeg,1,808
lungn3377.jpeg,1,806
lungn3378.jpeg,1,904
lungn338.jpeg,1,919
lungn3381.jpeg,1,761
lungn3384.jpeg,1,882
lungn3385.jpeg,1,788
lungn3386.jpeg,1,799
lungn3388.jpeg,1,809
lungn339.jpeg,1,947
lungn3390.jpeg,1,869
lungn3391.jpeg,1,869
lungn3392.jpeg,1,798
lungn34.jpeg,1,770
lungn3400.jpeg,1,913
lungn3401.jpeg,1,885
lungn3403.jpeg,1,908
lungn3404.jpeg,1,773
lungn3405.jpeg,1,773
lungn3406.jpeg,1,817
lungn3407.jpeg,1,817
lungn3408.jpeg,1,976
lungn3409.jpeg,1,993
lungn341.jpeg,1,768
lungn3410.jpeg,1,973
lungn3411.jpeg,1,877
lungn3412.jpeg,1,958
lungn3413.jpeg,1,858
lungn3414.jpeg,1,813
lungn3416.jpeg,1,824
lungn3418.jpeg,1,766
lungn342.jpeg,1,836
lungn3421.jpeg,1,821
lungn3426.jpeg,1,851
lungn3427.jpeg,1,831
lungn343.jpeg,1,866
lungn3432.jpeg,1,857
lungn3435.jpeg,1,914
lungn3436.jpeg,1,941
lungn3438.jpeg,1,816
lungn3439.jpeg,1,814
lungn344.jpeg,1,831
lungn3440.jpeg,1,814
lungn3442.jpeg,1,758
lungn3443.jpeg,1,758
lungn3445.jpeg,1,872
lungn3446.jpeg,1,825
lungn3447.jpeg,1,790
lungn3449.jpeg,1,956
lungn345.jpeg,1,843
lungn3451.jpeg,1,815
lungn3452.jpeg,1,781
lungn3453.jpeg,1,778
lungn3454.jpeg,1,765
lungn3455.jpeg,1,809
lungn3456.jpeg,1,854
lungn3457.jpeg,1,807
lungn3460.jpeg,1,924
lungn3461.jpeg,1,975
lungn3466.jpeg,1,908
lungn3467.jpeg,1,773
lungn3468.jpeg,1,973
lungn3469.jpeg,1,793
lungn347.jpeg,1,931
lungn3470.jpeg,1,770
lungn3471.jpeg,1,770
lungn3472.jpeg,1,770
lungn3473.jpeg,1,897
lungn3474.jpeg,1,958
lungn3475.jpeg,1,958
lungn3477.jpeg,1,987
lungn3478.jpeg,1,875
lungn348.jpeg,1,891
lungn3481.jpeg,1,796
lungn3482.jpeg,1,796
lungn3483.jpeg,1,796
lungn3484.jpeg,1,916
lungn3486.jpeg,1,962
lungn3487.jpeg,1,866
lungn3488.jpeg,1,953
lungn3491.jpeg,1,891
lungn3492.jpeg,1,941
lungn3494.jpeg,1,853
lungn3495.jpeg,1,936
lungn3496.jpeg,1,816
lungn3497.jpeg,1,816
lungn3499.jpeg,1,774
lungn35.jpeg,1,786
lungn350.jpeg,1,923
lungn3500.jpeg,1,774
lungn3501.jpeg,1,929
lungn3502.jpeg,1,929
lungn3504.jpeg,1,808
lungn3505.jpeg,1,767
lungn3512.jpeg,1,829
lungn3513.jpeg,1,856
lungn3514.jpeg,1,765
lungn3515.jpeg,1,799
lungn3519.jpeg,1,959
lungn3521.jpeg,1,924
lungn3522.jpeg,1,975
lungn3524.jpeg,1,888
lungn3528.jpeg,1,802
lungn3530.jpeg,1,976
lungn3531.jpeg,1,810
lungn3532.jpeg,1,849
lungn3533.jpeg,1,897
lungn3534.jpeg,1,982
lungn3535.jpeg,1,982
lungn3538.jpeg,1,907
lungn3539.jpeg,1,862
lungn354.jpeg,1,853
lungn3540.jpeg,1,862
lungn3541.jpeg,1,922
lungn3542.jpeg,1,875
lungn3543.jpeg,1,796
lungn3544.jpeg,1,821
lungn3546.jpeg,1,768
lungn3547.jpeg,1,752
lungn3548.jpeg,1,752
lungn355.jpeg,1,853
lungn3550.jpeg,1,832
lungn3551.jpeg,1,843
lungn3552.jpeg,1,931
lungn3553.jpeg,1,881
lungn3555.jpeg,1,783
lungn3556.jpeg,1,970
lungn3557.jpeg,1,855
lungn3558.jpeg,1,857
lungn3559.jpeg,1,917
lungn3561.jpeg,1,914
lungn3563.jpeg,1,936
lungn3564.jpeg,1,893
lungn3568.jpeg,1,886
lungn3569.jpeg,1,761
lungn3570.jpeg,1,882
lungn3573.jpeg,1,765
lungn3576.jpeg,1,909
lungn3577.jpeg,1,811
lungn3579.jpeg,1,890
lungn358.jpeg,1,929
lungn3581.jpeg,1,971
lungn3582.jpeg,1,876
lungn3583.jpeg,1,756
lungn3584.jpeg,1,756
lungn3588.jpeg,1,819
lungn3589.jpeg,1,835
lungn359.jpeg,1,898
lungn3590.jpeg,1,791
lungn3592.jpeg,1,888
lungn3593.jpeg,1,885
lungn3594.jpeg,1,883
lungn3595.jpeg,1,883
lungn3596.jpeg,1,793
lungn3597.jpeg,1,770
lungn3598.jpeg,1,964
lungn3599.jpeg,1,787
lungn36.jpeg,1,813
lungn3601.jpeg,1,942
lungn3602.jpeg,1,771
lungn3603.jpeg,1,919
lungn3604.jpeg,1,821
lungn3606.jpeg,1,938
lungn3607.jpeg,1,981
lungn3608.jpeg,1,943
lungn3609.jpeg,1,823
lungn3610.jpeg,1,823
lungn3612.jpeg,1,931
lungn3613.jpeg,1,797
lungn3614.jpeg,1,783
lungn3615.jpeg,1,965
lungn3617.jpeg,1,828
lungn3618.jpeg,1,828
lungn3620.jpeg,1,941
lungn3621.jpeg,1,936
lungn3622.jpeg,1,816
lungn3627.jpeg,1,939
lungn3628.jpeg,1,880
lungn363.jpeg,1,865
lungn3630.jpeg,1,845
lungn3632.jpeg,1,830
lungn3633.jpeg,1,788
lungn3634.jpeg,1,781
lungn3638.jpeg,1,799
lungn3639.jpeg,1,811
lungn364.jpeg,1,790
lungn3640.jpeg,1,809
lungn3641.jpeg,1,809
lungn3642.jpeg,1,869
lungn3643.jpeg,1,959
lungn3645.jpeg,1,902
lungn3646.jpeg,1,924
lungn3647.jpeg,1,819
lungn3649.jpeg,1,786
lungn365.jpeg,1,956
lungn3650.jpeg,1,813
lungn3651.jpeg,1,787
lungn3653.jpeg,1,864
lungn3655.jpeg,1,927
lungn3657.jpeg,1,785
lungn3658.jpeg,1,785
lungn3659.jpeg,1,837
lungn366.jpeg,1,845
lungn3660.jpeg,1,837
lungn3661.jpeg,1,836
lungn3663.jpeg,1,866
lungn3668.jpeg,1,891
lungn3669.jpeg,1,917
lungn3670.jpeg,1,936
lungn3671.jpeg,1,816
lungn3673.jpeg,1,893
lungn3674.jpeg,1,915
lungn3675.jpeg,1,898
lungn3676.jpeg,1,949
lungn3678.jpeg,1,767
lungn3679.jpeg,1,767
lungn368.jpeg,1,856
lungn3680.jpeg,1,767
lungn3682.jpeg,1,880
lungn3683.jpeg,1,825
lungn3684.jpeg,1,790
lungn3687.jpeg,1,804
lungn3688.jpeg,1,956
lungn3689.jpeg,1,829
lungn369.jpeg,1,781
lungn3690.jpeg,1,805
lungn3692.jpeg,1,961
lungn3693.jpeg,1,895
lungn3694.jpeg,1,815
lungn3695.jpeg,1,815
lungn3696.jpeg,1,815
lungn3699.jpeg,1,867
lungn37.jpeg,1,907
lungn3702.jpeg,1,996
lungn3705.jpeg,1,819
lungn3706.jpeg,1,913
lungn3708.jpeg,1,908
lungn3709.jpeg,1,849
lungn371.jpeg,1,792
lungn3710.jpeg,1,793
lungn3711.jpeg,1,897
lungn3712.jpeg,1,980
lungn3713.jpeg,1,787
lungn3714.jpeg,1,864
lungn3716.jpeg,1,983
lungn3717.jpeg,1,907
lungn3718.jpeg,1,862
lungn372.jpeg,1,778
lungn3721.jpeg,1,943
lungn3722.jpeg,1,837
lungn3723.jpeg,1,933
lungn3724.jpeg,1,978
lungn3725.jpeg,1,906
lungn3726.jpeg,1,851
lungn3727.jpeg,1,851
lungn3728.jpeg,1,931
lungn3729.jpeg,1,828
lungn373.jpeg,1,972
lungn3733.jpeg,1,751
lungn3734.jpeg,1,814
lungn3735.jpeg,1,814
lungn3736.jpeg,1,814
lungn3737.jpeg,1,757
lungn3739.jpeg,1,844
lungn3740.jpeg,1,808
lungn3745.jpeg,1,777
lungn3746.jpeg,1,777
lungn3747.jpeg,1,822
lungn3748.jpeg,1,822
lungn3751.jpeg,1,805
lungn3753.jpeg,1,830
lungn3754.jpeg,1,781
lungn3756.jpeg,1,792
lungn3758.jpeg,1,890
lungn376.jpeg,1,869
lungn3761.jpeg,1,835
lungn3762.jpeg,1,791
lungn3764.jpeg,1,817
lungn3766.jpeg,1,993
lungn3767.jpeg,1,928
lungn3768.jpeg,1,928
lungn3769.jpeg,1,793
lungn377.jpeg,1,807
lungn3770.jpeg,1,770
lungn3771.jpeg,1,858
lungn3772.jpeg,1,980
lungn3773.jpeg,1,952
lungn3774.jpeg,1,983
lungn3775.jpeg,1,874
lungn3776.jpeg,1,820
lungn3777.jpeg,1,987
lungn3778.jpeg,1,797
lungn378.jpeg,1,762
lungn3780.jpeg,1,752
lungn3783.jpeg,1,881
lungn3784.jpeg,1,965
lungn3786.jpeg,1,828
lungn3788.jpeg,1,794
lungn3789.jpeg,1,891
lungn3792.jpeg,1,914
lungn3795.jpeg,1,853
lungn3796.jpeg,1,816
lungn3797.jpeg,1,816
lungn3798.jpeg,1,755
lungn3799.jpeg,1,985
lungn38.jpeg,1,862
lungn3800.jpeg,1,893
lungn3801.jpeg,1,963
lungn3802.jpeg,1,826
lungn3804.jpeg,1,886
lungn3805.jpeg,1,886
lungn3806.jpeg,1,865
lungn3807.jpeg,1,863
lungn3808.jpeg,1,777
lungn3809.jpeg,1,777
lungn381.jpeg,1,819
lungn3810.jpeg,1,761
lungn3811.jpeg,1,880
lungn3812.jpeg,1,825
lungn3813.jpeg,1,956
lungn3814.jpeg,1,846
lungn3815.jpeg,1,945
lungn3817.jpeg,1,830
lungn3818.jpeg,1,781
lungn3821.jpeg,1,809
lungn3824.jpeg,1,955
lungn3825.jpeg,1,924
lungn3830.jpeg,1,976
lungn3831.jpeg,1,928
lungn3832.jpeg,1,897
lungn3833.jpeg,1,786
lungn3835.jpeg,1,813
lungn3836.jpeg,1,960
lungn3837.jpeg,1,927
lungn3838.jpeg,1,927
lungn3839.jpeg,1,796
lungn384.jpeg,1,773
lungn3840.jpeg,1,905
lungn3841.jpeg,1,981
lungn3842.jpeg,1,837
lungn3844.jpeg,1,752
lungn3847.jpeg,1,831
lungn3848.jpeg,1,831
lungn3849.jpeg,1,843
lungn3850.jpeg,1,881
lungn3851.jpeg,1,759
lungn3854.jpeg,1,853
lungn3855.jpeg,1,936
lungn3856.jpeg,1,816
lungn3859.jpeg,1,985
lungn386.jpeg,1,928
lungn3860.jpeg,1,893
lungn3861.jpeg,1,904
lungn3862.jpeg,1,860
lungn3864.jpeg,1,839
lungn3865.jpeg,1,777
lungn3866.jpeg,1,777
lungn3867.jpeg,1,761
lungn3869.jpeg,1,880
lungn387.jpeg,1,793
lungn3872.jpeg,1,882
lungn3873.jpeg,1,895
lungn3874.jpeg,1,781
lungn3875.jpeg,1,778
lungn3876.jpeg,1,778
lungn3877.jpeg,1,867
lungn3878.jpeg,1,765
lungn388.jpeg,1,948
lungn3881.jpeg,1,799
lungn3883.jpeg,1,869
lungn3884.jpeg,1,854
lungn3887.jpeg,1,876
lungn3889.jpeg,1,791
lungn389.jpeg,1,964
lungn3891.jpeg,1,908
lungn3892.jpeg,1,928
lungn3893.jpeg,1,928
lungn3894.jpeg,1,948
lungn3895.jpeg,1,948
lungn3896.jpeg,1,824
lungn3897.jpeg,1,987
lungn3898.jpeg,1,862
lungn3899.jpeg,1,875
lungn39.jpeg,1,942
lungn390.jpeg,1,787
lungn3901.jpeg,1,927
lungn3902.jpeg,1,797
lungn3904.jpeg,1,916
lungn3907.jpeg,1,988
lungn3908.jpeg,1,832
lungn3911.jpeg,1,881
lungn3912.jpeg,1,759
lungn3913.jpeg,1,855
lungn3914.jpeg,1,794
lungn3915.jpeg,1,923
lungn3917.jpeg,1,751
lungn3918.jpeg,1,751
lungn3919.jpeg,1,757
lungn3921.jpeg,1,808
lungn3922.jpeg,1,963
lungn3923.jpeg,1,758
lungn3927.jpeg,1,839
lungn393.jpeg,1,952
lungn3930.jpeg,1,815
lungn3931.jpeg,1,788
lungn3932.jpeg,1,788
lungn3936.jpeg,1,890
lungn3939.jpeg,1,971
lungn394.jpeg,1,766
lungn3940.jpeg,1,971
lungn3941.jpeg,1,946
lungn3942.jpeg,1,950
lungn3945.jpeg,1,835
lungn3946.jpeg,1,888
lungn395.jpeg,1,766
lungn3950.jpeg,1,908
lungn3951.jpeg,1,773
lungn3955.jpeg,1,793
lungn3956.jpeg,1,770
lungn3957.jpeg,1,770
lungn3959.jpeg,1,952
lungn396.jpeg,1,875
lungn3961.jpeg,1,766
lungn3962.jpeg,1,875
lungn3963.jpeg,1,905
lungn3964.jpeg,1,797
lungn3965.jpeg,1,943
lungn3966.jpeg,1,943
lungn3967.jpeg,1,933
lungn3968.jpeg,1,978
lungn3969.jpeg,1,752
lungn397.jpeg,1,875
lungn3972.jpeg,1,931
lungn3973.jpeg,1,797
lungn3976.jpeg,1,794
lungn3977.jpeg,1,941
lungn3979.jpeg,1,808
lungn398.jpeg,1,927
lungn3980.jpeg,1,915
lungn3981.jpeg,1,915
lungn3982.jpeg,1,779
lungn3983.jpeg,1,825
lungn3985.jpeg,1,961
lungn3986.jpeg,1,846
lungn3987.jpeg,1,815
lungn3988.jpeg,1,815
lungn3989.jpeg,1,932
lungn399.jpeg,1,919
lungn3991.jpeg,1,778
lungn3992.jpeg,1,867
lungn3999.jpeg,1,802
lungn400.jpeg,1,797
lungn4000.jpeg,1,773
lungn4001.jpeg,1,883
lungn4002.jpeg,1,883
lungn4004.jpeg,1,849
lungn4006.jpeg,1,770
lungn4008.jpeg,1,787
lungn4009.jpeg,1,983
lungn401.jpeg,1,947
lungn4010.jpeg,1,874
lungn4011.jpeg,1,907
lungn4013.jpeg,1,766
lungn4017.jpeg,1,821
lungn4018.jpeg,1,797
lungn402.jpeg,1,947
lungn4021.jpeg,1,823
lungn4022.jpeg,1,752
lungn4025.jpeg,1,931
lungn4028.jpeg,1,917
lungn403.jpeg,1,981
lungn4032.jpeg,1,764
lungn4033.jpeg,1,853
lungn4038.jpeg,1,758
lungn404.jpeg,1,823
lungn4040.jpeg,1,872
lungn4043.jpeg,1,863
lungn4044.jpeg,1,761
lungn4045.jpeg,1,804
lungn4046.jpeg,1,961
lungn4049.jpeg,1,867
lungn405.jpeg,1,989
lungn4050.jpeg,1,972
lungn4052.jpeg,1,799
lungn4053.jpeg,1,798
lungn4054.jpeg,1,971
lungn4055.jpeg,1,756
lungn4056.jpeg,1,756
lungn4059.jpeg,1,924
lungn406.jpeg,1,916
lungn4060.jpeg,1,913
lungn4061.jpeg,1,883
lungn4062.jpeg,1,770
lungn4064.jpeg,1,982
lungn4065.jpeg,1,864
lungn4066.jpeg,1,952
lungn4067.jpeg,1,960
lungn407.jpeg,1,843
lungn4070.jpeg,1,926
lungn4071.jpeg,1,987
lungn4072.jpeg,1,766
lungn4073.jpeg,1,927
lungn4074.jpeg,1,771
lungn4075.jpeg,1,905
lungn4076.jpeg,1,797
lungn4077.jpeg,1,938
lungn4079.jpeg,1,916
lungn408.jpeg,1,931
lungn4081.jpeg,1,896
lungn4082.jpeg,1,906
lungn4083.jpeg,1,843
lungn4084.jpeg,1,759
lungn4086.jpeg,1,855
lungn4087.jpeg,1,855
lungn4089.jpeg,1,923
lungn4091.jpeg,1,853
lungn4092.jpeg,1,814
lungn4093.jpeg,1,963
lungn4094.jpeg,1,963
lungn4095.jpeg,1,826
lungn4096.jpeg,1,822
lungn4097.jpeg,1,761
lungn4099.jpeg,1,825
lungn41.jpeg,1,919
lungn410.jpeg,1,855
lungn4100.jpeg,1,825
lungn4103.jpeg,1,805
lungn4104.jpeg,1,788
lungn4105.jpeg,1,867
lungn4107.jpeg,1,799
lungn411.jpeg,1,794
lungn4111.jpeg,1,807
lungn4112.jpeg,1,955
lungn4116.jpeg,1,908
lungn4117.jpeg,1,810
lungn4118.jpeg,1,849
lungn4119.jpeg,1,849
lungn412.jpeg,1,923
lungn4121.jpeg,1,948
lungn4122.jpeg,1,824
lungn4123.jpeg,1,960
lungn4125.jpeg,1,820
lungn4126.jpeg,1,820
lungn4127.jpeg,1,922
lungn4128.jpeg,1,927
lungn4129.jpeg,1,821
lungn413.jpeg,1,914
lungn4130.jpeg,1,905
lungn4131.jpeg,1,905
lungn4132.jpeg,1,797
lungn4133.jpeg,1,785
lungn4135.jpeg,1,938
lungn4136.jpeg,1,943
lungn4137.jpeg,1,768
lungn414.jpeg,1,914
lungn4141.jpeg,1,906
lungn4142.jpeg,1,906
lungn4143.jpeg,1,906
lungn4144.jpeg,1,832
lungn4145.jpeg,1,979
lungn4146.jpeg,1,953
lungn4147.jpeg,1,783
lungn4148.jpeg,1,783
lungn4149.jpeg,1,923
lungn415.jpeg,1,914
lungn4150.jpeg,1,914
lungn4151.jpeg,1,941
lungn4158.jpeg,1,758
lungn4159.jpeg,1,806
lungn416.jpeg,1,816
lungn4160.jpeg,1,904
lungn4162.jpeg,1,839
lungn4163.jpeg,1,865
lungn4164.jpeg,1,767
lungn4165.jpeg,1,779
lungn4166.jpeg,1,790
lungn4170.jpeg,1,815
lungn4171.jpeg,1,932
lungn4173.jpeg,1,792
lungn4175.jpeg,1,867
lungn4176.jpeg,1,811
lungn4179.jpeg,1,913
lungn4184.jpeg,1,810
lungn4186.jpeg,1,948
lungn4187.jpeg,1,858
lungn4188.jpeg,1,813
lungn4189.jpeg,1,907
lungn419.jpeg,1,949
lungn4190.jpeg,1,907
lungn4192.jpeg,1,942
lungn4193.jpeg,1,766
lungn4195.jpeg,1,919
lungn4197.jpeg,1,938
lungn4198.jpeg,1,823
lungn4199.jpeg,1,978
lungn42.jpeg,1,821
lungn4201.jpeg,1,752
lungn4203.jpeg,1,866
lungn4205.jpeg,1,995
lungn4206.jpeg,1,995
lungn4207.jpeg,1,855
lungn4208.jpeg,1,917
lungn4211.jpeg,1,853
lungn4212.jpeg,1,757
lungn4213.jpeg,1,985
lungn4215.jpeg,1,844
lungn4216.jpeg,1,893
lungn4218.jpeg,1,963
lungn4219.jpeg,1,826
lungn422.jpeg,1,872
lungn4220.jpeg,1,860
lungn4221.jpeg,1,939
lungn4222.jpeg,1,777
lungn4223.jpeg,1,779
lungn4224.jpeg,1,822
lungn4228.jpeg,1,790
lungn4229.jpeg,1,846
lungn423.jpeg,1,939
lungn4230.jpeg,1,846
lungn4231.jpeg,1,788
lungn4232.jpeg,1,972
lungn4233.jpeg,1,811
lungn4234.jpeg,1,798
lungn4235.jpeg,1,971
lungn4237.jpeg,1,756
lungn4238.jpeg,1,924
lungn424.jpeg,1,939
lungn4244.jpeg,1,810
lungn4245.jpeg,1,948
lungn4246.jpeg,1,858
lungn4247.jpeg,1,907
lungn4249.jpeg,1,942
lungn425.jpeg,1,886
lungn4254.jpeg,1,989
lungn4255.jpeg,1,988
lungn4256.jpeg,1,962
lungn4258.jpeg,1,979
lungn4259.jpeg,1,931
lungn426.jpeg,1,779
lungn4260.jpeg,1,759
lungn4261.jpeg,1,783
lungn4265.jpeg,1,891
lungn4267.jpeg,1,914
lungn4268.jpeg,1,755
lungn427.jpeg,1,761
lungn4270.jpeg,1,844
lungn4271.jpeg,1,808
lungn4275.jpeg,1,904
lungn4277.jpeg,1,777
lungn4278.jpeg,1,779
lungn4279.jpeg,1,761
lungn428.jpeg,1,956
lungn4282.jpeg,1,804
lungn4283.jpeg,1,845
lungn4284.jpeg,1,788
lungn4285.jpeg,1,765
lungn4289.jpeg,1,890
lungn429.jpeg,1,932
lungn4290.jpeg,1,809
lungn4292.jpeg,1,959
lungn4293.jpeg,1,876
lungn4294.jpeg,1,762
lungn4297.jpeg,1,924
lungn4298.jpeg,1,835
lungn4299.jpeg,1,975
lungn43.jpeg,1,905
lungn430.jpeg,1,932
lungn4301.jpeg,1,885
lungn4305.jpeg,1,964
lungn4306.jpeg,1,980
lungn4307.jpeg,1,862
lungn4309.jpeg,1,766
lungn431.jpeg,1,778
lungn4311.jpeg,1,771
lungn4312.jpeg,1,797
lungn4313.jpeg,1,797
lungn4314.jpeg,1,933
lungn4315.jpeg,1,933
lungn4316.jpeg,1,768
lungn4317.jpeg,1,978
lungn4318.jpeg,1,752
lungn4319.jpeg,1,916
lungn432.jpeg,1,909
lungn4320.jpeg,1,906
lungn4324.jpeg,1,995
lungn4325.jpeg,1,917
lungn4328.jpeg,1,914
lungn4329.jpeg,1,914
lungn4330.jpeg,1,853
lungn4334.jpeg,1,898
lungn4335.jpeg,1,758
lungn4337.jpeg,1,839
lungn4338.jpeg,1,777
lungn4339.jpeg,1,822
lungn434.jpeg,1,809
lungn4340.jpeg,1,930
lungn4341.jpeg,1,895
lungn4342.jpeg,1,792
lungn4343.jpeg,1,867
lungn4346.jpeg,1,890
lungn4348.jpeg,1,971
lungn4349.jpeg,1,946
lungn435.jpeg,1,809
lungn4353.jpeg,1,791
lungn4355.jpeg,1,913
lungn4358.jpeg,1,976
lungn4359.jpeg,1,810
lungn436.jpeg,1,869
lungn4361.jpeg,1,964
lungn4362.jpeg,1,877
lungn4363.jpeg,1,813
lungn4364.jpeg,1,787
lungn4366.jpeg,1,960
lungn4367.jpeg,1,960
lungn4368.jpeg,1,926
lungn4369.jpeg,1,907
lungn437.jpeg,1,959
lungn4372.jpeg,1,796
lungn4373.jpeg,1,947
lungn4374.jpeg,1,947
lungn4376.jpeg,1,823
lungn4377.jpeg,1,752
lungn4378.jpeg,1,906
lungn438.jpeg,1,762
lungn4380.jpeg,1,759
lungn4381.jpeg,1,970
lungn4382.jpeg,1,995
lungn4383.jpeg,1,855
lungn4390.jpeg,1,898
lungn4391.jpeg,1,898
lungn4392.jpeg,1,806
lungn4393.jpeg,1,826
lungn4394.jpeg,1,904
lungn4396.jpeg,1,860
lungn4397.jpeg,1,860
lungn4398.jpeg,1,872
lungn440.jpeg,1,802
lungn4400.jpeg,1,865
lungn4401.jpeg,1,863
lungn4402.jpeg,1,880
lungn4404.jpeg,1,829
lungn4405.jpeg,1,895
lungn4406.jpeg,1,815
lungn4408.jpeg,1,765
lungn441.jpeg,1,802
lungn4411.jpeg,1,890
lungn4412.jpeg,1,809
lungn4413.jpeg,1,869
lungn4415.jpeg,1,807
lungn4416.jpeg,1,996
lungn4417.jpeg,1,950
lungn4419.jpeg,1,876
lungn4420.jpeg,1,756
lungn4422.jpeg,1,819
lungn4423.jpeg,1,819
lungn4424.jpeg,1,802
lungn4425.jpeg,1,908
lungn4426.jpeg,1,883
lungn4427.jpeg,1,810
lungn4429.jpeg,1,862
lungn443.jpeg,1,908
lungn4433.jpeg,1,797
lungn4434.jpeg,1,947
lungn4435.jpeg,1,981
lungn4436.jpeg,1,837
lungn4438.jpeg,1,768
lungn4439.jpeg,1,978
lungn444.jpeg,1,908
lungn4440.jpeg,1,978
lungn4441.jpeg,1,752
lungn4443.jpeg,1,896
lungn4444.jpeg,1,832
lungn4445.jpeg,1,866
lungn4446.jpeg,1,843
lungn4447.jpeg,1,931
lungn4448.jpeg,1,931
lungn4449.jpeg,1,797
lungn4450.jpeg,1,828
lungn4454.jpeg,1,751
lungn4455.jpeg,1,814
lungn4456.jpeg,1,757
lungn4457.jpeg,1,929
lungn4459.jpeg,1,963
lungn446.jpeg,1,980
lungn4460.jpeg,1,758
lungn4461.jpeg,1,806
lungn4462.jpeg,1,860
lungn4463.jpeg,1,839
lungn4467.jpeg,1,804
lungn4468.jpeg,1,829
lungn4470.jpeg,1,882
lungn4471.jpeg,1,792
lungn4472.jpeg,1,778
lungn4477.jpeg,1,876
lungn4478.jpeg,1,756
lungn4479.jpeg,1,756
lungn448.jpeg,1,960
lungn4481.jpeg,1,888
lungn4482.jpeg,1,888
lungn4484.jpeg,1,810
lungn4485.jpeg,1,824
lungn4487.jpeg,1,820
lungn4488.jpeg,1,766
lungn4489.jpeg,1,771
lungn449.jpeg,1,983
lungn4490.jpeg,1,919
lungn4491.jpeg,1,785
lungn4494.jpeg,1,938
lungn4495.jpeg,1,933
lungn4496.jpeg,1,768
lungn4498.jpeg,1,836
lungn4499.jpeg,1,752
lungn45.jpeg,1,938
lungn4501.jpeg,1,962
lungn4502.jpeg,1,832
lungn4503.jpeg,1,917
lungn4505.jpeg,1,751
lungn4506.jpeg,1,774
lungn4508.jpeg,1,929
lungn4510.jpeg,1,915
lungn4511.jpeg,1,826
lungn4512.jpeg,1,904
lungn4513.jpeg,1,904
lungn4514.jpeg,1,872
lungn4515.jpeg,1,872
lungn4516.jpeg,1,886
lungn4517.jpeg,1,865
lungn4518.jpeg,1,930
lungn4519.jpeg,1,825
lungn452.jpeg,1,922
lungn4522.jpeg,1,804
lungn4524.jpeg,1,792
lungn4527.jpeg,1,778
lungn4529.jpeg,1,909
lungn4530.jpeg,1,909
lungn4531.jpeg,1,799
lungn4532.jpeg,1,798
lungn4534.jpeg,1,888
lungn4538.jpeg,1,849
lungn454.jpeg,1,821
lungn4540.jpeg,1,928
lungn4541.jpeg,1,982
lungn4542.jpeg,1,982
lungn4543.jpeg,1,877
lungn4544.jpeg,1,858
lungn4545.jpeg,1,787
lungn4546.jpeg,1,820
lungn455.jpeg,1,989
lungn4555.jpeg,1,771
lungn4556.jpeg,1,771
lungn4557.jpeg,1,771
lungn4559.jpeg,1,919
lungn456.jpeg,1,916
lungn4560.jpeg,1,797
lungn4561.jpeg,1,768
lungn4564.jpeg,1,828
lungn4565.jpeg,1,855
lungn4566.jpeg,1,855
lungn4569.jpeg,1,755
lungn4570.jpeg,1,814
lungn4573.jpeg,1,898
lungn4574.jpeg,1,860
lungn4576.jpeg,1,839
lungn458.jpeg,1,979
lungn4583.jpeg,1,829
lungn4584.jpeg,1,846
lungn4586.jpeg,1,788
lungn4587.jpeg,1,932
lungn4588.jpeg,1,781
lungn4590.jpeg,1,792
lungn4592.jpeg,1,867
lungn4593.jpeg,1,765
lungn4594.jpeg,1,909
lungn4595.jpeg,1,990
lungn4598.jpeg,1,971
lungn460.jpeg,1,931
lungn4600.jpeg,1,924
lungn4601.jpeg,1,883
lungn4602.jpeg,1,817
lungn4604.jpeg,1,770
lungn4606.jpeg,1,952
lungn4607.jpeg,1,874
lungn461.jpeg,1,783
lungn4613.jpeg,1,796
lungn4614.jpeg,1,919
lungn4615.jpeg,1,821
lungn4616.jpeg,1,797
lungn4617.jpeg,1,785
lungn4618.jpeg,1,933
lungn4619.jpeg,1,896
lungn4620.jpeg,1,988
lungn4621.jpeg,1,832
lungn4622.jpeg,1,866
lungn4624.jpeg,1,797
lungn4627.jpeg,1,995
lungn463.jpeg,1,764
lungn4630.jpeg,1,764
lungn4632.jpeg,1,985
lungn4633.jpeg,1,774
lungn4634.jpeg,1,808
lungn4635.jpeg,1,963
lungn4636.jpeg,1,949
lungn4637.jpeg,1,758
lungn4638.jpeg,1,826
lungn464.jpeg,1,814
lungn4641.jpeg,1,865
lungn4642.jpeg,1,865
lungn4644.jpeg,1,825
lungn4645.jpeg,1,825
lungn4647.jpeg,1,846
lungn4648.jpeg,1,781
lungn465.jpeg,1,757
lungn4651.jpeg,1,807
lungn4655.jpeg,1,756
lungn4656.jpeg,1,902
lungn4660.jpeg,1,773
lungn4661.jpeg,1,976
lungn4663.jpeg,1,973
lungn4664.jpeg,1,770
lungn4666.jpeg,1,952
lungn4667.jpeg,1,796
lungn4669.jpeg,1,837
lungn4671.jpeg,1,836
lungn4672.jpeg,1,896
lungn4673.jpeg,1,843
lungn4674.jpeg,1,843
lungn4675.jpeg,1,970
lungn468.jpeg,1,893
lungn4680.jpeg,1,816
lungn4682.jpeg,1,755
lungn4683.jpeg,1,751
lungn4684.jpeg,1,757
lungn4685.jpeg,1,774
lungn4686.jpeg,1,808
lungn4687.jpeg,1,808
lungn4689.jpeg,1,963
lungn4690.jpeg,1,904
lungn4691.jpeg,1,886
lungn4692.jpeg,1,767
lungn4694.jpeg,1,880
lungn4695.jpeg,1,880
lungn4696.jpeg,1,930
lungn4699.jpeg,1,829
lungn47.jpeg,1,978
lungn470.jpeg,1,898
lungn4700.jpeg,1,961
lungn4701.jpeg,1,895
lungn4702.jpeg,1,830
lungn4703.jpeg,1,932
lungn4704.jpeg,1,778
lungn4705.jpeg,1,799
lungn4706.jpeg,1,854
lungn4708.jpeg,1,955
lungn4709.jpeg,1,756
lungn471.jpeg,1,898
lungn4710.jpeg,1,756
lungn4714.jpeg,1,973
lungn4715.jpeg,1,973
lungn4716.jpeg,1,849
lungn4717.jpeg,1,948
lungn4718.jpeg,1,982
lungn4719.jpeg,1,858
lungn4720.jpeg,1,813
lungn4721.jpeg,1,864
lungn4724.jpeg,1,983
lungn4725.jpeg,1,987
lungn4726.jpeg,1,862
lungn4728.jpeg,1,922
lungn4729.jpeg,1,947
lungn473.jpeg,1,806
lungn4730.jpeg,1,981
lungn4731.jpeg,1,981
lungn4732.jpeg,1,837
lungn4733.jpeg,1,836
lungn4734.jpeg,1,896
lungn4737.jpeg,1,828
lungn4739.jpeg,1,855
lungn474.jpeg,1,904
lungn4743.jpeg,1,816
lungn4744.jpeg,1,755
lungn4747.jpeg,1,963
lungn4748.jpeg,1,963
lungn4749.jpeg,1,963
lungn475.jpeg,1,839
lungn4750.jpeg,1,963
lungn4751.jpeg,1,898
lungn4752.jpeg,1,806
lungn4753.jpeg,1,806
lungn4754.jpeg,1,806
lungn4755.jpeg,1,826
lungn4756.jpeg,1,812
lungn4758.jpeg,1,886
lungn4759.jpeg,1,886
lungn476.jpeg,1,865
lungn4762.jpeg,1,822
lungn4763.jpeg,1,930
lungn4764.jpeg,1,956
lungn4765.jpeg,1,829
lungn4766.jpeg,1,961
lungn4767.jpeg,1,856
lungn4768.jpeg,1,815
lungn477.jpeg,1,863
lungn4770.jpeg,1,778
lungn4772.jpeg,1,946
lungn4773.jpeg,1,950
lungn4774.jpeg,1,959
lungn4775.jpeg,1,924
lungn4776.jpeg,1,888
lungn478.jpeg,1,779
lungn4780.jpeg,1,810
lungn4781.jpeg,1,810
lungn4782.jpeg,1,993
lungn4783.jpeg,1,973
lungn4784.jpeg,1,770
lungn4786.jpeg,1,820
lungn4787.jpeg,1,942
lungn479.jpeg,1,761
lungn4791.jpeg,1,771
lungn4794.jpeg,1,768
lungn4796.jpeg,1,896
lungn4797.jpeg,1,988
lungn4798.jpeg,1,962
lungn4799.jpeg,1,962
lungn4800.jpeg,1,866
lungn4801.jpeg,1,965
lungn4803.jpeg,1,857
lungn4806.jpeg,1,816
lungn4807.jpeg,1,757
lungn4808.jpeg,1,844
lungn4809.jpeg,1,893
lungn4810.jpeg,1,893
lungn4811.jpeg,1,963
lungn4812.jpeg,1,758
lungn4814.jpeg,1,812
lungn4815.jpeg,1,812
lungn4816.jpeg,1,872
lungn4817.jpeg,1,767
lungn4818.jpeg,1,822
lungn4819.jpeg,1,822
lungn4820.jpeg,1,804
lungn4821.jpeg,1,956
lungn4824.jpeg,1,781
lungn4827.jpeg,1,867
lungn483.jpeg,1,804
lungn4832.jpeg,1,950
lungn4833.jpeg,1,756
lungn4834.jpeg,1,924
lungn4839.jpeg,1,908
lungn484.jpeg,1,805
lungn4840.jpeg,1,908
lungn4841.jpeg,1,908
lungn4842.jpeg,1,817
lungn4843.jpeg,1,964
lungn4844.jpeg,1,858
lungn4845.jpeg,1,824
lungn4846.jpeg,1,960
lungn4848.jpeg,1,907
lungn485.jpeg,1,961
lungn4850.jpeg,1,922
lungn4852.jpeg,1,771
lungn4854.jpeg,1,943
lungn4855.jpeg,1,933
lungn4856.jpeg,1,832
lungn4859.jpeg,1,831
lungn486.jpeg,1,845
lungn4860.jpeg,1,831
lungn4861.jpeg,1,931
lungn4862.jpeg,1,881
lungn4864.jpeg,1,759
lungn4865.jpeg,1,759
lungn4866.jpeg,1,965
lungn4867.jpeg,1,794
lungn4868.jpeg,1,794
lungn4869.jpeg,1,891
lungn487.jpeg,1,856
lungn4872.jpeg,1,806
lungn4873.jpeg,1,826
lungn4874.jpeg,1,812
lungn4875.jpeg,1,860
lungn4876.jpeg,1,860
lungn4877.jpeg,1,767
lungn4878.jpeg,1,822
lungn4879.jpeg,1,761
lungn488.jpeg,1,856
lungn4880.jpeg,1,761
lungn4881.jpeg,1,761
lungn4882.jpeg,1,930
lungn4883.jpeg,1,825
lungn4885.jpeg,1,956
lungn4886.jpeg,1,956
lungn4889.jpeg,1,867
lungn489.jpeg,1,932
lungn4890.jpeg,1,811
lungn4894.jpeg,1,756
lungn4895.jpeg,1,762
lungn4897.jpeg,1,902
lungn49.jpeg,1,916
lungn490.jpeg,1,778
lungn4900.jpeg,1,993
lungn4901.jpeg,1,849
lungn4902.jpeg,1,849
lungn4903.jpeg,1,928
lungn4904.jpeg,1,928
lungn4905.jpeg,1,786
lungn4906.jpeg,1,964
lungn4907.jpeg,1,877
lungn491.jpeg,1,909
lungn4910.jpeg,1,960
lungn4911.jpeg,1,983
lungn4912.jpeg,1,820
lungn4914.jpeg,1,766
lungn4915.jpeg,1,922
lungn4917.jpeg,1,927
lungn4918.jpeg,1,927
lungn492.jpeg,1,809
lungn4921.jpeg,1,981
lungn4922.jpeg,1,837
lungn4923.jpeg,1,933
lungn4924.jpeg,1,988
lungn4925.jpeg,1,906
lungn4927.jpeg,1,881
lungn4932.jpeg,1,936
lungn4933.jpeg,1,936
lungn4934.jpeg,1,814
lungn4935.jpeg,1,985
lungn4936.jpeg,1,985
lungn4937.jpeg,1,774
lungn4938.jpeg,1,774
lungn4939.jpeg,1,929
lungn494.jpeg,1,869
lungn4942.jpeg,1,886
lungn4943.jpeg,1,865
lungn4944.jpeg,1,880
lungn4947.jpeg,1,805
lungn4948.jpeg,1,845
lungn4949.jpeg,1,845
lungn495.jpeg,1,854
lungn4952.jpeg,1,882
lungn4954.jpeg,1,781
lungn4955.jpeg,1,778
lungn4957.jpeg,1,950
lungn496.jpeg,1,854
lungn4960.jpeg,1,835
lungn4962.jpeg,1,802
lungn4963.jpeg,1,883
lungn4965.jpeg,1,793
lungn4966.jpeg,1,787
lungn4967.jpeg,1,824
lungn4968.jpeg,1,824
lungn497.jpeg,1,996
lungn4970.jpeg,1,983
lungn4972.jpeg,1,942
lungn4973.jpeg,1,978
lungn4974.jpeg,1,843
lungn4976.jpeg,1,794
lungn4977.jpeg,1,857
lungn4979.jpeg,1,816
lungn4981.jpeg,1,814
lungn4984.jpeg,1,844
lungn4986.jpeg,1,949
lungn4988.jpeg,1,872
lungn499.jpeg,1,762
lungn4990.jpeg,1,805
lungn4993.jpeg,1,792
lungn4994.jpeg,1,799
lungn4995.jpeg,1,971
lungn4996.jpeg,1,807
lungn4999.jpeg,1,819
lungn5.jpeg,1,771
lungn500.jpeg,1,902
lungn501.jpeg,1,835
lungn503.jpeg,1,888
lungn504.jpeg,1,885
lungn507.jpeg,1,849
lungn508.jpeg,1,948
lungn509.jpeg,1,786
lungn51.jpeg,1,896
lungn511.jpeg,1,952
lungn512.jpeg,1,983
lungn514.jpeg,1,942
lungn517.jpeg,1,796
lungn518.jpeg,1,785
lungn519.jpeg,1,785
lungn52.jpeg,1,931
lungn521.jpeg,1,938
lungn522.jpeg,1,823
lungn523.jpeg,1,933
lungn524.jpeg,1,962
lungn526.jpeg,1,866
lungn528.jpeg,1,970
lungn529.jpeg,1,828
lungn53.jpeg,1,881
lungn531.jpeg,1,857
lungn532.jpeg,1,917
lungn535.jpeg,1,751
lungn538.jpeg,1,949
lungn54.jpeg,1,759
lungn540.jpeg,1,777
lungn543.jpeg,1,880
lungn546.jpeg,1,956
lungn548.jpeg,1,961
lungn553.jpeg,1,945
lungn554.jpeg,1,882
lungn555.jpeg,1,815
lungn557.jpeg,1,972
lungn559.jpeg,1,811
lungn56.jpeg,1,970
lungn564.jpeg,1,975
lungn565.jpeg,1,885
lungn566.jpeg,1,885
lungn568.jpeg,1,940
lungn570.jpeg,1,982
lungn571.jpeg,1,786
lungn572.jpeg,1,813
lungn573.jpeg,1,980
lungn575.jpeg,1,907
lungn579.jpeg,1,771
lungn58.jpeg,1,914
lungn582.jpeg,1,821
lungn583.jpeg,1,797
lungn584.jpeg,1,981
lungn585.jpeg,1,916
lungn586.jpeg,1,962
lungn587.jpeg,1,962
lungn59.jpeg,1,941
lungn590.jpeg,1,828
lungn591.jpeg,1,855
lungn592.jpeg,1,794
lungn593.jpeg,1,941
lungn595.jpeg,1,764
lungn596.jpeg,1,816
lungn598.jpeg,1,757
lungn599.jpeg,1,929
lungn60.jpeg,1,941
lungn600.jpeg,1,893
lungn601.jpeg,1,808
lungn605.jpeg,1,949
lungn607.jpeg,1,806
lungn609.jpeg,1,767
lungn610.jpeg,1,779
lungn611.jpeg,1,822
lungn615.jpeg,1,956
lungn616.jpeg,1,829
lungn618.jpeg,1,788
lungn619.jpeg,1,788
lungn620.jpeg,1,778
lungn623.jpeg,1,971
lungn624.jpeg,1,756
lungn625.jpeg,1,819
lungn626.jpeg,1,835
lungn627.jpeg,1,802
lungn628.jpeg,1,883
lungn63.jpeg,1,826
lungn630.jpeg,1,973
lungn632.jpeg,1,770
lungn633.jpeg,1,980
lungn634.jpeg,1,874
lungn638.jpeg,1,796
lungn640.jpeg,1,919
lungn642.jpeg,1,837
lungn643.jpeg,1,989
lungn645.jpeg,1,906
lungn646.jpeg,1,979
lungn647.jpeg,1,843
lungn65.jpeg,1,767
lungn651.jpeg,1,816
lungn654.jpeg,1,755
lungn655.jpeg,1,757
lungn656.jpeg,1,985
lungn657.jpeg,1,844
lungn658.jpeg,1,893
lungn659.jpeg,1,949
lungn66.jpeg,1,761
lungn661.jpeg,1,826
lungn662.jpeg,1,826
lungn663.jpeg,1,872
lungn664.jpeg,1,886
lungn665.jpeg,1,839
lungn666.jpeg,1,777
lungn667.jpeg,1,779
lungn671.jpeg,1,829
lungn673.jpeg,1,932
lungn674.jpeg,1,792
lungn676.jpeg,1,867
lungn677.jpeg,1,809
lungn678.jpeg,1,869
lungn679.jpeg,1,854
lungn681.jpeg,1,807
lungn685.jpeg,1,858
lungn686.jpeg,1,787
lungn688.jpeg,1,926
lungn689.jpeg,1,820
lungn69.jpeg,1,805
lungn690.jpeg,1,922
lungn693.jpeg,1,905
lungn694.jpeg,1,943
lungn695.jpeg,1,837
lungn701.jpeg,1,831
lungn702.jpeg,1,831
lungn703.jpeg,1,831
lungn705.jpeg,1,797
lungn706.jpeg,1,759
lungn707.jpeg,1,828
lungn708.jpeg,1,917
lungn71.jpeg,1,961
lungn710.jpeg,1,853
lungn711.jpeg,1,814
lungn712.jpeg,1,814
lungn713.jpeg,1,774
lungn715.jpeg,1,758
lungn716.jpeg,1,860
lungn718.jpeg,1,839
lungn719.jpeg,1,865
lungn72.jpeg,1,846
lungn720.jpeg,1,779
lungn721.jpeg,1,779
lungn723.jpeg,1,790
lungn724.jpeg,1,945
lungn727.jpeg,1,946
lungn729.jpeg,1,959
lungn73.jpeg,1,945
lungn731.jpeg,1,819
lungn732.jpeg,1,791
lungn733.jpeg,1,913
lungn734.jpeg,1,913
lungn738.jpeg,1,883
lungn739.jpeg,1,883
lungn74.jpeg,1,788
lungn740.jpeg,1,976
lungn742.jpeg,1,849
lungn743.jpeg,1,897
lungn744.jpeg,1,952
lungn747.jpeg,1,862
lungn748.jpeg,1,766
lungn749.jpeg,1,766
lungn75.jpeg,1,867
lungn750.jpeg,1,927
lungn751.jpeg,1,919
lungn753.jpeg,1,768
lungn754.jpeg,1,768
lungn757.jpeg,1,866
lungn758.jpeg,1,953
lungn76.jpeg,1,867
lungn760.jpeg,1,965
lungn762.jpeg,1,794
lungn763.jpeg,1,857
lungn766.jpeg,1,853
lungn767.jpeg,1,853
lungn768.jpeg,1,757
lungn769.jpeg,1,985
lungn77.jpeg,1,972
lungn771.jpeg,1,826
lungn772.jpeg,1,904
lungn773.jpeg,1,860
lungn774.jpeg,1,939
lungn777.jpeg,1,961
lungn778.jpeg,1,845
lungn779.jpeg,1,830
lungn78.jpeg,1,765
lungn781.jpeg,1,932
lungn784.jpeg,1,809
lungn786.jpeg,1,869
lungn787.jpeg,1,854
lungn788.jpeg,1,959
lungn790.jpeg,1,924
lungn795.jpeg,1,883
lungn796.jpeg,1,849
lungn797.jpeg,1,793
lungn798.jpeg,1,940
lungn799.jpeg,1,897
lungn80.jpeg,1,811
lungn802.jpeg,1,858
lungn803.jpeg,1,864
lungn805.jpeg,1,824
lungn809.jpeg,1,862
lungn810.jpeg,1,942
lungn813.jpeg,1,771
lungn814.jpeg,1,796
lungn816.jpeg,1,933
lungn817.jpeg,1,768
lungn819.jpeg,1,836
lungn82.jpeg,1,902
lungn820.jpeg,1,916
lungn822.jpeg,1,843
lungn823.jpeg,1,995
lungn824.jpeg,1,794
lungn826.jpeg,1,941
lungn827.jpeg,1,764
lungn828.jpeg,1,936
lungn83.jpeg,1,885
lungn830.jpeg,1,757
lungn831.jpeg,1,893
lungn832.jpeg,1,839
lungn833.jpeg,1,822
lungn834.jpeg,1,761
lungn843.jpeg,1,804
lungn845.jpeg,1,945
lungn846.jpeg,1,815
lungn847.jpeg,1,932
lungn850.jpeg,1,867
lungn854.jpeg,1,798
lungn856.jpeg,1,959
lungn857.jpeg,1,876
lungn858.jpeg,1,835
lungn860.jpeg,1,817
lungn862.jpeg,1,982
lungn863.jpeg,1,786
lungn867.jpeg,1,824
lungn868.jpeg,1,926
lungn869.jpeg,1,874
lungn870.jpeg,1,907
lungn871.jpeg,1,907
lungn873.jpeg,1,797
lungn874.jpeg,1,785
lungn876.jpeg,1,837
lungn878.jpeg,1,836
lungn879.jpeg,1,836
lungn88.jpeg,1,773
lungn880.jpeg,1,916
lungn881.jpeg,1,896
lungn882.jpeg,1,906
lungn883.jpeg,1,843
lungn884.jpeg,1,931
lungn889.jpeg,1,929
lungn89.jpeg,1,849
lungn890.jpeg,1,844
lungn891.jpeg,1,893
lungn892.jpeg,1,893
lungn893.jpeg,1,915
lungn897.jpeg,1,812
lungn898.jpeg,1,939
lungn899.jpeg,1,822
lungn9.jpeg,1,931
lungn90.jpeg,1,770
lungn900.jpeg,1,761
lungn901.jpeg,1,761
lungn902.jpeg,1,880
lungn905.jpeg,1,799
lungn906.jpeg,1,811
lungn91.jpeg,1,786
lungn911.jpeg,1,869
lungn913.jpeg,1,971
lungn914.jpeg,1,807
lungn915.jpeg,1,950
lungn916.jpeg,1,959
lungn918.jpeg,1,756
lungn92.jpeg,1,858
lungn922.jpeg,1,908
lungn924.jpeg,1,976
lungn926.jpeg,1,928
lungn927.jpeg,1,793
lungn928.jpeg,1,793
lungn929.jpeg,1,770
lungn93.jpeg,1,980
lungn930.jpeg,1,958
lungn931.jpeg,1,858
lungn932.jpeg,1,813
lungn933.jpeg,1,787
lungn935.jpeg,1,820
lungn936.jpeg,1,942
lungn938.jpeg,1,797
lungn939.jpeg,1,797
lungn940.jpeg,1,785
lungn942.jpeg,1,938
lungn943.jpeg,1,837
lungn945.jpeg,1,768
lungn947.jpeg,1,866
lungn948.jpeg,1,953
lungn95.jpeg,1,922
lungn950.jpeg,1,759
lungn952.jpeg,1,764
lungn953.jpeg,1,764
lungn954.jpeg,1,853
lungn955.jpeg,1,757
lungn957.jpeg,1,844
lungn958.jpeg,1,898
lungn962.jpeg,1,761
lungn965.jpeg,1,825
lungn966.jpeg,1,825
lungn973.jpeg,1,809
lungn974.jpeg,1,869
lungn975.jpeg,1,869
lungn977.jpeg,1,798
lungn978.jpeg,1,798
lungn979.jpeg,1,807
lungn98.jpeg,1,905
lungn981.jpeg,1,959
lungn983.jpeg,1,902
lungn984.jpeg,1,791
lungn986.jpeg,1,802
lungn989.jpeg,1,810
lungn99.jpeg,1,947
lungn991.jpeg,1,813
lungn994.jpeg,1,952
lungn997.jpeg,1,922
lungn998.jpeg,1,905
lungscc1.jpeg,2,1202
lungscc1000.jpeg,2,1149
lungscc1001.jpeg,2,1205
lungscc1002.jpeg,2,1072
lungscc1003.jpeg,2,998
lungscc1004.jpeg,2,998
lungscc1005.jpeg,2,1077
lungscc1006.jpeg,2,1077
lungscc1007.jpeg,2,1020
lungscc1008.jpeg,2,1212
lungscc1009.jpeg,2,1084
lungscc101.jpeg,2,1010
lungscc1010.jpeg,2,1186
lungscc1011.jpeg,2,1014
lungscc1012.jpeg,2,1117
lungscc1013.jpeg,2,1047
lungscc1015.jpeg,2,1235
lungscc1016.jpeg,2,1027
lungscc1017.jpeg,2,1010
lungscc1019.jpeg,2,1012
lungscc102.jpeg,2,1193
lungscc1020.jpeg,2,1218
lungscc1022.jpeg,2,1122
lungscc1024.jpeg,2,1089
lungscc1025.jpeg,2,1223
lungscc1028.jpeg,2,1060
lungscc103.jpeg,2,1039
lungscc1032.jpeg,2,1225
lungscc1033.jpeg,2,1097
lungscc1034.jpeg,2,1127
lungscc1035.jpeg,2,1108
lungscc1036.jpeg,2,1183
lungscc1039.jpeg,2,1194
lungscc104.jpeg,2,1064
lungscc1040.jpeg,2,1070
lungscc1042.jpeg,2,1038
lungscc1044.jpeg,2,1203
lungscc1045.jpeg,2,1095
lungscc1046.jpeg,2,1110
lungscc1047.jpeg,2,1031
lungscc1048.jpeg,2,1022
lungscc1049.jpeg,2,1022
lungscc105.jpeg,2,1219
lungscc1051.jpeg,2,1187
lungscc1052.jpeg,2,1056
lungscc1053.jpeg,2,1036
lungscc1054.jpeg,2,1202
lungscc1055.jpeg,2,1116
lungscc1056.jpeg,2,1029
lungscc1059.jpeg,2,1132
lungscc106.jpeg,2,1025
lungscc1060.jpeg,2,1174
lungscc1061.jpeg,2,1192
lungscc1062.jpeg,2,1144
lungscc1063.jpeg,2,1141
lungscc1065.jpeg,2,1020
lungscc107.jpeg,2,1139
lungscc1070.jpeg,2,1014
lungscc1072.jpeg,2,1125
lungscc1073.jpeg,2,1137
lungscc1074.jpeg,2,1073
lungscc1075.jpeg,2,1018
lungscc1076.jpeg,2,1235
lungscc1078.jpeg,2,1159
lungscc1079.jpeg,2,1010
lungscc1080.jpeg,2,1193
lungscc1081.jpeg,2,1143
lungscc1082.jpeg,2,1218
lungscc1083.jpeg,2,1219
lungscc1084.jpeg,2,1237
lungscc1088.jpeg,2,1121
lungscc1090.jpeg,2,1139
lungscc1091.jpeg,2,1080
lungscc1093.jpeg,2,1135
lungscc1095.jpeg,2,1241
lungscc1096.jpeg,2,1026
lungscc1098.jpeg,2,1209
lungscc11.jpeg,2,1090
lungscc110.jpeg,2,1210
lungscc1101.jpeg,2,1216
lungscc1105.jpeg,2,1030
lungscc1106.jpeg,2,1178
lungscc111.jpeg,2,1135
lungscc1111.jpeg,2,1201
lungscc1112.jpeg,2,1041
lungscc1113.jpeg,2,1203
lungscc1114.jpeg,2,999
lungscc1115.jpeg,2,1043
lungscc1116.jpeg,2,1087
lungscc1117.jpeg,2,1042
lungscc1118.jpeg,2,1052
lungscc1119.jpeg,2,1146
lungscc1120.jpeg,2,1242
lungscc1121.jpeg,2,1192
lungscc1122.jpeg,2,1149
lungscc1123.jpeg,2,1072
lungscc1124.jpeg,2,1028
lungscc1125.jpeg,2,1168
lungscc1126.jpeg,2,1123
lungscc1127.jpeg,2,1123
lungscc1129.jpeg,2,1019
lungscc1131.jpeg,2,1114
lungscc1132.jpeg,2,1134
lungscc1133.jpeg,2,1137
lungscc1134.jpeg,2,1137
lungscc1138.jpeg,2,1235
lungscc114.jpeg,2,1155
lungscc1144.jpeg,2,1039
lungscc1145.jpeg,2,1039
lungscc1146.jpeg,2,1083
lungscc1147.jpeg,2,1083
lungscc1148.jpeg,2,1121
lungscc1149.jpeg,2,1139
lungscc115.jpeg,2,1097
lungscc1150.jpeg,2,1182
lungscc1151.jpeg,2,1210
lungscc1152.jpeg,2,1210
lungscc1153.jpeg,2,1008
lungscc1154.jpeg,2,1135
lungscc1155.jpeg,2,1009
lungscc1157.jpeg,2,1225
lungscc1160.jpeg,2,1108
lungscc1161.jpeg,2,1118
lungscc1162.jpeg,2,1172
lungscc1164.jpeg,2,1165
lungscc1165.jpeg,2,1165
lungscc1166.jpeg,2,1094
lungscc1167.jpeg,2,1157
lungscc1169.jpeg,2,999
lungscc117.jpeg,2,1127
lungscc1170.jpeg,2,1095
lungscc1172.jpeg,2,1022
lungscc1174.jpeg,2,1056
lungscc1175.jpeg,2,1166
lungscc1176.jpeg,2,1166
lungscc1177.jpeg,2,1146
lungscc1178.jpeg,2,1105
lungscc1179.jpeg,2,1105
lungscc118.jpeg,2,1120
lungscc1180.jpeg,2,1105
lungscc1181.jpeg,2,1150
lungscc1182.jpeg,2,1006
lungscc1183.jpeg,2,1006
lungscc1184.jpeg,2,1220
lungscc1185.jpeg,2,1049
lungscc1186.jpeg,2,1208
lungscc1187.jpeg,2,1230
lungscc1188.jpeg,2,1192
lungscc119.jpeg,2,1120
lungscc1191.jpeg,2,1141
lungscc1192.jpeg,2,1141
lungscc1193.jpeg,2,1084
lungscc1195.jpeg,2,1134
lungscc1196.jpeg,2,1188
lungscc1197.jpeg,2,1128
lungscc1199.jpeg,2,1137
lungscc12.jpeg,2,1073
lungscc1200.jpeg,2,1073
lungscc1202.jpeg,2,1236
lungscc1203.jpeg,2,1159
lungscc1204.jpeg,2,1076
lungscc1205.jpeg,2,1191
lungscc1206.jpeg,2,1191
lungscc1207.jpeg,2,1223
lungscc1208.jpeg,2,1080
lungscc1209.jpeg,2,1054
lungscc1215.jpeg,2,1097
lungscc1216.jpeg,2,1127
lungscc1217.jpeg,2,1120
lungscc1220.jpeg,2,1183
lungscc1222.jpeg,2,1055
lungscc1223.jpeg,2,1203
lungscc1224.jpeg,2,1203
lungscc1225.jpeg,2,1096
lungscc1226.jpeg,2,1240
lungscc1227.jpeg,2,1087
lungscc1228.jpeg,2,1022
lungscc1229.jpeg,2,1022
lungscc123.jpeg,2,1011
lungscc1230.jpeg,2,1056
lungscc1231.jpeg,2,1116
lungscc1232.jpeg,2,1071
lungscc1234.jpeg,2,1045
lungscc1235.jpeg,2,1208
lungscc1237.jpeg,2,1230
lungscc1238.jpeg,2,1192
lungscc1239.jpeg,2,1197
lungscc124.jpeg,2,1011
lungscc1240.jpeg,2,1205
lungscc1242.jpeg,2,1028
lungscc1243.jpeg,2,1204
lungscc1245.jpeg,2,998
lungscc1246.jpeg,2,1077
lungscc1247.jpeg,2,1232
lungscc1248.jpeg,2,1114
lungscc1249.jpeg,2,1014
lungscc1250.jpeg,2,1188
lungscc1255.jpeg,2,1112
lungscc1256.jpeg,2,1236
lungscc1257.jpeg,2,1143
lungscc1258.jpeg,2,1092
lungscc1259.jpeg,2,1092
lungscc126.jpeg,2,1059
lungscc1262.jpeg,2,1083
lungscc1264.jpeg,2,1081
lungscc1265.jpeg,2,1017
lungscc1267.jpeg,2,1025
lungscc1268.jpeg,2,1131
lungscc1269.jpeg,2,1124
lungscc127.jpeg,2,1178
lungscc1270.jpeg,2,1080
lungscc1271.jpeg,2,1054
lungscc1272.jpeg,2,1228
lungscc1273.jpeg,2,1151
lungscc1275.jpeg,2,1181
lungscc1276.jpeg,2,1120
lungscc1279.jpeg,2,1172
lungscc128.jpeg,2,1070
lungscc1280.jpeg,2,1113
lungscc1281.jpeg,2,1194
lungscc1282.jpeg,2,1030
lungscc1283.jpeg,2,1094
lungscc1284.jpeg,2,1157
lungscc1285.jpeg,2,1038
lungscc1286.jpeg,2,1115
lungscc129.jpeg,2,1157
lungscc1290.jpeg,2,1055
lungscc1291.jpeg,2,1095
lungscc1292.jpeg,2,1240
lungscc1293.jpeg,2,1240
lungscc1294.jpeg,2,1240
lungscc1295.jpeg,2,1034
lungscc1297.jpeg,2,1052
lungscc1298.jpeg,2,1202
lungscc1299.jpeg,2,1146
lungscc13.jpeg,2,1173
lungscc130.jpeg,2,1038
lungscc1300.jpeg,2,1220
lungscc1301.jpeg,2,1049
lungscc1303.jpeg,2,1149
lungscc1304.jpeg,2,1072
lungscc1305.jpeg,2,1168
lungscc1306.jpeg,2,1140
lungscc1308.jpeg,2,1020
lungscc1309.jpeg,2,1212
lungscc1311.jpeg,2,1048
lungscc1318.jpeg,2,1061
lungscc1319.jpeg,2,1064
lungscc132.jpeg,2,1203
lungscc1320.jpeg,2,1218
lungscc1321.jpeg,2,1219
lungscc1322.jpeg,2,1017
lungscc1323.jpeg,2,1122
lungscc1324.jpeg,2,1121
lungscc1326.jpeg,2,1206
lungscc1328.jpeg,2,1135
lungscc133.jpeg,2,1095
lungscc1331.jpeg,2,1151
lungscc1332.jpeg,2,1151
lungscc1333.jpeg,2,1026
lungscc1335.jpeg,2,1097
lungscc1337.jpeg,2,1113
lungscc1341.jpeg,2,1165
lungscc1342.jpeg,2,1038
lungscc1344.jpeg,2,1201
lungscc1345.jpeg,2,1203
lungscc1348.jpeg,2,1043
lungscc1349.jpeg,2,1074
lungscc135.jpeg,2,1096
lungscc1350.jpeg,2,1074
lungscc1351.jpeg,2,1156
lungscc1354.jpeg,2,1217
lungscc1355.jpeg,2,1208
lungscc1356.jpeg,2,1132
lungscc1357.jpeg,2,1197
lungscc1358.jpeg,2,1197
lungscc136.jpeg,2,1096
lungscc1365.jpeg,2,1212
lungscc1367.jpeg,2,1134
lungscc1368.jpeg,2,1243
lungscc137.jpeg,2,1240
lungscc1370.jpeg,2,1047
lungscc1371.jpeg,2,1173
lungscc1375.jpeg,2,1092
lungscc1376.jpeg,2,1133
lungscc1377.jpeg,2,1083
lungscc1378.jpeg,2,1083
lungscc138.jpeg,2,1043
lungscc1380.jpeg,2,1219
lungscc1381.jpeg,2,1122
lungscc1382.jpeg,2,1089
lungscc1384.jpeg,2,1009
lungscc1385.jpeg,2,1151
lungscc1386.jpeg,2,1151
lungscc1388.jpeg,2,1127
lungscc139.jpeg,2,1074
lungscc1391.jpeg,2,1194
lungscc1392.jpeg,2,1059
lungscc1393.jpeg,2,1030
lungscc1394.jpeg,2,1178
lungscc1395.jpeg,2,1157
lungscc1396.jpeg,2,1157
lungscc1397.jpeg,2,1115
lungscc14.jpeg,2,1207
lungscc1401.jpeg,2,1055
lungscc1402.jpeg,2,999
lungscc1404.jpeg,2,1022
lungscc1405.jpeg,2,1145
lungscc1406.jpeg,2,1166
lungscc1407.jpeg,2,1166
lungscc1409.jpeg,2,1146
lungscc141.jpeg,2,1087
lungscc1410.jpeg,2,1105
lungscc1411.jpeg,2,1049
lungscc1412.jpeg,2,1132
lungscc1413.jpeg,2,1174
lungscc1414.jpeg,2,1144
lungscc1415.jpeg,2,1197
lungscc1417.jpeg,2,1214
lungscc1418.jpeg,2,1028
lungscc1419.jpeg,2,1013
lungscc142.jpeg,2,1022
lungscc1420.jpeg,2,1140
lungscc1423.jpeg,2,1179
lungscc1424.jpeg,2,1179
lungscc1426.jpeg,2,1048
lungscc1427.jpeg,2,1232
lungscc1428.jpeg,2,1137
lungscc1429.jpeg,2,1213
lungscc143.jpeg,2,1198
lungscc1430.jpeg,2,1213
lungscc1433.jpeg,2,1010
lungscc1434.jpeg,2,1039
lungscc1437.jpeg,2,1064
lungscc1438.jpeg,2,1133
lungscc1439.jpeg,2,1083
lungscc144.jpeg,2,1021
lungscc1441.jpeg,2,1219
lungscc1442.jpeg,2,1237
lungscc1443.jpeg,2,1025
lungscc1444.jpeg,2,1196
lungscc1445.jpeg,2,1080
lungscc1446.jpeg,2,1080
lungscc1447.jpeg,2,1060
lungscc1449.jpeg,2,1162
lungscc145.jpeg,2,1021
lungscc1450.jpeg,2,1097
lungscc1451.jpeg,2,1209
lungscc1452.jpeg,2,1127
lungscc1455.jpeg,2,1011
lungscc1456.jpeg,2,1059
lungscc1457.jpeg,2,1165
lungscc1458.jpeg,2,1165
lungscc1459.jpeg,2,1178
lungscc146.jpeg,2,1052
lungscc1460.jpeg,2,1038
lungscc1461.jpeg,2,1058
lungscc1462.jpeg,2,999
lungscc1463.jpeg,2,1239
lungscc1464.jpeg,2,1242
lungscc1465.jpeg,2,1217
lungscc1466.jpeg,2,1144
lungscc1467.jpeg,2,1163
lungscc1468.jpeg,2,1214
lungscc1469.jpeg,2,1168
lungscc147.jpeg,2,1116
lungscc1470.jpeg,2,1231
lungscc1471.jpeg,2,1123
lungscc1473.jpeg,2,998
lungscc1474.jpeg,2,998
lungscc1477.jpeg,2,1134
lungscc1478.jpeg,2,1125
lungscc1479.jpeg,2,1090
lungscc148.jpeg,2,1029
lungscc1483.jpeg,2,1235
lungscc1484.jpeg,2,1027
lungscc1485.jpeg,2,1112
lungscc1487.jpeg,2,1092
lungscc1488.jpeg,2,1012
lungscc1489.jpeg,2,1133
lungscc149.jpeg,2,1040
lungscc1490.jpeg,2,1218
lungscc1491.jpeg,2,1017
lungscc1492.jpeg,2,1119
lungscc1493.jpeg,2,1089
lungscc1494.jpeg,2,1089
lungscc1496.jpeg,2,1124
lungscc1497.jpeg,2,1080
lungscc1498.jpeg,2,1206
lungscc150.jpeg,2,1045
lungscc1501.jpeg,2,1155
lungscc1502.jpeg,2,1162
lungscc1504.jpeg,2,1181
lungscc1508.jpeg,2,1011
lungscc1509.jpeg,2,1115
lungscc151.jpeg,2,1006
lungscc1512.jpeg,2,999
lungscc1513.jpeg,2,1095
lungscc1514.jpeg,2,1074
lungscc1517.jpeg,2,1021
lungscc1519.jpeg,2,1132
lungscc152.jpeg,2,1220
lungscc1521.jpeg,2,1230
lungscc1522.jpeg,2,1197
lungscc1523.jpeg,2,1205
lungscc1524.jpeg,2,1231
lungscc1527.jpeg,2,1179
lungscc1528.jpeg,2,998
lungscc1529.jpeg,2,1077
lungscc153.jpeg,2,1205
lungscc1530.jpeg,2,1019
lungscc1532.jpeg,2,1084
lungscc1533.jpeg,2,1176
lungscc1535.jpeg,2,1186
lungscc1536.jpeg,2,1134
lungscc1537.jpeg,2,1117
lungscc1538.jpeg,2,1188
lungscc1539.jpeg,2,1090
lungscc1540.jpeg,2,1018
lungscc1543.jpeg,2,1173
lungscc1545.jpeg,2,1236
lungscc1548.jpeg,2,1143
lungscc1549.jpeg,2,1185
lungscc155.jpeg,2,1163
lungscc1551.jpeg,2,1083
lungscc1552.jpeg,2,1218
lungscc1553.jpeg,2,1081
lungscc1554.jpeg,2,1025
lungscc1555.jpeg,2,1025
lungscc1556.jpeg,2,1119
lungscc1557.jpeg,2,1054
lungscc1558.jpeg,2,1060
lungscc1560.jpeg,2,1155
lungscc1561.jpeg,2,1155
lungscc1563.jpeg,2,1162
lungscc1565.jpeg,2,1209
lungscc1566.jpeg,2,1127
lungscc1567.jpeg,2,1108
lungscc1568.jpeg,2,1113
lungscc1569.jpeg,2,1002
lungscc157.jpeg,2,1231
lungscc1570.jpeg,2,1011
lungscc1571.jpeg,2,1059
lungscc1572.jpeg,2,1059
lungscc1573.jpeg,2,1030
lungscc1574.jpeg,2,1165
lungscc1576.jpeg,2,1038
lungscc158.jpeg,2,1020
lungscc1580.jpeg,2,1055
lungscc1581.jpeg,2,1041
lungscc1583.jpeg,2,999
lungscc1584.jpeg,2,999
lungscc1585.jpeg,2,1043
lungscc1586.jpeg,2,1098
lungscc1587.jpeg,2,1056
lungscc159.jpeg,2,1232
lungscc1591.jpeg,2,1220
lungscc1592.jpeg,2,1001
lungscc1595.jpeg,2,1149
lungscc1598.jpeg,2,1163
lungscc1599.jpeg,2,1168
lungscc160.jpeg,2,1084
lungscc1602.jpeg,2,1101
lungscc1603.jpeg,2,1176
lungscc1607.jpeg,2,1027
lungscc1608.jpeg,2,1112
lungscc1609.jpeg,2,1236
lungscc1610.jpeg,2,1207
lungscc1611.jpeg,2,1012
lungscc1613.jpeg,2,1081
lungscc1614.jpeg,2,1017
lungscc1616.jpeg,2,1124
lungscc1617.jpeg,2,1124
lungscc1618.jpeg,2,1065
lungscc1619.jpeg,2,1206
lungscc162.jpeg,2,1134
lungscc1620.jpeg,2,1210
lungscc1621.jpeg,2,1199
lungscc1622.jpeg,2,1151
lungscc1624.jpeg,2,1127
lungscc1627.jpeg,2,1118
lungscc1628.jpeg,2,1183
lungscc163.jpeg,2,1117
lungscc1633.jpeg,2,1110
lungscc1634.jpeg,2,1110
lungscc1635.jpeg,2,1034
lungscc1636.jpeg,2,1087
lungscc1637.jpeg,2,1031
lungscc1638.jpeg,2,1211
lungscc1639.jpeg,2,1036
lungscc1640.jpeg,2,1036
lungscc1641.jpeg,2,1071
lungscc1642.jpeg,2,1071
lungscc1644.jpeg,2,1105
lungscc1645.jpeg,2,1045
lungscc1646.jpeg,2,1045
lungscc1647.jpeg,2,1132
lungscc1648.jpeg,2,1132
lungscc165.jpeg,2,1243
lungscc1650.jpeg,2,1174
lungscc1651.jpeg,2,1192
lungscc1652.jpeg,2,1149
lungscc1657.jpeg,2,1204
lungscc1658.jpeg,2,1231
lungscc1659.jpeg,2,1179
lungscc166.jpeg,2,1090
lungscc1660.jpeg,2,1212
lungscc1662.jpeg,2,1014
lungscc1663.jpeg,2,1137
lungscc1664.jpeg,2,1047
lungscc1666.jpeg,2,1061
lungscc1667.jpeg,2,1061
lungscc1668.jpeg,2,1236
lungscc1669.jpeg,2,1159
lungscc1670.jpeg,2,1010
lungscc1671.jpeg,2,1207
lungscc1672.jpeg,2,1218
lungscc1673.jpeg,2,1081
lungscc1674.jpeg,2,1237
lungscc1675.jpeg,2,1139
lungscc1676.jpeg,2,1124
lungscc1677.jpeg,2,1065
lungscc1678.jpeg,2,1182
lungscc1679.jpeg,2,1008
lungscc1680.jpeg,2,1060
lungscc1681.jpeg,2,1009
lungscc1682.jpeg,2,1155
lungscc1683.jpeg,2,1241
lungscc1685.jpeg,2,1103
lungscc1686.jpeg,2,1103
lungscc1687.jpeg,2,1118
lungscc1688.jpeg,2,1183
lungscc1690.jpeg,2,1070
lungscc1692.jpeg,2,1157
lungscc1693.jpeg,2,1038
lungscc1694.jpeg,2,1115
lungscc1695.jpeg,2,1041
lungscc1696.jpeg,2,1041
lungscc1699.jpeg,2,999
lungscc170.jpeg,2,1185
lungscc1700.jpeg,2,1110
lungscc1701.jpeg,2,1034
lungscc1702.jpeg,2,1031
lungscc1703.jpeg,2,1088
lungscc1705.jpeg,2,1156
lungscc1706.jpeg,2,1202
lungscc1707.jpeg,2,1116
lungscc1708.jpeg,2,1045
lungscc171.jpeg,2,1012
lungscc1710.jpeg,2,1150
lungscc1711.jpeg,2,1006
lungscc1712.jpeg,2,1217
lungscc1713.jpeg,2,1175
lungscc1717.jpeg,2,1123
lungscc1719.jpeg,2,1084
lungscc172.jpeg,2,1133
lungscc1720.jpeg,2,1101
lungscc1721.jpeg,2,1117
lungscc1722.jpeg,2,1188
lungscc1723.jpeg,2,1188
lungscc1724.jpeg,2,1125
lungscc1725.jpeg,2,1213
lungscc1726.jpeg,2,1090
lungscc1729.jpeg,2,1076
lungscc1730.jpeg,2,1076
lungscc1731.jpeg,2,1092
lungscc1732.jpeg,2,1191
lungscc1733.jpeg,2,1081
lungscc1734.jpeg,2,1081
lungscc1735.jpeg,2,1119
lungscc1737.jpeg,2,1008
lungscc1738.jpeg,2,1199
lungscc1739.jpeg,2,1155
lungscc174.jpeg,2,1081
lungscc1740.jpeg,2,1241
lungscc1741.jpeg,2,1241
lungscc1742.jpeg,2,1026
lungscc1744.jpeg,2,1103
lungscc1747.jpeg,2,1216
lungscc1748.jpeg,2,1172
lungscc175.jpeg,2,1017
lungscc1751.jpeg,2,1194
lungscc1752.jpeg,2,1136
lungscc1753.jpeg,2,1094
lungscc1756.jpeg,2,1095
lungscc1757.jpeg,2,1043
lungscc1758.jpeg,2,1146
lungscc1759.jpeg,2,1045
lungscc176.jpeg,2,1237
lungscc1760.jpeg,2,1150
lungscc1761.jpeg,2,1242
lungscc1763.jpeg,2,1132
lungscc1764.jpeg,2,1163
lungscc1765.jpeg,2,1028
lungscc1766.jpeg,2,1168
lungscc1770.jpeg,2,1179
lungscc1771.jpeg,2,1077
lungscc1774.jpeg,2,1084
lungscc1775.jpeg,2,1186
lungscc1776.jpeg,2,1117
lungscc1777.jpeg,2,1117
lungscc1778.jpeg,2,1188
lungscc178.jpeg,2,1025
lungscc1781.jpeg,2,1047
lungscc1782.jpeg,2,1027
lungscc1783.jpeg,2,1061
lungscc1784.jpeg,2,1143
lungscc1785.jpeg,2,1191
lungscc1786.jpeg,2,1064
lungscc1787.jpeg,2,1133
lungscc1789.jpeg,2,1017
lungscc179.jpeg,2,1119
lungscc1790.jpeg,2,1237
lungscc1791.jpeg,2,1237
lungscc1792.jpeg,2,1237
lungscc1793.jpeg,2,1122
lungscc1794.jpeg,2,1227
lungscc1795.jpeg,2,1227
lungscc180.jpeg,2,1223
lungscc1801.jpeg,2,1151
lungscc1803.jpeg,2,1097
lungscc1807.jpeg,2,1108
lungscc181.jpeg,2,1080
lungscc1810.jpeg,2,1002
lungscc1811.jpeg,2,1011
lungscc1812.jpeg,2,1136
lungscc1813.jpeg,2,1070
lungscc1814.jpeg,2,1038
lungscc1815.jpeg,2,1115
lungscc1818.jpeg,2,1034
lungscc1819.jpeg,2,1021
lungscc182.jpeg,2,1008
lungscc1820.jpeg,2,1145
lungscc1821.jpeg,2,1056
lungscc1823.jpeg,2,1245
lungscc1824.jpeg,2,1105
lungscc1825.jpeg,2,1001
lungscc1826.jpeg,2,1049
lungscc1828.jpeg,2,1132
lungscc183.jpeg,2,1060
lungscc1830.jpeg,2,1175
lungscc1831.jpeg,2,1175
lungscc1832.jpeg,2,1205
lungscc1833.jpeg,2,1072
lungscc1834.jpeg,2,1214
lungscc1835.jpeg,2,1140
lungscc1836.jpeg,2,1231
lungscc1838.jpeg,2,1179
lungscc1839.jpeg,2,1212
lungscc184.jpeg,2,1009
lungscc1840.jpeg,2,1048
lungscc1841.jpeg,2,1101
lungscc1842.jpeg,2,1101
lungscc1845.jpeg,2,1137
lungscc1846.jpeg,2,1213
lungscc1849.jpeg,2,1173
lungscc1850.jpeg,2,1027
lungscc1852.jpeg,2,1010
lungscc1853.jpeg,2,1191
lungscc1856.jpeg,2,1121
lungscc1857.jpeg,2,1121
lungscc1859.jpeg,2,1089
lungscc1860.jpeg,2,1139
lungscc1862.jpeg,2,1054
lungscc1863.jpeg,2,1008
lungscc1864.jpeg,2,1135
lungscc1865.jpeg,2,1009
lungscc1868.jpeg,2,1097
lungscc1869.jpeg,2,1127
lungscc1873.jpeg,2,1136
lungscc1874.jpeg,2,1070
lungscc1875.jpeg,2,1070
lungscc1879.jpeg,2,1098
lungscc188.jpeg,2,1127
lungscc1882.jpeg,2,1036
lungscc1883.jpeg,2,1036
lungscc1884.jpeg,2,1202
lungscc1885.jpeg,2,1116
lungscc1886.jpeg,2,1029
lungscc1887.jpeg,2,1071
lungscc1888.jpeg,2,1040
lungscc1889.jpeg,2,1150
lungscc1890.jpeg,2,1217
lungscc1891.jpeg,2,1208
lungscc1894.jpeg,2,1197
lungscc1895.jpeg,2,1072
lungscc1896.jpeg,2,1163
lungscc1897.jpeg,2,1231
lungscc1899.jpeg,2,1179
lungscc19.jpeg,2,1031
lungscc1900.jpeg,2,1077
lungscc1901.jpeg,2,1020
lungscc1904.jpeg,2,1114
lungscc1907.jpeg,2,1134
lungscc1908.jpeg,2,1014
lungscc1909.jpeg,2,1137
lungscc191.jpeg,2,1183
lungscc1910.jpeg,2,1137
lungscc1911.jpeg,2,1018
lungscc1912.jpeg,2,1047
lungscc1915.jpeg,2,1159
lungscc1916.jpeg,2,1159
lungscc1917.jpeg,2,1039
lungscc1918.jpeg,2,1076
lungscc1919.jpeg,2,1196
lungscc1920.jpeg,2,1065
lungscc1921.jpeg,2,1080
lungscc1923.jpeg,2,1210
lungscc1925.jpeg,2,1151
lungscc1928.jpeg,2,1097
lungscc1929.jpeg,2,1097
lungscc193.jpeg,2,1165
lungscc1930.jpeg,2,1209
lungscc1932.jpeg,2,1103
lungscc1935.jpeg,2,1011
lungscc1937.jpeg,2,1115
lungscc1939.jpeg,2,1055
lungscc194.jpeg,2,1094
lungscc1941.jpeg,2,1096
lungscc1942.jpeg,2,1043
lungscc1943.jpeg,2,1034
lungscc1944.jpeg,2,1031
lungscc1946.jpeg,2,1145
lungscc1947.jpeg,2,1245
lungscc1948.jpeg,2,1116
lungscc1949.jpeg,2,1116
lungscc1950.jpeg,2,1150
lungscc1951.jpeg,2,1006
lungscc1952.jpeg,2,1208
lungscc1953.jpeg,2,1132
lungscc1958.jpeg,2,1168
lungscc196.jpeg,2,1055
lungscc1960.jpeg,2,1140
lungscc1961.jpeg,2,1140
lungscc1962.jpeg,2,1231
lungscc1963.jpeg,2,1123
lungscc1964.jpeg,2,1212
lungscc1965.jpeg,2,1212
lungscc1966.jpeg,2,1232
lungscc1967.jpeg,2,1176
lungscc1968.jpeg,2,1176
lungscc1969.jpeg,2,1014
lungscc197.jpeg,2,1041
lungscc1970.jpeg,2,1137
lungscc1971.jpeg,2,1104
lungscc1972.jpeg,2,1173
lungscc1973.jpeg,2,1236
lungscc1974.jpeg,2,1236
lungscc1975.jpeg,2,1039
lungscc1978.jpeg,2,1133
lungscc198.jpeg,2,999
lungscc1981.jpeg,2,1124
lungscc1983.jpeg,2,1210
lungscc1986.jpeg,2,1155
lungscc1987.jpeg,2,1151
lungscc1988.jpeg,2,1151
lungscc1993.jpeg,2,1059
lungscc1995.jpeg,2,1058
lungscc1996.jpeg,2,1201
lungscc1998.jpeg,2,1022
lungscc1999.jpeg,2,1042
lungscc2.jpeg,2,1116
lungscc20.jpeg,2,1088
lungscc200.jpeg,2,1074
lungscc2000.jpeg,2,1187
lungscc2002.jpeg,2,1040
lungscc2003.jpeg,2,1045
lungscc2004.jpeg,2,1006
lungscc2005.jpeg,2,1217
lungscc2006.jpeg,2,1220
lungscc2007.jpeg,2,1049
lungscc2008.jpeg,2,1208
lungscc2009.jpeg,2,1205
lungscc2010.jpeg,2,1205
lungscc2011.jpeg,2,1163
lungscc2012.jpeg,2,1028
lungscc2013.jpeg,2,1140
lungscc2014.jpeg,2,1141
lungscc2016.jpeg,2,1123
lungscc202.jpeg,2,1098
lungscc2020.jpeg,2,1232
lungscc2021.jpeg,2,1186
lungscc2022.jpeg,2,1014
lungscc2024.jpeg,2,1213
lungscc2026.jpeg,2,1112
lungscc2027.jpeg,2,1159
lungscc2028.jpeg,2,1076
lungscc2029.jpeg,2,1143
lungscc203.jpeg,2,1156
lungscc2030.jpeg,2,1143
lungscc2031.jpeg,2,1143
lungscc2033.jpeg,2,1064
lungscc2034.jpeg,2,1133
lungscc2035.jpeg,2,1124
lungscc2036.jpeg,2,1054
lungscc2037.jpeg,2,1008
lungscc2038.jpeg,2,1008
lungscc2039.jpeg,2,1228
lungscc204.jpeg,2,1021
lungscc2041.jpeg,2,1097
lungscc2042.jpeg,2,1097
lungscc2047.jpeg,2,1030
lungscc2048.jpeg,2,1070
lungscc205.jpeg,2,1021
lungscc2051.jpeg,2,1058
lungscc2052.jpeg,2,1201
lungscc2054.jpeg,2,999
lungscc2055.jpeg,2,1095
lungscc2056.jpeg,2,1087
lungscc2057.jpeg,2,1031
lungscc2058.jpeg,2,1198
lungscc2059.jpeg,2,1021
lungscc2060.jpeg,2,1187
lungscc2062.jpeg,2,1208
lungscc2064.jpeg,2,1230
lungscc2065.jpeg,2,1175
lungscc2066.jpeg,2,1149
lungscc207.jpeg,2,1245
lungscc2070.jpeg,2,1123
lungscc2076.jpeg,2,1020
lungscc2077.jpeg,2,1232
lungscc208.jpeg,2,1220
lungscc2081.jpeg,2,1134
lungscc2082.jpeg,2,1188
lungscc2083.jpeg,2,1125
lungscc2085.jpeg,2,1104
lungscc2086.jpeg,2,1090
lungscc2088.jpeg,2,1173
lungscc2090.jpeg,2,1039
lungscc2091.jpeg,2,1039
lungscc2092.jpeg,2,1064
lungscc2093.jpeg,2,1083
lungscc2094.jpeg,2,1237
lungscc2096.jpeg,2,1089
lungscc2097.jpeg,2,1223
lungscc21.jpeg,2,1021
lungscc2104.jpeg,2,1113
lungscc2105.jpeg,2,1002
lungscc2106.jpeg,2,1194
lungscc2107.jpeg,2,1194
lungscc2108.jpeg,2,1178
lungscc2109.jpeg,2,1094
lungscc211.jpeg,2,1144
lungscc2110.jpeg,2,1038
lungscc2111.jpeg,2,999
lungscc2115.jpeg,2,1043
lungscc2117.jpeg,2,1087
lungscc2118.jpeg,2,1022
lungscc2119.jpeg,2,1211
lungscc212.jpeg,2,1205
lungscc2120.jpeg,2,1056
lungscc2123.jpeg,2,1208
lungscc2124.jpeg,2,1144
lungscc2127.jpeg,2,1163
lungscc2129.jpeg,2,1168
lungscc213.jpeg,2,1163
lungscc2130.jpeg,2,1141
lungscc2134.jpeg,2,1048
lungscc2135.jpeg,2,1101
lungscc2137.jpeg,2,1114
lungscc2139.jpeg,2,1047
lungscc214.jpeg,2,1013
lungscc2140.jpeg,2,1235
lungscc2141.jpeg,2,1010
lungscc2142.jpeg,2,1193
lungscc2143.jpeg,2,1064
lungscc2144.jpeg,2,1012
lungscc2146.jpeg,2,1089
lungscc2147.jpeg,2,1131
lungscc2149.jpeg,2,1060
lungscc215.jpeg,2,1141
lungscc2153.jpeg,2,1155
lungscc2157.jpeg,2,1225
lungscc2159.jpeg,2,1209
lungscc216.jpeg,2,1158
lungscc2160.jpeg,2,1127
lungscc2162.jpeg,2,1108
lungscc2163.jpeg,2,1118
lungscc2164.jpeg,2,1118
lungscc2165.jpeg,2,1216
lungscc2166.jpeg,2,1002
lungscc2168.jpeg,2,1070
lungscc2169.jpeg,2,1070
lungscc217.jpeg,2,1158
lungscc2170.jpeg,2,1157
lungscc2172.jpeg,2,1115
lungscc2175.jpeg,2,1201
lungscc2176.jpeg,2,1095
lungscc2177.jpeg,2,1074
lungscc218.jpeg,2,1048
lungscc2181.jpeg,2,1022
lungscc2182.jpeg,2,1042
lungscc2183.jpeg,2,1021
lungscc2184.jpeg,2,1056
lungscc2185.jpeg,2,1239
lungscc2186.jpeg,2,1174
lungscc2187.jpeg,2,1192
lungscc2188.jpeg,2,1149
lungscc2189.jpeg,2,1072
lungscc219.jpeg,2,1048
lungscc2192.jpeg,2,998
lungscc2193.jpeg,2,1019
lungscc2196.jpeg,2,1048
lungscc2197.jpeg,2,1048
lungscc2198.jpeg,2,1048
lungscc2199.jpeg,2,1176
lungscc22.jpeg,2,1021
lungscc2200.jpeg,2,1114
lungscc2201.jpeg,2,1134
lungscc2202.jpeg,2,1117
lungscc2203.jpeg,2,1188
lungscc2204.jpeg,2,1188
lungscc2205.jpeg,2,1243
lungscc2207.jpeg,2,1213
lungscc221.jpeg,2,1243
lungscc2211.jpeg,2,1027
lungscc2212.jpeg,2,1061
lungscc2213.jpeg,2,1061
lungscc2214.jpeg,2,1236
lungscc2215.jpeg,2,1236
lungscc2216.jpeg,2,1159
lungscc2217.jpeg,2,1193
lungscc2218.jpeg,2,1154
lungscc2219.jpeg,2,1092
lungscc2220.jpeg,2,1191
lungscc2221.jpeg,2,1207
lungscc2224.jpeg,2,1081
lungscc2225.jpeg,2,1025
lungscc2226.jpeg,2,1121
lungscc2227.jpeg,2,1139
lungscc2228.jpeg,2,1210
lungscc223.jpeg,2,1090
lungscc2230.jpeg,2,1026
lungscc2233.jpeg,2,1011
lungscc2234.jpeg,2,1059
lungscc2235.jpeg,2,1038
lungscc2236.jpeg,2,1115
lungscc2238.jpeg,2,1203
lungscc2239.jpeg,2,1074
lungscc224.jpeg,2,1235
lungscc2240.jpeg,2,1198
lungscc2241.jpeg,2,1056
lungscc2242.jpeg,2,1056
lungscc2243.jpeg,2,1052
lungscc2244.jpeg,2,1052
lungscc2245.jpeg,2,1202
lungscc2246.jpeg,2,1029
lungscc2248.jpeg,2,1040
lungscc2249.jpeg,2,1049
lungscc225.jpeg,2,1027
lungscc2250.jpeg,2,1174
lungscc2251.jpeg,2,1175
lungscc2252.jpeg,2,1175
lungscc2253.jpeg,2,1205
lungscc2255.jpeg,2,1013
lungscc2256.jpeg,2,1204
lungscc226.jpeg,2,1027
lungscc2261.jpeg,2,1117
lungscc2263.jpeg,2,1018
lungscc2264.jpeg,2,1235
lungscc2265.jpeg,2,1027
lungscc2266.jpeg,2,1039
lungscc2267.jpeg,2,1092
lungscc2269.jpeg,2,1012
lungscc2271.jpeg,2,1124
lungscc2272.jpeg,2,1065
lungscc2273.jpeg,2,1080
lungscc2275.jpeg,2,1054
lungscc2276.jpeg,2,1008
lungscc2278.jpeg,2,1009
lungscc228.jpeg,2,1154
lungscc2280.jpeg,2,1155
lungscc2282.jpeg,2,1120
lungscc2285.jpeg,2,1216
lungscc2287.jpeg,2,1059
lungscc2288.jpeg,2,1178
lungscc229.jpeg,2,1154
lungscc2291.jpeg,2,1074
lungscc2293.jpeg,2,1034
lungscc2294.jpeg,2,1087
lungscc2295.jpeg,2,1088
lungscc2296.jpeg,2,1187
lungscc2297.jpeg,2,1056
lungscc2299.jpeg,2,1217
lungscc23.jpeg,2,1211
lungscc230.jpeg,2,1154
lungscc2302.jpeg,2,1174
lungscc2303.jpeg,2,1144
lungscc2304.jpeg,2,1144
lungscc2305.jpeg,2,1205
lungscc2306.jpeg,2,1072
lungscc2307.jpeg,2,1214
lungscc2309.jpeg,2,1123
lungscc231.jpeg,2,1143
lungscc2310.jpeg,2,1077
lungscc2311.jpeg,2,1176
lungscc2312.jpeg,2,1014
lungscc2313.jpeg,2,1014
lungscc2316.jpeg,2,1173
lungscc2319.jpeg,2,1236
lungscc2320.jpeg,2,1159
lungscc2321.jpeg,2,1092
lungscc2322.jpeg,2,1191
lungscc2323.jpeg,2,1185
lungscc2324.jpeg,2,1237
lungscc2327.jpeg,2,1124
lungscc2329.jpeg,2,1210
lungscc2330.jpeg,2,1009
lungscc2334.jpeg,2,1151
lungscc2335.jpeg,2,1151
lungscc2336.jpeg,2,1162
lungscc2337.jpeg,2,1026
lungscc2338.jpeg,2,1097
lungscc2339.jpeg,2,1127
lungscc234.jpeg,2,1064
lungscc2340.jpeg,2,1127
lungscc2342.jpeg,2,1108
lungscc2343.jpeg,2,1103
lungscc2344.jpeg,2,1103
lungscc2345.jpeg,2,1216
lungscc2346.jpeg,2,1183
lungscc2349.jpeg,2,1178
lungscc235.jpeg,2,1207
lungscc2350.jpeg,2,1070
lungscc2354.jpeg,2,1041
lungscc2356.jpeg,2,1240
lungscc2357.jpeg,2,1043
lungscc2358.jpeg,2,1156
lungscc236.jpeg,2,1237
lungscc2360.jpeg,2,1145
lungscc2361.jpeg,2,1071
lungscc2363.jpeg,2,1105
lungscc2364.jpeg,2,1239
lungscc2365.jpeg,2,1150
lungscc2368.jpeg,2,1140
lungscc2370.jpeg,2,1158
lungscc2371.jpeg,2,998
lungscc2372.jpeg,2,1077
lungscc2373.jpeg,2,1020
lungscc2374.jpeg,2,1232
lungscc2375.jpeg,2,1188
lungscc2376.jpeg,2,1104
lungscc2377.jpeg,2,1090
lungscc2378.jpeg,2,1018
lungscc2379.jpeg,2,1235
lungscc238.jpeg,2,1122
lungscc2380.jpeg,2,1076
lungscc2382.jpeg,2,1185
lungscc2383.jpeg,2,1207
lungscc2384.jpeg,2,1081
lungscc2385.jpeg,2,1219
lungscc2387.jpeg,2,1139
lungscc2388.jpeg,2,1139
lungscc2389.jpeg,2,1139
lungscc239.jpeg,2,1196
lungscc2390.jpeg,2,1227
lungscc2391.jpeg,2,1065
lungscc2392.jpeg,2,1008
lungscc2393.jpeg,2,1199
lungscc2395.jpeg,2,1155
lungscc2398.jpeg,2,1127
lungscc2400.jpeg,2,1165
lungscc2401.jpeg,2,1094
lungscc2402.jpeg,2,1115
lungscc2406.jpeg,2,1058
lungscc2409.jpeg,2,1203
lungscc2410.jpeg,2,999
lungscc2411.jpeg,2,1095
lungscc2412.jpeg,2,1096
lungscc2414.jpeg,2,1034
lungscc2415.jpeg,2,1021
lungscc2416.jpeg,2,1202
lungscc2418.jpeg,2,1029
lungscc242.jpeg,2,1206
lungscc2420.jpeg,2,1150
lungscc2421.jpeg,2,1174
lungscc2422.jpeg,2,1175
lungscc2423.jpeg,2,1197
lungscc2424.jpeg,2,1072
lungscc2427.jpeg,2,1019
lungscc2428.jpeg,2,1020
lungscc2429.jpeg,2,1020
lungscc243.jpeg,2,1210
lungscc2430.jpeg,2,1048
lungscc2431.jpeg,2,1176
lungscc2434.jpeg,2,1014
lungscc2435.jpeg,2,1125
lungscc2436.jpeg,2,1125
lungscc2437.jpeg,2,1128
lungscc2438.jpeg,2,1104
lungscc2439.jpeg,2,1213
lungscc244.jpeg,2,1135
lungscc2440.jpeg,2,1090
lungscc2442.jpeg,2,1018
lungscc2444.jpeg,2,1159
lungscc2445.jpeg,2,1193
lungscc2446.jpeg,2,1143
lungscc2447.jpeg,2,1092
lungscc2448.jpeg,2,1092
lungscc2449.jpeg,2,1092
lungscc245.jpeg,2,1135
lungscc2450.jpeg,2,1064
lungscc2453.jpeg,2,1122
lungscc2454.jpeg,2,1119
lungscc2455.jpeg,2,1223
lungscc2456.jpeg,2,1124
lungscc246.jpeg,2,1026
lungscc2463.jpeg,2,1103
lungscc2464.jpeg,2,1136
lungscc2465.jpeg,2,1136
lungscc2466.jpeg,2,1157
lungscc2467.jpeg,2,1041
lungscc2468.jpeg,2,1041
lungscc2469.jpeg,2,1240
lungscc2470.jpeg,2,1110
lungscc2471.jpeg,2,1034
lungscc2472.jpeg,2,1098
lungscc2473.jpeg,2,1031
lungscc2475.jpeg,2,1166
lungscc2477.jpeg,2,1242
lungscc2478.jpeg,2,1220
lungscc248.jpeg,2,1108
lungscc2480.jpeg,2,1230
lungscc2481.jpeg,2,1197
lungscc2482.jpeg,2,1205
lungscc2483.jpeg,2,1205
lungscc2484.jpeg,2,1072
lungscc2488.jpeg,2,1123
lungscc2489.jpeg,2,1179
lungscc2490.jpeg,2,1212
lungscc2494.jpeg,2,1134
lungscc2495.jpeg,2,1117
lungscc2497.jpeg,2,1213
lungscc2499.jpeg,2,1018
lungscc250.jpeg,2,1157
lungscc2501.jpeg,2,1027
lungscc2502.jpeg,2,1027
lungscc2504.jpeg,2,1193
lungscc2505.jpeg,2,1039
lungscc2506.jpeg,2,1154
lungscc2507.jpeg,2,1154
lungscc2509.jpeg,2,1012
lungscc251.jpeg,2,1038
lungscc2511.jpeg,2,1119
lungscc2512.jpeg,2,1223
lungscc2513.jpeg,2,1065
lungscc2516.jpeg,2,1054
lungscc2517.jpeg,2,1228
lungscc2518.jpeg,2,1135
lungscc2519.jpeg,2,1199
lungscc2521.jpeg,2,1162
lungscc2523.jpeg,2,1108
lungscc2525.jpeg,2,1172
lungscc2528.jpeg,2,1094
lungscc2531.jpeg,2,1201
lungscc2532.jpeg,2,1095
lungscc2536.jpeg,2,1198
lungscc2537.jpeg,2,1198
lungscc2538.jpeg,2,1187
lungscc2539.jpeg,2,1036
lungscc254.jpeg,2,1087
lungscc2540.jpeg,2,1116
lungscc2541.jpeg,2,1146
lungscc2542.jpeg,2,1045
lungscc2543.jpeg,2,1006
lungscc2544.jpeg,2,1001
lungscc2545.jpeg,2,1174
lungscc2546.jpeg,2,1192
lungscc2548.jpeg,2,1163
lungscc2549.jpeg,2,1231
lungscc2550.jpeg,2,1158
lungscc2552.jpeg,2,998
lungscc2553.jpeg,2,1019
lungscc2555.jpeg,2,1101
lungscc2557.jpeg,2,1125
lungscc2558.jpeg,2,1125
lungscc2559.jpeg,2,1213
lungscc256.jpeg,2,1056
lungscc2560.jpeg,2,1090
lungscc2562.jpeg,2,1236
lungscc2563.jpeg,2,1159
lungscc2564.jpeg,2,1193
lungscc2565.jpeg,2,1193
lungscc2566.jpeg,2,1076
lungscc2568.jpeg,2,1133
lungscc2569.jpeg,2,1083
lungscc257.jpeg,2,1166
lungscc2570.jpeg,2,1218
lungscc2571.jpeg,2,1218
lungscc2572.jpeg,2,1131
lungscc2573.jpeg,2,1131
lungscc2576.jpeg,2,1182
lungscc2577.jpeg,2,1182
lungscc258.jpeg,2,1029
lungscc2581.jpeg,2,1026
lungscc2582.jpeg,2,1181
lungscc2584.jpeg,2,1120
lungscc2585.jpeg,2,1120
lungscc2587.jpeg,2,1194
lungscc2588.jpeg,2,1165
lungscc2589.jpeg,2,1094
lungscc259.jpeg,2,1105
lungscc2590.jpeg,2,1115
lungscc2591.jpeg,2,1115
lungscc2593.jpeg,2,1201
lungscc2594.jpeg,2,1055
lungscc2595.jpeg,2,1041
lungscc2597.jpeg,2,1087
lungscc2598.jpeg,2,1145
lungscc2599.jpeg,2,1036
lungscc26.jpeg,2,1056
lungscc260.jpeg,2,1239
lungscc2601.jpeg,2,1049
lungscc2602.jpeg,2,1208
lungscc2603.jpeg,2,1192
lungscc2604.jpeg,2,1175
lungscc2605.jpeg,2,1072
lungscc2607.jpeg,2,1163
lungscc2608.jpeg,2,1214
lungscc2609.jpeg,2,1028
lungscc261.jpeg,2,1045
lungscc2610.jpeg,2,1140
lungscc2612.jpeg,2,1231
lungscc2613.jpeg,2,1123
lungscc2616.jpeg,2,1176
lungscc2618.jpeg,2,1186
lungscc2619.jpeg,2,1186
lungscc2620.jpeg,2,1134
lungscc2622.jpeg,2,1061
lungscc2625.jpeg,2,1185
lungscc2626.jpeg,2,1017
lungscc2627.jpeg,2,1237
lungscc2629.jpeg,2,1121
lungscc263.jpeg,2,1001
lungscc2630.jpeg,2,1121
lungscc2631.jpeg,2,1121
lungscc2633.jpeg,2,1119
lungscc2634.jpeg,2,1089
lungscc2635.jpeg,2,1089
lungscc2638.jpeg,2,1135
lungscc2639.jpeg,2,1135
lungscc264.jpeg,2,1132
lungscc2640.jpeg,2,1151
lungscc2642.jpeg,2,1162
lungscc2645.jpeg,2,1127
lungscc2646.jpeg,2,1120
lungscc265.jpeg,2,1230
lungscc2650.jpeg,2,1194
lungscc2651.jpeg,2,1194
lungscc2653.jpeg,2,1165
lungscc2654.jpeg,2,1094
lungscc2655.jpeg,2,1157
lungscc2656.jpeg,2,1058
lungscc2657.jpeg,2,1058
lungscc2659.jpeg,2,1201
lungscc266.jpeg,2,1149
lungscc2660.jpeg,2,1055
lungscc2662.jpeg,2,1087
lungscc2663.jpeg,2,1031
lungscc2664.jpeg,2,1088
lungscc2665.jpeg,2,1021
lungscc2666.jpeg,2,1187
lungscc2667.jpeg,2,1036
lungscc2668.jpeg,2,1036
lungscc2669.jpeg,2,1029
lungscc267.jpeg,2,1149
lungscc2670.jpeg,2,1105
lungscc2671.jpeg,2,1045
lungscc2672.jpeg,2,1001
lungscc2673.jpeg,2,1049
lungscc2674.jpeg,2,1149
lungscc2675.jpeg,2,1197
lungscc2676.jpeg,2,1205
lungscc2677.jpeg,2,1028
lungscc2679.jpeg,2,1013
lungscc268.jpeg,2,1168
lungscc2680.jpeg,2,1140
lungscc2681.jpeg,2,1141
lungscc2682.jpeg,2,1158
lungscc2683.jpeg,2,998
lungscc2684.jpeg,2,998
lungscc2685.jpeg,2,1077
lungscc2686.jpeg,2,1084
lungscc2687.jpeg,2,1101
lungscc2688.jpeg,2,1186
lungscc2689.jpeg,2,1014
lungscc269.jpeg,2,1013
lungscc2691.jpeg,2,1104
lungscc2693.jpeg,2,1018
lungscc2696.jpeg,2,1218
lungscc2697.jpeg,2,1218
lungscc2698.jpeg,2,1237
lungscc27.jpeg,2,1052
lungscc2702.jpeg,2,1181
lungscc2705.jpeg,2,1118
lungscc2706.jpeg,2,1002
lungscc2708.jpeg,2,1059
lungscc2709.jpeg,2,1059
lungscc2710.jpeg,2,1136
lungscc2711.jpeg,2,1136
lungscc2713.jpeg,2,1178
lungscc2714.jpeg,2,1178
lungscc2715.jpeg,2,1094
lungscc2716.jpeg,2,1038
lungscc272.jpeg,2,1158
lungscc2720.jpeg,2,1201
lungscc2721.jpeg,2,1074
lungscc2722.jpeg,2,1034
lungscc2723.jpeg,2,1098
lungscc2724.jpeg,2,1088
lungscc2725.jpeg,2,1088
lungscc2727.jpeg,2,1156
lungscc2728.jpeg,2,1021
lungscc2729.jpeg,2,1145
lungscc2730.jpeg,2,1036
lungscc2731.jpeg,2,1146
lungscc2732.jpeg,2,1242
lungscc2733.jpeg,2,1001
lungscc2734.jpeg,2,1175
lungscc2735.jpeg,2,1144
lungscc2739.jpeg,2,1212
lungscc274.jpeg,2,1077
lungscc2740.jpeg,2,1232
lungscc2741.jpeg,2,1101
lungscc2742.jpeg,2,1014
lungscc2743.jpeg,2,1137
lungscc2744.jpeg,2,1104
lungscc2745.jpeg,2,1104
lungscc2747.jpeg,2,1092
lungscc2749.jpeg,2,1185
lungscc275.jpeg,2,1077
lungscc2750.jpeg,2,1012
lungscc2753.jpeg,2,1121
lungscc2754.jpeg,2,1121
lungscc2755.jpeg,2,1196
lungscc2756.jpeg,2,1131
lungscc2757.jpeg,2,1080
lungscc2759.jpeg,2,1206
lungscc276.jpeg,2,1077
lungscc2760.jpeg,2,1054
lungscc2765.jpeg,2,1002
lungscc2766.jpeg,2,1002
lungscc2767.jpeg,2,1194
lungscc2768.jpeg,2,1059
lungscc277.jpeg,2,1048
lungscc2770.jpeg,2,1038
lungscc2771.jpeg,2,1201
lungscc2772.jpeg,2,1055
lungscc2773.jpeg,2,1098
lungscc2774.jpeg,2,1087
lungscc2775.jpeg,2,1042
lungscc2778.jpeg,2,1040
lungscc2779.jpeg,2,1239
lungscc278.jpeg,2,1101
lungscc2781.jpeg,2,1174
lungscc2782.jpeg,2,1174
lungscc2783.jpeg,2,1149
lungscc2784.jpeg,2,1149
lungscc2785.jpeg,2,1072
lungscc2787.jpeg,2,1163
lungscc279.jpeg,2,1117
lungscc2790.jpeg,2,1123
lungscc2791.jpeg,2,1176
lungscc2792.jpeg,2,1186
lungscc2793.jpeg,2,1014
lungscc2794.jpeg,2,1117
lungscc2795.jpeg,2,1117
lungscc2796.jpeg,2,1128
lungscc2798.jpeg,2,1137
lungscc2799.jpeg,2,1137
lungscc28.jpeg,2,1116
lungscc280.jpeg,2,1188
lungscc2800.jpeg,2,1047
lungscc2801.jpeg,2,1173
lungscc2804.jpeg,2,1027
lungscc2807.jpeg,2,1064
lungscc2808.jpeg,2,1196
lungscc2809.jpeg,2,1119
lungscc2811.jpeg,2,1182
lungscc2812.jpeg,2,1060
lungscc2813.jpeg,2,1060
lungscc2814.jpeg,2,1009
lungscc2818.jpeg,2,1151
lungscc2819.jpeg,2,1108
lungscc2820.jpeg,2,1172
lungscc2821.jpeg,2,1113
lungscc2822.jpeg,2,1183
lungscc2823.jpeg,2,1011
lungscc2824.jpeg,2,1194
lungscc2825.jpeg,2,1059
lungscc2827.jpeg,2,1055
lungscc2828.jpeg,2,1095
lungscc2829.jpeg,2,1240
lungscc2830.jpeg,2,1043
lungscc2831.jpeg,2,1110
lungscc2833.jpeg,2,1087
lungscc2834.jpeg,2,1198
lungscc2835.jpeg,2,1211
lungscc2836.jpeg,2,1187
lungscc2837.jpeg,2,1166
lungscc2838.jpeg,2,1045
lungscc2839.jpeg,2,1150
lungscc2840.jpeg,2,1049
lungscc2842.jpeg,2,1205
lungscc2844.jpeg,2,1077
lungscc2845.jpeg,2,1212
lungscc2847.jpeg,2,1101
lungscc2848.jpeg,2,1186
lungscc2852.jpeg,2,1213
lungscc2853.jpeg,2,1047
lungscc2854.jpeg,2,1235
lungscc2857.jpeg,2,1193
lungscc2858.jpeg,2,1076
lungscc2859.jpeg,2,1191
lungscc2860.jpeg,2,1191
lungscc2861.jpeg,2,1207
lungscc2862.jpeg,2,1207
lungscc2863.jpeg,2,1017
lungscc2864.jpeg,2,1017
lungscc2865.jpeg,2,1017
lungscc2866.jpeg,2,1237
lungscc2867.jpeg,2,1025
lungscc2868.jpeg,2,1223
lungscc287.jpeg,2,1027
lungscc2870.jpeg,2,1182
lungscc2871.jpeg,2,1210
lungscc2875.jpeg,2,1241
lungscc2877.jpeg,2,1026
lungscc288.jpeg,2,1010
lungscc2883.jpeg,2,1059
lungscc2885.jpeg,2,1070
lungscc2887.jpeg,2,1201
lungscc2888.jpeg,2,1096
lungscc2889.jpeg,2,1110
lungscc289.jpeg,2,1010
lungscc2890.jpeg,2,1110
lungscc2893.jpeg,2,1022
lungscc2894.jpeg,2,1022
lungscc2895.jpeg,2,1202
lungscc2898.jpeg,2,1217
lungscc2899.jpeg,2,1220
lungscc29.jpeg,2,1146
lungscc290.jpeg,2,1154
lungscc2900.jpeg,2,1049
lungscc2902.jpeg,2,1132
lungscc2903.jpeg,2,1174
lungscc2904.jpeg,2,1174
lungscc2905.jpeg,2,1230
lungscc2906.jpeg,2,1192
lungscc2907.jpeg,2,1072
lungscc2912.jpeg,2,1101
lungscc2914.jpeg,2,1114
lungscc2915.jpeg,2,1134
lungscc2916.jpeg,2,1014
lungscc2917.jpeg,2,1117
lungscc2918.jpeg,2,1188
lungscc2919.jpeg,2,1125
lungscc292.jpeg,2,1083
lungscc2920.jpeg,2,1125
lungscc2927.jpeg,2,1159
lungscc2928.jpeg,2,1039
lungscc2929.jpeg,2,1092
lungscc293.jpeg,2,1122
lungscc2931.jpeg,2,1223
lungscc2933.jpeg,2,1210
lungscc2936.jpeg,2,1127
lungscc2937.jpeg,2,1103
lungscc2939.jpeg,2,1002
lungscc2942.jpeg,2,1011
lungscc2943.jpeg,2,1136
lungscc2944.jpeg,2,1094
lungscc2946.jpeg,2,1201
lungscc2947.jpeg,2,1096
lungscc2948.jpeg,2,1240
lungscc295.jpeg,2,1131
lungscc2951.jpeg,2,1098
lungscc2953.jpeg,2,1211
lungscc2954.jpeg,2,1040
lungscc2955.jpeg,2,1105
lungscc2957.jpeg,2,1239
lungscc2959.jpeg,2,1001
lungscc2960.jpeg,2,1208
lungscc2961.jpeg,2,1192
lungscc2963.jpeg,2,1072
lungscc2965.jpeg,2,1204
lungscc2968.jpeg,2,1084
lungscc297.jpeg,2,1210
lungscc2970.jpeg,2,1134
lungscc2971.jpeg,2,1014
lungscc2972.jpeg,2,1125
lungscc2973.jpeg,2,1018
lungscc2974.jpeg,2,1047
lungscc2977.jpeg,2,1112
lungscc2979.jpeg,2,1010
lungscc298.jpeg,2,1199
lungscc2980.jpeg,2,1010
lungscc2981.jpeg,2,1154
lungscc2982.jpeg,2,1092
lungscc2983.jpeg,2,1191
lungscc2984.jpeg,2,1191
lungscc2985.jpeg,2,1064
lungscc2986.jpeg,2,1012
lungscc2987.jpeg,2,1121
lungscc2989.jpeg,2,1227
lungscc2991.jpeg,2,1131
lungscc2992.jpeg,2,1131
lungscc2993.jpeg,2,1124
lungscc2994.jpeg,2,1065
lungscc2995.jpeg,2,1080
lungscc2996.jpeg,2,1182
lungscc2997.jpeg,2,1135
lungscc30.jpeg,2,1049
lungscc3005.jpeg,2,1118
lungscc3006.jpeg,2,1118
lungscc3007.jpeg,2,1172
lungscc3008.jpeg,2,1002
lungscc301.jpeg,2,1181
lungscc3010.jpeg,2,1059
lungscc3011.jpeg,2,1115
lungscc3012.jpeg,2,1201
lungscc3014.jpeg,2,1034
lungscc3015.jpeg,2,1156
lungscc3017.jpeg,2,1166
lungscc3020.jpeg,2,1040
lungscc3021.jpeg,2,1006
lungscc3022.jpeg,2,1220
lungscc3023.jpeg,2,1049
lungscc3025.jpeg,2,1192
lungscc3027.jpeg,2,1163
lungscc3028.jpeg,2,1013
lungscc3029.jpeg,2,1141
lungscc3030.jpeg,2,1077
lungscc3031.jpeg,2,1019
lungscc3034.jpeg,2,1114
lungscc3036.jpeg,2,1134
lungscc3039.jpeg,2,1047
lungscc3040.jpeg,2,1173
lungscc3041.jpeg,2,1027
lungscc3044.jpeg,2,1143
lungscc3045.jpeg,2,1191
lungscc3046.jpeg,2,1064
lungscc3047.jpeg,2,1064
lungscc3048.jpeg,2,1081
lungscc3049.jpeg,2,1081
lungscc3050.jpeg,2,1017
lungscc3051.jpeg,2,1139
lungscc3052.jpeg,2,1182
lungscc3053.jpeg,2,1054
lungscc3054.jpeg,2,1210
lungscc3055.jpeg,2,1008
lungscc3056.jpeg,2,1008
lungscc3057.jpeg,2,1135
lungscc3060.jpeg,2,1162
lungscc3061.jpeg,2,1118
lungscc3062.jpeg,2,1011
lungscc3063.jpeg,2,1011
lungscc3065.jpeg,2,1059
lungscc3067.jpeg,2,1165
lungscc3068.jpeg,2,1157
lungscc3069.jpeg,2,1038
lungscc307.jpeg,2,1165
lungscc3070.jpeg,2,1095
lungscc3071.jpeg,2,1074
lungscc3072.jpeg,2,1031
lungscc3073.jpeg,2,1088
lungscc3074.jpeg,2,1145
lungscc3075.jpeg,2,1052
lungscc3076.jpeg,2,1146
lungscc3078.jpeg,2,1239
lungscc3080.jpeg,2,1150
lungscc3081.jpeg,2,1192
lungscc3082.jpeg,2,1144
lungscc3083.jpeg,2,1197
lungscc3086.jpeg,2,1163
lungscc3087.jpeg,2,1214
lungscc3088.jpeg,2,1013
lungscc309.jpeg,2,1070
lungscc3090.jpeg,2,1020
lungscc3092.jpeg,2,1137
lungscc3095.jpeg,2,1027
lungscc3096.jpeg,2,1061
lungscc3098.jpeg,2,1159
lungscc31.jpeg,2,1049
lungscc3103.jpeg,2,1207
lungscc3104.jpeg,2,1207
lungscc3105.jpeg,2,1012
lungscc3106.jpeg,2,1081
lungscc3107.jpeg,2,1237
lungscc3109.jpeg,2,1122
lungscc3112.jpeg,2,1227
lungscc3113.jpeg,2,1080
lungscc3115.jpeg,2,1054
lungscc3117.jpeg,2,1228
lungscc3119.jpeg,2,1155
lungscc312.jpeg,2,1041
lungscc3120.jpeg,2,1120
lungscc3121.jpeg,2,1118
lungscc3124.jpeg,2,1216
lungscc3128.jpeg,2,1113
lungscc313.jpeg,2,1034
lungscc3131.jpeg,2,1011
lungscc3132.jpeg,2,1115
lungscc3135.jpeg,2,1058
lungscc3136.jpeg,2,1201
lungscc3138.jpeg,2,999
lungscc3139.jpeg,2,1088
lungscc314.jpeg,2,1098
lungscc3140.jpeg,2,1022
lungscc3141.jpeg,2,1145
lungscc3142.jpeg,2,1056
lungscc3144.jpeg,2,1146
lungscc3145.jpeg,2,1029
lungscc3146.jpeg,2,1029
lungscc3147.jpeg,2,1242
lungscc3148.jpeg,2,1001
lungscc3149.jpeg,2,1208
lungscc315.jpeg,2,1098
lungscc3151.jpeg,2,1205
lungscc3154.jpeg,2,1163
lungscc3155.jpeg,2,1013
lungscc3157.jpeg,2,1231
lungscc3158.jpeg,2,1123
lungscc3159.jpeg,2,1077
lungscc3163.jpeg,2,1134
lungscc3164.jpeg,2,1117
lungscc3168.jpeg,2,1143
lungscc3169.jpeg,2,1185
lungscc3170.jpeg,2,1133
lungscc3171.jpeg,2,1196
lungscc3172.jpeg,2,1089
lungscc3173.jpeg,2,1080
lungscc3174.jpeg,2,1080
lungscc3176.jpeg,2,1155
lungscc3178.jpeg,2,1181
lungscc3179.jpeg,2,1181
lungscc318.jpeg,2,1187
lungscc3181.jpeg,2,1127
lungscc3182.jpeg,2,1120
lungscc3184.jpeg,2,1108
lungscc3185.jpeg,2,1118
lungscc3186.jpeg,2,1216
lungscc3187.jpeg,2,1172
lungscc3188.jpeg,2,1094
lungscc3189.jpeg,2,1038
lungscc319.jpeg,2,1116
lungscc3190.jpeg,2,1038
lungscc3192.jpeg,2,1041
lungscc3194.jpeg,2,1110
lungscc3196.jpeg,2,1098
lungscc3197.jpeg,2,1031
lungscc3199.jpeg,2,1071
lungscc32.jpeg,2,1230
lungscc3200.jpeg,2,1105
lungscc3201.jpeg,2,1132
lungscc3202.jpeg,2,1174
lungscc3205.jpeg,2,1168
lungscc3206.jpeg,2,1013
lungscc3207.jpeg,2,1013
lungscc3208.jpeg,2,1231
lungscc3209.jpeg,2,1123
lungscc3210.jpeg,2,1123
lungscc3211.jpeg,2,1123
lungscc3212.jpeg,2,1179
lungscc3213.jpeg,2,998
lungscc3217.jpeg,2,1114
lungscc3219.jpeg,2,1186
lungscc322.jpeg,2,1028
lungscc3220.jpeg,2,1125
lungscc3221.jpeg,2,1137
lungscc3222.jpeg,2,1213
lungscc3223.jpeg,2,1090
lungscc3224.jpeg,2,1018
lungscc3227.jpeg,2,1092
lungscc3229.jpeg,2,1185
lungscc3231.jpeg,2,1083
lungscc3235.jpeg,2,1065
lungscc3236.jpeg,2,1206
lungscc3237.jpeg,2,1008
lungscc3238.jpeg,2,1060
lungscc324.jpeg,2,1123
lungscc3240.jpeg,2,1181
lungscc3241.jpeg,2,1181
lungscc3242.jpeg,2,1209
lungscc3243.jpeg,2,1127
lungscc3245.jpeg,2,1059
lungscc3246.jpeg,2,1059
lungscc3247.jpeg,2,1094
lungscc3249.jpeg,2,1115
lungscc3250.jpeg,2,1058
lungscc3251.jpeg,2,1058
lungscc3252.jpeg,2,1055
lungscc3253.jpeg,2,1041
lungscc3254.jpeg,2,1043
lungscc3256.jpeg,2,1211
lungscc3258.jpeg,2,1036
lungscc3259.jpeg,2,1029
lungscc326.jpeg,2,998
lungscc3260.jpeg,2,1239
lungscc3262.jpeg,2,1242
lungscc3263.jpeg,2,1205
lungscc3265.jpeg,2,1141
lungscc3266.jpeg,2,1179
lungscc3267.jpeg,2,1077
lungscc3268.jpeg,2,1019
lungscc3269.jpeg,2,1048
lungscc327.jpeg,2,1077
lungscc3270.jpeg,2,1186
lungscc3271.jpeg,2,1137
lungscc3272.jpeg,2,1104
lungscc3273.jpeg,2,1018
lungscc3274.jpeg,2,1061
lungscc3275.jpeg,2,1061
lungscc3276.jpeg,2,1010
lungscc3277.jpeg,2,1193
lungscc3279.jpeg,2,1081
lungscc328.jpeg,2,1019
lungscc3280.jpeg,2,1219
lungscc3282.jpeg,2,1237
lungscc3283.jpeg,2,1121
lungscc3284.jpeg,2,1119
lungscc3285.jpeg,2,1089
lungscc3286.jpeg,2,1089
lungscc3287.jpeg,2,1089
lungscc329.jpeg,2,1020
lungscc3290.jpeg,2,1131
lungscc3293.jpeg,2,1065
lungscc3294.jpeg,2,1206
lungscc3295.jpeg,2,1182
lungscc3296.jpeg,2,1182
lungscc3297.jpeg,2,1210
lungscc3298.jpeg,2,1008
lungscc3299.jpeg,2,1228
lungscc330.jpeg,2,1048
lungscc3300.jpeg,2,1151
lungscc3301.jpeg,2,1151
lungscc3303.jpeg,2,1026
lungscc3306.jpeg,2,1002
lungscc3308.jpeg,2,1165
lungscc3309.jpeg,2,1178
lungscc3310.jpeg,2,1070
lungscc3316.jpeg,2,1058
lungscc3317.jpeg,2,1095
lungscc3318.jpeg,2,1110
lungscc3319.jpeg,2,1031
lungscc3320.jpeg,2,1022
lungscc3321.jpeg,2,1211
lungscc3322.jpeg,2,1187
lungscc3323.jpeg,2,1052
lungscc3324.jpeg,2,1166
lungscc3326.jpeg,2,1245
lungscc3327.jpeg,2,1242
lungscc3328.jpeg,2,1049
lungscc3329.jpeg,2,1208
lungscc333.jpeg,2,1101
lungscc3331.jpeg,2,1175
lungscc3332.jpeg,2,1205
lungscc3335.jpeg,2,1214
lungscc3336.jpeg,2,1028
lungscc3337.jpeg,2,1028
lungscc3338.jpeg,2,1013
lungscc3339.jpeg,2,1140
lungscc3345.jpeg,2,1114
lungscc3347.jpeg,2,1188
lungscc3349.jpeg,2,1213
lungscc335.jpeg,2,1014
lungscc3356.jpeg,2,1159
lungscc3358.jpeg,2,1193
lungscc3359.jpeg,2,1039
lungscc3361.jpeg,2,1218
lungscc3364.jpeg,2,1054
lungscc3365.jpeg,2,1008
lungscc3366.jpeg,2,1008
lungscc3367.jpeg,2,1155
lungscc3368.jpeg,2,1157
lungscc3369.jpeg,2,1041
lungscc337.jpeg,2,1137
lungscc3370.jpeg,2,1203
lungscc3371.jpeg,2,1043
lungscc3372.jpeg,2,1110
lungscc3373.jpeg,2,1074
lungscc3375.jpeg,2,1034
lungscc3376.jpeg,2,1034
lungscc3377.jpeg,2,1088
lungscc3378.jpeg,2,1022
lungscc3379.jpeg,2,1021
lungscc338.jpeg,2,1090
lungscc3380.jpeg,2,1211
lungscc3381.jpeg,2,1056
lungscc3382.jpeg,2,1052
lungscc3383.jpeg,2,1036
lungscc3384.jpeg,2,1202
lungscc3385.jpeg,2,1220
lungscc3386.jpeg,2,1149
lungscc3387.jpeg,2,1214
lungscc3388.jpeg,2,1028
lungscc3389.jpeg,2,1168
lungscc339.jpeg,2,1073
lungscc3391.jpeg,2,1123
lungscc3393.jpeg,2,1019
lungscc3397.jpeg,2,1090
lungscc3402.jpeg,2,1236
lungscc3404.jpeg,2,1076
lungscc3405.jpeg,2,1092
lungscc3406.jpeg,2,1092
lungscc3407.jpeg,2,1207
lungscc3408.jpeg,2,1133
lungscc3409.jpeg,2,1083
lungscc341.jpeg,2,1235
lungscc3410.jpeg,2,1025
lungscc3412.jpeg,2,1131
lungscc3414.jpeg,2,1060
lungscc3415.jpeg,2,1135
lungscc3417.jpeg,2,1127
lungscc342.jpeg,2,1112
lungscc3420.jpeg,2,1030
lungscc3421.jpeg,2,1178
lungscc3422.jpeg,2,1070
lungscc3424.jpeg,2,1094
lungscc3425.jpeg,2,1038
lungscc3428.jpeg,2,1203
lungscc3429.jpeg,2,1203
lungscc343.jpeg,2,1112
lungscc3430.jpeg,2,1156
lungscc3431.jpeg,2,1146
lungscc3432.jpeg,2,1071
lungscc3433.jpeg,2,1006
lungscc3434.jpeg,2,1208
lungscc3435.jpeg,2,1174
lungscc3436.jpeg,2,1144
lungscc3437.jpeg,2,1214
lungscc3440.jpeg,2,1077
lungscc3441.jpeg,2,1019
lungscc3442.jpeg,2,1084
lungscc3444.jpeg,2,1104
lungscc3447.jpeg,2,1018
lungscc3452.jpeg,2,1027
lungscc3454.jpeg,2,1076
lungscc3456.jpeg,2,1133
lungscc3458.jpeg,2,1122
lungscc3459.jpeg,2,1119
lungscc346.jpeg,2,1133
lungscc3461.jpeg,2,1080
lungscc3463.jpeg,2,1181
lungscc3466.jpeg,2,1127
lungscc3467.jpeg,2,1127
lungscc3468.jpeg,2,1108
lungscc3469.jpeg,2,1103
lungscc347.jpeg,2,1017
lungscc3471.jpeg,2,1118
lungscc3473.jpeg,2,1172
lungscc3477.jpeg,2,1194
lungscc3479.jpeg,2,1178
lungscc348.jpeg,2,1122
lungscc3480.jpeg,2,1070
lungscc3481.jpeg,2,1055
lungscc3482.jpeg,2,1041
lungscc3483.jpeg,2,1096
lungscc3484.jpeg,2,1240
lungscc3485.jpeg,2,1211
lungscc3487.jpeg,2,1052
lungscc3488.jpeg,2,1036
lungscc3489.jpeg,2,1245
lungscc3490.jpeg,2,1116
lungscc3492.jpeg,2,1045
lungscc3493.jpeg,2,1150
lungscc3494.jpeg,2,1006
lungscc3495.jpeg,2,1217
lungscc3496.jpeg,2,1001
lungscc3497.jpeg,2,1230
lungscc3498.jpeg,2,1205
lungscc3499.jpeg,2,1072
lungscc350.jpeg,2,1139
lungscc3500.jpeg,2,1168
lungscc3502.jpeg,2,1141
lungscc3503.jpeg,2,1123
lungscc3504.jpeg,2,1084
lungscc3505.jpeg,2,1014
lungscc351.jpeg,2,1227
lungscc3512.jpeg,2,1010
lungscc3513.jpeg,2,1010
lungscc3514.jpeg,2,1039
lungscc3515.jpeg,2,1143
lungscc3516.jpeg,2,1012
lungscc3518.jpeg,2,1219
lungscc3519.jpeg,2,1017
lungscc3520.jpeg,2,1025
lungscc3521.jpeg,2,1121
lungscc3523.jpeg,2,1227
lungscc3526.jpeg,2,1065
lungscc3527.jpeg,2,1210
lungscc3529.jpeg,2,1060
lungscc3531.jpeg,2,1228
lungscc3532.jpeg,2,1009
lungscc3533.jpeg,2,1155
lungscc3534.jpeg,2,1026
lungscc3535.jpeg,2,1026
lungscc3536.jpeg,2,1181
lungscc3537.jpeg,2,1097
lungscc3539.jpeg,2,1113
lungscc354.jpeg,2,1206
lungscc3541.jpeg,2,1178
lungscc3542.jpeg,2,1094
lungscc3543.jpeg,2,1094
lungscc3544.jpeg,2,1094
lungscc3545.jpeg,2,1115
lungscc3547.jpeg,2,1201
lungscc3548.jpeg,2,999
lungscc3549.jpeg,2,999
lungscc355.jpeg,2,1210
lungscc3550.jpeg,2,1074
lungscc3551.jpeg,2,1087
lungscc3552.jpeg,2,1145
lungscc3553.jpeg,2,1202
lungscc3554.jpeg,2,1166
lungscc356.jpeg,2,1210
lungscc3560.jpeg,2,1149
lungscc3561.jpeg,2,1197
lungscc3565.jpeg,2,1028
lungscc3567.jpeg,2,998
lungscc3568.jpeg,2,1101
lungscc3569.jpeg,2,1114
lungscc3576.jpeg,2,1010
lungscc3577.jpeg,2,1154
lungscc3578.jpeg,2,1064
lungscc3579.jpeg,2,1012
lungscc358.jpeg,2,1113
lungscc3580.jpeg,2,1133
lungscc3581.jpeg,2,1083
lungscc3583.jpeg,2,1219
lungscc3584.jpeg,2,1025
lungscc3585.jpeg,2,1122
lungscc3586.jpeg,2,1119
lungscc3587.jpeg,2,1089
lungscc3588.jpeg,2,1139
lungscc359.jpeg,2,1113
lungscc3590.jpeg,2,1009
lungscc3591.jpeg,2,1155
lungscc3593.jpeg,2,1162
lungscc3594.jpeg,2,1026
lungscc3595.jpeg,2,1225
lungscc3596.jpeg,2,1097
lungscc3599.jpeg,2,1172
lungscc36.jpeg,2,1028
lungscc3600.jpeg,2,1113
lungscc3603.jpeg,2,1165
lungscc3604.jpeg,2,1178
lungscc3605.jpeg,2,999
lungscc3606.jpeg,2,1095
lungscc3608.jpeg,2,1043
lungscc3609.jpeg,2,1110
lungscc3610.jpeg,2,1088
lungscc3611.jpeg,2,1042
lungscc3612.jpeg,2,1166
lungscc3614.jpeg,2,1116
lungscc3615.jpeg,2,1001
lungscc3616.jpeg,2,1001
lungscc3618.jpeg,2,1132
lungscc3619.jpeg,2,1197
lungscc3620.jpeg,2,1163
lungscc3622.jpeg,2,1168
lungscc3623.jpeg,2,1168
lungscc3624.jpeg,2,1158
lungscc3627.jpeg,2,1019
lungscc3628.jpeg,2,1212
lungscc363.jpeg,2,1194
lungscc3630.jpeg,2,1188
lungscc3633.jpeg,2,1073
lungscc3634.jpeg,2,1235
lungscc3635.jpeg,2,1236
lungscc3636.jpeg,2,1236
lungscc3638.jpeg,2,1159
lungscc3639.jpeg,2,1076
lungscc364.jpeg,2,1059
lungscc3641.jpeg,2,1207
lungscc3642.jpeg,2,1012
lungscc3643.jpeg,2,1083
lungscc3647.jpeg,2,1131
lungscc3649.jpeg,2,1206
lungscc3653.jpeg,2,1155
lungscc3654.jpeg,2,1097
lungscc3655.jpeg,2,1120
lungscc3656.jpeg,2,1103
lungscc3659.jpeg,2,1172
lungscc366.jpeg,2,1136
lungscc3661.jpeg,2,1011
lungscc3664.jpeg,2,1115
lungscc3667.jpeg,2,1056
lungscc3668.jpeg,2,1056
lungscc367.jpeg,2,1094
lungscc3670.jpeg,2,1116
lungscc3671.jpeg,2,1146
lungscc3672.jpeg,2,1040
lungscc3673.jpeg,2,1040
lungscc3674.jpeg,2,1045
lungscc3677.jpeg,2,1144
lungscc3679.jpeg,2,1168
lungscc368.jpeg,2,1038
lungscc3680.jpeg,2,1168
lungscc3681.jpeg,2,1158
lungscc3682.jpeg,2,1179
lungscc3683.jpeg,2,998
lungscc3685.jpeg,2,1020
lungscc3686.jpeg,2,1084
lungscc3688.jpeg,2,1114
lungscc3690.jpeg,2,1186
lungscc3691.jpeg,2,1117
lungscc3692.jpeg,2,1173
lungscc3693.jpeg,2,1027
lungscc3694.jpeg,2,1010
lungscc3695.jpeg,2,1076
lungscc3696.jpeg,2,1081
lungscc3697.jpeg,2,1219
lungscc3698.jpeg,2,1237
lungscc370.jpeg,2,1058
lungscc3700.jpeg,2,1121
lungscc3701.jpeg,2,1196
lungscc3702.jpeg,2,1139
lungscc3703.jpeg,2,1080
lungscc3705.jpeg,2,1182
lungscc3706.jpeg,2,1199
lungscc3707.jpeg,2,1151
lungscc3708.jpeg,2,1097
lungscc371.jpeg,2,999
lungscc3710.jpeg,2,1120
lungscc3713.jpeg,2,1118
lungscc3716.jpeg,2,1194
lungscc3717.jpeg,2,1059
lungscc3718.jpeg,2,1030
lungscc3719.jpeg,2,1136
lungscc3721.jpeg,2,1041
lungscc3722.jpeg,2,1095
lungscc3723.jpeg,2,1043
lungscc3725.jpeg,2,1031
lungscc3727.jpeg,2,1022
lungscc3728.jpeg,2,1156
lungscc3729.jpeg,2,1021
lungscc3730.jpeg,2,1166
lungscc3731.jpeg,2,1029
lungscc3732.jpeg,2,1071
lungscc3733.jpeg,2,1105
lungscc3734.jpeg,2,1045
lungscc3735.jpeg,2,1208
lungscc3736.jpeg,2,1149
lungscc3738.jpeg,2,1168
lungscc3739.jpeg,2,1204
lungscc3740.jpeg,2,1231
lungscc3742.jpeg,2,1123
lungscc3746.jpeg,2,998
lungscc3748.jpeg,2,1186
lungscc375.jpeg,2,1198
lungscc3750.jpeg,2,1137
lungscc3753.jpeg,2,1213
lungscc3754.jpeg,2,1073
lungscc3755.jpeg,2,1018
lungscc3757.jpeg,2,1047
lungscc3760.jpeg,2,1236
lungscc3762.jpeg,2,1159
lungscc3763.jpeg,2,1193
lungscc3764.jpeg,2,1076
lungscc3765.jpeg,2,1092
lungscc3766.jpeg,2,1064
lungscc3768.jpeg,2,1083
lungscc3769.jpeg,2,1017
lungscc3770.jpeg,2,1025
lungscc3771.jpeg,2,1122
lungscc3773.jpeg,2,1121
lungscc3774.jpeg,2,1196
lungscc3775.jpeg,2,1196
lungscc3776.jpeg,2,1223
lungscc3777.jpeg,2,1206
lungscc3778.jpeg,2,1210
lungscc378.jpeg,2,1211
lungscc3782.jpeg,2,1103
lungscc3783.jpeg,2,1118
lungscc3785.jpeg,2,1216
lungscc3787.jpeg,2,1030
lungscc3788.jpeg,2,1030
lungscc379.jpeg,2,1187
lungscc3791.jpeg,2,1095
lungscc3792.jpeg,2,1034
lungscc3794.jpeg,2,1052
lungscc3795.jpeg,2,1036
lungscc3797.jpeg,2,1040
lungscc3798.jpeg,2,1040
lungscc3799.jpeg,2,1105
lungscc38.jpeg,2,1168
lungscc380.jpeg,2,1029
lungscc3800.jpeg,2,1105
lungscc3801.jpeg,2,1242
lungscc3803.jpeg,2,1231
lungscc3805.jpeg,2,1212
lungscc3806.jpeg,2,1048
lungscc3812.jpeg,2,1117
lungscc3813.jpeg,2,1117
lungscc3814.jpeg,2,1243
lungscc3815.jpeg,2,1047
lungscc3817.jpeg,2,1010
lungscc3818.jpeg,2,1010
lungscc3819.jpeg,2,1154
lungscc382.jpeg,2,1045
lungscc3820.jpeg,2,1154
lungscc3821.jpeg,2,1143
lungscc3822.jpeg,2,1092
lungscc3826.jpeg,2,1081
lungscc3829.jpeg,2,1122
lungscc383.jpeg,2,1006
lungscc3831.jpeg,2,1089
lungscc3832.jpeg,2,1223
lungscc3835.jpeg,2,1210
lungscc3837.jpeg,2,1209
lungscc3838.jpeg,2,1120
lungscc3839.jpeg,2,1103
lungscc384.jpeg,2,1220
lungscc3841.jpeg,2,1118
lungscc3843.jpeg,2,1011
lungscc3845.jpeg,2,1115
lungscc3848.jpeg,2,1095
lungscc3849.jpeg,2,1096
lungscc385.jpeg,2,1220
lungscc3851.jpeg,2,1074
lungscc3852.jpeg,2,1087
lungscc3854.jpeg,2,1031
lungscc3855.jpeg,2,1088
lungscc3856.jpeg,2,1042
lungscc3857.jpeg,2,1145
lungscc3858.jpeg,2,1220
lungscc386.jpeg,2,1049
lungscc3860.jpeg,2,1163
lungscc3861.jpeg,2,1013
lungscc3862.jpeg,2,1013
lungscc3865.jpeg,2,1140
lungscc3866.jpeg,2,1231
lungscc3867.jpeg,2,1158
lungscc3869.jpeg,2,1176
lungscc387.jpeg,2,1208
lungscc3871.jpeg,2,1186
lungscc3874.jpeg,2,1128
lungscc3877.jpeg,2,1073
lungscc3878.jpeg,2,1047
lungscc388.jpeg,2,1175
lungscc3880.jpeg,2,1235
lungscc3882.jpeg,2,1061
lungscc3884.jpeg,2,1039
lungscc3885.jpeg,2,1076
lungscc3888.jpeg,2,1064
lungscc3889.jpeg,2,1081
lungscc3890.jpeg,2,1122
lungscc3892.jpeg,2,1089
lungscc3895.jpeg,2,1206
lungscc3896.jpeg,2,1182
lungscc3897.jpeg,2,1199
lungscc39.jpeg,2,1020
lungscc390.jpeg,2,1013
lungscc3901.jpeg,2,1110
lungscc3902.jpeg,2,1098
lungscc3903.jpeg,2,1088
lungscc3904.jpeg,2,1088
lungscc3905.jpeg,2,1156
lungscc391.jpeg,2,1158
lungscc3911.jpeg,2,1040
lungscc3912.jpeg,2,1105
lungscc3913.jpeg,2,1239
lungscc3915.jpeg,2,1242
lungscc3916.jpeg,2,1220
lungscc3918.jpeg,2,1214
lungscc3920.jpeg,2,1231
lungscc3922.jpeg,2,1237
lungscc3927.jpeg,2,1186
lungscc3928.jpeg,2,1128
lungscc3929.jpeg,2,1018
lungscc393.jpeg,2,1123
lungscc3933.jpeg,2,1039
lungscc3934.jpeg,2,1076
lungscc3935.jpeg,2,1092
lungscc3939.jpeg,2,1210
lungscc3940.jpeg,2,1060
lungscc3941.jpeg,2,1135
lungscc3942.jpeg,2,1241
lungscc3943.jpeg,2,1026
lungscc3945.jpeg,2,1127
lungscc3946.jpeg,2,1120
lungscc3948.jpeg,2,1103
lungscc3952.jpeg,2,1113
lungscc3953.jpeg,2,1002
lungscc3954.jpeg,2,1011
lungscc3955.jpeg,2,1165
lungscc3956.jpeg,2,1165
lungscc3957.jpeg,2,1070
lungscc3959.jpeg,2,1038
lungscc396.jpeg,2,1179
lungscc3960.jpeg,2,1038
lungscc3963.jpeg,2,1055
lungscc3964.jpeg,2,1074
lungscc3965.jpeg,2,1156
lungscc3966.jpeg,2,1198
lungscc3967.jpeg,2,1145
lungscc3968.jpeg,2,1052
lungscc3969.jpeg,2,1036
lungscc3970.jpeg,2,1036
lungscc3971.jpeg,2,1146
lungscc3972.jpeg,2,1029
lungscc3973.jpeg,2,1071
lungscc3975.jpeg,2,1040
lungscc3976.jpeg,2,1001
lungscc3977.jpeg,2,1197
lungscc398.jpeg,2,1128
lungscc3980.jpeg,2,1141
lungscc3982.jpeg,2,1123
lungscc3985.jpeg,2,1019
lungscc3986.jpeg,2,1232
lungscc3987.jpeg,2,1101
lungscc3988.jpeg,2,1134
lungscc3989.jpeg,2,1128
lungscc3991.jpeg,2,1104
lungscc3992.jpeg,2,1213
lungscc3995.jpeg,2,1235
lungscc3999.jpeg,2,1112
lungscc4.jpeg,2,1001
lungscc400.jpeg,2,1104
lungscc4000.jpeg,2,1159
lungscc4001.jpeg,2,1010
lungscc4002.jpeg,2,1193
lungscc4004.jpeg,2,1121
lungscc4006.jpeg,2,1182
lungscc401.jpeg,2,1104
lungscc4010.jpeg,2,1162
lungscc4011.jpeg,2,1225
lungscc4013.jpeg,2,1103
lungscc4015.jpeg,2,1172
lungscc4018.jpeg,2,1194
lungscc4019.jpeg,2,1165
lungscc4024.jpeg,2,1041
lungscc4027.jpeg,2,1166
lungscc4028.jpeg,2,1116
lungscc403.jpeg,2,1173
lungscc4030.jpeg,2,1045
lungscc4032.jpeg,2,1001
lungscc4033.jpeg,2,1197
lungscc4034.jpeg,2,1205
lungscc4037.jpeg,2,1204
lungscc4038.jpeg,2,1204
lungscc4039.jpeg,2,1123
lungscc4040.jpeg,2,1179
lungscc4041.jpeg,2,1020
lungscc4042.jpeg,2,1237
lungscc4044.jpeg,2,1114
lungscc4045.jpeg,2,1188
lungscc4047.jpeg,2,1090
lungscc4048.jpeg,2,1047
lungscc405.jpeg,2,1235
lungscc4054.jpeg,2,1039
lungscc4056.jpeg,2,1089
lungscc4057.jpeg,2,1223
lungscc4058.jpeg,2,1124
lungscc4059.jpeg,2,1124
lungscc4061.jpeg,2,1228
lungscc4062.jpeg,2,1009
lungscc4064.jpeg,2,1241
lungscc4065.jpeg,2,1225
lungscc4066.jpeg,2,1225
lungscc407.jpeg,2,1061
lungscc4071.jpeg,2,1108
lungscc4072.jpeg,2,1118
lungscc4073.jpeg,2,1059
lungscc4074.jpeg,2,1136
lungscc4075.jpeg,2,1070
lungscc4076.jpeg,2,1094
lungscc4078.jpeg,2,1115
lungscc408.jpeg,2,1010
lungscc4081.jpeg,2,1058
lungscc4082.jpeg,2,1041
lungscc4083.jpeg,2,1043
lungscc4084.jpeg,2,1088
lungscc4085.jpeg,2,1198
lungscc4088.jpeg,2,1116
lungscc4089.jpeg,2,1146
lungscc409.jpeg,2,1010
lungscc4091.jpeg,2,1071
lungscc4092.jpeg,2,1239
lungscc4093.jpeg,2,1150
lungscc4094.jpeg,2,1150
lungscc4095.jpeg,2,1242
lungscc4096.jpeg,2,1220
lungscc4097.jpeg,2,1132
lungscc4098.jpeg,2,1072
lungscc4099.jpeg,2,1168
lungscc41.jpeg,2,1020
lungscc410.jpeg,2,1092
lungscc4100.jpeg,2,1013
lungscc4102.jpeg,2,1158
lungscc4103.jpeg,2,1176
lungscc4105.jpeg,2,1134
lungscc4106.jpeg,2,1117
lungscc4107.jpeg,2,1188
lungscc4108.jpeg,2,1104
lungscc4109.jpeg,2,1213
lungscc4110.jpeg,2,1090
lungscc4111.jpeg,2,1039
lungscc4112.jpeg,2,1076
lungscc4113.jpeg,2,1076
lungscc4115.jpeg,2,1218
lungscc4116.jpeg,2,1237
lungscc4117.jpeg,2,1196
lungscc4119.jpeg,2,1124
lungscc412.jpeg,2,1064
lungscc4121.jpeg,2,1182
lungscc4122.jpeg,2,1210
lungscc4123.jpeg,2,1228
lungscc4124.jpeg,2,1009
lungscc4125.jpeg,2,1151
lungscc4126.jpeg,2,1151
lungscc4129.jpeg,2,1225
lungscc413.jpeg,2,1012
lungscc4130.jpeg,2,1097
lungscc4131.jpeg,2,1209
lungscc4134.jpeg,2,1108
lungscc4135.jpeg,2,1216
lungscc4136.jpeg,2,1011
lungscc4138.jpeg,2,1136
lungscc414.jpeg,2,1133
lungscc4140.jpeg,2,1178
lungscc4143.jpeg,2,1041
lungscc4144.jpeg,2,1095
lungscc4146.jpeg,2,1098
lungscc4147.jpeg,2,1156
lungscc4148.jpeg,2,1145
lungscc415.jpeg,2,1083
lungscc4150.jpeg,2,1146
lungscc4152.jpeg,2,1105
lungscc4153.jpeg,2,1045
lungscc4154.jpeg,2,1217
lungscc4155.jpeg,2,1001
lungscc4156.jpeg,2,1132
lungscc4158.jpeg,2,1163
lungscc4159.jpeg,2,1163
lungscc416.jpeg,2,1081
lungscc4160.jpeg,2,1214
lungscc4161.jpeg,2,1028
lungscc4162.jpeg,2,1013
lungscc4164.jpeg,2,1158
lungscc4166.jpeg,2,1232
lungscc4167.jpeg,2,1084
lungscc4168.jpeg,2,1134
lungscc4169.jpeg,2,1188
lungscc417.jpeg,2,1237
lungscc4170.jpeg,2,1188
lungscc4171.jpeg,2,1104
lungscc4172.jpeg,2,1090
lungscc4173.jpeg,2,1027
lungscc4175.jpeg,2,1039
lungscc4176.jpeg,2,1185
lungscc4178.jpeg,2,1133
lungscc418.jpeg,2,1196
lungscc4181.jpeg,2,1139
lungscc4182.jpeg,2,1223
lungscc4185.jpeg,2,1009
lungscc4186.jpeg,2,1009
lungscc4188.jpeg,2,1181
lungscc4189.jpeg,2,1225
lungscc419.jpeg,2,1119
lungscc4191.jpeg,2,1002
lungscc4192.jpeg,2,1002
lungscc4193.jpeg,2,1011
lungscc4196.jpeg,2,1058
lungscc4197.jpeg,2,1201
lungscc4198.jpeg,2,1055
lungscc4199.jpeg,2,999
lungscc42.jpeg,2,1117
lungscc420.jpeg,2,1139
lungscc4200.jpeg,2,1095
lungscc4202.jpeg,2,1240
lungscc4203.jpeg,2,1110
lungscc4206.jpeg,2,1056
lungscc4207.jpeg,2,1056
lungscc4208.jpeg,2,1056
lungscc4209.jpeg,2,1166
lungscc421.jpeg,2,1124
lungscc4210.jpeg,2,1006
lungscc4211.jpeg,2,1220
lungscc4212.jpeg,2,1144
lungscc4213.jpeg,2,1197
lungscc4216.jpeg,2,1163
lungscc4217.jpeg,2,1123
lungscc4218.jpeg,2,1123
lungscc4219.jpeg,2,1179
lungscc4220.jpeg,2,998
lungscc4221.jpeg,2,1077
lungscc4222.jpeg,2,1019
lungscc4223.jpeg,2,1020
lungscc4224.jpeg,2,1048
lungscc4226.jpeg,2,1176
lungscc4229.jpeg,2,1213
lungscc423.jpeg,2,1210
lungscc4230.jpeg,2,1213
lungscc4231.jpeg,2,1047
lungscc4235.jpeg,2,1154
lungscc4237.jpeg,2,1122
lungscc4238.jpeg,2,1122
lungscc4239.jpeg,2,1139
lungscc424.jpeg,2,1135
lungscc4240.jpeg,2,1008
lungscc4242.jpeg,2,1228
lungscc4243.jpeg,2,1241
lungscc4246.jpeg,2,1181
lungscc4247.jpeg,2,1225
lungscc4251.jpeg,2,1183
lungscc4252.jpeg,2,1011
lungscc4253.jpeg,2,1030
lungscc4254.jpeg,2,1030
lungscc4255.jpeg,2,1136
lungscc4256.jpeg,2,1115
lungscc4257.jpeg,2,1055
lungscc4258.jpeg,2,1041
lungscc4259.jpeg,2,1095
lungscc4260.jpeg,2,1110
lungscc4261.jpeg,2,1034
lungscc4262.jpeg,2,1198
lungscc4263.jpeg,2,1042
lungscc4264.jpeg,2,1145
lungscc4265.jpeg,2,1056
lungscc4266.jpeg,2,1056
lungscc4267.jpeg,2,1036
lungscc4268.jpeg,2,1166
lungscc4269.jpeg,2,1071
lungscc4271.jpeg,2,1001
lungscc4272.jpeg,2,1192
lungscc4273.jpeg,2,1163
lungscc4275.jpeg,2,1141
lungscc4276.jpeg,2,1158
lungscc4277.jpeg,2,998
lungscc4278.jpeg,2,1019
lungscc428.jpeg,2,1162
lungscc4281.jpeg,2,1117
lungscc4282.jpeg,2,1243
lungscc4284.jpeg,2,1047
lungscc4286.jpeg,2,1061
lungscc4287.jpeg,2,1061
lungscc4288.jpeg,2,1159
lungscc4290.jpeg,2,1039
lungscc4291.jpeg,2,1092
lungscc4293.jpeg,2,1185
lungscc4294.jpeg,2,1185
lungscc4295.jpeg,2,1064
lungscc4296.jpeg,2,1121
lungscc4297.jpeg,2,1131
lungscc4299.jpeg,2,1228
lungscc4301.jpeg,2,1155
lungscc4303.jpeg,2,1162
lungscc4304.jpeg,2,1162
lungscc4305.jpeg,2,1026
lungscc4307.jpeg,2,1209
lungscc4308.jpeg,2,1216
lungscc4309.jpeg,2,1011
lungscc4311.jpeg,2,1059
lungscc4312.jpeg,2,1136
lungscc4314.jpeg,2,1055
lungscc4315.jpeg,2,1098
lungscc4316.jpeg,2,1088
lungscc4317.jpeg,2,1022
lungscc432.jpeg,2,1183
lungscc4320.jpeg,2,1187
lungscc4322.jpeg,2,1056
lungscc4323.jpeg,2,1036
lungscc4324.jpeg,2,1036
lungscc4325.jpeg,2,1071
lungscc4326.jpeg,2,1071
lungscc4327.jpeg,2,1040
lungscc4328.jpeg,2,1045
lungscc4329.jpeg,2,1132
lungscc433.jpeg,2,1011
lungscc4330.jpeg,2,1149
lungscc4332.jpeg,2,1197
lungscc4334.jpeg,2,1168
lungscc4335.jpeg,2,1168
lungscc4336.jpeg,2,1158
lungscc4337.jpeg,2,1179
lungscc4338.jpeg,2,1077
lungscc4339.jpeg,2,1020
lungscc4345.jpeg,2,1073
lungscc4347.jpeg,2,1047
lungscc4348.jpeg,2,1047
lungscc435.jpeg,2,1178
lungscc4350.jpeg,2,1010
lungscc4352.jpeg,2,1191
lungscc4353.jpeg,2,1064
lungscc4356.jpeg,2,1122
lungscc4357.jpeg,2,1122
lungscc4358.jpeg,2,1119
lungscc4359.jpeg,2,1065
lungscc4361.jpeg,2,1199
lungscc4362.jpeg,2,1009
lungscc4363.jpeg,2,1026
lungscc4364.jpeg,2,1172
lungscc4366.jpeg,2,1070
lungscc4367.jpeg,2,1070
lungscc4369.jpeg,2,1058
lungscc437.jpeg,2,999
lungscc4370.jpeg,2,1096
lungscc4371.jpeg,2,1098
lungscc4373.jpeg,2,1042
lungscc4374.jpeg,2,1052
lungscc4375.jpeg,2,1166
lungscc4377.jpeg,2,1029
lungscc4378.jpeg,2,1150
lungscc4379.jpeg,2,1217
lungscc438.jpeg,2,1096
lungscc4380.jpeg,2,1132
lungscc4381.jpeg,2,1132
lungscc4383.jpeg,2,1174
lungscc4384.jpeg,2,1192
lungscc4385.jpeg,2,1205
lungscc4388.jpeg,2,1214
lungscc4389.jpeg,2,1028
lungscc439.jpeg,2,1043
lungscc4391.jpeg,2,1204
lungscc4393.jpeg,2,1123
lungscc4395.jpeg,2,1019
lungscc4396.jpeg,2,1212
lungscc4397.jpeg,2,1048
lungscc4398.jpeg,2,1048
lungscc4399.jpeg,2,1048
lungscc4400.jpeg,2,1176
lungscc4402.jpeg,2,1117
lungscc4405.jpeg,2,1092
lungscc4408.jpeg,2,1237
lungscc441.jpeg,2,1098
lungscc4410.jpeg,2,1025
lungscc4412.jpeg,2,1065
lungscc4414.jpeg,2,1135
lungscc4415.jpeg,2,1199
lungscc4416.jpeg,2,1199
lungscc4417.jpeg,2,1009
lungscc4419.jpeg,2,1162
lungscc442.jpeg,2,1022
lungscc4421.jpeg,2,1097
lungscc4426.jpeg,2,1038
lungscc4427.jpeg,2,1038
lungscc4428.jpeg,2,1115
lungscc4429.jpeg,2,1115
lungscc443.jpeg,2,1198
lungscc4432.jpeg,2,1055
lungscc4433.jpeg,2,999
lungscc4434.jpeg,2,1088
lungscc4435.jpeg,2,1029
lungscc4436.jpeg,2,1040
lungscc4437.jpeg,2,1040
lungscc4438.jpeg,2,1045
lungscc444.jpeg,2,1145
lungscc4440.jpeg,2,1242
lungscc4441.jpeg,2,1174
lungscc4444.jpeg,2,1140
lungscc4445.jpeg,2,1140
lungscc4446.jpeg,2,1204
lungscc4447.jpeg,2,1231
lungscc4448.jpeg,2,1123
lungscc445.jpeg,2,1036
lungscc4450.jpeg,2,1179
lungscc4452.jpeg,2,1176
lungscc4455.jpeg,2,1114
lungscc4457.jpeg,2,1235
lungscc4458.jpeg,2,1061
lungscc4459.jpeg,2,1010
lungscc446.jpeg,2,1029
lungscc4460.jpeg,2,1143
lungscc4461.jpeg,2,1191
lungscc4463.jpeg,2,1185
lungscc4464.jpeg,2,1064
lungscc4465.jpeg,2,1012
lungscc4468.jpeg,2,1083
lungscc4469.jpeg,2,1025
lungscc447.jpeg,2,1045
lungscc4470.jpeg,2,1196
lungscc4471.jpeg,2,1196
lungscc4475.jpeg,2,1199
lungscc4477.jpeg,2,1155
lungscc448.jpeg,2,1045
lungscc4480.jpeg,2,1209
lungscc4481.jpeg,2,1172
lungscc4483.jpeg,2,1002
lungscc4486.jpeg,2,1157
lungscc4487.jpeg,2,1038
lungscc4488.jpeg,2,1055
lungscc4489.jpeg,2,1041
lungscc449.jpeg,2,1045
lungscc4491.jpeg,2,1043
lungscc4493.jpeg,2,1098
lungscc4494.jpeg,2,1022
lungscc4495.jpeg,2,1156
lungscc4496.jpeg,2,1042
lungscc4498.jpeg,2,1052
lungscc450.jpeg,2,1049
lungscc4500.jpeg,2,1245
lungscc4501.jpeg,2,1105
lungscc4502.jpeg,2,1049
lungscc4503.jpeg,2,1205
lungscc4505.jpeg,2,1179
lungscc4506.jpeg,2,1019
lungscc4509.jpeg,2,1186
lungscc4510.jpeg,2,1014
lungscc4511.jpeg,2,1188
lungscc4515.jpeg,2,1047
lungscc452.jpeg,2,1174
lungscc4520.jpeg,2,1027
lungscc4521.jpeg,2,1159
lungscc4522.jpeg,2,1076
lungscc4523.jpeg,2,1143
lungscc4524.jpeg,2,1218
lungscc4525.jpeg,2,1237
lungscc4527.jpeg,2,1139
lungscc4528.jpeg,2,1223
lungscc453.jpeg,2,1144
lungscc4531.jpeg,2,1054
lungscc4533.jpeg,2,1151
lungscc4534.jpeg,2,1209
lungscc4537.jpeg,2,1103
lungscc4538.jpeg,2,1103
lungscc4539.jpeg,2,1103
lungscc4540.jpeg,2,1118
lungscc4542.jpeg,2,1216
lungscc4543.jpeg,2,999
lungscc4544.jpeg,2,1095
lungscc4545.jpeg,2,1021
lungscc4546.jpeg,2,1145
lungscc4547.jpeg,2,1145
lungscc4548.jpeg,2,1056
lungscc4549.jpeg,2,1036
lungscc4551.jpeg,2,1166
lungscc4552.jpeg,2,1040
lungscc4553.jpeg,2,1239
lungscc4554.jpeg,2,1205
lungscc4556.jpeg,2,1179
lungscc4557.jpeg,2,998
lungscc4559.jpeg,2,1232
lungscc456.jpeg,2,1168
lungscc4560.jpeg,2,1176
lungscc4562.jpeg,2,1114
lungscc4563.jpeg,2,1114
lungscc4564.jpeg,2,1186
lungscc4566.jpeg,2,1134
lungscc4567.jpeg,2,1117
lungscc4568.jpeg,2,1125
lungscc4569.jpeg,2,1243
lungscc457.jpeg,2,1231
lungscc4571.jpeg,2,1073
lungscc4575.jpeg,2,1112
lungscc4576.jpeg,2,1010
lungscc4579.jpeg,2,1207
lungscc4581.jpeg,2,1133
lungscc4582.jpeg,2,1218
lungscc4583.jpeg,2,1219
lungscc4584.jpeg,2,1196
lungscc4587.jpeg,2,1139
lungscc4588.jpeg,2,1131
lungscc4589.jpeg,2,1080
lungscc459.jpeg,2,1020
lungscc4590.jpeg,2,1228
lungscc4591.jpeg,2,1228
lungscc4592.jpeg,2,1135
lungscc4593.jpeg,2,1135
lungscc4594.jpeg,2,1009
lungscc4595.jpeg,2,1026
lungscc4596.jpeg,2,1181
lungscc4597.jpeg,2,1127
lungscc4598.jpeg,2,1103
lungscc46.jpeg,2,1039
lungscc4600.jpeg,2,1165
lungscc4601.jpeg,2,1038
lungscc4602.jpeg,2,1038
lungscc4603.jpeg,2,1055
lungscc4604.jpeg,2,1095
lungscc4605.jpeg,2,1095
lungscc4606.jpeg,2,1095
lungscc4607.jpeg,2,1087
lungscc4608.jpeg,2,1031
lungscc4609.jpeg,2,1211
lungscc4610.jpeg,2,1036
lungscc4611.jpeg,2,1036
lungscc4612.jpeg,2,1036
lungscc4613.jpeg,2,1245
lungscc4614.jpeg,2,1116
lungscc4615.jpeg,2,1049
lungscc4616.jpeg,2,1049
lungscc4617.jpeg,2,1208
lungscc4619.jpeg,2,1231
lungscc462.jpeg,2,1176
lungscc4621.jpeg,2,1179
lungscc4622.jpeg,2,1084
lungscc4623.jpeg,2,1014
lungscc4625.jpeg,2,1173
lungscc4627.jpeg,2,1076
lungscc4628.jpeg,2,1092
lungscc4629.jpeg,2,1092
lungscc4632.jpeg,2,1133
lungscc4633.jpeg,2,1237
lungscc4634.jpeg,2,1122
lungscc4636.jpeg,2,1119
lungscc4637.jpeg,2,1089
lungscc4639.jpeg,2,1124
lungscc464.jpeg,2,1125
lungscc4643.jpeg,2,1155
lungscc4647.jpeg,2,1181
lungscc4650.jpeg,2,1103
lungscc4651.jpeg,2,1118
lungscc4652.jpeg,2,1216
lungscc4654.jpeg,2,1194
lungscc4655.jpeg,2,1070
lungscc4657.jpeg,2,1055
lungscc4660.jpeg,2,1096
lungscc4661.jpeg,2,1043
lungscc4663.jpeg,2,1110
lungscc4664.jpeg,2,1031
lungscc4665.jpeg,2,1031
lungscc4668.jpeg,2,1036
lungscc4669.jpeg,2,1245
lungscc467.jpeg,2,1018
lungscc4670.jpeg,2,1040
lungscc4671.jpeg,2,1040
lungscc4672.jpeg,2,1040
lungscc4673.jpeg,2,1105
lungscc4675.jpeg,2,1150
lungscc4676.jpeg,2,1230
lungscc4677.jpeg,2,1149
lungscc4679.jpeg,2,1204
lungscc468.jpeg,2,1235
lungscc4680.jpeg,2,1019
lungscc4682.jpeg,2,1048
lungscc4683.jpeg,2,1176
lungscc4684.jpeg,2,1134
lungscc4685.jpeg,2,1128
lungscc4686.jpeg,2,1128
lungscc4688.jpeg,2,1173
lungscc4690.jpeg,2,1112
lungscc4691.jpeg,2,1159
lungscc4692.jpeg,2,1159
lungscc4694.jpeg,2,1039
lungscc4695.jpeg,2,1219
lungscc4696.jpeg,2,1237
lungscc4698.jpeg,2,1080
lungscc4699.jpeg,2,1210
lungscc47.jpeg,2,1207
lungscc470.jpeg,2,1112
lungscc4700.jpeg,2,1008
lungscc4701.jpeg,2,1135
lungscc4702.jpeg,2,1009
lungscc4705.jpeg,2,1225
lungscc4707.jpeg,2,1209
lungscc4708.jpeg,2,1103
lungscc4709.jpeg,2,1183
lungscc471.jpeg,2,1159
lungscc4713.jpeg,2,1030
lungscc4715.jpeg,2,1115
lungscc4716.jpeg,2,1058
lungscc4717.jpeg,2,1043
lungscc4718.jpeg,2,1031
lungscc4719.jpeg,2,1198
lungscc472.jpeg,2,1064
lungscc4720.jpeg,2,1211
lungscc4722.jpeg,2,1166
lungscc4724.jpeg,2,1217
lungscc4725.jpeg,2,1049
lungscc4726.jpeg,2,1132
lungscc4727.jpeg,2,1192
lungscc4728.jpeg,2,1205
lungscc4730.jpeg,2,1168
lungscc4732.jpeg,2,1140
lungscc4733.jpeg,2,1204
lungscc4734.jpeg,2,1158
lungscc4735.jpeg,2,1020
lungscc4736.jpeg,2,1020
lungscc4739.jpeg,2,1125
lungscc474.jpeg,2,1017
lungscc4740.jpeg,2,1137
lungscc4741.jpeg,2,1104
lungscc4744.jpeg,2,1073
lungscc4745.jpeg,2,1073
lungscc4746.jpeg,2,1018
lungscc4748.jpeg,2,1236
lungscc4749.jpeg,2,1159
lungscc4750.jpeg,2,1143
lungscc4751.jpeg,2,1207
lungscc4753.jpeg,2,1218
lungscc4754.jpeg,2,1025
lungscc4755.jpeg,2,1196
lungscc4757.jpeg,2,1065
lungscc4758.jpeg,2,1008
lungscc476.jpeg,2,1121
lungscc4762.jpeg,2,1181
lungscc4763.jpeg,2,1181
lungscc4764.jpeg,2,1127
lungscc4765.jpeg,2,1002
lungscc4766.jpeg,2,1183
lungscc4767.jpeg,2,1011
lungscc477.jpeg,2,1089
lungscc4772.jpeg,2,1055
lungscc4774.jpeg,2,999
lungscc4775.jpeg,2,1043
lungscc4778.jpeg,2,1166
lungscc4779.jpeg,2,1116
lungscc478.jpeg,2,1227
lungscc4780.jpeg,2,1116
lungscc4781.jpeg,2,1049
lungscc4783.jpeg,2,1197
lungscc4784.jpeg,2,1072
lungscc4785.jpeg,2,1028
lungscc4786.jpeg,2,1231
lungscc4787.jpeg,2,1158
lungscc4791.jpeg,2,1048
lungscc4793.jpeg,2,1232
lungscc4794.jpeg,2,1084
lungscc4795.jpeg,2,1114
lungscc4796.jpeg,2,1114
lungscc4798.jpeg,2,1014
lungscc4799.jpeg,2,1243
lungscc48.jpeg,2,1083
lungscc480.jpeg,2,1065
lungscc4800.jpeg,2,1073
lungscc4801.jpeg,2,1173
lungscc4802.jpeg,2,1027
lungscc4804.jpeg,2,1159
lungscc4805.jpeg,2,1039
lungscc4806.jpeg,2,1191
lungscc4808.jpeg,2,1185
lungscc4809.jpeg,2,1064
lungscc4810.jpeg,2,1237
lungscc4811.jpeg,2,1122
lungscc4812.jpeg,2,1089
lungscc4815.jpeg,2,1054
lungscc4816.jpeg,2,1008
lungscc482.jpeg,2,1008
lungscc4824.jpeg,2,1172
lungscc4825.jpeg,2,1113
lungscc4827.jpeg,2,1011
lungscc4829.jpeg,2,1030
lungscc4830.jpeg,2,1070
lungscc4832.jpeg,2,1157
lungscc4835.jpeg,2,1201
lungscc4836.jpeg,2,1201
lungscc4837.jpeg,2,1041
lungscc4838.jpeg,2,1096
lungscc4839.jpeg,2,1043
lungscc4840.jpeg,2,1034
lungscc4841.jpeg,2,1087
lungscc4842.jpeg,2,1088
lungscc4843.jpeg,2,1022
lungscc4844.jpeg,2,1211
lungscc4845.jpeg,2,1187
lungscc4846.jpeg,2,1052
lungscc4847.jpeg,2,1245
lungscc4848.jpeg,2,1245
lungscc4851.jpeg,2,1045
lungscc4852.jpeg,2,1150
lungscc4853.jpeg,2,1006
lungscc4854.jpeg,2,1217
lungscc4855.jpeg,2,1049
lungscc4856.jpeg,2,1049
lungscc4857.jpeg,2,1205
lungscc4859.jpeg,2,1168
lungscc4860.jpeg,2,1013
lungscc4861.jpeg,2,1019
lungscc4862.jpeg,2,1212
lungscc4863.jpeg,2,1048
lungscc4864.jpeg,2,1048
lungscc4865.jpeg,2,1186
lungscc4866.jpeg,2,1014
lungscc4868.jpeg,2,1104
lungscc4869.jpeg,2,1213
lungscc487.jpeg,2,1155
lungscc4871.jpeg,2,1047
lungscc4873.jpeg,2,1010
lungscc4874.jpeg,2,1076
lungscc4877.jpeg,2,1012
lungscc4879.jpeg,2,1122
lungscc488.jpeg,2,1026
lungscc4880.jpeg,2,1124
lungscc4883.jpeg,2,1209
lungscc4884.jpeg,2,1209
lungscc4889.jpeg,2,1194
lungscc4892.jpeg,2,1115
lungscc4893.jpeg,2,1041
lungscc4895.jpeg,2,1043
lungscc4896.jpeg,2,1074
lungscc4899.jpeg,2,1087
lungscc4900.jpeg,2,1087
lungscc4901.jpeg,2,1088
lungscc4902.jpeg,2,1156
lungscc4903.jpeg,2,1156
lungscc4904.jpeg,2,1042
lungscc4905.jpeg,2,1145
lungscc4906.jpeg,2,1187
lungscc4907.jpeg,2,1036
lungscc4908.jpeg,2,1006
lungscc4909.jpeg,2,1001
lungscc4910.jpeg,2,1208
lungscc4911.jpeg,2,1214
lungscc4913.jpeg,2,1204
lungscc4915.jpeg,2,1123
lungscc4916.jpeg,2,1084
lungscc4917.jpeg,2,1101
lungscc4918.jpeg,2,1176
lungscc4919.jpeg,2,1114
lungscc492.jpeg,2,1070
lungscc4921.jpeg,2,1125
lungscc4922.jpeg,2,1073
lungscc4923.jpeg,2,1018
lungscc4927.jpeg,2,1061
lungscc4928.jpeg,2,1112
lungscc4929.jpeg,2,1092
lungscc493.jpeg,2,1094
lungscc4930.jpeg,2,1191
lungscc4932.jpeg,2,1185
lungscc4933.jpeg,2,1089
lungscc4934.jpeg,2,1227
lungscc4935.jpeg,2,1223
lungscc4936.jpeg,2,1131
lungscc4937.jpeg,2,1206
lungscc4938.jpeg,2,1182
lungscc4939.jpeg,2,1008
lungscc4942.jpeg,2,1162
lungscc4943.jpeg,2,1127
lungscc4949.jpeg,2,1038
lungscc4952.jpeg,2,1041
lungscc4954.jpeg,2,1043
lungscc4955.jpeg,2,1110
lungscc4956.jpeg,2,1087
lungscc4957.jpeg,2,1031
lungscc4959.jpeg,2,1187
lungscc4960.jpeg,2,1187
lungscc4961.jpeg,2,1166
lungscc4962.jpeg,2,1116
lungscc4965.jpeg,2,1197
lungscc4966.jpeg,2,1163
lungscc4967.jpeg,2,1204
lungscc4971.jpeg,2,1232
lungscc4973.jpeg,2,1186
lungscc4974.jpeg,2,1186
lungscc4975.jpeg,2,1117
lungscc4977.jpeg,2,1047
lungscc4978.jpeg,2,1064
lungscc498.jpeg,2,1058
lungscc4981.jpeg,2,1218
lungscc4982.jpeg,2,1219
lungscc4983.jpeg,2,1237
lungscc4984.jpeg,2,1025
lungscc4985.jpeg,2,1025
lungscc4987.jpeg,2,1119
lungscc4988.jpeg,2,1223
lungscc4989.jpeg,2,1223
lungscc499.jpeg,2,1201
lungscc4990.jpeg,2,1223
lungscc4991.jpeg,2,1060
lungscc4992.jpeg,2,1060
lungscc4993.jpeg,2,1228
lungscc4996.jpeg,2,1127
lungscc4997.jpeg,2,1127
lungscc5.jpeg,2,1144
lungscc50.jpeg,2,1237
lungscc500.jpeg,2,1055
lungscc5000.jpeg,2,1011
lungscc501.jpeg,2,1203
lungscc502.jpeg,2,1240
lungscc503.jpeg,2,1034
lungscc505.jpeg,2,1088
lungscc506.jpeg,2,1042
lungscc507.jpeg,2,1021
lungscc509.jpeg,2,1145
lungscc511.jpeg,2,1001
lungscc512.jpeg,2,1208
lungscc513.jpeg,2,1132
lungscc514.jpeg,2,1174
lungscc515.jpeg,2,1144
lungscc518.jpeg,2,1163
lungscc521.jpeg,2,1231
lungscc524.jpeg,2,998
lungscc526.jpeg,2,1077
lungscc529.jpeg,2,1073
lungscc531.jpeg,2,1027
lungscc532.jpeg,2,1027
lungscc533.jpeg,2,1236
lungscc534.jpeg,2,1092
lungscc536.jpeg,2,1121
lungscc537.jpeg,2,1119
lungscc538.jpeg,2,1227
lungscc54.jpeg,2,1210
lungscc541.jpeg,2,1131
lungscc548.jpeg,2,1002
lungscc55.jpeg,2,1135
lungscc550.jpeg,2,1201
lungscc551.jpeg,2,1055
lungscc552.jpeg,2,1240
lungscc553.jpeg,2,1110
lungscc554.jpeg,2,1156
lungscc556.jpeg,2,1056
lungscc557.jpeg,2,1166
lungscc558.jpeg,2,1071
lungscc559.jpeg,2,1239
lungscc56.jpeg,2,1199
lungscc560.jpeg,2,1049
lungscc561.jpeg,2,1208
lungscc563.jpeg,2,1132
lungscc564.jpeg,2,1132
lungscc565.jpeg,2,1174
lungscc566.jpeg,2,1163
lungscc567.jpeg,2,1013
lungscc568.jpeg,2,1013
lungscc569.jpeg,2,1141
lungscc570.jpeg,2,1141
lungscc571.jpeg,2,1204
lungscc575.jpeg,2,1084
lungscc576.jpeg,2,1084
lungscc579.jpeg,2,1186
lungscc58.jpeg,2,1155
lungscc581.jpeg,2,1117
lungscc583.jpeg,2,1104
lungscc586.jpeg,2,1073
lungscc587.jpeg,2,1027
lungscc588.jpeg,2,1112
lungscc59.jpeg,2,1026
lungscc591.jpeg,2,1012
lungscc593.jpeg,2,1081
lungscc594.jpeg,2,1017
lungscc596.jpeg,2,1237
lungscc598.jpeg,2,1089
lungscc599.jpeg,2,1131
lungscc6.jpeg,2,1019
lungscc600.jpeg,2,1124
lungscc601.jpeg,2,1065
lungscc602.jpeg,2,1054
lungscc603.jpeg,2,1008
lungscc604.jpeg,2,1199
lungscc606.jpeg,2,1151
lungscc609.jpeg,2,1209
lungscc610.jpeg,2,1209
lungscc611.jpeg,2,1209
lungscc613.jpeg,2,1118
lungscc615.jpeg,2,1183
lungscc617.jpeg,2,1030
lungscc618.jpeg,2,1030
lungscc620.jpeg,2,1070
lungscc625.jpeg,2,1201
lungscc626.jpeg,2,1203
lungscc627.jpeg,2,1034
lungscc628.jpeg,2,1088
lungscc629.jpeg,2,1198
lungscc630.jpeg,2,1045
lungscc631.jpeg,2,1220
lungscc632.jpeg,2,1132
lungscc633.jpeg,2,1174
lungscc634.jpeg,2,1141
lungscc635.jpeg,2,1231
lungscc640.jpeg,2,1188
lungscc641.jpeg,2,1188
lungscc646.jpeg,2,1073
lungscc647.jpeg,2,1018
lungscc648.jpeg,2,1018
lungscc649.jpeg,2,1047
lungscc65.jpeg,2,1113
lungscc650.jpeg,2,1193
lungscc651.jpeg,2,1154
lungscc652.jpeg,2,1092
lungscc654.jpeg,2,1185
lungscc657.jpeg,2,1223
lungscc659.jpeg,2,1065
lungscc66.jpeg,2,1030
lungscc663.jpeg,2,1135
lungscc664.jpeg,2,1135
lungscc665.jpeg,2,1009
lungscc668.jpeg,2,1127
lungscc67.jpeg,2,1030
lungscc671.jpeg,2,1136
lungscc672.jpeg,2,1136
lungscc673.jpeg,2,1136
lungscc674.jpeg,2,1094
lungscc676.jpeg,2,1041
lungscc677.jpeg,2,1034
lungscc678.jpeg,2,1031
lungscc68.jpeg,2,1157
lungscc680.jpeg,2,1166
lungscc681.jpeg,2,1245
lungscc682.jpeg,2,1146
lungscc684.jpeg,2,1006
lungscc685.jpeg,2,1049
lungscc686.jpeg,2,1144
lungscc687.jpeg,2,1144
lungscc689.jpeg,2,1214
lungscc69.jpeg,2,1157
lungscc690.jpeg,2,1168
lungscc691.jpeg,2,1231
lungscc692.jpeg,2,1231
lungscc696.jpeg,2,1019
lungscc697.jpeg,2,1019
lungscc698.jpeg,2,1020
lungscc70.jpeg,2,1115
lungscc701.jpeg,2,1101
lungscc702.jpeg,2,1101
lungscc703.jpeg,2,1186
lungscc704.jpeg,2,1134
lungscc705.jpeg,2,1014
lungscc706.jpeg,2,1014
lungscc707.jpeg,2,1188
lungscc711.jpeg,2,1047
lungscc716.jpeg,2,1012
lungscc717.jpeg,2,1133
lungscc718.jpeg,2,1025
lungscc719.jpeg,2,1025
lungscc720.jpeg,2,1139
lungscc721.jpeg,2,1124
lungscc722.jpeg,2,1124
lungscc723.jpeg,2,1065
lungscc724.jpeg,2,1080
lungscc727.jpeg,2,1135
lungscc73.jpeg,2,1041
lungscc730.jpeg,2,1026
lungscc731.jpeg,2,1181
lungscc732.jpeg,2,1225
lungscc733.jpeg,2,1225
lungscc735.jpeg,2,1118
lungscc736.jpeg,2,1216
lungscc737.jpeg,2,1183
lungscc739.jpeg,2,1136
lungscc74.jpeg,2,1041
lungscc740.jpeg,2,1070
lungscc744.jpeg,2,1096
lungscc745.jpeg,2,1096
lungscc749.jpeg,2,1056
lungscc75.jpeg,2,1041
lungscc751.jpeg,2,1150
lungscc752.jpeg,2,1049
lungscc755.jpeg,2,1013
lungscc758.jpeg,2,1123
lungscc762.jpeg,2,1232
lungscc764.jpeg,2,1114
lungscc765.jpeg,2,1125
lungscc766.jpeg,2,1018
lungscc768.jpeg,2,1112
lungscc769.jpeg,2,1092
lungscc77.jpeg,2,1031
lungscc770.jpeg,2,1191
lungscc772.jpeg,2,1017
lungscc773.jpeg,2,1237
lungscc774.jpeg,2,1119
lungscc775.jpeg,2,1089
lungscc776.jpeg,2,1124
lungscc779.jpeg,2,1060
lungscc78.jpeg,2,1088
lungscc780.jpeg,2,1228
lungscc781.jpeg,2,1199
lungscc782.jpeg,2,1155
lungscc783.jpeg,2,1151
lungscc787.jpeg,2,1181
lungscc79.jpeg,2,1198
lungscc790.jpeg,2,1118
lungscc793.jpeg,2,1011
lungscc794.jpeg,2,1059
lungscc798.jpeg,2,1157
lungscc8.jpeg,2,1101
lungscc80.jpeg,2,1211
lungscc800.jpeg,2,1055
lungscc802.jpeg,2,1203
lungscc805.jpeg,2,1098
lungscc806.jpeg,2,1031
lungscc807.jpeg,2,1145
lungscc808.jpeg,2,1056
lungscc809.jpeg,2,1036
lungscc81.jpeg,2,1052
lungscc810.jpeg,2,1202
lungscc812.jpeg,2,1045
lungscc813.jpeg,2,1217
lungscc814.jpeg,2,1001
lungscc815.jpeg,2,1230
lungscc817.jpeg,2,1175
lungscc818.jpeg,2,1197
lungscc819.jpeg,2,1214
lungscc82.jpeg,2,1166
lungscc820.jpeg,2,1013
lungscc821.jpeg,2,998
lungscc822.jpeg,2,1020
lungscc823.jpeg,2,1212
lungscc824.jpeg,2,1232
lungscc825.jpeg,2,1176
lungscc826.jpeg,2,1134
lungscc827.jpeg,2,1014
lungscc828.jpeg,2,1128
lungscc829.jpeg,2,1243
lungscc83.jpeg,2,1245
lungscc830.jpeg,2,1104
lungscc831.jpeg,2,1213
lungscc833.jpeg,2,1073
lungscc835.jpeg,2,1047
lungscc838.jpeg,2,1061
lungscc839.jpeg,2,1025
lungscc84.jpeg,2,1105
lungscc840.jpeg,2,1196
lungscc841.jpeg,2,1196
lungscc844.jpeg,2,1065
lungscc845.jpeg,2,1080
lungscc846.jpeg,2,1135
lungscc847.jpeg,2,1135
lungscc849.jpeg,2,1026
lungscc85.jpeg,2,1197
lungscc850.jpeg,2,1181
lungscc851.jpeg,2,1097
lungscc852.jpeg,2,1108
lungscc855.jpeg,2,1194
lungscc856.jpeg,2,1136
lungscc857.jpeg,2,1157
lungscc858.jpeg,2,1157
lungscc86.jpeg,2,1197
lungscc862.jpeg,2,1058
lungscc863.jpeg,2,999
lungscc864.jpeg,2,999
lungscc865.jpeg,2,1095
lungscc867.jpeg,2,1043
lungscc869.jpeg,2,1029
lungscc870.jpeg,2,1071
lungscc872.jpeg,2,1006
lungscc874.jpeg,2,1230
lungscc875.jpeg,2,1175
lungscc876.jpeg,2,1028
lungscc878.jpeg,2,1134
lungscc879.jpeg,2,1134
lungscc88.jpeg,2,1168
lungscc881.jpeg,2,1243
lungscc883.jpeg,2,1137
lungscc885.jpeg,2,1073
lungscc886.jpeg,2,1018
lungscc888.jpeg,2,1061
lungscc89.jpeg,2,1158
lungscc890.jpeg,2,1112
lungscc891.jpeg,2,1159
lungscc892.jpeg,2,1039
lungscc893.jpeg,2,1076
lungscc894.jpeg,2,1143
lungscc896.jpeg,2,1064
lungscc898.jpeg,2,1196
lungscc901.jpeg,2,1139
lungscc902.jpeg,2,1223
lungscc904.jpeg,2,1206
lungscc905.jpeg,2,1182
lungscc906.jpeg,2,1054
lungscc907.jpeg,2,1009
lungscc909.jpeg,2,1009
lungscc91.jpeg,2,998
lungscc913.jpeg,2,1162
lungscc914.jpeg,2,1120
lungscc92.jpeg,2,1077
lungscc920.jpeg,2,1194
lungscc921.jpeg,2,1059
lungscc922.jpeg,2,1094
lungscc925.jpeg,2,1201
lungscc926.jpeg,2,1055
lungscc927.jpeg,2,1041
lungscc93.jpeg,2,1020
lungscc931.jpeg,2,1203
lungscc934.jpeg,2,1088
lungscc935.jpeg,2,1202
lungscc936.jpeg,2,1146
lungscc938.jpeg,2,1105
lungscc94.jpeg,2,1101
lungscc940.jpeg,2,1217
lungscc942.jpeg,2,1001
lungscc943.jpeg,2,1049
lungscc944.jpeg,2,1230
lungscc945.jpeg,2,1197
lungscc946.jpeg,2,1072
lungscc947.jpeg,2,1214
lungscc948.jpeg,2,1028
lungscc95.jpeg,2,1014
lungscc952.jpeg,2,998
lungscc953.jpeg,2,1176
lungscc956.jpeg,2,1186
lungscc958.jpeg,2,1073
lungscc961.jpeg,2,1112
lungscc966.jpeg,2,1196
lungscc967.jpeg,2,1196
lungscc968.jpeg,2,1223
lungscc97.jpeg,2,1018
lungscc971.jpeg,2,1131
lungscc972.jpeg,2,1060
lungscc973.jpeg,2,1009
lungscc976.jpeg,2,1151
lungscc98.jpeg,2,1018
lungscc980.jpeg,2,1108
lungscc982.jpeg,2,1183
lungscc983.jpeg,2,1201
lungscc984.jpeg,2,1055
lungscc985.jpeg,2,1095
lungscc987.jpeg,2,1074
lungscc988.jpeg,2,1156
lungscc990.jpeg,2,1052
lungscc991.jpeg,2,1166
lungscc992.jpeg,2,1245
lungscc993.jpeg,2,1029
lungscc996.jpeg,2,1242
lungscc997.jpeg,2,1175
lungscc998.jpeg,2,1175
lungscc999.jpeg,2,1149
