filename,label,group_id
lungaca1.jpeg,0,664
lungaca10.jpeg,0,668
lungaca100.jpeg,0,697
lungaca1000.jpeg,0,735
lungaca1001.jpeg,0,727
lungaca1002.jpeg,0,569
lungaca1004.jpeg,0,540
lungaca1005.jpeg,0,530
lungaca1008.jpeg,0,652
lungaca1009.jpeg,0,669
lungaca101.jpeg,0,712
lungaca1010.jpeg,0,669
lungaca1011.jpeg,0,563
lungaca1013.jpeg,0,624
lungaca1014.jpeg,0,689
lungaca1015.jpeg,0,537
lungaca1016.jpeg,0,537
lungaca1019.jpeg,0,601
lungaca102.jpeg,0,597
lungaca1020.jpeg,0,627
lungaca1021.jpeg,0,741
lungaca1026.jpeg,0,645
lungaca1028.jpeg,0,508
lungaca1029.jpeg,0,508
lungaca1031.jpeg,0,671
lungaca1032.jpeg,0,664
lungaca1033.jpeg,0,597
lungaca1036.jpeg,0,738
lungaca1037.jpeg,0,536
lungaca1038.jpeg,0,510
lungaca1041.jpeg,0,641
lungaca1042.jpeg,0,651
lungaca1044.jpeg,0,605
lungaca1045.jpeg,0,691
lungaca1048.jpeg,0,528
lungaca1049.jpeg,0,574
lungaca105.jpeg,0,674
lungaca1050.jpeg,0,594
lungaca1052.jpeg,0,604
lungaca1053.jpeg,0,565
lungaca1054.jpeg,0,569
lungaca1056.jpeg,0,540
lungaca1057.jpeg,0,521
lungaca1058.jpeg,0,731
lungaca1059.jpeg,0,733
lungaca106.jpeg,0,641
lungaca1060.jpeg,0,598
lungaca1061.jpeg,0,724
lungaca1062.jpeg,0,539
lungaca1063.jpeg,0,563
lungaca1064.jpeg,0,550
lungaca1065.jpeg,0,550
lungaca1066.jpeg,0,640
lungaca1067.jpeg,0,640
lungaca1068.jpeg,0,531
lungaca1069.jpeg,0,537
lungaca107.jpeg,0,745
lungaca1070.jpeg,0,706
lungaca1071.jpeg,0,601
lungaca1072.jpeg,0,533
lungaca1073.jpeg,0,583
lungaca1076.jpeg,0,645
lungaca1077.jpeg,0,636
lungaca1079.jpeg,0,657
lungaca1080.jpeg,0,671
lungaca1082.jpeg,0,738
lungaca1083.jpeg,0,648
lungaca1084.jpeg,0,665
lungaca1085.jpeg,0,609
lungaca1086.jpeg,0,736
lungaca1087.jpeg,0,630
lungaca1088.jpeg,0,526
lungaca1089.jpeg,0,718
lungaca1090.jpeg,0,574
lungaca1091.jpeg,0,616
lungaca1092.jpeg,0,551
lungaca1093.jpeg,0,551
lungaca1094.jpeg,0,573
lungaca1095.jpeg,0,565
lungaca1097.jpeg,0,634
lungaca1098.jpeg,0,719
lungaca1099.jpeg,0,633
lungaca11.jpeg,0,630
lungaca110.jpeg,0,718
lungaca1100.jpeg,0,607
lungaca1101.jpeg,0,545
lungaca1102.jpeg,0,529
lungaca1103.jpeg,0,529
lungaca1105.jpeg,0,731
lungaca1106.jpeg,0,524
lungaca1107.jpeg,0,598
lungaca1108.jpeg,0,683
lungaca1109.jpeg,0,527
lungaca1110.jpeg,0,563
lungaca1111.jpeg,0,550
lungaca1112.jpeg,0,550
lungaca1113.jpeg,0,640
lungaca1116.jpeg,0,576
lungaca1117.jpeg,0,523
lungaca1118.jpeg,0,523
lungaca1119.jpeg,0,533
lungaca1122.jpeg,0,603
lungaca1123.jpeg,0,703
lungaca1124.jpeg,0,659
lungaca1125.jpeg,0,659
lungaca1126.jpeg,0,659
lungaca1128.jpeg,0,697
lungaca1129.jpeg,0,664
lungaca113.jpeg,0,551
lungaca1130.jpeg,0,664
lungaca1131.jpeg,0,612
lungaca1132.jpeg,0,534
lungaca1133.jpeg,0,513
lungaca1134.jpeg,0,614
lungaca1135.jpeg,0,559
lungaca1136.jpeg,0,668
lungaca1137.jpeg,0,580
lungaca1139.jpeg,0,691
lungaca114.jpeg,0,685
lungaca1142.jpeg,0,616
lungaca1143.jpeg,0,594
lungaca1145.jpeg,0,726
lungaca1146.jpeg,0,653
lungaca1147.jpeg,0,663
lungaca1149.jpeg,0,573
lungaca115.jpeg,0,685
lungaca1150.jpeg,0,573
lungaca1151.jpeg,0,655
lungaca1152.jpeg,0,634
lungaca1153.jpeg,0,512
lungaca1154.jpeg,0,512
lungaca1155.jpeg,0,633
lungaca1156.jpeg,0,727
lungaca1157.jpeg,0,709
lungaca1158.jpeg,0,732
lungaca1159.jpeg,0,530
lungaca116.jpeg,0,573
lungaca1160.jpeg,0,731
lungaca1161.jpeg,0,643
lungaca1162.jpeg,0,683
lungaca1163.jpeg,0,683
lungaca1164.jpeg,0,714
lungaca1165.jpeg,0,652
lungaca1168.jpeg,0,542
lungaca117.jpeg,0,565
lungaca1170.jpeg,0,569
lungaca1171.jpeg,0,576
lungaca1173.jpeg,0,530
lungaca1174.jpeg,0,618
lungaca1175.jpeg,0,728
lungaca1176.jpeg,0,677
lungaca1178.jpeg,0,627
lungaca1182.jpeg,0,603
lungaca1183.jpeg,0,575
lungaca1184.jpeg,0,657
lungaca1185.jpeg,0,570
lungaca1187.jpeg,0,513
lungaca1188.jpeg,0,648
lungaca1189.jpeg,0,510
lungaca119.jpeg,0,708
lungaca1191.jpeg,0,641
lungaca1192.jpeg,0,611
lungaca1194.jpeg,0,686
lungaca1195.jpeg,0,630
lungaca1196.jpeg,0,630
lungaca1197.jpeg,0,580
lungaca1198.jpeg,0,580
lungaca1199.jpeg,0,605
lungaca12.jpeg,0,554
lungaca120.jpeg,0,727
lungaca1200.jpeg,0,554
lungaca1203.jpeg,0,687
lungaca1204.jpeg,0,687
lungaca1205.jpeg,0,589
lungaca1206.jpeg,0,582
lungaca1207.jpeg,0,573
lungaca1208.jpeg,0,655
lungaca121.jpeg,0,569
lungaca1210.jpeg,0,666
lungaca1211.jpeg,0,666
lungaca1212.jpeg,0,708
lungaca1214.jpeg,0,675
lungaca1215.jpeg,0,675
lungaca1218.jpeg,0,516
lungaca1219.jpeg,0,516
lungaca122.jpeg,0,569
lungaca1220.jpeg,0,521
lungaca1221.jpeg,0,598
lungaca1222.jpeg,0,643
lungaca1223.jpeg,0,600
lungaca1224.jpeg,0,699
lungaca1225.jpeg,0,714
lungaca1226.jpeg,0,558
lungaca1228.jpeg,0,531
lungaca1229.jpeg,0,569
lungaca123.jpeg,0,623
lungaca1230.jpeg,0,728
lungaca1231.jpeg,0,706
lungaca1232.jpeg,0,577
lungaca1233.jpeg,0,688
lungaca1234.jpeg,0,741
lungaca1236.jpeg,0,613
lungaca1238.jpeg,0,562
lungaca1239.jpeg,0,636
lungaca124.jpeg,0,521
lungaca1242.jpeg,0,703
lungaca1245.jpeg,0,649
lungaca1246.jpeg,0,572
lungaca1247.jpeg,0,671
lungaca1248.jpeg,0,671
lungaca1249.jpeg,0,664
lungaca125.jpeg,0,733
lungaca1250.jpeg,0,570
lungaca1252.jpeg,0,510
lungaca1254.jpeg,0,611
lungaca1256.jpeg,0,559
lungaca1257.jpeg,0,736
lungaca1258.jpeg,0,548
lungaca1259.jpeg,0,718
lungaca1260.jpeg,0,718
lungaca1262.jpeg,0,594
lungaca1263.jpeg,0,726
lungaca1264.jpeg,0,653
lungaca1265.jpeg,0,582
lungaca1267.jpeg,0,679
lungaca1268.jpeg,0,675
lungaca1269.jpeg,0,607
lungaca1270.jpeg,0,569
lungaca1273.jpeg,0,590
lungaca1274.jpeg,0,647
lungaca1275.jpeg,0,647
lungaca1276.jpeg,0,733
lungaca1277.jpeg,0,598
lungaca1278.jpeg,0,527
lungaca128.jpeg,0,643
lungaca1280.jpeg,0,550
lungaca1281.jpeg,0,569
lungaca1285.jpeg,0,706
lungaca1286.jpeg,0,617
lungaca1287.jpeg,0,688
lungaca1288.jpeg,0,533
lungaca1289.jpeg,0,741
lungaca129.jpeg,0,739
lungaca1290.jpeg,0,741
lungaca1292.jpeg,0,613
lungaca1297.jpeg,0,511
lungaca1298.jpeg,0,509
lungaca1299.jpeg,0,730
lungaca13.jpeg,0,526
lungaca130.jpeg,0,669
lungaca1300.jpeg,0,730
lungaca1301.jpeg,0,671
lungaca1302.jpeg,0,654
lungaca1303.jpeg,0,654
lungaca1304.jpeg,0,534
lungaca1306.jpeg,0,648
lungaca1307.jpeg,0,510
lungaca1312.jpeg,0,580
lungaca1313.jpeg,0,548
lungaca1316.jpeg,0,616
lungaca1317.jpeg,0,653
lungaca1318.jpeg,0,687
lungaca1319.jpeg,0,695
lungaca132.jpeg,0,558
lungaca1320.jpeg,0,666
lungaca1321.jpeg,0,606
lungaca1324.jpeg,0,607
lungaca1325.jpeg,0,647
lungaca1326.jpeg,0,516
lungaca1327.jpeg,0,516
lungaca1328.jpeg,0,733
lungaca1329.jpeg,0,598
lungaca133.jpeg,0,558
lungaca1332.jpeg,0,600
lungaca1336.jpeg,0,531
lungaca1338.jpeg,0,569
lungaca1339.jpeg,0,689
lungaca1340.jpeg,0,689
lungaca1341.jpeg,0,737
lungaca1342.jpeg,0,530
lungaca1344.jpeg,0,677
lungaca1345.jpeg,0,688
lungaca1346.jpeg,0,688
lungaca1347.jpeg,0,662
lungaca1348.jpeg,0,519
lungaca1353.jpeg,0,524
lungaca1354.jpeg,0,511
lungaca1355.jpeg,0,703
lungaca1356.jpeg,0,659
lungaca136.jpeg,0,569
lungaca1360.jpeg,0,682
lungaca1361.jpeg,0,619
lungaca1362.jpeg,0,681
lungaca1364.jpeg,0,614
lungaca1365.jpeg,0,614
lungaca1368.jpeg,0,630
lungaca1369.jpeg,0,580
lungaca137.jpeg,0,737
lungaca1370.jpeg,0,605
lungaca1373.jpeg,0,528
lungaca1376.jpeg,0,551
lungaca1378.jpeg,0,687
lungaca1379.jpeg,0,721
lungaca138.jpeg,0,523
lungaca1380.jpeg,0,573
lungaca1381.jpeg,0,719
lungaca1382.jpeg,0,679
lungaca1383.jpeg,0,606
lungaca1385.jpeg,0,632
lungaca1386.jpeg,0,521
lungaca1387.jpeg,0,731
lungaca139.jpeg,0,617
lungaca1390.jpeg,0,598
lungaca1391.jpeg,0,643
lungaca1392.jpeg,0,650
lungaca1393.jpeg,0,600
lungaca1394.jpeg,0,739
lungaca1395.jpeg,0,714
lungaca1396.jpeg,0,669
lungaca1397.jpeg,0,563
lungaca1398.jpeg,0,550
lungaca140.jpeg,0,617
lungaca1401.jpeg,0,689
lungaca1402.jpeg,0,567
lungaca1403.jpeg,0,537
lungaca1404.jpeg,0,539
lungaca1405.jpeg,0,530
lungaca1406.jpeg,0,530
lungaca1407.jpeg,0,617
lungaca1408.jpeg,0,696
lungaca1410.jpeg,0,741
lungaca1411.jpeg,0,519
lungaca1413.jpeg,0,546
lungaca1416.jpeg,0,518
lungaca1419.jpeg,0,575
lungaca142.jpeg,0,617
lungaca1421.jpeg,0,671
lungaca1422.jpeg,0,597
lungaca1423.jpeg,0,570
lungaca1428.jpeg,0,609
lungaca1429.jpeg,0,609
lungaca143.jpeg,0,677
lungaca1431.jpeg,0,544
lungaca1433.jpeg,0,605
lungaca1434.jpeg,0,691
lungaca1435.jpeg,0,526
lungaca1438.jpeg,0,528
lungaca1439.jpeg,0,528
lungaca144.jpeg,0,677
lungaca1443.jpeg,0,573
lungaca1444.jpeg,0,666
lungaca1445.jpeg,0,512
lungaca1446.jpeg,0,675
lungaca1449.jpeg,0,545
lungaca1450.jpeg,0,647
lungaca1451.jpeg,0,540
lungaca1452.jpeg,0,670
lungaca1453.jpeg,0,733
lungaca1454.jpeg,0,683
lungaca1455.jpeg,0,563
lungaca1456.jpeg,0,581
lungaca1457.jpeg,0,542
lungaca1458.jpeg,0,624
lungaca146.jpeg,0,637
lungaca1460.jpeg,0,569
lungaca1461.jpeg,0,737
lungaca1462.jpeg,0,737
lungaca1465.jpeg,0,728
lungaca1468.jpeg,0,627
lungaca1469.jpeg,0,741
lungaca1471.jpeg,0,748
lungaca1472.jpeg,0,621
lungaca1473.jpeg,0,602
lungaca1474.jpeg,0,602
lungaca1475.jpeg,0,729
lungaca1478.jpeg,0,649
lungaca1479.jpeg,0,575
lungaca148.jpeg,0,661
lungaca1480.jpeg,0,572
lungaca1481.jpeg,0,572
lungaca1482.jpeg,0,716
lungaca1483.jpeg,0,654
lungaca1485.jpeg,0,738
lungaca1486.jpeg,0,536
lungaca1487.jpeg,0,614
lungaca1489.jpeg,0,668
lungaca149.jpeg,0,511
lungaca1490.jpeg,0,548
lungaca1491.jpeg,0,548
lungaca1496.jpeg,0,726
lungaca1497.jpeg,0,713
lungaca1498.jpeg,0,507
lungaca1499.jpeg,0,512
lungaca1500.jpeg,0,719
lungaca1501.jpeg,0,606
lungaca1502.jpeg,0,633
lungaca1504.jpeg,0,732
lungaca1505.jpeg,0,590
lungaca1508.jpeg,0,623
lungaca1510.jpeg,0,521
lungaca1512.jpeg,0,527
lungaca1513.jpeg,0,527
lungaca1514.jpeg,0,724
lungaca1515.jpeg,0,543
lungaca1516.jpeg,0,539
lungaca1517.jpeg,0,563
lungaca1518.jpeg,0,640
lungaca1519.jpeg,0,567
lungaca152.jpeg,0,518
lungaca1520.jpeg,0,737
lungaca1522.jpeg,0,530
lungaca1528.jpeg,0,546
lungaca1529.jpeg,0,637
lungaca153.jpeg,0,703
lungaca1531.jpeg,0,621
lungaca1532.jpeg,0,661
lungaca1534.jpeg,0,509
lungaca1535.jpeg,0,603
lungaca1538.jpeg,0,575
lungaca1539.jpeg,0,657
lungaca1540.jpeg,0,730
lungaca1541.jpeg,0,730
lungaca1542.jpeg,0,730
lungaca1543.jpeg,0,671
lungaca1544.jpeg,0,697
lungaca1545.jpeg,0,665
lungaca155.jpeg,0,649
lungaca1552.jpeg,0,559
lungaca1553.jpeg,0,559
lungaca1554.jpeg,0,630
lungaca1555.jpeg,0,554
lungaca1556.jpeg,0,548
lungaca1557.jpeg,0,548
lungaca1558.jpeg,0,691
lungaca156.jpeg,0,587
lungaca1561.jpeg,0,528
lungaca1562.jpeg,0,551
lungaca1563.jpeg,0,551
lungaca1564.jpeg,0,663
lungaca1566.jpeg,0,604
lungaca1567.jpeg,0,604
lungaca1569.jpeg,0,685
lungaca157.jpeg,0,572
lungaca1571.jpeg,0,606
lungaca1572.jpeg,0,633
lungaca1573.jpeg,0,545
lungaca1574.jpeg,0,590
lungaca1575.jpeg,0,590
lungaca1576.jpeg,0,540
lungaca1578.jpeg,0,516
lungaca158.jpeg,0,704
lungaca1580.jpeg,0,524
lungaca1581.jpeg,0,646
lungaca1582.jpeg,0,650
lungaca1583.jpeg,0,652
lungaca1584.jpeg,0,652
lungaca1585.jpeg,0,581
lungaca1586.jpeg,0,640
lungaca1589.jpeg,0,737
lungaca159.jpeg,0,664
lungaca1590.jpeg,0,617
lungaca1591.jpeg,0,688
lungaca1592.jpeg,0,627
lungaca1597.jpeg,0,661
lungaca1598.jpeg,0,524
lungaca1599.jpeg,0,703
lungaca16.jpeg,0,616
lungaca160.jpeg,0,612
lungaca1601.jpeg,0,587
lungaca1602.jpeg,0,587
lungaca1603.jpeg,0,587
lungaca1604.jpeg,0,572
lungaca1605.jpeg,0,697
lungaca1606.jpeg,0,654
lungaca1608.jpeg,0,648
lungaca1609.jpeg,0,665
lungaca161.jpeg,0,712
lungaca1614.jpeg,0,574
lungaca1615.jpeg,0,585
lungaca1616.jpeg,0,620
lungaca1617.jpeg,0,582
lungaca1618.jpeg,0,582
lungaca1619.jpeg,0,655
lungaca1621.jpeg,0,708
lungaca1623.jpeg,0,512
lungaca1624.jpeg,0,512
lungaca1625.jpeg,0,512
lungaca1626.jpeg,0,675
lungaca1627.jpeg,0,606
lungaca1628.jpeg,0,633
lungaca1629.jpeg,0,607
lungaca163.jpeg,0,681
lungaca1631.jpeg,0,632
lungaca1632.jpeg,0,529
lungaca1633.jpeg,0,516
lungaca1635.jpeg,0,670
lungaca1636.jpeg,0,598
lungaca1637.jpeg,0,539
lungaca1639.jpeg,0,558
lungaca164.jpeg,0,513
lungaca1641.jpeg,0,542
lungaca1642.jpeg,0,542
lungaca1643.jpeg,0,689
lungaca1644.jpeg,0,689
lungaca1645.jpeg,0,537
lungaca1647.jpeg,0,627
lungaca1648.jpeg,0,627
lungaca1649.jpeg,0,627
lungaca165.jpeg,0,648
lungaca1650.jpeg,0,583
lungaca1651.jpeg,0,667
lungaca1653.jpeg,0,546
lungaca1654.jpeg,0,562
lungaca1655.jpeg,0,636
lungaca166.jpeg,0,648
lungaca1662.jpeg,0,682
lungaca1663.jpeg,0,712
lungaca1665.jpeg,0,597
lungaca1666.jpeg,0,597
lungaca1667.jpeg,0,619
lungaca1668.jpeg,0,619
lungaca1669.jpeg,0,570
lungaca167.jpeg,0,614
lungaca1670.jpeg,0,570
lungaca1672.jpeg,0,648
lungaca1674.jpeg,0,674
lungaca1675.jpeg,0,544
lungaca1676.jpeg,0,736
lungaca1678.jpeg,0,526
lungaca168.jpeg,0,674
lungaca1686.jpeg,0,713
lungaca1687.jpeg,0,713
lungaca1689.jpeg,0,687
lungaca169.jpeg,0,609
lungaca1690.jpeg,0,604
lungaca1691.jpeg,0,620
lungaca1692.jpeg,0,573
lungaca1693.jpeg,0,735
lungaca1694.jpeg,0,675
lungaca1696.jpeg,0,732
lungaca1697.jpeg,0,732
lungaca1698.jpeg,0,545
lungaca17.jpeg,0,585
lungaca1703.jpeg,0,683
lungaca1704.jpeg,0,714
lungaca1705.jpeg,0,714
lungaca1706.jpeg,0,669
lungaca1707.jpeg,0,571
lungaca1709.jpeg,0,618
lungaca1710.jpeg,0,677
lungaca1711.jpeg,0,696
lungaca1712.jpeg,0,662
lungaca1713.jpeg,0,741
lungaca1716.jpeg,0,562
lungaca1717.jpeg,0,562
lungaca1719.jpeg,0,729
lungaca172.jpeg,0,611
lungaca1721.jpeg,0,681
lungaca1722.jpeg,0,614
lungaca1724.jpeg,0,674
lungaca1726.jpeg,0,609
lungaca1727.jpeg,0,611
lungaca1728.jpeg,0,611
lungaca1729.jpeg,0,605
lungaca1731.jpeg,0,528
lungaca1732.jpeg,0,574
lungaca1735.jpeg,0,616
lungaca1736.jpeg,0,551
lungaca1737.jpeg,0,687
lungaca1738.jpeg,0,589
lungaca1739.jpeg,0,620
lungaca174.jpeg,0,745
lungaca1740.jpeg,0,685
lungaca1743.jpeg,0,545
lungaca1744.jpeg,0,647
lungaca1745.jpeg,0,647
lungaca1749.jpeg,0,524
lungaca175.jpeg,0,580
lungaca1750.jpeg,0,707
lungaca1751.jpeg,0,539
lungaca1752.jpeg,0,563
lungaca1753.jpeg,0,581
lungaca1754.jpeg,0,581
lungaca1756.jpeg,0,624
lungaca1758.jpeg,0,569
lungaca1759.jpeg,0,537
lungaca1760.jpeg,0,539
lungaca1761.jpeg,0,737
lungaca1764.jpeg,0,577
lungaca1765.jpeg,0,617
lungaca1766.jpeg,0,662
lungaca1767.jpeg,0,519
lungaca1768.jpeg,0,546
lungaca1769.jpeg,0,645
lungaca177.jpeg,0,594
lungaca1770.jpeg,0,637
lungaca1771.jpeg,0,602
lungaca1773.jpeg,0,524
lungaca1774.jpeg,0,703
lungaca1777.jpeg,0,715
lungaca1779.jpeg,0,704
lungaca178.jpeg,0,726
lungaca1780.jpeg,0,664
lungaca1781.jpeg,0,682
lungaca1782.jpeg,0,534
lungaca1787.jpeg,0,745
lungaca1788.jpeg,0,544
lungaca1789.jpeg,0,691
lungaca179.jpeg,0,663
lungaca1793.jpeg,0,594
lungaca1794.jpeg,0,713
lungaca1795.jpeg,0,604
lungaca1796.jpeg,0,604
lungaca1797.jpeg,0,695
lungaca1798.jpeg,0,695
lungaca1799.jpeg,0,708
lungaca180.jpeg,0,507
lungaca1800.jpeg,0,675
lungaca1802.jpeg,0,569
lungaca1804.jpeg,0,524
lungaca1805.jpeg,0,527
lungaca1806.jpeg,0,699
lungaca1807.jpeg,0,539
lungaca181.jpeg,0,685
lungaca1810.jpeg,0,635
lungaca1811.jpeg,0,539
lungaca1812.jpeg,0,576
lungaca1813.jpeg,0,530
lungaca1815.jpeg,0,577
lungaca1817.jpeg,0,617
lungaca1818.jpeg,0,538
lungaca1819.jpeg,0,538
lungaca182.jpeg,0,695
lungaca1820.jpeg,0,538
lungaca1821.jpeg,0,627
lungaca1822.jpeg,0,562
lungaca1823.jpeg,0,562
lungaca1825.jpeg,0,602
lungaca1826.jpeg,0,602
lungaca1827.jpeg,0,602
lungaca183.jpeg,0,679
lungaca1830.jpeg,0,524
lungaca1831.jpeg,0,508
lungaca1832.jpeg,0,509
lungaca1833.jpeg,0,703
lungaca1836.jpeg,0,649
lungaca1837.jpeg,0,575
lungaca1838.jpeg,0,716
lungaca1839.jpeg,0,716
lungaca184.jpeg,0,735
lungaca1840.jpeg,0,619
lungaca1842.jpeg,0,536
lungaca1843.jpeg,0,641
lungaca1845.jpeg,0,686
lungaca1847.jpeg,0,528
lungaca1848.jpeg,0,574
lungaca1849.jpeg,0,585
lungaca1850.jpeg,0,532
lungaca1851.jpeg,0,687
lungaca1855.jpeg,0,633
lungaca1856.jpeg,0,727
lungaca1859.jpeg,0,632
lungaca1860.jpeg,0,632
lungaca1861.jpeg,0,529
lungaca1862.jpeg,0,647
lungaca1863.jpeg,0,540
lungaca1865.jpeg,0,600
lungaca1866.jpeg,0,707
lungaca1867.jpeg,0,652
lungaca1868.jpeg,0,563
lungaca1869.jpeg,0,581
lungaca187.jpeg,0,545
lungaca1871.jpeg,0,542
lungaca1872.jpeg,0,624
lungaca1874.jpeg,0,635
lungaca1875.jpeg,0,537
lungaca1876.jpeg,0,537
lungaca1877.jpeg,0,539
lungaca1878.jpeg,0,539
lungaca1879.jpeg,0,539
lungaca188.jpeg,0,590
lungaca1880.jpeg,0,618
lungaca1881.jpeg,0,618
lungaca1882.jpeg,0,577
lungaca1883.jpeg,0,601
lungaca1884.jpeg,0,627
lungaca1885.jpeg,0,583
lungaca1886.jpeg,0,667
lungaca1887.jpeg,0,546
lungaca1889.jpeg,0,621
lungaca189.jpeg,0,529
lungaca1890.jpeg,0,602
lungaca1893.jpeg,0,649
lungaca1894.jpeg,0,649
lungaca1895.jpeg,0,575
lungaca1896.jpeg,0,534
lungaca1897.jpeg,0,534
lungaca1898.jpeg,0,597
lungaca1899.jpeg,0,681
lungaca19.jpeg,0,634
lungaca190.jpeg,0,647
lungaca1901.jpeg,0,738
lungaca1902.jpeg,0,513
lungaca1903.jpeg,0,510
lungaca1905.jpeg,0,641
lungaca1906.jpeg,0,641
lungaca1908.jpeg,0,745
lungaca1909.jpeg,0,686
lungaca191.jpeg,0,623
lungaca1911.jpeg,0,554
lungaca1912.jpeg,0,574
lungaca1913.jpeg,0,726
lungaca1914.jpeg,0,585
lungaca1915.jpeg,0,585
lungaca1916.jpeg,0,585
lungaca1917.jpeg,0,663
lungaca1918.jpeg,0,589
lungaca1919.jpeg,0,685
lungaca192.jpeg,0,516
lungaca1920.jpeg,0,573
lungaca1922.jpeg,0,708
lungaca1923.jpeg,0,512
lungaca1926.jpeg,0,623
lungaca1927.jpeg,0,521
lungaca1928.jpeg,0,733
lungaca1929.jpeg,0,524
lungaca1930.jpeg,0,598
lungaca1931.jpeg,0,598
lungaca1932.jpeg,0,683
lungaca1933.jpeg,0,739
lungaca1934.jpeg,0,707
lungaca1935.jpeg,0,550
lungaca1936.jpeg,0,550
lungaca1937.jpeg,0,581
lungaca1938.jpeg,0,542
lungaca194.jpeg,0,598
lungaca1940.jpeg,0,531
lungaca1944.jpeg,0,539
lungaca1945.jpeg,0,530
lungaca1946.jpeg,0,523
lungaca1948.jpeg,0,601
lungaca1949.jpeg,0,662
lungaca195.jpeg,0,683
lungaca1950.jpeg,0,662
lungaca1952.jpeg,0,667
lungaca1954.jpeg,0,562
lungaca1956.jpeg,0,524
lungaca1958.jpeg,0,703
lungaca196.jpeg,0,724
lungaca1961.jpeg,0,587
lungaca1963.jpeg,0,682
lungaca1964.jpeg,0,534
lungaca1968.jpeg,0,651
lungaca197.jpeg,0,707
lungaca1972.jpeg,0,605
lungaca1973.jpeg,0,554
lungaca1975.jpeg,0,653
lungaca1976.jpeg,0,663
lungaca1977.jpeg,0,687
lungaca1978.jpeg,0,687
lungaca1979.jpeg,0,604
lungaca198.jpeg,0,550
lungaca1980.jpeg,0,582
lungaca1981.jpeg,0,565
lungaca1982.jpeg,0,565
lungaca1983.jpeg,0,565
lungaca1984.jpeg,0,565
lungaca1985.jpeg,0,679
lungaca1986.jpeg,0,727
lungaca1987.jpeg,0,632
lungaca1989.jpeg,0,623
lungaca1991.jpeg,0,646
lungaca1994.jpeg,0,600
lungaca1995.jpeg,0,724
lungaca1996.jpeg,0,699
lungaca1997.jpeg,0,714
lungaca1998.jpeg,0,543
lungaca2.jpeg,0,664
lungaca2000.jpeg,0,640
lungaca2001.jpeg,0,558
lungaca2004.jpeg,0,618
lungaca2006.jpeg,0,523
lungaca2007.jpeg,0,706
lungaca2009.jpeg,0,617
lungaca201.jpeg,0,542
lungaca2010.jpeg,0,617
lungaca2011.jpeg,0,688
lungaca2012.jpeg,0,688
lungaca2017.jpeg,0,637
lungaca2018.jpeg,0,508
lungaca2019.jpeg,0,509
lungaca2020.jpeg,0,603
lungaca2021.jpeg,0,659
lungaca2022.jpeg,0,712
lungaca2023.jpeg,0,681
lungaca2024.jpeg,0,738
lungaca2025.jpeg,0,536
lungaca2027.jpeg,0,614
lungaca203.jpeg,0,576
lungaca2031.jpeg,0,544
lungaca2032.jpeg,0,544
lungaca2033.jpeg,0,526
lungaca2038.jpeg,0,713
lungaca2039.jpeg,0,573
lungaca2044.jpeg,0,569
lungaca2045.jpeg,0,545
lungaca2046.jpeg,0,590
lungaca2047.jpeg,0,632
lungaca2048.jpeg,0,632
lungaca205.jpeg,0,577
lungaca2050.jpeg,0,647
lungaca2051.jpeg,0,647
lungaca2053.jpeg,0,530
lungaca2054.jpeg,0,530
lungaca2055.jpeg,0,598
lungaca2056.jpeg,0,714
lungaca2057.jpeg,0,652
lungaca2058.jpeg,0,539
lungaca2059.jpeg,0,563
lungaca2062.jpeg,0,571
lungaca2066.jpeg,0,542
lungaca2067.jpeg,0,624
lungaca2070.jpeg,0,569
lungaca2071.jpeg,0,635
lungaca2072.jpeg,0,537
lungaca2073.jpeg,0,576
lungaca2076.jpeg,0,533
lungaca2077.jpeg,0,741
lungaca208.jpeg,0,533
lungaca2080.jpeg,0,637
lungaca2081.jpeg,0,621
lungaca2082.jpeg,0,621
lungaca2083.jpeg,0,661
lungaca2084.jpeg,0,511
lungaca2085.jpeg,0,572
lungaca2086.jpeg,0,657
lungaca2087.jpeg,0,664
lungaca2088.jpeg,0,597
lungaca2089.jpeg,0,665
lungaca209.jpeg,0,583
lungaca2091.jpeg,0,609
lungaca2092.jpeg,0,544
lungaca2093.jpeg,0,544
lungaca2094.jpeg,0,686
lungaca2095.jpeg,0,736
lungaca2096.jpeg,0,630
lungaca21.jpeg,0,735
lungaca2104.jpeg,0,589
lungaca2105.jpeg,0,685
lungaca2106.jpeg,0,735
lungaca2107.jpeg,0,606
lungaca2108.jpeg,0,633
lungaca2109.jpeg,0,727
lungaca2110.jpeg,0,607
lungaca2111.jpeg,0,569
lungaca2114.jpeg,0,529
lungaca2116.jpeg,0,521
lungaca2117.jpeg,0,731
lungaca2118.jpeg,0,683
lungaca2119.jpeg,0,600
lungaca212.jpeg,0,562
lungaca2120.jpeg,0,739
lungaca2121.jpeg,0,739
lungaca2122.jpeg,0,707
lungaca2123.jpeg,0,707
lungaca2124.jpeg,0,624
lungaca2126.jpeg,0,569
lungaca2129.jpeg,0,601
lungaca213.jpeg,0,748
lungaca2130.jpeg,0,688
lungaca2131.jpeg,0,688
lungaca2132.jpeg,0,538
lungaca2133.jpeg,0,583
lungaca2134.jpeg,0,519
lungaca2137.jpeg,0,603
lungaca2138.jpeg,0,603
lungaca2139.jpeg,0,703
lungaca214.jpeg,0,621
lungaca2141.jpeg,0,575
lungaca2142.jpeg,0,682
lungaca2143.jpeg,0,682
lungaca2144.jpeg,0,597
lungaca2145.jpeg,0,597
lungaca2146.jpeg,0,619
lungaca215.jpeg,0,587
lungaca2150.jpeg,0,674
lungaca2151.jpeg,0,641
lungaca2153.jpeg,0,559
lungaca2154.jpeg,0,551
lungaca2156.jpeg,0,663
lungaca2157.jpeg,0,687
lungaca2158.jpeg,0,589
lungaca2159.jpeg,0,582
lungaca216.jpeg,0,704
lungaca2160.jpeg,0,695
lungaca2161.jpeg,0,565
lungaca2162.jpeg,0,565
lungaca2165.jpeg,0,590
lungaca2169.jpeg,0,598
lungaca217.jpeg,0,716
lungaca2170.jpeg,0,643
lungaca2171.jpeg,0,650
lungaca2172.jpeg,0,600
lungaca2173.jpeg,0,527
lungaca2174.jpeg,0,527
lungaca2175.jpeg,0,707
lungaca2176.jpeg,0,563
lungaca2177.jpeg,0,563
lungaca2178.jpeg,0,550
lungaca2180.jpeg,0,542
lungaca2181.jpeg,0,635
lungaca2182.jpeg,0,618
lungaca2183.jpeg,0,617
lungaca2185.jpeg,0,538
lungaca2188.jpeg,0,636
lungaca2189.jpeg,0,602
lungaca219.jpeg,0,513
lungaca2190.jpeg,0,661
lungaca2194.jpeg,0,518
lungaca2197.jpeg,0,587
lungaca2198.jpeg,0,715
lungaca2200.jpeg,0,682
lungaca2201.jpeg,0,612
lungaca2202.jpeg,0,612
lungaca2203.jpeg,0,534
lungaca2204.jpeg,0,510
lungaca2206.jpeg,0,745
lungaca2207.jpeg,0,736
lungaca2208.jpeg,0,605
lungaca2209.jpeg,0,554
lungaca221.jpeg,0,745
lungaca2210.jpeg,0,718
lungaca2211.jpeg,0,616
lungaca2212.jpeg,0,594
lungaca2213.jpeg,0,585
lungaca2214.jpeg,0,532
lungaca2216.jpeg,0,666
lungaca2217.jpeg,0,708
lungaca2218.jpeg,0,708
lungaca2219.jpeg,0,634
lungaca222.jpeg,0,554
lungaca2224.jpeg,0,647
lungaca2225.jpeg,0,623
lungaca2227.jpeg,0,524
lungaca2228.jpeg,0,524
lungaca2229.jpeg,0,646
lungaca223.jpeg,0,548
lungaca2230.jpeg,0,643
lungaca2231.jpeg,0,650
lungaca2232.jpeg,0,600
lungaca2233.jpeg,0,652
lungaca2234.jpeg,0,652
lungaca2235.jpeg,0,652
lungaca2236.jpeg,0,563
lungaca2237.jpeg,0,550
lungaca2238.jpeg,0,571
lungaca2240.jpeg,0,689
lungaca2241.jpeg,0,530
lungaca2242.jpeg,0,728
lungaca2243.jpeg,0,577
lungaca2245.jpeg,0,688
lungaca2246.jpeg,0,741
lungaca2248.jpeg,0,636
lungaca2249.jpeg,0,748
lungaca225.jpeg,0,554
lungaca2250.jpeg,0,602
lungaca2251.jpeg,0,661
lungaca2252.jpeg,0,509
lungaca2253.jpeg,0,603
lungaca2254.jpeg,0,659
lungaca2257.jpeg,0,649
lungaca2258.jpeg,0,704
lungaca2259.jpeg,0,534
lungaca2260.jpeg,0,681
lungaca2262.jpeg,0,513
lungaca2263.jpeg,0,510
lungaca2267.jpeg,0,559
lungaca2268.jpeg,0,736
lungaca2271.jpeg,0,718
lungaca2272.jpeg,0,574
lungaca2275.jpeg,0,721
lungaca2276.jpeg,0,507
lungaca2277.jpeg,0,565
lungaca2279.jpeg,0,666
lungaca228.jpeg,0,616
lungaca2280.jpeg,0,708
lungaca2281.jpeg,0,634
lungaca2283.jpeg,0,512
lungaca2284.jpeg,0,719
lungaca2286.jpeg,0,590
lungaca2287.jpeg,0,590
lungaca2288.jpeg,0,529
lungaca2289.jpeg,0,530
lungaca2290.jpeg,0,524
lungaca2291.jpeg,0,524
lungaca2292.jpeg,0,643
lungaca2293.jpeg,0,650
lungaca2294.jpeg,0,527
lungaca2295.jpeg,0,652
lungaca2296.jpeg,0,563
lungaca2298.jpeg,0,624
lungaca2299.jpeg,0,531
lungaca230.jpeg,0,532
lungaca2301.jpeg,0,537
lungaca2308.jpeg,0,645
lungaca231.jpeg,0,620
lungaca2312.jpeg,0,602
lungaca2313.jpeg,0,524
lungaca2314.jpeg,0,509
lungaca2316.jpeg,0,659
lungaca2317.jpeg,0,572
lungaca2318.jpeg,0,704
lungaca2319.jpeg,0,671
lungaca2320.jpeg,0,716
lungaca2322.jpeg,0,648
lungaca2323.jpeg,0,674
lungaca2324.jpeg,0,641
lungaca2325.jpeg,0,651
lungaca2326.jpeg,0,611
lungaca2327.jpeg,0,668
lungaca2329.jpeg,0,686
lungaca233.jpeg,0,582
lungaca2330.jpeg,0,554
lungaca2331.jpeg,0,691
lungaca2334.jpeg,0,594
lungaca2335.jpeg,0,713
lungaca2337.jpeg,0,604
lungaca2338.jpeg,0,565
lungaca234.jpeg,0,655
lungaca2340.jpeg,0,634
lungaca2341.jpeg,0,719
lungaca2344.jpeg,0,632
lungaca2345.jpeg,0,623
lungaca2346.jpeg,0,516
lungaca2347.jpeg,0,731
lungaca2348.jpeg,0,731
lungaca2349.jpeg,0,646
lungaca235.jpeg,0,634
lungaca2350.jpeg,0,527
lungaca2351.jpeg,0,527
lungaca2352.jpeg,0,714
lungaca2353.jpeg,0,669
lungaca2354.jpeg,0,571
lungaca2355.jpeg,0,571
lungaca2357.jpeg,0,531
lungaca2358.jpeg,0,569
lungaca2359.jpeg,0,689
lungaca2360.jpeg,0,537
lungaca2362.jpeg,0,737
lungaca2363.jpeg,0,530
lungaca2364.jpeg,0,618
lungaca2365.jpeg,0,618
lungaca2368.jpeg,0,728
lungaca237.jpeg,0,675
lungaca2372.jpeg,0,538
lungaca2376.jpeg,0,562
lungaca2377.jpeg,0,511
lungaca2379.jpeg,0,518
lungaca238.jpeg,0,732
lungaca2382.jpeg,0,704
lungaca2383.jpeg,0,619
lungaca2385.jpeg,0,513
lungaca2386.jpeg,0,513
lungaca2387.jpeg,0,536
lungaca2390.jpeg,0,665
lungaca2392.jpeg,0,674
lungaca2394.jpeg,0,609
lungaca2395.jpeg,0,559
lungaca2396.jpeg,0,691
lungaca24.jpeg,0,598
lungaca2400.jpeg,0,551
lungaca2401.jpeg,0,532
lungaca2402.jpeg,0,721
lungaca2403.jpeg,0,582
lungaca2406.jpeg,0,666
lungaca2408.jpeg,0,719
lungaca2409.jpeg,0,607
lungaca241.jpeg,0,529
lungaca2410.jpeg,0,607
lungaca2412.jpeg,0,545
lungaca2413.jpeg,0,632
lungaca2414.jpeg,0,529
lungaca2415.jpeg,0,529
lungaca2417.jpeg,0,521
lungaca2418.jpeg,0,643
lungaca2419.jpeg,0,650
lungaca2420.jpeg,0,527
lungaca2421.jpeg,0,739
lungaca2422.jpeg,0,543
lungaca2423.jpeg,0,539
lungaca2426.jpeg,0,558
lungaca2429.jpeg,0,689
lungaca243.jpeg,0,623
lungaca2430.jpeg,0,576
lungaca2432.jpeg,0,706
lungaca2433.jpeg,0,706
lungaca2434.jpeg,0,696
lungaca2435.jpeg,0,662
lungaca2436.jpeg,0,538
lungaca244.jpeg,0,540
lungaca2441.jpeg,0,509
lungaca2442.jpeg,0,518
lungaca2444.jpeg,0,572
lungaca2445.jpeg,0,654
lungaca2447.jpeg,0,513
lungaca2448.jpeg,0,648
lungaca2449.jpeg,0,536
lungaca245.jpeg,0,646
lungaca2452.jpeg,0,686
lungaca2455.jpeg,0,554
lungaca2456.jpeg,0,691
lungaca2457.jpeg,0,528
lungaca2458.jpeg,0,574
lungaca2460.jpeg,0,594
lungaca2461.jpeg,0,585
lungaca2462.jpeg,0,532
lungaca2463.jpeg,0,687
lungaca2464.jpeg,0,582
lungaca2465.jpeg,0,573
lungaca2466.jpeg,0,565
lungaca2469.jpeg,0,512
lungaca247.jpeg,0,600
lungaca2471.jpeg,0,632
lungaca2472.jpeg,0,529
lungaca2474.jpeg,0,516
lungaca2475.jpeg,0,731
lungaca2476.jpeg,0,646
lungaca2477.jpeg,0,598
lungaca2478.jpeg,0,724
lungaca2479.jpeg,0,699
lungaca248.jpeg,0,527
lungaca2480.jpeg,0,652
lungaca2481.jpeg,0,539
lungaca2482.jpeg,0,550
lungaca2483.jpeg,0,550
lungaca2484.jpeg,0,569
lungaca2486.jpeg,0,737
lungaca2488.jpeg,0,530
lungaca2489.jpeg,0,577
lungaca249.jpeg,0,714
lungaca2490.jpeg,0,627
lungaca2491.jpeg,0,583
lungaca2497.jpeg,0,603
lungaca2498.jpeg,0,715
lungaca25.jpeg,0,707
lungaca250.jpeg,0,539
lungaca2501.jpeg,0,697
lungaca2502.jpeg,0,682
lungaca2503.jpeg,0,716
lungaca2506.jpeg,0,674
lungaca2508.jpeg,0,641
lungaca2509.jpeg,0,668
lungaca251.jpeg,0,569
lungaca2511.jpeg,0,686
lungaca2512.jpeg,0,630
lungaca2513.jpeg,0,580
lungaca2516.jpeg,0,620
lungaca2517.jpeg,0,573
lungaca2518.jpeg,0,565
lungaca2519.jpeg,0,708
lungaca252.jpeg,0,576
lungaca2521.jpeg,0,512
lungaca2522.jpeg,0,719
lungaca2523.jpeg,0,607
lungaca2524.jpeg,0,569
lungaca2525.jpeg,0,709
lungaca2526.jpeg,0,732
lungaca2527.jpeg,0,545
lungaca2528.jpeg,0,632
lungaca253.jpeg,0,618
lungaca2530.jpeg,0,623
lungaca2531.jpeg,0,524
lungaca2532.jpeg,0,646
lungaca2533.jpeg,0,643
lungaca2536.jpeg,0,669
lungaca2537.jpeg,0,669
lungaca2538.jpeg,0,563
lungaca2539.jpeg,0,550
lungaca254.jpeg,0,538
lungaca2540.jpeg,0,571
lungaca2541.jpeg,0,640
lungaca2542.jpeg,0,531
lungaca2544.jpeg,0,689
lungaca2545.jpeg,0,530
lungaca2546.jpeg,0,617
lungaca2547.jpeg,0,617
lungaca2548.jpeg,0,741
lungaca255.jpeg,0,538
lungaca2552.jpeg,0,546
lungaca2553.jpeg,0,546
lungaca2554.jpeg,0,546
lungaca2556.jpeg,0,508
lungaca2557.jpeg,0,508
lungaca2558.jpeg,0,511
lungaca2559.jpeg,0,703
lungaca256.jpeg,0,627
lungaca2563.jpeg,0,697
lungaca2564.jpeg,0,654
lungaca2565.jpeg,0,534
lungaca2566.jpeg,0,534
lungaca2568.jpeg,0,738
lungaca2569.jpeg,0,536
lungaca257.jpeg,0,741
lungaca2570.jpeg,0,665
lungaca2571.jpeg,0,674
lungaca2572.jpeg,0,609
lungaca2574.jpeg,0,686
lungaca2577.jpeg,0,574
lungaca2578.jpeg,0,713
lungaca2579.jpeg,0,653
lungaca258.jpeg,0,667
lungaca2580.jpeg,0,532
lungaca2582.jpeg,0,620
lungaca2583.jpeg,0,685
lungaca2584.jpeg,0,708
lungaca2585.jpeg,0,708
lungaca2586.jpeg,0,727
lungaca2587.jpeg,0,569
lungaca2589.jpeg,0,590
lungaca259.jpeg,0,613
lungaca2590.jpeg,0,529
lungaca2591.jpeg,0,516
lungaca2592.jpeg,0,731
lungaca2593.jpeg,0,670
lungaca2594.jpeg,0,524
lungaca2595.jpeg,0,643
lungaca2596.jpeg,0,643
lungaca2598.jpeg,0,683
lungaca2599.jpeg,0,683
lungaca26.jpeg,0,669
lungaca260.jpeg,0,613
lungaca2600.jpeg,0,600
lungaca2601.jpeg,0,739
lungaca2602.jpeg,0,581
lungaca2604.jpeg,0,531
lungaca2605.jpeg,0,618
lungaca2607.jpeg,0,523
lungaca2608.jpeg,0,601
lungaca2609.jpeg,0,617
lungaca2610.jpeg,0,627
lungaca2611.jpeg,0,667
lungaca2612.jpeg,0,613
lungaca2614.jpeg,0,636
lungaca2618.jpeg,0,748
lungaca2619.jpeg,0,703
lungaca2620.jpeg,0,649
lungaca2621.jpeg,0,704
lungaca2622.jpeg,0,671
lungaca2623.jpeg,0,697
lungaca2624.jpeg,0,654
lungaca2625.jpeg,0,534
lungaca2626.jpeg,0,597
lungaca2627.jpeg,0,513
lungaca2629.jpeg,0,609
lungaca2630.jpeg,0,641
lungaca2631.jpeg,0,605
lungaca2632.jpeg,0,526
lungaca2634.jpeg,0,718
lungaca2636.jpeg,0,616
lungaca2638.jpeg,0,594
lungaca264.jpeg,0,621
lungaca2640.jpeg,0,687
lungaca2641.jpeg,0,507
lungaca2642.jpeg,0,589
lungaca2643.jpeg,0,620
lungaca2644.jpeg,0,685
lungaca2645.jpeg,0,582
lungaca2646.jpeg,0,573
lungaca2647.jpeg,0,565
lungaca2651.jpeg,0,569
lungaca2653.jpeg,0,545
lungaca2654.jpeg,0,545
lungaca2655.jpeg,0,632
lungaca2658.jpeg,0,643
lungaca2659.jpeg,0,543
lungaca2660.jpeg,0,543
lungaca2661.jpeg,0,563
lungaca2662.jpeg,0,581
lungaca2663.jpeg,0,542
lungaca2665.jpeg,0,531
lungaca2666.jpeg,0,689
lungaca2667.jpeg,0,635
lungaca2669.jpeg,0,618
lungaca267.jpeg,0,511
lungaca2672.jpeg,0,728
lungaca2675.jpeg,0,533
lungaca2678.jpeg,0,613
lungaca2679.jpeg,0,519
lungaca2681.jpeg,0,546
lungaca2682.jpeg,0,562
lungaca2683.jpeg,0,562
lungaca2688.jpeg,0,729
lungaca269.jpeg,0,587
lungaca2690.jpeg,0,697
lungaca2691.jpeg,0,682
lungaca2693.jpeg,0,648
lungaca2694.jpeg,0,648
lungaca2695.jpeg,0,665
lungaca2698.jpeg,0,641
lungaca2699.jpeg,0,641
lungaca2700.jpeg,0,745
lungaca2701.jpeg,0,668
lungaca2702.jpeg,0,736
lungaca2703.jpeg,0,605
lungaca2704.jpeg,0,554
lungaca2705.jpeg,0,616
lungaca2706.jpeg,0,594
lungaca2707.jpeg,0,726
lungaca2709.jpeg,0,653
lungaca271.jpeg,0,730
lungaca2711.jpeg,0,620
lungaca2712.jpeg,0,582
lungaca2713.jpeg,0,565
lungaca2715.jpeg,0,545
lungaca2716.jpeg,0,590
lungaca2717.jpeg,0,540
lungaca2718.jpeg,0,540
lungaca2719.jpeg,0,516
lungaca272.jpeg,0,664
lungaca2720.jpeg,0,670
lungaca2721.jpeg,0,646
lungaca2723.jpeg,0,699
lungaca2724.jpeg,0,543
lungaca2726.jpeg,0,542
lungaca2727.jpeg,0,624
lungaca2728.jpeg,0,624
lungaca2729.jpeg,0,530
lungaca273.jpeg,0,597
lungaca2730.jpeg,0,618
lungaca2732.jpeg,0,601
lungaca2733.jpeg,0,533
lungaca2734.jpeg,0,538
lungaca2735.jpeg,0,741
lungaca2738.jpeg,0,661
lungaca2739.jpeg,0,508
lungaca2741.jpeg,0,715
lungaca2742.jpeg,0,657
lungaca2743.jpeg,0,597
lungaca2746.jpeg,0,665
lungaca2747.jpeg,0,651
lungaca2748.jpeg,0,554
lungaca2749.jpeg,0,554
lungaca2750.jpeg,0,554
lungaca2751.jpeg,0,691
lungaca2752.jpeg,0,574
lungaca2755.jpeg,0,585
lungaca2756.jpeg,0,653
lungaca2757.jpeg,0,532
lungaca2758.jpeg,0,721
lungaca2759.jpeg,0,507
lungaca276.jpeg,0,513
lungaca2761.jpeg,0,735
lungaca2762.jpeg,0,633
lungaca2764.jpeg,0,607
lungaca2765.jpeg,0,569
lungaca2767.jpeg,0,632
lungaca2768.jpeg,0,540
lungaca2769.jpeg,0,516
lungaca277.jpeg,0,536
lungaca2771.jpeg,0,670
lungaca2773.jpeg,0,598
lungaca2774.jpeg,0,652
lungaca2775.jpeg,0,581
lungaca2776.jpeg,0,542
lungaca2777.jpeg,0,542
lungaca2778.jpeg,0,542
lungaca278.jpeg,0,674
lungaca2781.jpeg,0,635
lungaca2782.jpeg,0,537
lungaca2783.jpeg,0,537
lungaca2784.jpeg,0,539
lungaca2786.jpeg,0,728
lungaca2787.jpeg,0,577
lungaca2790.jpeg,0,617
lungaca2791.jpeg,0,696
lungaca2792.jpeg,0,688
lungaca2793.jpeg,0,533
lungaca2794.jpeg,0,583
lungaca2796.jpeg,0,613
lungaca2797.jpeg,0,519
lungaca280.jpeg,0,736
lungaca2802.jpeg,0,518
lungaca2803.jpeg,0,704
lungaca2804.jpeg,0,654
lungaca2805.jpeg,0,597
lungaca2806.jpeg,0,570
lungaca2807.jpeg,0,570
lungaca2809.jpeg,0,536
lungaca2811.jpeg,0,510
lungaca2813.jpeg,0,609
lungaca2814.jpeg,0,641
lungaca2815.jpeg,0,745
lungaca2816.jpeg,0,559
lungaca2817.jpeg,0,736
lungaca2818.jpeg,0,605
lungaca2819.jpeg,0,605
lungaca282.jpeg,0,580
lungaca2820.jpeg,0,691
lungaca2823.jpeg,0,653
lungaca2824.jpeg,0,695
lungaca2825.jpeg,0,634
lungaca2828.jpeg,0,512
lungaca2829.jpeg,0,719
lungaca283.jpeg,0,554
lungaca2830.jpeg,0,679
lungaca2833.jpeg,0,545
lungaca2836.jpeg,0,516
lungaca2838.jpeg,0,643
lungaca2839.jpeg,0,739
lungaca284.jpeg,0,548
lungaca2840.jpeg,0,714
lungaca2841.jpeg,0,543
lungaca2842.jpeg,0,652
lungaca2843.jpeg,0,563
lungaca2846.jpeg,0,567
lungaca2847.jpeg,0,737
lungaca2848.jpeg,0,618
lungaca2849.jpeg,0,728
lungaca2850.jpeg,0,577
lungaca2852.jpeg,0,662
lungaca2854.jpeg,0,533
lungaca2855.jpeg,0,533
lungaca2857.jpeg,0,636
lungaca2858.jpeg,0,621
lungaca2859.jpeg,0,661
lungaca286.jpeg,0,726
lungaca2860.jpeg,0,508
lungaca2861.jpeg,0,511
lungaca2862.jpeg,0,518
lungaca2863.jpeg,0,715
lungaca2864.jpeg,0,572
lungaca2865.jpeg,0,572
lungaca2866.jpeg,0,716
lungaca2867.jpeg,0,570
lungaca2868.jpeg,0,570
lungaca2869.jpeg,0,513
lungaca287.jpeg,0,726
lungaca2870.jpeg,0,665
lungaca2871.jpeg,0,614
lungaca2872.jpeg,0,674
lungaca2873.jpeg,0,651
lungaca2874.jpeg,0,745
lungaca2875.jpeg,0,668
lungaca2877.jpeg,0,580
lungaca2879.jpeg,0,554
lungaca288.jpeg,0,726
lungaca2880.jpeg,0,691
lungaca2881.jpeg,0,526
lungaca2883.jpeg,0,616
lungaca2886.jpeg,0,507
lungaca2887.jpeg,0,604
lungaca2888.jpeg,0,604
lungaca2889.jpeg,0,582
lungaca289.jpeg,0,585
lungaca2890.jpeg,0,708
lungaca2891.jpeg,0,634
lungaca2892.jpeg,0,634
lungaca2894.jpeg,0,675
lungaca2895.jpeg,0,569
lungaca2896.jpeg,0,590
lungaca2897.jpeg,0,529
lungaca2899.jpeg,0,731
lungaca290.jpeg,0,721
lungaca2900.jpeg,0,670
lungaca2901.jpeg,0,524
lungaca2902.jpeg,0,646
lungaca2903.jpeg,0,643
lungaca2904.jpeg,0,600
lungaca2905.jpeg,0,714
lungaca2906.jpeg,0,652
lungaca2907.jpeg,0,652
lungaca2908.jpeg,0,569
lungaca2909.jpeg,0,567
lungaca291.jpeg,0,507
lungaca2910.jpeg,0,728
lungaca2911.jpeg,0,688
lungaca2912.jpeg,0,688
lungaca2913.jpeg,0,533
lungaca2914.jpeg,0,538
lungaca2915.jpeg,0,613
lungaca2916.jpeg,0,636
lungaca2918.jpeg,0,621
lungaca292.jpeg,0,589
lungaca2920.jpeg,0,509
lungaca2921.jpeg,0,518
lungaca2923.jpeg,0,597
lungaca2924.jpeg,0,619
lungaca2925.jpeg,0,681
lungaca2926.jpeg,0,536
lungaca2929.jpeg,0,609
lungaca2930.jpeg,0,611
lungaca2931.jpeg,0,559
lungaca2933.jpeg,0,528
lungaca2936.jpeg,0,726
lungaca2938.jpeg,0,713
lungaca2939.jpeg,0,585
lungaca294.jpeg,0,719
lungaca2941.jpeg,0,604
lungaca2942.jpeg,0,589
lungaca2947.jpeg,0,679
lungaca2949.jpeg,0,727
lungaca295.jpeg,0,735
lungaca2951.jpeg,0,623
lungaca2952.jpeg,0,731
lungaca2953.jpeg,0,670
lungaca2955.jpeg,0,714
lungaca2957.jpeg,0,571
lungaca2958.jpeg,0,581
lungaca296.jpeg,0,633
lungaca2960.jpeg,0,558
lungaca2961.jpeg,0,558
lungaca2962.jpeg,0,689
lungaca2963.jpeg,0,567
lungaca2964.jpeg,0,576
lungaca2965.jpeg,0,576
lungaca2966.jpeg,0,576
lungaca2967.jpeg,0,737
lungaca2968.jpeg,0,523
lungaca2970.jpeg,0,601
lungaca2971.jpeg,0,696
lungaca2972.jpeg,0,696
lungaca2977.jpeg,0,621
lungaca2978.jpeg,0,621
lungaca2979.jpeg,0,729
lungaca298.jpeg,0,709
lungaca2980.jpeg,0,729
lungaca2981.jpeg,0,715
lungaca2982.jpeg,0,715
lungaca2983.jpeg,0,715
lungaca2985.jpeg,0,730
lungaca2987.jpeg,0,612
lungaca2988.jpeg,0,654
lungaca2989.jpeg,0,712
lungaca299.jpeg,0,545
lungaca2992.jpeg,0,648
lungaca2993.jpeg,0,536
lungaca2996.jpeg,0,609
lungaca2998.jpeg,0,668
lungaca2999.jpeg,0,630
lungaca3.jpeg,0,716
lungaca300.jpeg,0,590
lungaca3000.jpeg,0,580
lungaca3002.jpeg,0,554
lungaca3006.jpeg,0,653
lungaca3007.jpeg,0,663
lungaca3008.jpeg,0,663
lungaca3009.jpeg,0,721
lungaca301.jpeg,0,632
lungaca3010.jpeg,0,507
lungaca3012.jpeg,0,606
lungaca3014.jpeg,0,727
lungaca3015.jpeg,0,569
lungaca3017.jpeg,0,732
lungaca3018.jpeg,0,529
lungaca302.jpeg,0,647
lungaca3020.jpeg,0,530
lungaca3022.jpeg,0,683
lungaca3023.jpeg,0,714
lungaca3024.jpeg,0,543
lungaca3025.jpeg,0,550
lungaca3026.jpeg,0,581
lungaca3027.jpeg,0,542
lungaca3029.jpeg,0,576
lungaca3030.jpeg,0,737
lungaca3033.jpeg,0,728
lungaca3035.jpeg,0,601
lungaca3037.jpeg,0,662
lungaca3038.jpeg,0,662
lungaca3040.jpeg,0,741
lungaca3041.jpeg,0,667
lungaca3044.jpeg,0,703
lungaca3046.jpeg,0,715
lungaca3047.jpeg,0,654
lungaca3048.jpeg,0,654
lungaca3049.jpeg,0,614
lungaca305.jpeg,0,521
lungaca3051.jpeg,0,609
lungaca3052.jpeg,0,641
lungaca3053.jpeg,0,651
lungaca3054.jpeg,0,611
lungaca3055.jpeg,0,580
lungaca3056.jpeg,0,691
lungaca306.jpeg,0,524
lungaca3060.jpeg,0,620
lungaca3061.jpeg,0,708
lungaca3062.jpeg,0,735
lungaca3065.jpeg,0,647
lungaca3066.jpeg,0,623
lungaca3067.jpeg,0,516
lungaca3068.jpeg,0,530
lungaca3069.jpeg,0,650
lungaca307.jpeg,0,646
lungaca3070.jpeg,0,652
lungaca3071.jpeg,0,539
lungaca3072.jpeg,0,571
lungaca3075.jpeg,0,635
lungaca3076.jpeg,0,530
lungaca3078.jpeg,0,577
lungaca308.jpeg,0,600
lungaca3081.jpeg,0,538
lungaca3082.jpeg,0,627
lungaca3083.jpeg,0,583
lungaca3089.jpeg,0,603
lungaca3091.jpeg,0,649
lungaca3092.jpeg,0,587
lungaca3093.jpeg,0,572
lungaca3094.jpeg,0,572
lungaca3095.jpeg,0,572
lungaca3096.jpeg,0,612
lungaca3097.jpeg,0,534
lungaca3099.jpeg,0,536
lungaca31.jpeg,0,677
lungaca3101.jpeg,0,536
lungaca3102.jpeg,0,614
lungaca3103.jpeg,0,510
lungaca3105.jpeg,0,641
lungaca3109.jpeg,0,528
lungaca311.jpeg,0,707
lungaca3112.jpeg,0,713
lungaca3113.jpeg,0,604
lungaca3114.jpeg,0,589
lungaca3115.jpeg,0,565
lungaca3116.jpeg,0,666
lungaca3119.jpeg,0,675
lungaca312.jpeg,0,714
lungaca3120.jpeg,0,675
lungaca3121.jpeg,0,606
lungaca3122.jpeg,0,569
lungaca3123.jpeg,0,569
lungaca3125.jpeg,0,529
lungaca3126.jpeg,0,529
lungaca3128.jpeg,0,598
lungaca3129.jpeg,0,683
lungaca313.jpeg,0,543
lungaca3130.jpeg,0,652
lungaca3131.jpeg,0,669
lungaca3135.jpeg,0,537
lungaca3136.jpeg,0,728
lungaca3137.jpeg,0,523
lungaca314.jpeg,0,652
lungaca3140.jpeg,0,662
lungaca3142.jpeg,0,533
lungaca3144.jpeg,0,627
lungaca3145.jpeg,0,741
lungaca3148.jpeg,0,667
lungaca3149.jpeg,0,546
lungaca315.jpeg,0,669
lungaca3150.jpeg,0,645
lungaca3151.jpeg,0,602
lungaca3156.jpeg,0,509
lungaca3158.jpeg,0,657
lungaca3159.jpeg,0,671
lungaca3160.jpeg,0,671
lungaca3162.jpeg,0,619
lungaca3163.jpeg,0,570
lungaca3165.jpeg,0,513
lungaca3166.jpeg,0,513
lungaca3167.jpeg,0,665
lungaca3168.jpeg,0,614
lungaca3169.jpeg,0,510
lungaca3171.jpeg,0,609
lungaca3172.jpeg,0,641
lungaca3176.jpeg,0,528
lungaca3177.jpeg,0,528
lungaca3178.jpeg,0,616
lungaca3180.jpeg,0,653
lungaca3181.jpeg,0,532
lungaca3183.jpeg,0,685
lungaca3184.jpeg,0,582
lungaca3185.jpeg,0,582
lungaca3188.jpeg,0,727
lungaca3189.jpeg,0,569
lungaca319.jpeg,0,635
lungaca3190.jpeg,0,732
lungaca3191.jpeg,0,545
lungaca3193.jpeg,0,647
lungaca3194.jpeg,0,647
lungaca3196.jpeg,0,530
lungaca3197.jpeg,0,670
lungaca3199.jpeg,0,643
lungaca32.jpeg,0,538
lungaca320.jpeg,0,635
lungaca3200.jpeg,0,683
lungaca3201.jpeg,0,650
lungaca3202.jpeg,0,650
lungaca3203.jpeg,0,600
lungaca3204.jpeg,0,699
lungaca3205.jpeg,0,699
lungaca3206.jpeg,0,581
lungaca3207.jpeg,0,581
lungaca3209.jpeg,0,531
lungaca3210.jpeg,0,569
lungaca3211.jpeg,0,737
lungaca3212.jpeg,0,728
lungaca3214.jpeg,0,538
lungaca3215.jpeg,0,519
lungaca3220.jpeg,0,729
lungaca3222.jpeg,0,575
lungaca3223.jpeg,0,572
lungaca3224.jpeg,0,657
lungaca3225.jpeg,0,682
lungaca3226.jpeg,0,716
lungaca3227.jpeg,0,712
lungaca3228.jpeg,0,570
lungaca323.jpeg,0,577
lungaca3231.jpeg,0,665
lungaca3232.jpeg,0,510
lungaca3238.jpeg,0,526
lungaca3239.jpeg,0,526
lungaca324.jpeg,0,533
lungaca3241.jpeg,0,653
lungaca3243.jpeg,0,589
lungaca3244.jpeg,0,655
lungaca3245.jpeg,0,695
lungaca3246.jpeg,0,565
lungaca3247.jpeg,0,666
lungaca3248.jpeg,0,727
lungaca325.jpeg,0,538
lungaca3250.jpeg,0,607
lungaca3251.jpeg,0,607
lungaca3252.jpeg,0,709
lungaca3253.jpeg,0,590
lungaca3254.jpeg,0,540
lungaca3256.jpeg,0,646
lungaca3258.jpeg,0,643
lungaca326.jpeg,0,519
lungaca3260.jpeg,0,527
lungaca3261.jpeg,0,669
lungaca3262.jpeg,0,539
lungaca3263.jpeg,0,542
lungaca3267.jpeg,0,537
lungaca3268.jpeg,0,523
lungaca3270.jpeg,0,538
lungaca3271.jpeg,0,546
lungaca3275.jpeg,0,511
lungaca3277.jpeg,0,603
lungaca3278.jpeg,0,659
lungaca328.jpeg,0,645
lungaca3280.jpeg,0,649
lungaca3281.jpeg,0,730
lungaca3282.jpeg,0,682
lungaca3283.jpeg,0,682
lungaca3284.jpeg,0,716
lungaca3285.jpeg,0,612
lungaca3286.jpeg,0,654
lungaca3288.jpeg,0,611
lungaca3289.jpeg,0,544
lungaca329.jpeg,0,562
lungaca3290.jpeg,0,686
lungaca3292.jpeg,0,605
lungaca3295.jpeg,0,574
lungaca3298.jpeg,0,721
lungaca3299.jpeg,0,604
lungaca33.jpeg,0,583
lungaca3300.jpeg,0,655
lungaca3301.jpeg,0,719
lungaca3302.jpeg,0,719
lungaca3305.jpeg,0,727
lungaca3307.jpeg,0,529
lungaca3308.jpeg,0,529
lungaca3310.jpeg,0,524
lungaca3311.jpeg,0,739
lungaca3312.jpeg,0,714
lungaca3313.jpeg,0,581
lungaca3315.jpeg,0,640
lungaca3316.jpeg,0,558
lungaca3318.jpeg,0,537
lungaca3319.jpeg,0,530
lungaca332.jpeg,0,602
lungaca3320.jpeg,0,530
lungaca3323.jpeg,0,533
lungaca3324.jpeg,0,533
lungaca3325.jpeg,0,533
lungaca3326.jpeg,0,538
lungaca3327.jpeg,0,741
lungaca3328.jpeg,0,637
lungaca3329.jpeg,0,637
lungaca3330.jpeg,0,748
lungaca3333.jpeg,0,729
lungaca3335.jpeg,0,649
lungaca3337.jpeg,0,704
lungaca3338.jpeg,0,664
lungaca3339.jpeg,0,654
lungaca334.jpeg,0,661
lungaca3340.jpeg,0,597
lungaca3341.jpeg,0,738
lungaca3342.jpeg,0,513
lungaca3343.jpeg,0,513
lungaca3344.jpeg,0,614
lungaca3345.jpeg,0,614
lungaca3346.jpeg,0,609
lungaca3347.jpeg,0,609
lungaca3348.jpeg,0,611
lungaca3349.jpeg,0,745
lungaca3352.jpeg,0,544
lungaca3353.jpeg,0,544
lungaca3354.jpeg,0,554
lungaca3355.jpeg,0,554
lungaca3357.jpeg,0,604
lungaca3358.jpeg,0,604
lungaca3359.jpeg,0,565
lungaca336.jpeg,0,509
lungaca3360.jpeg,0,666
lungaca3361.jpeg,0,512
lungaca3362.jpeg,0,735
lungaca3365.jpeg,0,632
lungaca3366.jpeg,0,529
lungaca337.jpeg,0,603
lungaca3370.jpeg,0,699
lungaca3371.jpeg,0,699
lungaca3372.jpeg,0,714
lungaca3373.jpeg,0,539
lungaca3374.jpeg,0,563
lungaca3375.jpeg,0,571
lungaca3376.jpeg,0,640
lungaca3377.jpeg,0,558
lungaca3378.jpeg,0,737
lungaca3379.jpeg,0,677
lungaca338.jpeg,0,603
lungaca3380.jpeg,0,677
lungaca3381.jpeg,0,677
lungaca3383.jpeg,0,662
lungaca3384.jpeg,0,613
lungaca3386.jpeg,0,546
lungaca3387.jpeg,0,562
lungaca339.jpeg,0,659
lungaca3390.jpeg,0,659
lungaca3391.jpeg,0,659
lungaca3394.jpeg,0,587
lungaca3395.jpeg,0,587
lungaca3396.jpeg,0,587
lungaca3397.jpeg,0,572
lungaca3398.jpeg,0,730
lungaca3399.jpeg,0,619
lungaca340.jpeg,0,657
lungaca3401.jpeg,0,513
lungaca3403.jpeg,0,544
lungaca3404.jpeg,0,736
lungaca3405.jpeg,0,736
lungaca3407.jpeg,0,580
lungaca3408.jpeg,0,580
lungaca3409.jpeg,0,548
lungaca341.jpeg,0,671
lungaca3412.jpeg,0,528
lungaca3414.jpeg,0,574
lungaca3417.jpeg,0,663
lungaca3418.jpeg,0,532
lungaca3419.jpeg,0,582
lungaca342.jpeg,0,682
lungaca3421.jpeg,0,708
lungaca3422.jpeg,0,634
lungaca3424.jpeg,0,679
lungaca3425.jpeg,0,675
lungaca3428.jpeg,0,732
lungaca3429.jpeg,0,590
lungaca343.jpeg,0,681
lungaca3434.jpeg,0,623
lungaca3435.jpeg,0,540
lungaca3437.jpeg,0,733
lungaca3438.jpeg,0,733
lungaca3439.jpeg,0,646
lungaca3442.jpeg,0,707
lungaca3443.jpeg,0,640
lungaca3445.jpeg,0,624
lungaca3446.jpeg,0,531
lungaca3449.jpeg,0,567
lungaca3451.jpeg,0,576
lungaca3452.jpeg,0,530
lungaca3453.jpeg,0,618
lungaca3457.jpeg,0,688
lungaca3459.jpeg,0,667
lungaca3461.jpeg,0,562
lungaca3462.jpeg,0,636
lungaca3463.jpeg,0,621
lungaca3464.jpeg,0,661
lungaca3465.jpeg,0,715
lungaca3467.jpeg,0,730
lungaca3468.jpeg,0,664
lungaca3469.jpeg,0,682
lungaca3470.jpeg,0,570
lungaca3473.jpeg,0,536
lungaca3474.jpeg,0,510
lungaca3476.jpeg,0,736
lungaca3477.jpeg,0,630
lungaca348.jpeg,0,745
lungaca3481.jpeg,0,585
lungaca3482.jpeg,0,532
lungaca3483.jpeg,0,721
lungaca3484.jpeg,0,507
lungaca3485.jpeg,0,685
lungaca3487.jpeg,0,634
lungaca3488.jpeg,0,634
lungaca3489.jpeg,0,735
lungaca349.jpeg,0,668
lungaca3490.jpeg,0,633
lungaca3491.jpeg,0,607
lungaca3493.jpeg,0,732
lungaca3494.jpeg,0,590
lungaca3495.jpeg,0,590
lungaca3496.jpeg,0,590
lungaca3499.jpeg,0,516
lungaca3502.jpeg,0,527
lungaca3503.jpeg,0,652
lungaca3505.jpeg,0,640
lungaca3506.jpeg,0,558
lungaca3507.jpeg,0,531
lungaca3509.jpeg,0,635
lungaca351.jpeg,0,605
lungaca3510.jpeg,0,635
lungaca3511.jpeg,0,576
lungaca3512.jpeg,0,737
lungaca3513.jpeg,0,618
lungaca3515.jpeg,0,677
lungaca3517.jpeg,0,688
lungaca3519.jpeg,0,741
lungaca3522.jpeg,0,703
lungaca3523.jpeg,0,649
lungaca3524.jpeg,0,671
lungaca3525.jpeg,0,682
lungaca3526.jpeg,0,612
lungaca3527.jpeg,0,619
lungaca353.jpeg,0,718
lungaca3530.jpeg,0,738
lungaca3531.jpeg,0,665
lungaca3535.jpeg,0,745
lungaca3537.jpeg,0,580
lungaca3538.jpeg,0,554
lungaca354.jpeg,0,718
lungaca3540.jpeg,0,616
lungaca3542.jpeg,0,713
lungaca3545.jpeg,0,507
lungaca3546.jpeg,0,620
lungaca3547.jpeg,0,573
lungaca3548.jpeg,0,573
lungaca3549.jpeg,0,695
lungaca3551.jpeg,0,634
lungaca3553.jpeg,0,633
lungaca3554.jpeg,0,607
lungaca3555.jpeg,0,709
lungaca3556.jpeg,0,516
lungaca3557.jpeg,0,516
lungaca3558.jpeg,0,731
lungaca3559.jpeg,0,731
lungaca356.jpeg,0,528
lungaca3560.jpeg,0,646
lungaca3561.jpeg,0,646
lungaca3562.jpeg,0,598
lungaca3564.jpeg,0,563
lungaca3566.jpeg,0,542
lungaca3567.jpeg,0,567
lungaca3569.jpeg,0,662
lungaca3570.jpeg,0,627
lungaca3575.jpeg,0,645
lungaca3576.jpeg,0,645
lungaca3577.jpeg,0,602
lungaca3578.jpeg,0,509
lungaca358.jpeg,0,574
lungaca3580.jpeg,0,603
lungaca3581.jpeg,0,518
lungaca3582.jpeg,0,703
lungaca3584.jpeg,0,649
lungaca3585.jpeg,0,587
lungaca3586.jpeg,0,704
lungaca3587.jpeg,0,697
lungaca3588.jpeg,0,712
lungaca3589.jpeg,0,712
lungaca359.jpeg,0,616
lungaca3590.jpeg,0,681
lungaca3595.jpeg,0,580
lungaca3596.jpeg,0,554
lungaca3598.jpeg,0,663
lungaca3599.jpeg,0,507
lungaca36.jpeg,0,637
lungaca360.jpeg,0,585
lungaca3600.jpeg,0,589
lungaca3601.jpeg,0,695
lungaca3602.jpeg,0,606
lungaca3603.jpeg,0,727
lungaca3604.jpeg,0,607
lungaca3607.jpeg,0,590
lungaca3608.jpeg,0,529
lungaca3609.jpeg,0,623
lungaca361.jpeg,0,653
lungaca3610.jpeg,0,540
lungaca3612.jpeg,0,516
lungaca3614.jpeg,0,521
lungaca3615.jpeg,0,521
lungaca3616.jpeg,0,521
lungaca3617.jpeg,0,530
lungaca3618.jpeg,0,733
lungaca3619.jpeg,0,733
lungaca362.jpeg,0,604
lungaca3620.jpeg,0,600
lungaca3621.jpeg,0,563
lungaca3623.jpeg,0,542
lungaca3625.jpeg,0,537
lungaca3626.jpeg,0,576
lungaca3627.jpeg,0,530
lungaca3628.jpeg,0,728
lungaca3629.jpeg,0,728
lungaca3630.jpeg,0,617
lungaca3631.jpeg,0,677
lungaca3632.jpeg,0,662
lungaca3633.jpeg,0,533
lungaca3634.jpeg,0,621
lungaca3635.jpeg,0,703
lungaca3636.jpeg,0,659
lungaca3637.jpeg,0,729
lungaca3639.jpeg,0,572
lungaca3640.jpeg,0,572
lungaca3641.jpeg,0,704
lungaca3642.jpeg,0,704
lungaca3643.jpeg,0,654
lungaca3644.jpeg,0,534
lungaca3645.jpeg,0,619
lungaca3647.jpeg,0,665
lungaca365.jpeg,0,666
lungaca3650.jpeg,0,630
lungaca3651.jpeg,0,580
lungaca3652.jpeg,0,526
lungaca3653.jpeg,0,526
lungaca3655.jpeg,0,718
lungaca3656.jpeg,0,594
lungaca3658.jpeg,0,551
lungaca3659.jpeg,0,532
lungaca3661.jpeg,0,604
lungaca3662.jpeg,0,695
lungaca3666.jpeg,0,709
lungaca3667.jpeg,0,590
lungaca367.jpeg,0,569
lungaca3671.jpeg,0,731
lungaca3672.jpeg,0,683
lungaca3673.jpeg,0,683
lungaca3674.jpeg,0,600
lungaca3675.jpeg,0,739
lungaca3676.jpeg,0,707
lungaca3677.jpeg,0,571
lungaca3678.jpeg,0,581
lungaca3680.jpeg,0,558
lungaca3681.jpeg,0,558
lungaca3682.jpeg,0,624
lungaca3683.jpeg,0,635
lungaca3684.jpeg,0,539
lungaca3685.jpeg,0,539
lungaca3686.jpeg,0,737
lungaca3687.jpeg,0,737
lungaca3688.jpeg,0,618
lungaca369.jpeg,0,529
lungaca3691.jpeg,0,577
lungaca3692.jpeg,0,662
lungaca3696.jpeg,0,508
lungaca3697.jpeg,0,509
lungaca3698.jpeg,0,703
lungaca37.jpeg,0,621
lungaca370.jpeg,0,540
lungaca3700.jpeg,0,587
lungaca3701.jpeg,0,575
lungaca3703.jpeg,0,730
lungaca3704.jpeg,0,597
lungaca3705.jpeg,0,513
lungaca3706.jpeg,0,674
lungaca3707.jpeg,0,674
lungaca3708.jpeg,0,611
lungaca3710.jpeg,0,554
lungaca3711.jpeg,0,718
lungaca3712.jpeg,0,528
lungaca3713.jpeg,0,528
lungaca3715.jpeg,0,616
lungaca3716.jpeg,0,585
lungaca3718.jpeg,0,620
lungaca3719.jpeg,0,582
lungaca3720.jpeg,0,655
lungaca3725.jpeg,0,679
lungaca3728.jpeg,0,647
lungaca3729.jpeg,0,623
lungaca373.jpeg,0,739
lungaca3730.jpeg,0,540
lungaca3731.jpeg,0,521
lungaca3732.jpeg,0,670
lungaca3733.jpeg,0,600
lungaca3734.jpeg,0,527
lungaca3735.jpeg,0,699
lungaca3736.jpeg,0,699
lungaca3737.jpeg,0,669
lungaca3738.jpeg,0,563
lungaca3739.jpeg,0,581
lungaca374.jpeg,0,739
lungaca3740.jpeg,0,624
lungaca3742.jpeg,0,567
lungaca3743.jpeg,0,728
lungaca3745.jpeg,0,601
lungaca3748.jpeg,0,667
lungaca3749.jpeg,0,667
lungaca375.jpeg,0,714
lungaca3750.jpeg,0,613
lungaca3756.jpeg,0,661
lungaca3757.jpeg,0,661
lungaca3758.jpeg,0,524
lungaca3759.jpeg,0,508
lungaca376.jpeg,0,714
lungaca3760.jpeg,0,715
lungaca3761.jpeg,0,572
lungaca3762.jpeg,0,682
lungaca3763.jpeg,0,534
lungaca3764.jpeg,0,597
lungaca3765.jpeg,0,597
lungaca377.jpeg,0,669
lungaca3771.jpeg,0,674
lungaca3772.jpeg,0,651
lungaca3773.jpeg,0,611
lungaca3774.jpeg,0,559
lungaca378.jpeg,0,563
lungaca3781.jpeg,0,653
lungaca3783.jpeg,0,573
lungaca3784.jpeg,0,655
lungaca3787.jpeg,0,719
lungaca3789.jpeg,0,569
lungaca379.jpeg,0,563
lungaca3793.jpeg,0,632
lungaca3794.jpeg,0,529
lungaca38.jpeg,0,730
lungaca3800.jpeg,0,539
lungaca3801.jpeg,0,624
lungaca3803.jpeg,0,689
lungaca3804.jpeg,0,635
lungaca3805.jpeg,0,539
lungaca3806.jpeg,0,539
lungaca3807.jpeg,0,530
lungaca3809.jpeg,0,617
lungaca3810.jpeg,0,627
lungaca3811.jpeg,0,627
lungaca3812.jpeg,0,741
lungaca3814.jpeg,0,613
lungaca3817.jpeg,0,636
lungaca3818.jpeg,0,637
lungaca382.jpeg,0,567
lungaca3821.jpeg,0,659
lungaca3822.jpeg,0,575
lungaca3824.jpeg,0,682
lungaca3825.jpeg,0,682
lungaca3826.jpeg,0,654
lungaca3827.jpeg,0,654
lungaca3828.jpeg,0,619
lungaca3829.jpeg,0,614
lungaca3830.jpeg,0,614
lungaca3833.jpeg,0,668
lungaca3834.jpeg,0,544
lungaca3835.jpeg,0,630
lungaca384.jpeg,0,523
lungaca3842.jpeg,0,713
lungaca3844.jpeg,0,653
lungaca3845.jpeg,0,721
lungaca3846.jpeg,0,604
lungaca3847.jpeg,0,695
lungaca385.jpeg,0,577
lungaca3850.jpeg,0,719
lungaca3851.jpeg,0,679
lungaca3852.jpeg,0,675
lungaca3853.jpeg,0,606
lungaca3854.jpeg,0,607
lungaca3855.jpeg,0,590
lungaca3857.jpeg,0,731
lungaca3859.jpeg,0,670
lungaca3860.jpeg,0,524
lungaca3862.jpeg,0,714
lungaca3863.jpeg,0,543
lungaca3864.jpeg,0,550
lungaca3865.jpeg,0,550
lungaca3866.jpeg,0,640
lungaca3869.jpeg,0,542
lungaca3870.jpeg,0,689
lungaca3871.jpeg,0,567
lungaca3872.jpeg,0,530
lungaca3873.jpeg,0,577
lungaca3875.jpeg,0,688
lungaca3876.jpeg,0,627
lungaca3877.jpeg,0,613
lungaca3878.jpeg,0,621
lungaca3879.jpeg,0,602
lungaca388.jpeg,0,667
lungaca3880.jpeg,0,508
lungaca3882.jpeg,0,659
lungaca3885.jpeg,0,657
lungaca3886.jpeg,0,671
lungaca3887.jpeg,0,597
lungaca3888.jpeg,0,570
lungaca3889.jpeg,0,648
lungaca3892.jpeg,0,611
lungaca3893.jpeg,0,559
lungaca3894.jpeg,0,736
lungaca3895.jpeg,0,605
lungaca3897.jpeg,0,726
lungaca3898.jpeg,0,551
lungaca3899.jpeg,0,713
lungaca39.jpeg,0,682
lungaca390.jpeg,0,562
lungaca3901.jpeg,0,721
lungaca3902.jpeg,0,721
lungaca3903.jpeg,0,589
lungaca3904.jpeg,0,589
lungaca3906.jpeg,0,620
lungaca3909.jpeg,0,675
lungaca391.jpeg,0,562
lungaca3910.jpeg,0,633
lungaca3913.jpeg,0,647
lungaca3914.jpeg,0,516
lungaca3915.jpeg,0,530
lungaca3916.jpeg,0,733
lungaca3917.jpeg,0,524
lungaca3918.jpeg,0,598
lungaca3919.jpeg,0,600
lungaca3920.jpeg,0,527
lungaca3921.jpeg,0,699
lungaca3922.jpeg,0,571
lungaca3925.jpeg,0,531
lungaca3926.jpeg,0,635
lungaca3927.jpeg,0,537
lungaca3930.jpeg,0,533
lungaca3931.jpeg,0,583
lungaca3932.jpeg,0,667
lungaca3938.jpeg,0,637
lungaca3939.jpeg,0,603
lungaca3940.jpeg,0,657
lungaca3941.jpeg,0,704
lungaca3942.jpeg,0,712
lungaca3943.jpeg,0,712
lungaca3945.jpeg,0,674
lungaca3947.jpeg,0,580
lungaca3948.jpeg,0,605
lungaca3949.jpeg,0,548
lungaca3952.jpeg,0,574
lungaca3954.jpeg,0,616
lungaca3955.jpeg,0,594
lungaca3957.jpeg,0,653
lungaca3958.jpeg,0,663
lungaca3959.jpeg,0,532
lungaca396.jpeg,0,524
lungaca3960.jpeg,0,507
lungaca3962.jpeg,0,604
lungaca3963.jpeg,0,666
lungaca3964.jpeg,0,735
lungaca3965.jpeg,0,675
lungaca3966.jpeg,0,606
lungaca3967.jpeg,0,606
lungaca3968.jpeg,0,633
lungaca397.jpeg,0,524
lungaca3971.jpeg,0,732
lungaca3972.jpeg,0,545
lungaca3974.jpeg,0,623
lungaca3975.jpeg,0,540
lungaca3976.jpeg,0,540
lungaca3979.jpeg,0,683
lungaca3980.jpeg,0,650
lungaca3982.jpeg,0,581
lungaca3984.jpeg,0,558
lungaca3987.jpeg,0,737
lungaca3988.jpeg,0,523
lungaca3989.jpeg,0,577
lungaca399.jpeg,0,509
lungaca3993.jpeg,0,583
lungaca3995.jpeg,0,667
lungaca3996.jpeg,0,636
lungaca3998.jpeg,0,637
lungaca3999.jpeg,0,621
lungaca4.jpeg,0,665
lungaca4001.jpeg,0,661
lungaca4003.jpeg,0,518
lungaca4005.jpeg,0,730
lungaca4006.jpeg,0,671
lungaca4007.jpeg,0,681
lungaca4008.jpeg,0,536
lungaca4009.jpeg,0,510
lungaca401.jpeg,0,575
lungaca4012.jpeg,0,544
lungaca4015.jpeg,0,528
lungaca4016.jpeg,0,616
lungaca4018.jpeg,0,585
lungaca4019.jpeg,0,532
lungaca402.jpeg,0,575
lungaca4020.jpeg,0,604
lungaca4021.jpeg,0,582
lungaca4022.jpeg,0,695
lungaca4023.jpeg,0,634
lungaca4026.jpeg,0,512
lungaca4027.jpeg,0,735
lungaca4028.jpeg,0,709
lungaca4029.jpeg,0,709
lungaca403.jpeg,0,575
lungaca4030.jpeg,0,545
lungaca4031.jpeg,0,529
lungaca4032.jpeg,0,516
lungaca4033.jpeg,0,670
lungaca4035.jpeg,0,524
lungaca4036.jpeg,0,524
lungaca4037.jpeg,0,598
lungaca4038.jpeg,0,739
lungaca4039.jpeg,0,724
lungaca404.jpeg,0,704
lungaca4040.jpeg,0,543
lungaca4043.jpeg,0,624
lungaca4044.jpeg,0,531
lungaca4047.jpeg,0,577
lungaca4048.jpeg,0,601
lungaca4049.jpeg,0,617
lungaca405.jpeg,0,682
lungaca4051.jpeg,0,662
lungaca4052.jpeg,0,627
lungaca4054.jpeg,0,546
lungaca4055.jpeg,0,645
lungaca4057.jpeg,0,524
lungaca4058.jpeg,0,508
lungaca4059.jpeg,0,659
lungaca406.jpeg,0,534
lungaca4060.jpeg,0,730
lungaca4061.jpeg,0,671
lungaca4062.jpeg,0,697
lungaca4063.jpeg,0,534
lungaca4067.jpeg,0,513
lungaca407.jpeg,0,534
lungaca4072.jpeg,0,609
lungaca4073.jpeg,0,609
lungaca4076.jpeg,0,668
lungaca4077.jpeg,0,548
lungaca4078.jpeg,0,554
lungaca4079.jpeg,0,526
lungaca4080.jpeg,0,526
lungaca4081.jpeg,0,718
lungaca4083.jpeg,0,551
lungaca4084.jpeg,0,585
lungaca4085.jpeg,0,582
lungaca4088.jpeg,0,512
lungaca4089.jpeg,0,719
lungaca409.jpeg,0,738
lungaca4090.jpeg,0,675
lungaca4091.jpeg,0,607
lungaca4092.jpeg,0,529
lungaca4094.jpeg,0,733
lungaca4096.jpeg,0,527
lungaca4097.jpeg,0,669
lungaca41.jpeg,0,665
lungaca410.jpeg,0,510
lungaca4101.jpeg,0,706
lungaca4102.jpeg,0,601
lungaca4103.jpeg,0,533
lungaca4104.jpeg,0,583
lungaca4105.jpeg,0,667
lungaca4108.jpeg,0,562
lungaca4112.jpeg,0,637
lungaca4114.jpeg,0,524
lungaca4115.jpeg,0,509
lungaca4116.jpeg,0,729
lungaca4117.jpeg,0,649
lungaca4118.jpeg,0,587
lungaca4119.jpeg,0,715
lungaca4121.jpeg,0,572
lungaca4122.jpeg,0,671
lungaca4123.jpeg,0,682
lungaca4124.jpeg,0,716
lungaca4125.jpeg,0,612
lungaca4126.jpeg,0,654
lungaca4127.jpeg,0,619
lungaca4128.jpeg,0,570
lungaca4129.jpeg,0,648
lungaca413.jpeg,0,745
lungaca4130.jpeg,0,665
lungaca4131.jpeg,0,614
lungaca4133.jpeg,0,609
lungaca4134.jpeg,0,609
lungaca4137.jpeg,0,559
lungaca4139.jpeg,0,544
lungaca414.jpeg,0,630
lungaca4140.jpeg,0,544
lungaca4141.jpeg,0,554
lungaca4142.jpeg,0,713
lungaca4143.jpeg,0,653
lungaca4144.jpeg,0,532
lungaca4145.jpeg,0,687
lungaca4147.jpeg,0,565
lungaca4150.jpeg,0,666
lungaca4151.jpeg,0,634
lungaca4152.jpeg,0,607
lungaca4154.jpeg,0,709
lungaca4155.jpeg,0,709
lungaca4156.jpeg,0,632
lungaca4161.jpeg,0,669
lungaca4162.jpeg,0,563
lungaca4164.jpeg,0,581
lungaca4167.jpeg,0,531
lungaca4168.jpeg,0,689
lungaca4169.jpeg,0,576
lungaca4170.jpeg,0,618
lungaca4171.jpeg,0,523
lungaca4172.jpeg,0,601
lungaca4173.jpeg,0,617
lungaca4176.jpeg,0,538
lungaca4177.jpeg,0,741
lungaca4178.jpeg,0,613
lungaca4179.jpeg,0,645
lungaca418.jpeg,0,528
lungaca4180.jpeg,0,602
lungaca4181.jpeg,0,508
lungaca4182.jpeg,0,508
lungaca4184.jpeg,0,509
lungaca4186.jpeg,0,659
lungaca4189.jpeg,0,570
lungaca419.jpeg,0,551
lungaca4191.jpeg,0,651
lungaca4193.jpeg,0,686
lungaca4194.jpeg,0,554
lungaca4195.jpeg,0,528
lungaca4196.jpeg,0,594
lungaca4197.jpeg,0,663
lungaca4198.jpeg,0,620
lungaca4199.jpeg,0,620
lungaca4202.jpeg,0,719
lungaca4203.jpeg,0,719
lungaca4205.jpeg,0,545
lungaca4206.jpeg,0,529
lungaca4207.jpeg,0,647
lungaca4208.jpeg,0,540
lungaca4211.jpeg,0,521
lungaca4212.jpeg,0,521
lungaca4213.jpeg,0,524
lungaca4214.jpeg,0,650
lungaca4215.jpeg,0,527
lungaca4216.jpeg,0,527
lungaca4217.jpeg,0,739
lungaca4218.jpeg,0,739
lungaca4219.jpeg,0,669
lungaca422.jpeg,0,589
lungaca4220.jpeg,0,640
lungaca4221.jpeg,0,640
lungaca4224.jpeg,0,569
lungaca4227.jpeg,0,539
lungaca4228.jpeg,0,530
lungaca4229.jpeg,0,706
lungaca423.jpeg,0,655
lungaca4230.jpeg,0,696
lungaca4231.jpeg,0,696
lungaca4232.jpeg,0,662
lungaca4233.jpeg,0,613
lungaca4234.jpeg,0,519
lungaca4235.jpeg,0,621
lungaca4236.jpeg,0,602
lungaca4238.jpeg,0,511
lungaca424.jpeg,0,695
lungaca4240.jpeg,0,603
lungaca4242.jpeg,0,649
lungaca4243.jpeg,0,730
lungaca4244.jpeg,0,730
lungaca4245.jpeg,0,697
lungaca4246.jpeg,0,534
lungaca425.jpeg,0,666
lungaca4251.jpeg,0,614
lungaca4255.jpeg,0,668
lungaca4256.jpeg,0,668
lungaca4258.jpeg,0,691
lungaca426.jpeg,0,606
lungaca4261.jpeg,0,718
lungaca4263.jpeg,0,616
lungaca4264.jpeg,0,653
lungaca4265.jpeg,0,604
lungaca4267.jpeg,0,735
lungaca4268.jpeg,0,633
lungaca427.jpeg,0,727
lungaca4270.jpeg,0,516
lungaca4271.jpeg,0,530
lungaca4272.jpeg,0,733
lungaca4273.jpeg,0,600
lungaca4274.jpeg,0,707
lungaca4278.jpeg,0,531
lungaca4280.jpeg,0,635
lungaca4282.jpeg,0,688
lungaca4283.jpeg,0,533
lungaca4284.jpeg,0,741
lungaca4285.jpeg,0,667
lungaca4286.jpeg,0,645
lungaca4287.jpeg,0,645
lungaca4290.jpeg,0,661
lungaca4292.jpeg,0,703
lungaca4293.jpeg,0,649
lungaca4294.jpeg,0,575
lungaca4295.jpeg,0,715
lungaca4296.jpeg,0,654
lungaca4298.jpeg,0,570
lungaca4299.jpeg,0,681
lungaca4301.jpeg,0,510
lungaca4304.jpeg,0,651
lungaca4306.jpeg,0,668
lungaca4307.jpeg,0,580
lungaca4309.jpeg,0,718
lungaca4311.jpeg,0,594
lungaca4312.jpeg,0,726
lungaca4316.jpeg,0,653
lungaca4317.jpeg,0,604
lungaca4318.jpeg,0,620
lungaca4319.jpeg,0,695
lungaca432.jpeg,0,529
lungaca4320.jpeg,0,695
lungaca4321.jpeg,0,634
lungaca4322.jpeg,0,675
lungaca4323.jpeg,0,727
lungaca4326.jpeg,0,545
lungaca4328.jpeg,0,529
lungaca4330.jpeg,0,524
lungaca4332.jpeg,0,683
lungaca4333.jpeg,0,650
lungaca4334.jpeg,0,699
lungaca4335.jpeg,0,543
lungaca4336.jpeg,0,543
lungaca4337.jpeg,0,539
lungaca4339.jpeg,0,542
lungaca434.jpeg,0,733
lungaca4340.jpeg,0,542
lungaca4341.jpeg,0,624
lungaca4343.jpeg,0,531
lungaca4344.jpeg,0,531
lungaca4345.jpeg,0,737
lungaca4346.jpeg,0,737
lungaca4347.jpeg,0,737
lungaca435.jpeg,0,724
lungaca4350.jpeg,0,696
lungaca4352.jpeg,0,627
lungaca4357.jpeg,0,511
lungaca4358.jpeg,0,518
lungaca436.jpeg,0,699
lungaca4360.jpeg,0,649
lungaca4362.jpeg,0,671
lungaca4363.jpeg,0,716
lungaca4364.jpeg,0,712
lungaca4365.jpeg,0,619
lungaca4366.jpeg,0,681
lungaca4367.jpeg,0,665
lungaca4368.jpeg,0,614
lungaca437.jpeg,0,652
lungaca4371.jpeg,0,651
lungaca4372.jpeg,0,554
lungaca4373.jpeg,0,554
lungaca4374.jpeg,0,526
lungaca4380.jpeg,0,594
lungaca4383.jpeg,0,663
lungaca4385.jpeg,0,721
lungaca4387.jpeg,0,573
lungaca4389.jpeg,0,708
lungaca439.jpeg,0,567
lungaca4390.jpeg,0,634
lungaca4395.jpeg,0,679
lungaca4396.jpeg,0,606
lungaca4397.jpeg,0,732
lungaca440.jpeg,0,635
lungaca4400.jpeg,0,707
lungaca4401.jpeg,0,652
lungaca4402.jpeg,0,640
lungaca4403.jpeg,0,558
lungaca4406.jpeg,0,728
lungaca4408.jpeg,0,662
lungaca4409.jpeg,0,583
lungaca441.jpeg,0,737
lungaca4410.jpeg,0,741
lungaca4411.jpeg,0,519
lungaca4412.jpeg,0,519
lungaca4413.jpeg,0,546
lungaca4414.jpeg,0,748
lungaca4415.jpeg,0,621
lungaca4417.jpeg,0,661
lungaca4418.jpeg,0,524
lungaca4419.jpeg,0,509
lungaca442.jpeg,0,618
lungaca4422.jpeg,0,649
lungaca4423.jpeg,0,657
lungaca4424.jpeg,0,534
lungaca4426.jpeg,0,619
lungaca4431.jpeg,0,559
lungaca4432.jpeg,0,559
lungaca4433.jpeg,0,580
lungaca4434.jpeg,0,548
lungaca4435.jpeg,0,526
lungaca4436.jpeg,0,526
lungaca4437.jpeg,0,528
lungaca4438.jpeg,0,616
lungaca4439.jpeg,0,653
lungaca4440.jpeg,0,663
lungaca4441.jpeg,0,620
lungaca4442.jpeg,0,582
lungaca4445.jpeg,0,606
lungaca4446.jpeg,0,633
lungaca4447.jpeg,0,607
lungaca4448.jpeg,0,607
lungaca4449.jpeg,0,709
lungaca4451.jpeg,0,545
lungaca4452.jpeg,0,623
lungaca4453.jpeg,0,540
lungaca4454.jpeg,0,733
lungaca4455.jpeg,0,539
lungaca4456.jpeg,0,571
lungaca4458.jpeg,0,558
lungaca4463.jpeg,0,601
lungaca4464.jpeg,0,601
lungaca4465.jpeg,0,677
lungaca4467.jpeg,0,533
lungaca4468.jpeg,0,741
lungaca447.jpeg,0,613
lungaca4473.jpeg,0,546
lungaca4474.jpeg,0,636
lungaca4476.jpeg,0,602
lungaca4479.jpeg,0,603
lungaca448.jpeg,0,546
lungaca4480.jpeg,0,518
lungaca4481.jpeg,0,715
lungaca4482.jpeg,0,572
lungaca4483.jpeg,0,657
lungaca4484.jpeg,0,570
lungaca4485.jpeg,0,570
lungaca4487.jpeg,0,745
lungaca4488.jpeg,0,745
lungaca4489.jpeg,0,605
lungaca449.jpeg,0,645
lungaca4490.jpeg,0,554
lungaca4492.jpeg,0,526
lungaca4496.jpeg,0,718
lungaca4497.jpeg,0,616
lungaca4498.jpeg,0,594
lungaca45.jpeg,0,559
lungaca450.jpeg,0,562
lungaca4500.jpeg,0,726
lungaca4501.jpeg,0,663
lungaca4502.jpeg,0,589
lungaca4505.jpeg,0,634
lungaca4507.jpeg,0,679
lungaca4509.jpeg,0,590
lungaca4511.jpeg,0,530
lungaca4512.jpeg,0,530
lungaca4513.jpeg,0,530
lungaca4514.jpeg,0,731
lungaca4515.jpeg,0,733
lungaca4516.jpeg,0,643
lungaca4517.jpeg,0,643
lungaca4518.jpeg,0,669
lungaca452.jpeg,0,748
lungaca4521.jpeg,0,542
lungaca4522.jpeg,0,542
lungaca4523.jpeg,0,537
lungaca4524.jpeg,0,576
lungaca4525.jpeg,0,618
lungaca4526.jpeg,0,523
lungaca4527.jpeg,0,677
lungaca4528.jpeg,0,533
lungaca453.jpeg,0,621
lungaca4532.jpeg,0,562
lungaca4535.jpeg,0,661
lungaca4536.jpeg,0,511
lungaca4537.jpeg,0,511
lungaca4538.jpeg,0,509
lungaca4539.jpeg,0,518
lungaca4542.jpeg,0,697
lungaca4543.jpeg,0,664
lungaca4549.jpeg,0,609
lungaca455.jpeg,0,661
lungaca4551.jpeg,0,651
lungaca4552.jpeg,0,686
lungaca4553.jpeg,0,686
lungaca4554.jpeg,0,548
lungaca4558.jpeg,0,551
lungaca4559.jpeg,0,551
lungaca4560.jpeg,0,687
lungaca4561.jpeg,0,721
lungaca4562.jpeg,0,604
lungaca4563.jpeg,0,573
lungaca4565.jpeg,0,655
lungaca4568.jpeg,0,634
lungaca4569.jpeg,0,634
lungaca4571.jpeg,0,735
lungaca4573.jpeg,0,647
lungaca4574.jpeg,0,540
lungaca4576.jpeg,0,543
lungaca4578.jpeg,0,618
lungaca4579.jpeg,0,577
lungaca458.jpeg,0,649
lungaca4580.jpeg,0,617
lungaca4581.jpeg,0,662
lungaca4583.jpeg,0,533
lungaca4584.jpeg,0,538
lungaca4585.jpeg,0,538
lungaca4587.jpeg,0,519
lungaca4589.jpeg,0,546
lungaca459.jpeg,0,575
lungaca4591.jpeg,0,637
lungaca4594.jpeg,0,661
lungaca4595.jpeg,0,508
lungaca4596.jpeg,0,508
lungaca4597.jpeg,0,603
lungaca4599.jpeg,0,657
lungaca46.jpeg,0,668
lungaca460.jpeg,0,575
lungaca4600.jpeg,0,612
lungaca4601.jpeg,0,597
lungaca4602.jpeg,0,681
lungaca4605.jpeg,0,513
lungaca461.jpeg,0,704
lungaca4611.jpeg,0,641
lungaca4612.jpeg,0,651
lungaca4613.jpeg,0,686
lungaca4614.jpeg,0,736
lungaca4617.jpeg,0,718
lungaca4618.jpeg,0,594
lungaca4619.jpeg,0,653
lungaca462.jpeg,0,704
lungaca4620.jpeg,0,507
lungaca4621.jpeg,0,507
lungaca4623.jpeg,0,666
lungaca4625.jpeg,0,512
lungaca4626.jpeg,0,516
lungaca4627.jpeg,0,516
lungaca4629.jpeg,0,733
lungaca463.jpeg,0,534
lungaca4630.jpeg,0,524
lungaca4631.jpeg,0,600
lungaca4632.jpeg,0,739
lungaca4633.jpeg,0,707
lungaca4634.jpeg,0,543
lungaca4635.jpeg,0,669
lungaca4636.jpeg,0,640
lungaca4638.jpeg,0,569
lungaca464.jpeg,0,712
lungaca4640.jpeg,0,689
lungaca4648.jpeg,0,667
lungaca4653.jpeg,0,511
lungaca4654.jpeg,0,509
lungaca4655.jpeg,0,659
lungaca4656.jpeg,0,659
lungaca4657.jpeg,0,729
lungaca4659.jpeg,0,657
lungaca4660.jpeg,0,682
lungaca4661.jpeg,0,597
lungaca4662.jpeg,0,619
lungaca4663.jpeg,0,570
lungaca4664.jpeg,0,681
lungaca4665.jpeg,0,614
lungaca4667.jpeg,0,641
lungaca4668.jpeg,0,611
lungaca4669.jpeg,0,745
lungaca4670.jpeg,0,559
lungaca4671.jpeg,0,544
lungaca4681.jpeg,0,721
lungaca4682.jpeg,0,582
lungaca4684.jpeg,0,573
lungaca4686.jpeg,0,666
lungaca4688.jpeg,0,719
lungaca4694.jpeg,0,623
lungaca4695.jpeg,0,733
lungaca4696.jpeg,0,733
lungaca4697.jpeg,0,650
lungaca4698.jpeg,0,539
lungaca47.jpeg,0,630
lungaca4702.jpeg,0,640
lungaca4705.jpeg,0,569
lungaca4706.jpeg,0,539
lungaca4708.jpeg,0,688
lungaca471.jpeg,0,554
lungaca4710.jpeg,0,627
lungaca4711.jpeg,0,562
lungaca4712.jpeg,0,562
lungaca4716.jpeg,0,524
lungaca4717.jpeg,0,511
lungaca4720.jpeg,0,587
lungaca4721.jpeg,0,575
lungaca4722.jpeg,0,664
lungaca4724.jpeg,0,612
lungaca4725.jpeg,0,597
lungaca4727.jpeg,0,536
lungaca4729.jpeg,0,609
lungaca4730.jpeg,0,609
lungaca4731.jpeg,0,651
lungaca4735.jpeg,0,718
lungaca4737.jpeg,0,528
lungaca4738.jpeg,0,574
lungaca4740.jpeg,0,726
lungaca4741.jpeg,0,713
lungaca4742.jpeg,0,585
lungaca4743.jpeg,0,589
lungaca4744.jpeg,0,708
lungaca4746.jpeg,0,634
lungaca4747.jpeg,0,719
lungaca4748.jpeg,0,679
lungaca4749.jpeg,0,679
lungaca4750.jpeg,0,679
lungaca4752.jpeg,0,545
lungaca4754.jpeg,0,524
lungaca4756.jpeg,0,643
lungaca4757.jpeg,0,643
lungaca4761.jpeg,0,527
lungaca4763.jpeg,0,699
lungaca4764.jpeg,0,581
lungaca4768.jpeg,0,689
lungaca4769.jpeg,0,567
lungaca477.jpeg,0,653
lungaca4770.jpeg,0,635
lungaca4771.jpeg,0,706
lungaca4773.jpeg,0,662
lungaca4774.jpeg,0,538
lungaca4776.jpeg,0,519
lungaca4779.jpeg,0,730
lungaca478.jpeg,0,604
lungaca4780.jpeg,0,704
lungaca4782.jpeg,0,682
lungaca4785.jpeg,0,534
lungaca4786.jpeg,0,681
lungaca4789.jpeg,0,738
lungaca479.jpeg,0,620
lungaca4791.jpeg,0,510
lungaca4793.jpeg,0,668
lungaca4794.jpeg,0,544
lungaca4795.jpeg,0,580
lungaca4797.jpeg,0,687
lungaca4798.jpeg,0,507
lungaca48.jpeg,0,605
lungaca480.jpeg,0,620
lungaca4800.jpeg,0,573
lungaca4802.jpeg,0,679
lungaca4803.jpeg,0,675
lungaca4804.jpeg,0,606
lungaca4805.jpeg,0,727
lungaca4806.jpeg,0,607
lungaca4808.jpeg,0,545
lungaca4809.jpeg,0,545
lungaca4813.jpeg,0,623
lungaca4815.jpeg,0,530
lungaca4816.jpeg,0,670
lungaca4817.jpeg,0,524
lungaca4818.jpeg,0,524
lungaca482.jpeg,0,695
lungaca4820.jpeg,0,600
lungaca4821.jpeg,0,669
lungaca4825.jpeg,0,530
lungaca4827.jpeg,0,577
lungaca4828.jpeg,0,601
lungaca4829.jpeg,0,601
lungaca4830.jpeg,0,617
lungaca4832.jpeg,0,519
lungaca4833.jpeg,0,645
lungaca4834.jpeg,0,621
lungaca4835.jpeg,0,621
lungaca4836.jpeg,0,518
lungaca4837.jpeg,0,729
lungaca4838.jpeg,0,729
lungaca4839.jpeg,0,572
lungaca4841.jpeg,0,697
lungaca4842.jpeg,0,612
lungaca4843.jpeg,0,597
lungaca4844.jpeg,0,619
lungaca4845.jpeg,0,536
lungaca4847.jpeg,0,614
lungaca4849.jpeg,0,609
lungaca485.jpeg,0,545
lungaca4850.jpeg,0,611
lungaca4851.jpeg,0,544
lungaca4853.jpeg,0,554
lungaca4854.jpeg,0,526
lungaca4857.jpeg,0,551
lungaca4858.jpeg,0,653
lungaca4859.jpeg,0,663
lungaca4861.jpeg,0,687
lungaca4862.jpeg,0,604
lungaca4868.jpeg,0,647
lungaca487.jpeg,0,516
lungaca4870.jpeg,0,521
lungaca4871.jpeg,0,521
lungaca4872.jpeg,0,598
lungaca4873.jpeg,0,739
lungaca4874.jpeg,0,652
lungaca4875.jpeg,0,669
lungaca4877.jpeg,0,576
lungaca4879.jpeg,0,617
lungaca488.jpeg,0,670
lungaca4880.jpeg,0,688
lungaca4883.jpeg,0,546
lungaca4884.jpeg,0,637
lungaca4885.jpeg,0,661
lungaca4888.jpeg,0,518
lungaca4889.jpeg,0,729
lungaca489.jpeg,0,643
lungaca4890.jpeg,0,729
lungaca4891.jpeg,0,587
lungaca4892.jpeg,0,575
lungaca4893.jpeg,0,715
lungaca4895.jpeg,0,657
lungaca4896.jpeg,0,697
lungaca4897.jpeg,0,682
lungaca4898.jpeg,0,534
lungaca4901.jpeg,0,513
lungaca4905.jpeg,0,611
lungaca4907.jpeg,0,686
lungaca4908.jpeg,0,528
lungaca491.jpeg,0,650
lungaca4910.jpeg,0,594
lungaca4911.jpeg,0,713
lungaca4912.jpeg,0,532
lungaca4913.jpeg,0,507
lungaca4914.jpeg,0,604
lungaca4915.jpeg,0,573
lungaca4916.jpeg,0,655
lungaca4917.jpeg,0,655
lungaca492.jpeg,0,739
lungaca4920.jpeg,0,679
lungaca4921.jpeg,0,606
lungaca4922.jpeg,0,633
lungaca4926.jpeg,0,647
lungaca4928.jpeg,0,646
lungaca4929.jpeg,0,724
lungaca493.jpeg,0,699
lungaca4930.jpeg,0,707
lungaca4931.jpeg,0,669
lungaca4932.jpeg,0,539
lungaca4933.jpeg,0,571
lungaca4934.jpeg,0,571
lungaca4937.jpeg,0,567
lungaca4938.jpeg,0,523
lungaca4939.jpeg,0,677
lungaca494.jpeg,0,539
lungaca4940.jpeg,0,662
lungaca4941.jpeg,0,533
lungaca4945.jpeg,0,602
lungaca4947.jpeg,0,518
lungaca4949.jpeg,0,659
lungaca495.jpeg,0,640
lungaca4950.jpeg,0,649
lungaca4951.jpeg,0,575
lungaca4953.jpeg,0,534
lungaca4954.jpeg,0,712
lungaca4956.jpeg,0,738
lungaca4958.jpeg,0,614
lungaca496.jpeg,0,558
lungaca4960.jpeg,0,668
lungaca4963.jpeg,0,580
lungaca4964.jpeg,0,580
lungaca4965.jpeg,0,554
lungaca4970.jpeg,0,589
lungaca4971.jpeg,0,685
lungaca4975.jpeg,0,529
lungaca4976.jpeg,0,647
lungaca4977.jpeg,0,724
lungaca4979.jpeg,0,543
lungaca4981.jpeg,0,640
lungaca4982.jpeg,0,624
lungaca4983.jpeg,0,689
lungaca4984.jpeg,0,530
lungaca4987.jpeg,0,728
lungaca499.jpeg,0,537
lungaca4991.jpeg,0,533
lungaca4992.jpeg,0,538
lungaca4993.jpeg,0,519
lungaca4994.jpeg,0,621
lungaca4995.jpeg,0,524
lungaca4997.jpeg,0,575
lungaca4998.jpeg,0,715
lungaca4999.jpeg,0,657
lungaca5.jpeg,0,614
lungaca50.jpeg,0,528
lungaca500.jpeg,0,576
lungaca5000.jpeg,0,657
lungaca501.jpeg,0,530
lungaca502.jpeg,0,601
lungaca503.jpeg,0,696
lungaca504.jpeg,0,741
lungaca507.jpeg,0,613
lungaca508.jpeg,0,645
lungaca509.jpeg,0,562
lungaca511.jpeg,0,637
lungaca512.jpeg,0,621
lungaca514.jpeg,0,511
lungaca517.jpeg,0,704
lungaca518.jpeg,0,654
lungaca519.jpeg,0,570
lungaca521.jpeg,0,738
lungaca522.jpeg,0,614
lungaca523.jpeg,0,510
lungaca525.jpeg,0,674
lungaca526.jpeg,0,668
lungaca528.jpeg,0,554
lungaca53.jpeg,0,594
lungaca536.jpeg,0,512
lungaca537.jpeg,0,719
lungaca538.jpeg,0,719
lungaca54.jpeg,0,585
lungaca541.jpeg,0,732
lungaca543.jpeg,0,632
lungaca544.jpeg,0,647
lungaca546.jpeg,0,530
lungaca547.jpeg,0,724
lungaca548.jpeg,0,669
lungaca55.jpeg,0,685
lungaca552.jpeg,0,558
lungaca553.jpeg,0,624
lungaca554.jpeg,0,624
lungaca558.jpeg,0,569
lungaca559.jpeg,0,569
lungaca56.jpeg,0,655
lungaca561.jpeg,0,737
lungaca564.jpeg,0,728
lungaca565.jpeg,0,654
lungaca567.jpeg,0,677
lungaca569.jpeg,0,662
lungaca57.jpeg,0,695
lungaca570.jpeg,0,741
lungaca573.jpeg,0,587
lungaca574.jpeg,0,572
lungaca575.jpeg,0,704
lungaca576.jpeg,0,534
lungaca577.jpeg,0,681
lungaca58.jpeg,0,512
lungaca581.jpeg,0,648
lungaca582.jpeg,0,614
lungaca586.jpeg,0,609
lungaca587.jpeg,0,651
lungaca588.jpeg,0,611
lungaca589.jpeg,0,611
lungaca59.jpeg,0,679
lungaca595.jpeg,0,604
lungaca597.jpeg,0,620
lungaca598.jpeg,0,735
lungaca599.jpeg,0,735
lungaca600.jpeg,0,675
lungaca601.jpeg,0,607
lungaca604.jpeg,0,590
lungaca605.jpeg,0,529
lungaca607.jpeg,0,521
lungaca608.jpeg,0,731
lungaca609.jpeg,0,731
lungaca610.jpeg,0,650
lungaca611.jpeg,0,699
lungaca612.jpeg,0,652
lungaca616.jpeg,0,531
lungaca618.jpeg,0,737
lungaca620.jpeg,0,688
lungaca621.jpeg,0,662
lungaca622.jpeg,0,533
lungaca623.jpeg,0,538
lungaca624.jpeg,0,627
lungaca625.jpeg,0,583
lungaca63.jpeg,0,623
lungaca630.jpeg,0,621
lungaca633.jpeg,0,509
lungaca634.jpeg,0,603
lungaca635.jpeg,0,659
lungaca638.jpeg,0,587
lungaca639.jpeg,0,715
lungaca64.jpeg,0,516
lungaca641.jpeg,0,682
lungaca642.jpeg,0,682
lungaca643.jpeg,0,654
lungaca644.jpeg,0,570
lungaca646.jpeg,0,738
lungaca647.jpeg,0,536
lungaca648.jpeg,0,641
lungaca65.jpeg,0,646
lungaca650.jpeg,0,544
lungaca651.jpeg,0,630
lungaca652.jpeg,0,554
lungaca655.jpeg,0,594
lungaca656.jpeg,0,685
lungaca659.jpeg,0,679
lungaca66.jpeg,0,739
lungaca660.jpeg,0,735
lungaca661.jpeg,0,607
lungaca662.jpeg,0,569
lungaca663.jpeg,0,709
lungaca669.jpeg,0,646
lungaca670.jpeg,0,683
lungaca672.jpeg,0,600
lungaca673.jpeg,0,543
lungaca674.jpeg,0,581
lungaca675.jpeg,0,539
lungaca676.jpeg,0,576
lungaca677.jpeg,0,737
lungaca678.jpeg,0,706
lungaca679.jpeg,0,577
lungaca68.jpeg,0,539
lungaca681.jpeg,0,688
lungaca683.jpeg,0,583
lungaca684.jpeg,0,583
lungaca685.jpeg,0,741
lungaca688.jpeg,0,645
lungaca69.jpeg,0,563
lungaca692.jpeg,0,518
lungaca695.jpeg,0,587
lungaca696.jpeg,0,575
lungaca697.jpeg,0,704
lungaca698.jpeg,0,612
lungaca699.jpeg,0,597
lungaca70.jpeg,0,563
lungaca701.jpeg,0,738
lungaca702.jpeg,0,614
lungaca703.jpeg,0,510
lungaca704.jpeg,0,609
lungaca705.jpeg,0,641
lungaca707.jpeg,0,611
lungaca709.jpeg,0,585
lungaca71.jpeg,0,567
lungaca710.jpeg,0,653
lungaca711.jpeg,0,532
lungaca715.jpeg,0,620
lungaca716.jpeg,0,620
lungaca717.jpeg,0,695
lungaca72.jpeg,0,576
lungaca720.jpeg,0,708
lungaca721.jpeg,0,634
lungaca723.jpeg,0,633
lungaca727.jpeg,0,724
lungaca728.jpeg,0,707
lungaca729.jpeg,0,714
lungaca73.jpeg,0,728
lungaca730.jpeg,0,571
lungaca731.jpeg,0,558
lungaca735.jpeg,0,530
lungaca736.jpeg,0,618
lungaca737.jpeg,0,706
lungaca738.jpeg,0,662
lungaca739.jpeg,0,583
lungaca74.jpeg,0,728
lungaca740.jpeg,0,583
lungaca742.jpeg,0,546
lungaca743.jpeg,0,636
lungaca747.jpeg,0,649
lungaca748.jpeg,0,587
lungaca75.jpeg,0,577
lungaca750.jpeg,0,572
lungaca751.jpeg,0,697
lungaca752.jpeg,0,570
lungaca753.jpeg,0,681
lungaca754.jpeg,0,614
lungaca758.jpeg,0,609
lungaca760.jpeg,0,745
lungaca761.jpeg,0,559
lungaca762.jpeg,0,559
lungaca763.jpeg,0,736
lungaca764.jpeg,0,554
lungaca765.jpeg,0,554
lungaca766.jpeg,0,526
lungaca769.jpeg,0,551
lungaca771.jpeg,0,687
lungaca772.jpeg,0,687
lungaca775.jpeg,0,708
lungaca776.jpeg,0,607
lungaca777.jpeg,0,647
lungaca78.jpeg,0,688
lungaca780.jpeg,0,643
lungaca781.jpeg,0,650
lungaca782.jpeg,0,724
lungaca783.jpeg,0,707
lungaca784.jpeg,0,569
lungaca786.jpeg,0,567
lungaca787.jpeg,0,567
lungaca788.jpeg,0,567
lungaca789.jpeg,0,635
lungaca79.jpeg,0,662
lungaca790.jpeg,0,539
lungaca795.jpeg,0,688
lungaca796.jpeg,0,662
lungaca797.jpeg,0,538
lungaca798.jpeg,0,583
lungaca800.jpeg,0,621
lungaca801.jpeg,0,661
lungaca805.jpeg,0,664
lungaca806.jpeg,0,712
lungaca809.jpeg,0,648
lungaca810.jpeg,0,648
lungaca811.jpeg,0,648
lungaca812.jpeg,0,651
lungaca813.jpeg,0,611
lungaca816.jpeg,0,554
lungaca818.jpeg,0,691
lungaca824.jpeg,0,551
lungaca825.jpeg,0,532
lungaca826.jpeg,0,573
lungaca827.jpeg,0,655
lungaca83.jpeg,0,621
lungaca831.jpeg,0,606
lungaca832.jpeg,0,633
lungaca834.jpeg,0,590
lungaca835.jpeg,0,590
lungaca839.jpeg,0,524
lungaca84.jpeg,0,602
lungaca840.jpeg,0,683
lungaca841.jpeg,0,550
lungaca842.jpeg,0,542
lungaca844.jpeg,0,531
lungaca846.jpeg,0,737
lungaca849.jpeg,0,583
lungaca850.jpeg,0,741
lungaca851.jpeg,0,519
lungaca852.jpeg,0,546
lungaca855.jpeg,0,661
lungaca86.jpeg,0,508
lungaca860.jpeg,0,649
lungaca861.jpeg,0,575
lungaca863.jpeg,0,681
lungaca864.jpeg,0,738
lungaca868.jpeg,0,668
lungaca869.jpeg,0,605
lungaca87.jpeg,0,511
lungaca870.jpeg,0,691
lungaca871.jpeg,0,691
lungaca872.jpeg,0,528
lungaca874.jpeg,0,551
lungaca875.jpeg,0,721
lungaca876.jpeg,0,573
lungaca877.jpeg,0,695
lungaca878.jpeg,0,565
lungaca88.jpeg,0,511
lungaca880.jpeg,0,666
lungaca881.jpeg,0,512
lungaca882.jpeg,0,606
lungaca883.jpeg,0,709
lungaca884.jpeg,0,545
lungaca885.jpeg,0,545
lungaca886.jpeg,0,590
lungaca888.jpeg,0,516
lungaca891.jpeg,0,524
lungaca892.jpeg,0,739
lungaca893.jpeg,0,724
lungaca894.jpeg,0,699
lungaca895.jpeg,0,543
lungaca896.jpeg,0,542
lungaca898.jpeg,0,689
lungaca899.jpeg,0,567
lungaca9.jpeg,0,609
lungaca90.jpeg,0,603
lungaca900.jpeg,0,635
lungaca901.jpeg,0,576
lungaca903.jpeg,0,728
lungaca904.jpeg,0,601
lungaca905.jpeg,0,538
lungaca908.jpeg,0,519
lungaca909.jpeg,0,519
lungaca91.jpeg,0,603
lungaca910.jpeg,0,562
lungaca913.jpeg,0,602
lungaca914.jpeg,0,602
lungaca916.jpeg,0,659
lungaca919.jpeg,0,587
lungaca920.jpeg,0,575
lungaca921.jpeg,0,657
lungaca922.jpeg,0,664
lungaca923.jpeg,0,664
lungaca924.jpeg,0,654
lungaca925.jpeg,0,614
lungaca926.jpeg,0,510
lungaca928.jpeg,0,745
lungaca929.jpeg,0,668
lungaca934.jpeg,0,726
lungaca938.jpeg,0,589
lungaca94.jpeg,0,703
lungaca940.jpeg,0,655
lungaca941.jpeg,0,565
lungaca942.jpeg,0,666
lungaca944.jpeg,0,512
lungaca945.jpeg,0,512
lungaca946.jpeg,0,727
lungaca948.jpeg,0,709
lungaca949.jpeg,0,529
lungaca95.jpeg,0,649
lungaca951.jpeg,0,650
lungaca952.jpeg,0,600
lungaca953.jpeg,0,669
lungaca954.jpeg,0,563
lungaca955.jpeg,0,542
lungaca956.jpeg,0,542
lungaca959.jpeg,0,689
lungaca96.jpeg,0,587
lungaca960.jpeg,0,689
lungaca961.jpeg,0,737
lungaca963.jpeg,0,618
lungaca965.jpeg,0,728
lungaca967.jpeg,0,696
lungaca970.jpeg,0,621
lungaca971.jpeg,0,508
lungaca975.jpeg,0,657
lungaca976.jpeg,0,619
lungaca977.jpeg,0,570
lungaca98.jpeg,0,657
lungaca983.jpeg,0,651
lungaca985.jpeg,0,668
lungaca986.jpeg,0,668
lungaca987.jpeg,0,544
lungaca988.jpeg,0,686
lungaca99.jpeg,0,704
lungaca995.jpeg,0,551
lungaca996.jpeg,0,687
lungaca997.jpeg,0,604
lungaca998.jpeg,0,582
lungaca999.jpeg,0,719
lungn1000.jpeg,1,823
lungn1003.jpeg,1,866
lungn1004.jpeg,1,953
lungn1005.jpeg,1,953
lungn1006.jpeg,1,953
lungn1009.jpeg,1,881
lungn1011.jpeg,1,984
lungn1015.jpeg,1,784
lungn1016.jpeg,1,784
lungn1017.jpeg,1,917
lungn1018.jpeg,1,838
lungn1019.jpeg,1,838
lungn1023.jpeg,1,782
lungn1024.jpeg,1,915
lungn1025.jpeg,1,898
lungn1027.jpeg,1,850
lungn1029.jpeg,1,863
lungn103.jpeg,1,887
lungn1031.jpeg,1,974
lungn1033.jpeg,1,961
lungn1034.jpeg,1,945
lungn1036.jpeg,1,788
lungn1037.jpeg,1,991
lungn104.jpeg,1,995
lungn1041.jpeg,1,918
lungn1042.jpeg,1,756
lungn1043.jpeg,1,750
lungn1045.jpeg,1,775
lungn1046.jpeg,1,967
lungn1049.jpeg,1,878
lungn105.jpeg,1,984
lungn1050.jpeg,1,878
lungn1051.jpeg,1,793
lungn1053.jpeg,1,948
lungn1054.jpeg,1,753
lungn1055.jpeg,1,958
lungn1056.jpeg,1,824
lungn1057.jpeg,1,870
lungn1058.jpeg,1,926
lungn1059.jpeg,1,997
lungn1062.jpeg,1,912
lungn1063.jpeg,1,912
lungn1064.jpeg,1,766
lungn1065.jpeg,1,766
lungn1066.jpeg,1,796
lungn1067.jpeg,1,785
lungn1068.jpeg,1,785
lungn107.jpeg,1,784
lungn1071.jpeg,1,768
lungn1074.jpeg,1,916
lungn1075.jpeg,1,763
lungn1076.jpeg,1,832
lungn1077.jpeg,1,979
lungn1078.jpeg,1,866
lungn1079.jpeg,1,828
lungn108.jpeg,1,969
lungn1080.jpeg,1,984
lungn1082.jpeg,1,937
lungn1083.jpeg,1,941
lungn1084.jpeg,1,936
lungn1085.jpeg,1,795
lungn1086.jpeg,1,755
lungn1087.jpeg,1,757
lungn1088.jpeg,1,774
lungn1089.jpeg,1,898
lungn1090.jpeg,1,949
lungn1091.jpeg,1,806
lungn1092.jpeg,1,826
lungn1094.jpeg,1,992
lungn1095.jpeg,1,780
lungn1096.jpeg,1,801
lungn1098.jpeg,1,805
lungn11.jpeg,1,784
lungn1100.jpeg,1,901
lungn1101.jpeg,1,852
lungn1102.jpeg,1,852
lungn1103.jpeg,1,809
lungn1104.jpeg,1,854
lungn1105.jpeg,1,946
lungn1106.jpeg,1,918
lungn1108.jpeg,1,885
lungn111.jpeg,1,934
lungn1111.jpeg,1,908
lungn1112.jpeg,1,940
lungn1113.jpeg,1,897
lungn1114.jpeg,1,982
lungn1115.jpeg,1,964
lungn1116.jpeg,1,877
lungn1117.jpeg,1,787
lungn1119.jpeg,1,912
lungn1120.jpeg,1,912
lungn1121.jpeg,1,900
lungn1122.jpeg,1,905
lungn1125.jpeg,1,988
lungn1127.jpeg,1,797
lungn113.jpeg,1,806
lungn1130.jpeg,1,923
lungn1131.jpeg,1,917
lungn1132.jpeg,1,838
lungn1133.jpeg,1,816
lungn1136.jpeg,1,985
lungn1137.jpeg,1,844
lungn1138.jpeg,1,915
lungn1139.jpeg,1,949
lungn114.jpeg,1,827
lungn1140.jpeg,1,827
lungn1141.jpeg,1,847
lungn1142.jpeg,1,777
lungn1143.jpeg,1,822
lungn1144.jpeg,1,780
lungn1145.jpeg,1,880
lungn1147.jpeg,1,859
lungn1149.jpeg,1,792
lungn115.jpeg,1,827
lungn1150.jpeg,1,809
lungn1151.jpeg,1,944
lungn1152.jpeg,1,807
lungn1153.jpeg,1,950
lungn1154.jpeg,1,950
lungn1155.jpeg,1,955
lungn1156.jpeg,1,750
lungn1157.jpeg,1,879
lungn1158.jpeg,1,879
lungn1159.jpeg,1,975
lungn116.jpeg,1,827
lungn1162.jpeg,1,773
lungn1163.jpeg,1,878
lungn1166.jpeg,1,793
lungn1167.jpeg,1,982
lungn1168.jpeg,1,964
lungn1169.jpeg,1,877
lungn117.jpeg,1,767
lungn1170.jpeg,1,858
lungn1172.jpeg,1,980
lungn1173.jpeg,1,864
lungn1174.jpeg,1,824
lungn1175.jpeg,1,824
lungn1176.jpeg,1,926
lungn1177.jpeg,1,926
lungn1178.jpeg,1,912
lungn1179.jpeg,1,875
lungn118.jpeg,1,777
lungn1181.jpeg,1,927
lungn1182.jpeg,1,900
lungn1183.jpeg,1,900
lungn1184.jpeg,1,823
lungn1186.jpeg,1,752
lungn1187.jpeg,1,752
lungn1188.jpeg,1,916
lungn1189.jpeg,1,803
lungn1190.jpeg,1,803
lungn1191.jpeg,1,797
lungn1192.jpeg,1,881
lungn1193.jpeg,1,759
lungn1196.jpeg,1,995
lungn1199.jpeg,1,941
lungn12.jpeg,1,853
lungn1202.jpeg,1,774
lungn1203.jpeg,1,915
lungn1204.jpeg,1,898
lungn1205.jpeg,1,850
lungn1206.jpeg,1,812
lungn1207.jpeg,1,777
lungn1208.jpeg,1,761
lungn1209.jpeg,1,974
lungn121.jpeg,1,790
lungn1210.jpeg,1,925
lungn1211.jpeg,1,925
lungn1213.jpeg,1,991
lungn1214.jpeg,1,991
lungn1216.jpeg,1,990
lungn1217.jpeg,1,854
lungn1218.jpeg,1,944
lungn1219.jpeg,1,946
lungn1220.jpeg,1,750
lungn1221.jpeg,1,975
lungn1223.jpeg,1,885
lungn1229.jpeg,1,940
lungn123.jpeg,1,805
lungn1230.jpeg,1,786
lungn1231.jpeg,1,786
lungn1232.jpeg,1,787
lungn1233.jpeg,1,787
lungn1234.jpeg,1,861
lungn1235.jpeg,1,960
lungn1237.jpeg,1,907
lungn1238.jpeg,1,766
lungn1239.jpeg,1,900
lungn124.jpeg,1,845
lungn1240.jpeg,1,900
lungn1241.jpeg,1,834
lungn1242.jpeg,1,905
lungn1243.jpeg,1,785
lungn1244.jpeg,1,933
lungn1245.jpeg,1,832
lungn1246.jpeg,1,841
lungn1247.jpeg,1,841
lungn1248.jpeg,1,831
lungn125.jpeg,1,788
lungn1250.jpeg,1,797
lungn1252.jpeg,1,970
lungn1253.jpeg,1,891
lungn1254.jpeg,1,838
lungn1255.jpeg,1,969
lungn1256.jpeg,1,814
lungn1257.jpeg,1,757
lungn1258.jpeg,1,757
lungn1259.jpeg,1,985
lungn126.jpeg,1,909
lungn1260.jpeg,1,915
lungn1261.jpeg,1,898
lungn1262.jpeg,1,806
lungn1263.jpeg,1,860
lungn1264.jpeg,1,872
lungn1267.jpeg,1,829
lungn1268.jpeg,1,961
lungn1269.jpeg,1,895
lungn127.jpeg,1,799
lungn1270.jpeg,1,815
lungn1271.jpeg,1,789
lungn1273.jpeg,1,901
lungn1274.jpeg,1,869
lungn1276.jpeg,1,946
lungn1277.jpeg,1,807
lungn1278.jpeg,1,950
lungn1279.jpeg,1,756
lungn128.jpeg,1,799
lungn1280.jpeg,1,762
lungn1281.jpeg,1,762
lungn1285.jpeg,1,885
lungn1286.jpeg,1,967
lungn1287.jpeg,1,912
lungn1288.jpeg,1,883
lungn129.jpeg,1,892
lungn1290.jpeg,1,940
lungn1291.jpeg,1,948
lungn1292.jpeg,1,897
lungn1293.jpeg,1,897
lungn1294.jpeg,1,753
lungn1295.jpeg,1,824
lungn1296.jpeg,1,870
lungn1297.jpeg,1,983
lungn1299.jpeg,1,919
lungn13.jpeg,1,782
lungn1303.jpeg,1,752
lungn1304.jpeg,1,763
lungn1308.jpeg,1,953
lungn1309.jpeg,1,887
lungn1313.jpeg,1,755
lungn1315.jpeg,1,757
lungn1316.jpeg,1,808
lungn1317.jpeg,1,808
lungn1318.jpeg,1,827
lungn1320.jpeg,1,863
lungn1322.jpeg,1,780
lungn1323.jpeg,1,780
lungn1324.jpeg,1,780
lungn1325.jpeg,1,880
lungn1326.jpeg,1,880
lungn1327.jpeg,1,790
lungn133.jpeg,1,911
lungn1330.jpeg,1,925
lungn1332.jpeg,1,789
lungn1334.jpeg,1,990
lungn1335.jpeg,1,892
lungn1336.jpeg,1,854
lungn1337.jpeg,1,911
lungn1338.jpeg,1,955
lungn1339.jpeg,1,762
lungn1340.jpeg,1,750
lungn1341.jpeg,1,913
lungn1344.jpeg,1,775
lungn1345.jpeg,1,908
lungn1347.jpeg,1,976
lungn1348.jpeg,1,940
lungn1349.jpeg,1,858
lungn135.jpeg,1,842
lungn1351.jpeg,1,787
lungn1352.jpeg,1,864
lungn1353.jpeg,1,864
lungn1354.jpeg,1,960
lungn1355.jpeg,1,870
lungn1356.jpeg,1,870
lungn1358.jpeg,1,907
lungn1359.jpeg,1,907
lungn1361.jpeg,1,912
lungn1363.jpeg,1,875
lungn1365.jpeg,1,919
lungn1367.jpeg,1,785
lungn1369.jpeg,1,933
lungn1370.jpeg,1,916
lungn1371.jpeg,1,988
lungn1372.jpeg,1,866
lungn1373.jpeg,1,831
lungn1374.jpeg,1,803
lungn1375.jpeg,1,887
lungn1377.jpeg,1,965
lungn1378.jpeg,1,965
lungn138.jpeg,1,817
lungn1382.jpeg,1,838
lungn1383.jpeg,1,937
lungn1384.jpeg,1,941
lungn1385.jpeg,1,969
lungn1386.jpeg,1,853
lungn1387.jpeg,1,774
lungn1388.jpeg,1,899
lungn1389.jpeg,1,844
lungn139.jpeg,1,817
lungn1390.jpeg,1,915
lungn1391.jpeg,1,915
lungn1392.jpeg,1,949
lungn1393.jpeg,1,826
lungn1394.jpeg,1,812
lungn1395.jpeg,1,880
lungn1396.jpeg,1,829
lungn1397.jpeg,1,829
lungn1398.jpeg,1,845
lungn1399.jpeg,1,859
lungn14.jpeg,1,949
lungn140.jpeg,1,817
lungn1400.jpeg,1,895
lungn1403.jpeg,1,990
lungn1404.jpeg,1,811
lungn1405.jpeg,1,901
lungn1406.jpeg,1,901
lungn1407.jpeg,1,892
lungn1408.jpeg,1,892
lungn1409.jpeg,1,892
lungn1411.jpeg,1,946
lungn1412.jpeg,1,911
lungn1418.jpeg,1,817
lungn1419.jpeg,1,753
lungn1420.jpeg,1,964
lungn1421.jpeg,1,861
lungn1422.jpeg,1,870
lungn1423.jpeg,1,983
lungn1425.jpeg,1,987
lungn1428.jpeg,1,927
lungn1429.jpeg,1,834
lungn143.jpeg,1,849
lungn1430.jpeg,1,768
lungn1431.jpeg,1,752
lungn1433.jpeg,1,962
lungn1434.jpeg,1,979
lungn1437.jpeg,1,984
lungn1439.jpeg,1,838
lungn144.jpeg,1,753
lungn1440.jpeg,1,764
lungn1441.jpeg,1,816
lungn1442.jpeg,1,816
lungn1444.jpeg,1,757
lungn1445.jpeg,1,985
lungn1446.jpeg,1,985
lungn1447.jpeg,1,806
lungn1448.jpeg,1,827
lungn1449.jpeg,1,827
lungn145.jpeg,1,786
lungn1450.jpeg,1,860
lungn1451.jpeg,1,992
lungn1452.jpeg,1,974
lungn1453.jpeg,1,804
lungn1454.jpeg,1,859
lungn1455.jpeg,1,856
lungn1456.jpeg,1,882
lungn1457.jpeg,1,895
lungn1458.jpeg,1,815
lungn146.jpeg,1,786
lungn1462.jpeg,1,990
lungn1463.jpeg,1,799
lungn1464.jpeg,1,799
lungn1465.jpeg,1,966
lungn1467.jpeg,1,876
lungn1468.jpeg,1,750
lungn1469.jpeg,1,975
lungn147.jpeg,1,861
lungn1471.jpeg,1,913
lungn1472.jpeg,1,775
lungn1473.jpeg,1,967
lungn1474.jpeg,1,976
lungn1476.jpeg,1,897
lungn1477.jpeg,1,786
lungn1478.jpeg,1,964
lungn1479.jpeg,1,870
lungn1481.jpeg,1,994
lungn1482.jpeg,1,771
lungn1483.jpeg,1,796
lungn1484.jpeg,1,834
lungn1485.jpeg,1,989
lungn1489.jpeg,1,752
lungn1490.jpeg,1,752
lungn1491.jpeg,1,916
lungn1492.jpeg,1,866
lungn1493.jpeg,1,866
lungn1494.jpeg,1,881
lungn1495.jpeg,1,759
lungn1496.jpeg,1,965
lungn1499.jpeg,1,891
lungn15.jpeg,1,850
lungn150.jpeg,1,960
lungn1500.jpeg,1,923
lungn1502.jpeg,1,844
lungn1503.jpeg,1,844
lungn1506.jpeg,1,992
lungn1508.jpeg,1,767
lungn151.jpeg,1,926
lungn1511.jpeg,1,825
lungn1513.jpeg,1,805
lungn1516.jpeg,1,845
lungn1517.jpeg,1,859
lungn1518.jpeg,1,859
lungn1520.jpeg,1,815
lungn1521.jpeg,1,788
lungn1522.jpeg,1,788
lungn1525.jpeg,1,799
lungn1526.jpeg,1,809
lungn1527.jpeg,1,807
lungn1528.jpeg,1,918
lungn1529.jpeg,1,876
lungn153.jpeg,1,800
lungn1530.jpeg,1,924
lungn1531.jpeg,1,842
lungn1532.jpeg,1,842
lungn1536.jpeg,1,908
lungn1537.jpeg,1,976
lungn1538.jpeg,1,903
lungn1539.jpeg,1,903
lungn1541.jpeg,1,980
lungn1542.jpeg,1,997
lungn1544.jpeg,1,987
lungn1546.jpeg,1,771
lungn1548.jpeg,1,763
lungn1549.jpeg,1,962
lungn155.jpeg,1,771
lungn1550.jpeg,1,979
lungn1551.jpeg,1,866
lungn1552.jpeg,1,831
lungn1554.jpeg,1,953
lungn1556.jpeg,1,759
lungn1557.jpeg,1,759
lungn1558.jpeg,1,970
lungn156.jpeg,1,834
lungn1561.jpeg,1,784
lungn1562.jpeg,1,923
lungn1563.jpeg,1,795
lungn1564.jpeg,1,755
lungn1566.jpeg,1,893
lungn1567.jpeg,1,808
lungn1568.jpeg,1,808
lungn1569.jpeg,1,782
lungn157.jpeg,1,797
lungn1570.jpeg,1,934
lungn1571.jpeg,1,758
lungn1572.jpeg,1,850
lungn1573.jpeg,1,826
lungn1574.jpeg,1,939
lungn1575.jpeg,1,847
lungn1576.jpeg,1,847
lungn1577.jpeg,1,886
lungn1580.jpeg,1,790
lungn1581.jpeg,1,859
lungn1582.jpeg,1,856
lungn1583.jpeg,1,788
lungn1584.jpeg,1,792
lungn1585.jpeg,1,792
lungn1588.jpeg,1,901
lungn1589.jpeg,1,901
lungn159.jpeg,1,823
lungn1590.jpeg,1,869
lungn1592.jpeg,1,950
lungn1593.jpeg,1,911
lungn1594.jpeg,1,918
lungn1597.jpeg,1,775
lungn16.jpeg,1,806
lungn1601.jpeg,1,940
lungn1602.jpeg,1,864
lungn1603.jpeg,1,824
lungn1604.jpeg,1,824
lungn1605.jpeg,1,983
lungn1606.jpeg,1,800
lungn1607.jpeg,1,800
lungn1608.jpeg,1,912
lungn1610.jpeg,1,927
lungn1611.jpeg,1,919
lungn1613.jpeg,1,938
lungn1614.jpeg,1,938
lungn1615.jpeg,1,989
lungn1616.jpeg,1,768
lungn1618.jpeg,1,916
lungn1619.jpeg,1,763
lungn162.jpeg,1,752
lungn1621.jpeg,1,841
lungn1622.jpeg,1,979
lungn1624.jpeg,1,953
lungn1625.jpeg,1,898
lungn1626.jpeg,1,826
lungn1627.jpeg,1,826
lungn1628.jpeg,1,827
lungn1629.jpeg,1,872
lungn163.jpeg,1,763
lungn1630.jpeg,1,767
lungn1631.jpeg,1,767
lungn1636.jpeg,1,856
lungn1640.jpeg,1,909
lungn1641.jpeg,1,990
lungn1642.jpeg,1,901
lungn1644.jpeg,1,892
lungn1645.jpeg,1,854
lungn1646.jpeg,1,854
lungn1648.jpeg,1,762
lungn165.jpeg,1,979
lungn1651.jpeg,1,967
lungn1657.jpeg,1,793
lungn1658.jpeg,1,897
lungn1660.jpeg,1,980
lungn1661.jpeg,1,787
lungn1662.jpeg,1,787
lungn1663.jpeg,1,983
lungn1664.jpeg,1,926
lungn1665.jpeg,1,912
lungn1669.jpeg,1,962
lungn167.jpeg,1,764
lungn1671.jpeg,1,953
lungn1673.jpeg,1,797
lungn1674.jpeg,1,970
lungn1675.jpeg,1,828
lungn1680.jpeg,1,853
lungn1681.jpeg,1,853
lungn1682.jpeg,1,755
lungn1686.jpeg,1,985
lungn1687.jpeg,1,808
lungn1688.jpeg,1,808
lungn1689.jpeg,1,934
lungn169.jpeg,1,814
lungn1690.jpeg,1,758
lungn1691.jpeg,1,860
lungn1692.jpeg,1,939
lungn1693.jpeg,1,939
lungn1696.jpeg,1,974
lungn1697.jpeg,1,925
lungn1699.jpeg,1,805
lungn17.jpeg,1,860
lungn170.jpeg,1,929
lungn1701.jpeg,1,845
lungn1702.jpeg,1,945
lungn1704.jpeg,1,990
lungn1705.jpeg,1,809
lungn1706.jpeg,1,892
lungn1707.jpeg,1,944
lungn1709.jpeg,1,950
lungn171.jpeg,1,899
lungn1710.jpeg,1,876
lungn1711.jpeg,1,879
lungn1713.jpeg,1,885
lungn1714.jpeg,1,842
lungn1716.jpeg,1,810
lungn1718.jpeg,1,793
lungn172.jpeg,1,782
lungn1721.jpeg,1,897
lungn1722.jpeg,1,786
lungn1724.jpeg,1,980
lungn1726.jpeg,1,926
lungn1728.jpeg,1,987
lungn1729.jpeg,1,875
lungn173.jpeg,1,898
lungn1731.jpeg,1,834
lungn1732.jpeg,1,919
lungn1736.jpeg,1,938
lungn1739.jpeg,1,752
lungn1740.jpeg,1,841
lungn1741.jpeg,1,979
lungn1742.jpeg,1,797
lungn1743.jpeg,1,797
lungn1745.jpeg,1,995
lungn1746.jpeg,1,828
lungn1748.jpeg,1,891
lungn1749.jpeg,1,891
lungn175.jpeg,1,826
lungn1750.jpeg,1,795
lungn1752.jpeg,1,929
lungn1753.jpeg,1,808
lungn1754.jpeg,1,808
lungn1755.jpeg,1,782
lungn1756.jpeg,1,915
lungn1757.jpeg,1,915
lungn1758.jpeg,1,898
lungn1759.jpeg,1,850
lungn176.jpeg,1,767
lungn1760.jpeg,1,812
lungn1761.jpeg,1,886
lungn1762.jpeg,1,886
lungn1763.jpeg,1,825
lungn1764.jpeg,1,925
lungn1765.jpeg,1,829
lungn1766.jpeg,1,829
lungn1768.jpeg,1,859
lungn1769.jpeg,1,815
lungn177.jpeg,1,761
lungn1770.jpeg,1,792
lungn1773.jpeg,1,809
lungn1774.jpeg,1,966
lungn1775.jpeg,1,911
lungn1776.jpeg,1,876
lungn1778.jpeg,1,835
lungn1779.jpeg,1,885
lungn1780.jpeg,1,912
lungn1782.jpeg,1,773
lungn1783.jpeg,1,903
lungn1784.jpeg,1,753
lungn1785.jpeg,1,858
lungn1787.jpeg,1,800
lungn1789.jpeg,1,912
lungn1790.jpeg,1,766
lungn1791.jpeg,1,875
lungn1792.jpeg,1,875
lungn1794.jpeg,1,927
lungn1798.jpeg,1,841
lungn18.jpeg,1,847
lungn180.jpeg,1,829
lungn1800.jpeg,1,881
lungn1801.jpeg,1,828
lungn1802.jpeg,1,917
lungn1805.jpeg,1,941
lungn1806.jpeg,1,774
lungn1807.jpeg,1,929
lungn1808.jpeg,1,893
lungn1809.jpeg,1,949
lungn181.jpeg,1,805
lungn1810.jpeg,1,812
lungn1811.jpeg,1,863
lungn1813.jpeg,1,974
lungn1814.jpeg,1,780
lungn1815.jpeg,1,880
lungn1816.jpeg,1,880
lungn1818.jpeg,1,825
lungn1819.jpeg,1,825
lungn182.jpeg,1,856
lungn1820.jpeg,1,804
lungn1821.jpeg,1,805
lungn1822.jpeg,1,895
lungn1826.jpeg,1,946
lungn1828.jpeg,1,750
lungn183.jpeg,1,945
lungn1830.jpeg,1,975
lungn1831.jpeg,1,975
lungn1832.jpeg,1,912
lungn1834.jpeg,1,903
lungn1835.jpeg,1,903
lungn1837.jpeg,1,940
lungn1838.jpeg,1,753
lungn1839.jpeg,1,877
lungn184.jpeg,1,945
lungn1840.jpeg,1,877
lungn1841.jpeg,1,958
lungn1843.jpeg,1,870
lungn1845.jpeg,1,987
lungn1849.jpeg,1,905
lungn185.jpeg,1,882
lungn1850.jpeg,1,785
lungn1851.jpeg,1,785
lungn1852.jpeg,1,823
lungn1853.jpeg,1,823
lungn1855.jpeg,1,896
lungn1856.jpeg,1,896
lungn1857.jpeg,1,832
lungn1858.jpeg,1,832
lungn186.jpeg,1,895
lungn1860.jpeg,1,887
lungn1861.jpeg,1,828
lungn1862.jpeg,1,941
lungn1863.jpeg,1,795
lungn1864.jpeg,1,844
lungn1865.jpeg,1,915
lungn1866.jpeg,1,915
lungn1867.jpeg,1,949
lungn187.jpeg,1,789
lungn1870.jpeg,1,825
lungn1871.jpeg,1,801
lungn1872.jpeg,1,845
lungn1873.jpeg,1,856
lungn1874.jpeg,1,856
lungn1876.jpeg,1,792
lungn1878.jpeg,1,809
lungn1879.jpeg,1,854
lungn188.jpeg,1,991
lungn1880.jpeg,1,966
lungn1881.jpeg,1,966
lungn1882.jpeg,1,966
lungn1883.jpeg,1,966
lungn1885.jpeg,1,950
lungn1886.jpeg,1,918
lungn1887.jpeg,1,918
lungn1888.jpeg,1,762
lungn1890.jpeg,1,913
lungn1891.jpeg,1,842
lungn1892.jpeg,1,775
lungn1894.jpeg,1,773
lungn1895.jpeg,1,849
lungn1897.jpeg,1,940
lungn1899.jpeg,1,858
lungn19.jpeg,1,974
lungn190.jpeg,1,811
lungn1900.jpeg,1,858
lungn1901.jpeg,1,864
lungn1902.jpeg,1,861
lungn1906.jpeg,1,919
lungn1907.jpeg,1,821
lungn1908.jpeg,1,797
lungn191.jpeg,1,901
lungn1911.jpeg,1,916
lungn1912.jpeg,1,962
lungn1914.jpeg,1,881
lungn1919.jpeg,1,923
lungn192.jpeg,1,892
lungn1920.jpeg,1,917
lungn1921.jpeg,1,838
lungn1922.jpeg,1,795
lungn1923.jpeg,1,757
lungn1924.jpeg,1,985
lungn1925.jpeg,1,774
lungn1926.jpeg,1,899
lungn1927.jpeg,1,844
lungn1928.jpeg,1,893
lungn1929.jpeg,1,808
lungn193.jpeg,1,869
lungn1930.jpeg,1,915
lungn1932.jpeg,1,850
lungn1933.jpeg,1,812
lungn1934.jpeg,1,872
lungn1935.jpeg,1,925
lungn1936.jpeg,1,961
lungn1937.jpeg,1,961
lungn1939.jpeg,1,859
lungn194.jpeg,1,807
lungn1940.jpeg,1,859
lungn1943.jpeg,1,788
lungn1945.jpeg,1,991
lungn1948.jpeg,1,811
lungn1949.jpeg,1,950
lungn1950.jpeg,1,955
lungn1951.jpeg,1,876
lungn1952.jpeg,1,762
lungn1953.jpeg,1,879
lungn1954.jpeg,1,924
lungn1957.jpeg,1,775
lungn1958.jpeg,1,912
lungn196.jpeg,1,835
lungn1963.jpeg,1,958
lungn1967.jpeg,1,766
lungn1969.jpeg,1,875
lungn1970.jpeg,1,994
lungn1971.jpeg,1,771
lungn1972.jpeg,1,834
lungn1973.jpeg,1,905
lungn1974.jpeg,1,797
lungn1977.jpeg,1,933
lungn1978.jpeg,1,768
lungn1982.jpeg,1,797
lungn1983.jpeg,1,970
lungn1985.jpeg,1,984
lungn1988.jpeg,1,891
lungn1989.jpeg,1,838
lungn199.jpeg,1,913
lungn1990.jpeg,1,764
lungn1991.jpeg,1,816
lungn1992.jpeg,1,757
lungn1993.jpeg,1,985
lungn1994.jpeg,1,929
lungn1995.jpeg,1,899
lungn1996.jpeg,1,893
lungn1997.jpeg,1,782
lungn1998.jpeg,1,898
lungn1999.jpeg,1,827
lungn2000.jpeg,1,767
lungn2002.jpeg,1,822
lungn2003.jpeg,1,822
lungn2007.jpeg,1,856
lungn2008.jpeg,1,895
lungn201.jpeg,1,883
lungn2011.jpeg,1,990
lungn2013.jpeg,1,809
lungn2014.jpeg,1,892
lungn2015.jpeg,1,762
lungn2016.jpeg,1,885
lungn2017.jpeg,1,810
lungn2018.jpeg,1,897
lungn2019.jpeg,1,964
lungn2020.jpeg,1,864
lungn2021.jpeg,1,824
lungn2022.jpeg,1,912
lungn2024.jpeg,1,821
lungn2025.jpeg,1,797
lungn2030.jpeg,1,763
lungn2031.jpeg,1,896
lungn2032.jpeg,1,896
lungn2034.jpeg,1,962
lungn2035.jpeg,1,841
lungn2036.jpeg,1,953
lungn2037.jpeg,1,953
lungn2038.jpeg,1,953
lungn2039.jpeg,1,881
lungn2040.jpeg,1,759
lungn2041.jpeg,1,759
lungn2042.jpeg,1,965
lungn2043.jpeg,1,828
lungn2045.jpeg,1,764
lungn2046.jpeg,1,853
lungn2047.jpeg,1,936
lungn2048.jpeg,1,755
lungn2049.jpeg,1,985
lungn205.jpeg,1,948
lungn2050.jpeg,1,774
lungn2052.jpeg,1,929
lungn2053.jpeg,1,899
lungn2054.jpeg,1,844
lungn2055.jpeg,1,844
lungn2056.jpeg,1,893
lungn2057.jpeg,1,808
lungn2058.jpeg,1,949
lungn2059.jpeg,1,758
lungn206.jpeg,1,858
lungn2060.jpeg,1,758
lungn2061.jpeg,1,860
lungn2062.jpeg,1,767
lungn2063.jpeg,1,863
lungn2064.jpeg,1,974
lungn2065.jpeg,1,780
lungn2068.jpeg,1,925
lungn207.jpeg,1,787
lungn2070.jpeg,1,788
lungn2071.jpeg,1,789
lungn2074.jpeg,1,811
lungn2076.jpeg,1,809
lungn2077.jpeg,1,854
lungn2080.jpeg,1,946
lungn2081.jpeg,1,807
lungn2083.jpeg,1,876
lungn2084.jpeg,1,750
lungn2085.jpeg,1,879
lungn2086.jpeg,1,975
lungn2088.jpeg,1,775
lungn209.jpeg,1,796
lungn2091.jpeg,1,883
lungn2092.jpeg,1,817
lungn2094.jpeg,1,878
lungn2097.jpeg,1,861
lungn2099.jpeg,1,821
lungn21.jpeg,1,799
lungn210.jpeg,1,821
lungn2100.jpeg,1,938
lungn2103.jpeg,1,763
lungn2104.jpeg,1,841
lungn2105.jpeg,1,866
lungn2106.jpeg,1,866
lungn2108.jpeg,1,797
lungn2109.jpeg,1,828
lungn211.jpeg,1,905
lungn2110.jpeg,1,984
lungn2111.jpeg,1,816
lungn2112.jpeg,1,985
lungn2113.jpeg,1,774
lungn2114.jpeg,1,774
lungn2115.jpeg,1,844
lungn2116.jpeg,1,808
lungn2117.jpeg,1,808
lungn2119.jpeg,1,872
lungn212.jpeg,1,938
lungn2120.jpeg,1,992
lungn2121.jpeg,1,767
lungn2122.jpeg,1,822
lungn2123.jpeg,1,761
lungn2124.jpeg,1,761
lungn2125.jpeg,1,780
lungn2126.jpeg,1,880
lungn2127.jpeg,1,804
lungn2129.jpeg,1,845
lungn213.jpeg,1,823
lungn2130.jpeg,1,991
lungn2133.jpeg,1,811
lungn2134.jpeg,1,901
lungn2136.jpeg,1,911
lungn2137.jpeg,1,918
lungn2138.jpeg,1,955
lungn2139.jpeg,1,750
lungn2140.jpeg,1,879
lungn2141.jpeg,1,879
lungn2147.jpeg,1,786
lungn2148.jpeg,1,958
lungn2149.jpeg,1,864
lungn2150.jpeg,1,960
lungn2154.jpeg,1,766
lungn2155.jpeg,1,766
lungn2156.jpeg,1,771
lungn2157.jpeg,1,919
lungn2161.jpeg,1,823
lungn2164.jpeg,1,768
lungn2166.jpeg,1,916
lungn2167.jpeg,1,803
lungn2168.jpeg,1,759
lungn2171.jpeg,1,917
lungn2172.jpeg,1,917
lungn2173.jpeg,1,969
lungn2174.jpeg,1,764
lungn2175.jpeg,1,764
lungn2176.jpeg,1,844
lungn2178.jpeg,1,963
lungn2179.jpeg,1,898
lungn218.jpeg,1,984
lungn2181.jpeg,1,812
lungn2182.jpeg,1,939
lungn2185.jpeg,1,822
lungn2187.jpeg,1,925
lungn2188.jpeg,1,925
lungn2189.jpeg,1,859
lungn219.jpeg,1,891
lungn2190.jpeg,1,882
lungn2194.jpeg,1,852
lungn2195.jpeg,1,852
lungn2196.jpeg,1,946
lungn2197.jpeg,1,950
lungn2198.jpeg,1,918
lungn2199.jpeg,1,924
lungn220.jpeg,1,784
lungn2200.jpeg,1,885
lungn2201.jpeg,1,912
lungn2203.jpeg,1,908
lungn2207.jpeg,1,940
lungn2208.jpeg,1,948
lungn2209.jpeg,1,824
lungn221.jpeg,1,816
lungn2214.jpeg,1,900
lungn2216.jpeg,1,785
lungn2219.jpeg,1,823
lungn222.jpeg,1,985
lungn2220.jpeg,1,989
lungn2221.jpeg,1,768
lungn2223.jpeg,1,916
lungn2224.jpeg,1,803
lungn2225.jpeg,1,803
lungn2228.jpeg,1,969
lungn2229.jpeg,1,936
lungn2230.jpeg,1,816
lungn2231.jpeg,1,795
lungn2232.jpeg,1,782
lungn2233.jpeg,1,934
lungn2234.jpeg,1,949
lungn2235.jpeg,1,806
lungn2238.jpeg,1,812
lungn2239.jpeg,1,939
lungn224.jpeg,1,929
lungn2240.jpeg,1,992
lungn2241.jpeg,1,863
lungn2242.jpeg,1,825
lungn2246.jpeg,1,845
lungn2247.jpeg,1,856
lungn2248.jpeg,1,882
lungn2249.jpeg,1,792
lungn225.jpeg,1,782
lungn2254.jpeg,1,852
lungn2255.jpeg,1,911
lungn2258.jpeg,1,885
lungn2259.jpeg,1,885
lungn226.jpeg,1,939
lungn2262.jpeg,1,908
lungn2263.jpeg,1,976
lungn2264.jpeg,1,810
lungn2265.jpeg,1,810
lungn2266.jpeg,1,903
lungn2267.jpeg,1,877
lungn2268.jpeg,1,858
lungn2270.jpeg,1,787
lungn2271.jpeg,1,926
lungn2272.jpeg,1,766
lungn2274.jpeg,1,994
lungn2275.jpeg,1,919
lungn2276.jpeg,1,797
lungn2278.jpeg,1,823
lungn2279.jpeg,1,916
lungn228.jpeg,1,767
lungn2280.jpeg,1,988
lungn2281.jpeg,1,962
lungn2282.jpeg,1,962
lungn2283.jpeg,1,803
lungn2284.jpeg,1,965
lungn2285.jpeg,1,970
lungn2288.jpeg,1,784
lungn229.jpeg,1,863
lungn2290.jpeg,1,941
lungn2291.jpeg,1,853
lungn2292.jpeg,1,795
lungn2293.jpeg,1,814
lungn2294.jpeg,1,985
lungn2295.jpeg,1,985
lungn2296.jpeg,1,893
lungn2297.jpeg,1,758
lungn2298.jpeg,1,992
lungn23.jpeg,1,811
lungn2300.jpeg,1,863
lungn2301.jpeg,1,777
lungn2302.jpeg,1,780
lungn2303.jpeg,1,880
lungn2304.jpeg,1,880
lungn2306.jpeg,1,804
lungn2308.jpeg,1,792
lungn231.jpeg,1,761
lungn2313.jpeg,1,946
lungn2314.jpeg,1,807
lungn2315.jpeg,1,911
lungn2318.jpeg,1,835
lungn2319.jpeg,1,885
lungn232.jpeg,1,780
lungn2322.jpeg,1,908
lungn2323.jpeg,1,773
lungn2324.jpeg,1,773
lungn2325.jpeg,1,817
lungn2326.jpeg,1,849
lungn2328.jpeg,1,793
lungn2329.jpeg,1,877
lungn233.jpeg,1,825
lungn2330.jpeg,1,864
lungn2332.jpeg,1,870
lungn2333.jpeg,1,977
lungn2335.jpeg,1,927
lungn2336.jpeg,1,771
lungn2337.jpeg,1,821
lungn2338.jpeg,1,797
lungn234.jpeg,1,801
lungn2341.jpeg,1,896
lungn2342.jpeg,1,962
lungn2343.jpeg,1,953
lungn2345.jpeg,1,965
lungn2347.jpeg,1,891
lungn2348.jpeg,1,814
lungn2349.jpeg,1,899
lungn2350.jpeg,1,808
lungn2351.jpeg,1,782
lungn2352.jpeg,1,915
lungn2353.jpeg,1,949
lungn2354.jpeg,1,850
lungn2355.jpeg,1,886
lungn2358.jpeg,1,822
lungn2360.jpeg,1,780
lungn2361.jpeg,1,780
lungn2362.jpeg,1,880
lungn2363.jpeg,1,790
lungn2364.jpeg,1,804
lungn2367.jpeg,1,895
lungn2368.jpeg,1,788
lungn2369.jpeg,1,789
lungn2370.jpeg,1,789
lungn2373.jpeg,1,809
lungn2374.jpeg,1,809
lungn2375.jpeg,1,944
lungn2376.jpeg,1,911
lungn2377.jpeg,1,955
lungn2378.jpeg,1,762
lungn2379.jpeg,1,883
lungn238.jpeg,1,815
lungn2380.jpeg,1,817
lungn2381.jpeg,1,849
lungn2382.jpeg,1,793
lungn2383.jpeg,1,940
lungn2384.jpeg,1,753
lungn2385.jpeg,1,786
lungn2386.jpeg,1,877
lungn2387.jpeg,1,958
lungn2388.jpeg,1,864
lungn2389.jpeg,1,870
lungn2392.jpeg,1,907
lungn2393.jpeg,1,987
lungn2394.jpeg,1,771
lungn2397.jpeg,1,823
lungn2399.jpeg,1,896
lungn24.jpeg,1,892
lungn2400.jpeg,1,896
lungn2401.jpeg,1,962
lungn2402.jpeg,1,832
lungn2403.jpeg,1,831
lungn2404.jpeg,1,759
lungn2405.jpeg,1,759
lungn2406.jpeg,1,828
lungn2410.jpeg,1,891
lungn2411.jpeg,1,937
lungn2412.jpeg,1,795
lungn2413.jpeg,1,755
lungn2415.jpeg,1,893
lungn2416.jpeg,1,934
lungn2417.jpeg,1,963
lungn2418.jpeg,1,898
lungn2419.jpeg,1,898
lungn242.jpeg,1,892
lungn2422.jpeg,1,812
lungn2423.jpeg,1,872
lungn2424.jpeg,1,847
lungn2425.jpeg,1,886
lungn2429.jpeg,1,880
lungn243.jpeg,1,966
lungn2431.jpeg,1,882
lungn2432.jpeg,1,815
lungn2436.jpeg,1,990
lungn2437.jpeg,1,811
lungn2438.jpeg,1,869
lungn2439.jpeg,1,966
lungn244.jpeg,1,946
lungn2442.jpeg,1,876
lungn2443.jpeg,1,750
lungn2444.jpeg,1,912
lungn2446.jpeg,1,753
lungn2447.jpeg,1,787
lungn2449.jpeg,1,861
lungn245.jpeg,1,807
lungn2450.jpeg,1,861
lungn2451.jpeg,1,926
lungn2452.jpeg,1,926
lungn2454.jpeg,1,800
lungn2456.jpeg,1,919
lungn2457.jpeg,1,905
lungn2458.jpeg,1,905
lungn2460.jpeg,1,989
lungn2461.jpeg,1,768
lungn2463.jpeg,1,763
lungn2464.jpeg,1,896
lungn2465.jpeg,1,841
lungn2466.jpeg,1,979
lungn2467.jpeg,1,881
lungn2468.jpeg,1,759
lungn2469.jpeg,1,828
lungn2472.jpeg,1,917
lungn2473.jpeg,1,838
lungn2474.jpeg,1,937
lungn2475.jpeg,1,941
lungn2476.jpeg,1,795
lungn2477.jpeg,1,814
lungn2478.jpeg,1,929
lungn2479.jpeg,1,782
lungn248.jpeg,1,750
lungn2480.jpeg,1,782
lungn2481.jpeg,1,915
lungn2482.jpeg,1,827
lungn2483.jpeg,1,939
lungn2484.jpeg,1,886
lungn2485.jpeg,1,886
lungn2486.jpeg,1,767
lungn2488.jpeg,1,804
lungn2489.jpeg,1,805
lungn2491.jpeg,1,856
lungn2492.jpeg,1,945
lungn2493.jpeg,1,895
lungn2496.jpeg,1,792
lungn2498.jpeg,1,909
lungn2499.jpeg,1,955
lungn25.jpeg,1,944
lungn2500.jpeg,1,876
lungn2501.jpeg,1,750
lungn2502.jpeg,1,924
lungn2504.jpeg,1,775
lungn2505.jpeg,1,912
lungn2507.jpeg,1,810
lungn2510.jpeg,1,786
lungn2511.jpeg,1,786
lungn2512.jpeg,1,877
lungn2513.jpeg,1,824
lungn2514.jpeg,1,960
lungn2518.jpeg,1,766
lungn252.jpeg,1,967
lungn2520.jpeg,1,785
lungn2522.jpeg,1,938
lungn2523.jpeg,1,763
lungn2525.jpeg,1,962
lungn2526.jpeg,1,831
lungn2528.jpeg,1,965
lungn2529.jpeg,1,970
lungn253.jpeg,1,967
lungn2530.jpeg,1,828
lungn2534.jpeg,1,923
lungn2536.jpeg,1,755
lungn2537.jpeg,1,757
lungn2538.jpeg,1,985
lungn2539.jpeg,1,782
lungn2541.jpeg,1,850
lungn2542.jpeg,1,860
lungn2543.jpeg,1,860
lungn2544.jpeg,1,860
lungn2545.jpeg,1,872
lungn2546.jpeg,1,872
lungn2547.jpeg,1,847
lungn2548.jpeg,1,992
lungn255.jpeg,1,773
lungn2550.jpeg,1,767
lungn2551.jpeg,1,761
lungn2552.jpeg,1,880
lungn2554.jpeg,1,895
lungn2555.jpeg,1,895
lungn2556.jpeg,1,789
lungn2557.jpeg,1,901
lungn2558.jpeg,1,892
lungn2559.jpeg,1,807
lungn256.jpeg,1,883
lungn2560.jpeg,1,918
lungn2561.jpeg,1,918
lungn2562.jpeg,1,762
lungn2563.jpeg,1,924
lungn2566.jpeg,1,885
lungn2567.jpeg,1,976
lungn2569.jpeg,1,753
lungn2571.jpeg,1,824
lungn2572.jpeg,1,960
lungn2573.jpeg,1,800
lungn2576.jpeg,1,766
lungn2577.jpeg,1,905
lungn258.jpeg,1,849
lungn2580.jpeg,1,768
lungn2581.jpeg,1,768
lungn2582.jpeg,1,768
lungn2584.jpeg,1,752
lungn2585.jpeg,1,841
lungn2586.jpeg,1,979
lungn2588.jpeg,1,797
lungn2589.jpeg,1,797
lungn259.jpeg,1,982
lungn2590.jpeg,1,881
lungn2591.jpeg,1,970
lungn2592.jpeg,1,995
lungn2593.jpeg,1,891
lungn2594.jpeg,1,937
lungn2596.jpeg,1,774
lungn2597.jpeg,1,899
lungn2598.jpeg,1,844
lungn2599.jpeg,1,963
lungn260.jpeg,1,964
lungn2600.jpeg,1,827
lungn2601.jpeg,1,812
lungn2602.jpeg,1,992
lungn2605.jpeg,1,761
lungn2606.jpeg,1,761
lungn2607.jpeg,1,790
lungn2608.jpeg,1,790
lungn2609.jpeg,1,925
lungn2610.jpeg,1,804
lungn2611.jpeg,1,805
lungn2613.jpeg,1,856
lungn2615.jpeg,1,991
lungn2617.jpeg,1,901
lungn2618.jpeg,1,854
lungn2619.jpeg,1,944
lungn262.jpeg,1,824
lungn2624.jpeg,1,876
lungn2625.jpeg,1,879
lungn2627.jpeg,1,924
lungn2629.jpeg,1,773
lungn263.jpeg,1,861
lungn2630.jpeg,1,810
lungn2631.jpeg,1,940
lungn2632.jpeg,1,753
lungn2633.jpeg,1,824
lungn2634.jpeg,1,861
lungn2635.jpeg,1,960
lungn2638.jpeg,1,834
lungn2639.jpeg,1,905
lungn264.jpeg,1,960
lungn2642.jpeg,1,752
lungn2643.jpeg,1,752
lungn2645.jpeg,1,841
lungn2646.jpeg,1,979
lungn2649.jpeg,1,995
lungn265.jpeg,1,977
lungn2650.jpeg,1,784
lungn2651.jpeg,1,917
lungn2653.jpeg,1,838
lungn2654.jpeg,1,941
lungn2655.jpeg,1,764
lungn2656.jpeg,1,795
lungn2657.jpeg,1,915
lungn2658.jpeg,1,758
lungn2659.jpeg,1,850
lungn266.jpeg,1,926
lungn2660.jpeg,1,827
lungn2661.jpeg,1,886
lungn2664.jpeg,1,822
lungn2665.jpeg,1,761
lungn267.jpeg,1,997
lungn2670.jpeg,1,895
lungn2672.jpeg,1,788
lungn2673.jpeg,1,789
lungn2674.jpeg,1,909
lungn2675.jpeg,1,909
lungn2677.jpeg,1,852
lungn2678.jpeg,1,869
lungn2679.jpeg,1,966
lungn2680.jpeg,1,966
lungn2681.jpeg,1,944
lungn2682.jpeg,1,950
lungn2683.jpeg,1,924
lungn2686.jpeg,1,975
lungn2687.jpeg,1,885
lungn2689.jpeg,1,775
lungn2690.jpeg,1,967
lungn2691.jpeg,1,912
lungn2692.jpeg,1,773
lungn2693.jpeg,1,883
lungn2694.jpeg,1,903
lungn2695.jpeg,1,753
lungn2698.jpeg,1,926
lungn2700.jpeg,1,907
lungn2703.jpeg,1,834
lungn2705.jpeg,1,933
lungn2707.jpeg,1,832
lungn2708.jpeg,1,866
lungn2709.jpeg,1,803
lungn2710.jpeg,1,797
lungn2711.jpeg,1,797
lungn2712.jpeg,1,887
lungn2713.jpeg,1,995
lungn2714.jpeg,1,828
lungn2715.jpeg,1,828
lungn2717.jpeg,1,937
lungn2719.jpeg,1,853
lungn2720.jpeg,1,816
lungn2721.jpeg,1,929
lungn2722.jpeg,1,899
lungn2723.jpeg,1,949
lungn2724.jpeg,1,812
lungn2725.jpeg,1,812
lungn2726.jpeg,1,847
lungn2727.jpeg,1,822
lungn2730.jpeg,1,801
lungn2731.jpeg,1,804
lungn2733.jpeg,1,805
lungn2737.jpeg,1,799
lungn2738.jpeg,1,901
lungn2739.jpeg,1,852
lungn274.jpeg,1,994
lungn2741.jpeg,1,918
lungn2743.jpeg,1,842
lungn2745.jpeg,1,908
lungn2746.jpeg,1,773
lungn2747.jpeg,1,883
lungn2749.jpeg,1,817
lungn2750.jpeg,1,878
lungn2751.jpeg,1,786
lungn2752.jpeg,1,964
lungn2754.jpeg,1,877
lungn2755.jpeg,1,958
lungn2756.jpeg,1,958
lungn2757.jpeg,1,960
lungn2758.jpeg,1,977
lungn2759.jpeg,1,907
lungn2760.jpeg,1,800
lungn2761.jpeg,1,927
lungn2762.jpeg,1,796
lungn2763.jpeg,1,796
lungn2764.jpeg,1,797
lungn2768.jpeg,1,752
lungn2769.jpeg,1,763
lungn277.jpeg,1,933
lungn2771.jpeg,1,828
lungn2773.jpeg,1,891
lungn2774.jpeg,1,764
lungn2777.jpeg,1,814
lungn2778.jpeg,1,844
lungn2779.jpeg,1,915
lungn2780.jpeg,1,915
lungn2781.jpeg,1,963
lungn2782.jpeg,1,949
lungn2783.jpeg,1,949
lungn2785.jpeg,1,847
lungn2786.jpeg,1,777
lungn2787.jpeg,1,777
lungn2788.jpeg,1,822
lungn2789.jpeg,1,761
lungn279.jpeg,1,763
lungn2791.jpeg,1,825
lungn2792.jpeg,1,790
lungn2793.jpeg,1,790
lungn2794.jpeg,1,925
lungn2796.jpeg,1,815
lungn2797.jpeg,1,788
lungn28.jpeg,1,950
lungn280.jpeg,1,988
lungn2801.jpeg,1,854
lungn2802.jpeg,1,966
lungn2803.jpeg,1,966
lungn2804.jpeg,1,944
lungn2807.jpeg,1,975
lungn2808.jpeg,1,842
lungn2809.jpeg,1,967
lungn281.jpeg,1,988
lungn2810.jpeg,1,810
lungn2813.jpeg,1,793
lungn2814.jpeg,1,793
lungn2815.jpeg,1,897
lungn2816.jpeg,1,877
lungn2817.jpeg,1,980
lungn2818.jpeg,1,864
lungn2819.jpeg,1,864
lungn2821.jpeg,1,997
lungn2827.jpeg,1,912
lungn2829.jpeg,1,875
lungn283.jpeg,1,831
lungn2830.jpeg,1,994
lungn2831.jpeg,1,919
lungn2832.jpeg,1,933
lungn2833.jpeg,1,989
lungn2834.jpeg,1,768
lungn2835.jpeg,1,832
lungn2837.jpeg,1,831
lungn2838.jpeg,1,881
lungn2839.jpeg,1,995
lungn2840.jpeg,1,828
lungn2841.jpeg,1,984
lungn2844.jpeg,1,969
lungn2845.jpeg,1,969
lungn2846.jpeg,1,853
lungn2847.jpeg,1,929
lungn2848.jpeg,1,899
lungn2849.jpeg,1,806
lungn285.jpeg,1,797
lungn2850.jpeg,1,863
lungn2851.jpeg,1,777
lungn2855.jpeg,1,790
lungn2856.jpeg,1,790
lungn2857.jpeg,1,801
lungn2858.jpeg,1,804
lungn286.jpeg,1,995
lungn2860.jpeg,1,909
lungn2861.jpeg,1,909
lungn2862.jpeg,1,901
lungn2863.jpeg,1,901
lungn2864.jpeg,1,892
lungn2865.jpeg,1,946
lungn2867.jpeg,1,955
lungn2868.jpeg,1,879
lungn287.jpeg,1,828
lungn2872.jpeg,1,912
lungn2873.jpeg,1,773
lungn2876.jpeg,1,948
lungn2877.jpeg,1,786
lungn2878.jpeg,1,787
lungn2879.jpeg,1,861
lungn288.jpeg,1,828
lungn2881.jpeg,1,875
lungn2885.jpeg,1,866
lungn2886.jpeg,1,965
lungn2887.jpeg,1,784
lungn2888.jpeg,1,917
lungn2890.jpeg,1,755
lungn2891.jpeg,1,757
lungn2892.jpeg,1,774
lungn2893.jpeg,1,929
lungn2894.jpeg,1,899
lungn2895.jpeg,1,893
lungn2896.jpeg,1,949
lungn2898.jpeg,1,886
lungn2899.jpeg,1,777
lungn2900.jpeg,1,761
lungn2901.jpeg,1,974
lungn2902.jpeg,1,880
lungn2903.jpeg,1,825
lungn2905.jpeg,1,829
lungn2908.jpeg,1,859
lungn2909.jpeg,1,859
lungn2910.jpeg,1,945
lungn2915.jpeg,1,811
lungn2916.jpeg,1,901
lungn2917.jpeg,1,901
lungn2918.jpeg,1,809
lungn2919.jpeg,1,892
lungn2921.jpeg,1,950
lungn2922.jpeg,1,955
lungn2925.jpeg,1,975
lungn2927.jpeg,1,913
lungn2929.jpeg,1,883
lungn293.jpeg,1,795
lungn2930.jpeg,1,810
lungn2931.jpeg,1,810
lungn2933.jpeg,1,948
lungn2934.jpeg,1,861
lungn2938.jpeg,1,987
lungn294.jpeg,1,795
lungn2940.jpeg,1,875
lungn2941.jpeg,1,796
lungn2942.jpeg,1,905
lungn2943.jpeg,1,785
lungn2944.jpeg,1,785
lungn2946.jpeg,1,752
lungn2947.jpeg,1,752
lungn2948.jpeg,1,763
lungn2949.jpeg,1,763
lungn295.jpeg,1,795
lungn2951.jpeg,1,962
lungn2955.jpeg,1,803
lungn2959.jpeg,1,891
lungn2960.jpeg,1,784
lungn2961.jpeg,1,941
lungn2963.jpeg,1,936
lungn2964.jpeg,1,816
lungn2965.jpeg,1,812
lungn2967.jpeg,1,761
lungn2968.jpeg,1,790
lungn2969.jpeg,1,801
lungn297.jpeg,1,814
lungn2971.jpeg,1,990
lungn2972.jpeg,1,852
lungn2973.jpeg,1,852
lungn2974.jpeg,1,892
lungn2975.jpeg,1,756
lungn298.jpeg,1,893
lungn2983.jpeg,1,878
lungn2985.jpeg,1,793
lungn2986.jpeg,1,940
lungn2987.jpeg,1,940
lungn2988.jpeg,1,948
lungn2989.jpeg,1,864
lungn299.jpeg,1,782
lungn2990.jpeg,1,864
lungn2991.jpeg,1,960
lungn2992.jpeg,1,870
lungn2993.jpeg,1,907
lungn2994.jpeg,1,800
lungn2998.jpeg,1,771
lungn2999.jpeg,1,834
lungn3.jpeg,1,927
lungn300.jpeg,1,806
lungn3001.jpeg,1,933
lungn3003.jpeg,1,763
lungn3004.jpeg,1,763
lungn3007.jpeg,1,803
lungn3008.jpeg,1,803
lungn3009.jpeg,1,881
lungn301.jpeg,1,806
lungn3010.jpeg,1,984
lungn3011.jpeg,1,891
lungn3012.jpeg,1,923
lungn3013.jpeg,1,917
lungn3014.jpeg,1,917
lungn3015.jpeg,1,838
lungn3017.jpeg,1,764
lungn3018.jpeg,1,853
lungn3019.jpeg,1,936
lungn302.jpeg,1,827
lungn3020.jpeg,1,816
lungn3021.jpeg,1,808
lungn3023.jpeg,1,806
lungn3024.jpeg,1,847
lungn3025.jpeg,1,847
lungn3027.jpeg,1,825
lungn3028.jpeg,1,805
lungn3029.jpeg,1,961
lungn303.jpeg,1,872
lungn3030.jpeg,1,856
lungn3031.jpeg,1,895
lungn3032.jpeg,1,895
lungn3033.jpeg,1,792
lungn3035.jpeg,1,807
lungn3036.jpeg,1,876
lungn3037.jpeg,1,756
lungn3038.jpeg,1,879
lungn304.jpeg,1,939
lungn3040.jpeg,1,775
lungn3041.jpeg,1,817
lungn3042.jpeg,1,976
lungn3043.jpeg,1,897
lungn3044.jpeg,1,753
lungn3045.jpeg,1,982
lungn3046.jpeg,1,786
lungn3047.jpeg,1,964
lungn3049.jpeg,1,958
lungn305.jpeg,1,886
lungn3050.jpeg,1,864
lungn3051.jpeg,1,960
lungn3052.jpeg,1,800
lungn3054.jpeg,1,821
lungn3055.jpeg,1,821
lungn3058.jpeg,1,823
lungn3059.jpeg,1,823
lungn306.jpeg,1,863
lungn3061.jpeg,1,831
lungn3062.jpeg,1,953
lungn3063.jpeg,1,803
lungn3064.jpeg,1,970
lungn3067.jpeg,1,891
lungn3068.jpeg,1,923
lungn3069.jpeg,1,917
lungn307.jpeg,1,777
lungn3072.jpeg,1,774
lungn3074.jpeg,1,782
lungn3075.jpeg,1,898
lungn3077.jpeg,1,812
lungn3078.jpeg,1,872
lungn308.jpeg,1,974
lungn3080.jpeg,1,992
lungn3081.jpeg,1,886
lungn3082.jpeg,1,886
lungn3083.jpeg,1,777
lungn3084.jpeg,1,822
lungn3086.jpeg,1,974
lungn3087.jpeg,1,805
lungn3089.jpeg,1,895
lungn309.jpeg,1,825
lungn3090.jpeg,1,895
lungn3092.jpeg,1,792
lungn3093.jpeg,1,901
lungn3095.jpeg,1,809
lungn3096.jpeg,1,892
lungn3097.jpeg,1,854
lungn310.jpeg,1,882
lungn3100.jpeg,1,955
lungn3103.jpeg,1,908
lungn3104.jpeg,1,773
lungn3105.jpeg,1,883
lungn3106.jpeg,1,878
lungn3107.jpeg,1,810
lungn3109.jpeg,1,940
lungn311.jpeg,1,792
lungn3110.jpeg,1,786
lungn3111.jpeg,1,964
lungn3112.jpeg,1,877
lungn3113.jpeg,1,877
lungn3118.jpeg,1,800
lungn3119.jpeg,1,766
lungn312.jpeg,1,909
lungn3120.jpeg,1,875
lungn3121.jpeg,1,771
lungn3122.jpeg,1,771
lungn3123.jpeg,1,919
lungn3124.jpeg,1,823
lungn3125.jpeg,1,933
lungn3126.jpeg,1,768
lungn313.jpeg,1,811
lungn3130.jpeg,1,988
lungn3131.jpeg,1,831
lungn3134.jpeg,1,784
lungn3135.jpeg,1,917
lungn3136.jpeg,1,838
lungn3138.jpeg,1,937
lungn3139.jpeg,1,941
lungn3140.jpeg,1,774
lungn3141.jpeg,1,774
lungn3142.jpeg,1,929
lungn3143.jpeg,1,898
lungn3144.jpeg,1,949
lungn3145.jpeg,1,777
lungn3146.jpeg,1,974
lungn3147.jpeg,1,974
lungn3148.jpeg,1,805
lungn315.jpeg,1,854
lungn3150.jpeg,1,845
lungn3151.jpeg,1,856
lungn3152.jpeg,1,815
lungn3154.jpeg,1,792
lungn3155.jpeg,1,991
lungn3158.jpeg,1,799
lungn3160.jpeg,1,918
lungn3161.jpeg,1,756
lungn3163.jpeg,1,913
lungn3165.jpeg,1,878
lungn3166.jpeg,1,810
lungn3168.jpeg,1,849
lungn3169.jpeg,1,793
lungn317.jpeg,1,946
lungn3170.jpeg,1,897
lungn3172.jpeg,1,861
lungn3174.jpeg,1,983
lungn3175.jpeg,1,977
lungn3179.jpeg,1,821
lungn318.jpeg,1,876
lungn3180.jpeg,1,797
lungn3182.jpeg,1,823
lungn3184.jpeg,1,933
lungn3186.jpeg,1,768
lungn3187.jpeg,1,752
lungn3188.jpeg,1,916
lungn3189.jpeg,1,832
lungn319.jpeg,1,762
lungn3191.jpeg,1,979
lungn3193.jpeg,1,803
lungn3195.jpeg,1,784
lungn3196.jpeg,1,923
lungn3197.jpeg,1,937
lungn3199.jpeg,1,757
lungn32.jpeg,1,849
lungn3200.jpeg,1,929
lungn3201.jpeg,1,929
lungn3202.jpeg,1,872
lungn3203.jpeg,1,939
lungn3204.jpeg,1,886
lungn3205.jpeg,1,863
lungn3206.jpeg,1,761
lungn3207.jpeg,1,925
lungn3208.jpeg,1,925
lungn3211.jpeg,1,788
lungn3212.jpeg,1,789
lungn3217.jpeg,1,990
lungn3218.jpeg,1,990
lungn3219.jpeg,1,966
lungn322.jpeg,1,913
lungn3220.jpeg,1,911
lungn3221.jpeg,1,762
lungn3223.jpeg,1,924
lungn3224.jpeg,1,975
lungn3225.jpeg,1,842
lungn3226.jpeg,1,775
lungn3229.jpeg,1,948
lungn3230.jpeg,1,897
lungn3231.jpeg,1,877
lungn3232.jpeg,1,958
lungn3233.jpeg,1,861
lungn3235.jpeg,1,987
lungn3236.jpeg,1,771
lungn3237.jpeg,1,771
lungn3238.jpeg,1,796
lungn3239.jpeg,1,919
lungn324.jpeg,1,885
lungn3240.jpeg,1,821
lungn3242.jpeg,1,938
lungn3243.jpeg,1,933
lungn3244.jpeg,1,933
lungn3245.jpeg,1,916
lungn3246.jpeg,1,832
lungn3247.jpeg,1,841
lungn3248.jpeg,1,797
lungn3249.jpeg,1,759
lungn325.jpeg,1,842
lungn3251.jpeg,1,984
lungn3252.jpeg,1,784
lungn3253.jpeg,1,917
lungn3254.jpeg,1,985
lungn3255.jpeg,1,985
lungn3256.jpeg,1,915
lungn3257.jpeg,1,758
lungn3258.jpeg,1,850
lungn3260.jpeg,1,847
lungn3261.jpeg,1,992
lungn3262.jpeg,1,777
lungn3263.jpeg,1,777
lungn3266.jpeg,1,829
lungn3267.jpeg,1,882
lungn3268.jpeg,1,895
lungn3269.jpeg,1,895
lungn3274.jpeg,1,990
lungn3275.jpeg,1,799
lungn3276.jpeg,1,901
lungn3277.jpeg,1,852
lungn3279.jpeg,1,950
lungn328.jpeg,1,903
lungn3281.jpeg,1,756
lungn3282.jpeg,1,756
lungn3283.jpeg,1,879
lungn3284.jpeg,1,879
lungn3285.jpeg,1,975
lungn3287.jpeg,1,913
lungn3288.jpeg,1,885
lungn329.jpeg,1,793
lungn3290.jpeg,1,967
lungn3291.jpeg,1,912
lungn3292.jpeg,1,773
lungn3293.jpeg,1,810
lungn3295.jpeg,1,753
lungn3296.jpeg,1,753
lungn3297.jpeg,1,982
lungn3298.jpeg,1,858
lungn3299.jpeg,1,980
lungn330.jpeg,1,753
lungn3300.jpeg,1,864
lungn3303.jpeg,1,875
lungn3304.jpeg,1,994
lungn3305.jpeg,1,834
lungn3308.jpeg,1,752
lungn3309.jpeg,1,916
lungn331.jpeg,1,861
lungn3310.jpeg,1,979
lungn3311.jpeg,1,797
lungn3312.jpeg,1,881
lungn3313.jpeg,1,759
lungn3314.jpeg,1,965
lungn3319.jpeg,1,757
lungn332.jpeg,1,977
lungn3320.jpeg,1,963
lungn3321.jpeg,1,847
lungn3322.jpeg,1,847
lungn3326.jpeg,1,761
lungn3327.jpeg,1,761
lungn3328.jpeg,1,974
lungn3330.jpeg,1,925
lungn3331.jpeg,1,815
lungn3333.jpeg,1,789
lungn3336.jpeg,1,811
lungn3337.jpeg,1,854
lungn3338.jpeg,1,944
lungn3339.jpeg,1,946
lungn3340.jpeg,1,911
lungn3341.jpeg,1,911
lungn3342.jpeg,1,762
lungn3343.jpeg,1,762
lungn3345.jpeg,1,835
lungn3346.jpeg,1,835
lungn335.jpeg,1,912
lungn3350.jpeg,1,976
lungn3351.jpeg,1,878
lungn3352.jpeg,1,903
lungn3353.jpeg,1,793
lungn3354.jpeg,1,940
lungn3355.jpeg,1,858
lungn3356.jpeg,1,983
lungn3357.jpeg,1,938
lungn3358.jpeg,1,823
lungn3359.jpeg,1,768
lungn336.jpeg,1,834
lungn3360.jpeg,1,752
lungn3363.jpeg,1,953
lungn3364.jpeg,1,887
lungn3366.jpeg,1,965
lungn3367.jpeg,1,970
lungn3368.jpeg,1,923
lungn3369.jpeg,1,917
lungn337.jpeg,1,919
lungn3371.jpeg,1,816
lungn3372.jpeg,1,757
lungn3373.jpeg,1,808
lungn3376.jpeg,1,850
lungn3377.jpeg,1,806
lungn3379.jpeg,1,847
lungn338.jpeg,1,919
lungn3381.jpeg,1,761
lungn3384.jpeg,1,882
lungn3385.jpeg,1,788
lungn3386.jpeg,1,799
lungn3387.jpeg,1,852
lungn3388.jpeg,1,809
lungn3389.jpeg,1,892
lungn3390.jpeg,1,869
lungn3391.jpeg,1,869
lungn3396.jpeg,1,750
lungn3400.jpeg,1,913
lungn3401.jpeg,1,885
lungn3402.jpeg,1,842
lungn3403.jpeg,1,908
lungn3404.jpeg,1,773
lungn3405.jpeg,1,773
lungn3406.jpeg,1,817
lungn3407.jpeg,1,817
lungn3408.jpeg,1,976
lungn341.jpeg,1,768
lungn3411.jpeg,1,877
lungn3412.jpeg,1,958
lungn3413.jpeg,1,858
lungn3416.jpeg,1,824
lungn3417.jpeg,1,861
lungn3418.jpeg,1,766
lungn3420.jpeg,1,900
lungn3421.jpeg,1,821
lungn3424.jpeg,1,763
lungn3427.jpeg,1,831
lungn3428.jpeg,1,803
lungn3429.jpeg,1,887
lungn343.jpeg,1,866
lungn3433.jpeg,1,784
lungn3434.jpeg,1,784
lungn3436.jpeg,1,941
lungn3438.jpeg,1,816
lungn3439.jpeg,1,814
lungn344.jpeg,1,831
lungn3440.jpeg,1,814
lungn3441.jpeg,1,782
lungn3442.jpeg,1,758
lungn3443.jpeg,1,758
lungn3444.jpeg,1,827
lungn3445.jpeg,1,872
lungn3446.jpeg,1,825
lungn3447.jpeg,1,790
lungn3451.jpeg,1,815
lungn3455.jpeg,1,809
lungn3456.jpeg,1,854
lungn3457.jpeg,1,807
lungn3458.jpeg,1,911
lungn3459.jpeg,1,918
lungn3460.jpeg,1,924
lungn3461.jpeg,1,975
lungn3463.jpeg,1,775
lungn3464.jpeg,1,775
lungn3466.jpeg,1,908
lungn3467.jpeg,1,773
lungn3469.jpeg,1,793
lungn3473.jpeg,1,897
lungn3474.jpeg,1,958
lungn3475.jpeg,1,958
lungn3477.jpeg,1,987
lungn3478.jpeg,1,875
lungn348.jpeg,1,891
lungn3480.jpeg,1,900
lungn3481.jpeg,1,796
lungn3482.jpeg,1,796
lungn3483.jpeg,1,796
lungn3484.jpeg,1,916
lungn3486.jpeg,1,962
lungn3487.jpeg,1,866
lungn3488.jpeg,1,953
lungn349.jpeg,1,784
lungn3491.jpeg,1,891
lungn3492.jpeg,1,941
lungn3493.jpeg,1,969
lungn3494.jpeg,1,853
lungn3495.jpeg,1,936
lungn3496.jpeg,1,816
lungn3497.jpeg,1,816
lungn3499.jpeg,1,774
lungn35.jpeg,1,786
lungn350.jpeg,1,923
lungn3500.jpeg,1,774
lungn3501.jpeg,1,929
lungn3502.jpeg,1,929
lungn3504.jpeg,1,808
lungn3505.jpeg,1,767
lungn3506.jpeg,1,974
lungn3510.jpeg,1,925
lungn3512.jpeg,1,829
lungn3513.jpeg,1,856
lungn3515.jpeg,1,799
lungn3516.jpeg,1,966
lungn3517.jpeg,1,911
lungn352.jpeg,1,937
lungn3520.jpeg,1,750
lungn3521.jpeg,1,924
lungn3522.jpeg,1,975
lungn3525.jpeg,1,842
lungn3526.jpeg,1,912
lungn3527.jpeg,1,912
lungn353.jpeg,1,937
lungn3530.jpeg,1,976
lungn3531.jpeg,1,810
lungn3532.jpeg,1,849
lungn3533.jpeg,1,897
lungn3534.jpeg,1,982
lungn3535.jpeg,1,982
lungn3536.jpeg,1,861
lungn3537.jpeg,1,870
lungn3538.jpeg,1,907
lungn354.jpeg,1,853
lungn3542.jpeg,1,875
lungn3543.jpeg,1,796
lungn3544.jpeg,1,821
lungn3546.jpeg,1,768
lungn3547.jpeg,1,752
lungn3548.jpeg,1,752
lungn3549.jpeg,1,763
lungn355.jpeg,1,853
lungn3550.jpeg,1,832
lungn3553.jpeg,1,881
lungn3554.jpeg,1,887
lungn3556.jpeg,1,970
lungn3559.jpeg,1,917
lungn3560.jpeg,1,838
lungn3562.jpeg,1,937
lungn3563.jpeg,1,936
lungn3564.jpeg,1,893
lungn3565.jpeg,1,827
lungn3567.jpeg,1,847
lungn3568.jpeg,1,886
lungn3569.jpeg,1,761
lungn3570.jpeg,1,882
lungn3571.jpeg,1,991
lungn3576.jpeg,1,909
lungn3577.jpeg,1,811
lungn3578.jpeg,1,852
lungn358.jpeg,1,929
lungn3580.jpeg,1,892
lungn3582.jpeg,1,876
lungn3583.jpeg,1,756
lungn3584.jpeg,1,756
lungn3585.jpeg,1,879
lungn3586.jpeg,1,879
lungn3589.jpeg,1,835
lungn359.jpeg,1,898
lungn3593.jpeg,1,885
lungn3594.jpeg,1,883
lungn3595.jpeg,1,883
lungn3596.jpeg,1,793
lungn3598.jpeg,1,964
lungn3599.jpeg,1,787
lungn3600.jpeg,1,861
lungn3602.jpeg,1,771
lungn3603.jpeg,1,919
lungn3604.jpeg,1,821
lungn3606.jpeg,1,938
lungn3609.jpeg,1,823
lungn3610.jpeg,1,823
lungn3611.jpeg,1,841
lungn3613.jpeg,1,797
lungn3615.jpeg,1,965
lungn3617.jpeg,1,828
lungn3618.jpeg,1,828
lungn3620.jpeg,1,941
lungn3621.jpeg,1,936
lungn3622.jpeg,1,816
lungn3626.jpeg,1,827
lungn3627.jpeg,1,939
lungn3628.jpeg,1,880
lungn3629.jpeg,1,801
lungn3630.jpeg,1,845
lungn3633.jpeg,1,788
lungn3635.jpeg,1,789
lungn3638.jpeg,1,799
lungn3639.jpeg,1,811
lungn364.jpeg,1,790
lungn3640.jpeg,1,809
lungn3641.jpeg,1,809
lungn3642.jpeg,1,869
lungn3644.jpeg,1,750
lungn3646.jpeg,1,924
lungn3648.jpeg,1,842
lungn3649.jpeg,1,786
lungn3651.jpeg,1,787
lungn3653.jpeg,1,864
lungn3654.jpeg,1,912
lungn3655.jpeg,1,927
lungn3656.jpeg,1,900
lungn3657.jpeg,1,785
lungn3658.jpeg,1,785
lungn366.jpeg,1,845
lungn3663.jpeg,1,866
lungn3664.jpeg,1,887
lungn3665.jpeg,1,984
lungn3666.jpeg,1,984
lungn3668.jpeg,1,891
lungn3669.jpeg,1,917
lungn367.jpeg,1,859
lungn3670.jpeg,1,936
lungn3671.jpeg,1,816
lungn3672.jpeg,1,795
lungn3673.jpeg,1,893
lungn3674.jpeg,1,915
lungn3675.jpeg,1,898
lungn3676.jpeg,1,949
lungn3677.jpeg,1,827
lungn3678.jpeg,1,767
lungn3679.jpeg,1,767
lungn368.jpeg,1,856
lungn3680.jpeg,1,767
lungn3682.jpeg,1,880
lungn3683.jpeg,1,825
lungn3684.jpeg,1,790
lungn3687.jpeg,1,804
lungn3689.jpeg,1,829
lungn3690.jpeg,1,805
lungn3692.jpeg,1,961
lungn3693.jpeg,1,895
lungn3694.jpeg,1,815
lungn3695.jpeg,1,815
lungn3696.jpeg,1,815
lungn3697.jpeg,1,789
lungn37.jpeg,1,907
lungn370.jpeg,1,789
lungn3703.jpeg,1,918
lungn3704.jpeg,1,750
lungn3706.jpeg,1,913
lungn3707.jpeg,1,775
lungn3708.jpeg,1,908
lungn3709.jpeg,1,849
lungn371.jpeg,1,792
lungn3710.jpeg,1,793
lungn3711.jpeg,1,897
lungn3712.jpeg,1,980
lungn3713.jpeg,1,787
lungn3714.jpeg,1,864
lungn3715.jpeg,1,870
lungn3716.jpeg,1,983
lungn3717.jpeg,1,907
lungn3723.jpeg,1,933
lungn3729.jpeg,1,828
lungn3734.jpeg,1,814
lungn3735.jpeg,1,814
lungn3736.jpeg,1,814
lungn3737.jpeg,1,757
lungn3739.jpeg,1,844
lungn374.jpeg,1,901
lungn3740.jpeg,1,808
lungn3741.jpeg,1,782
lungn3742.jpeg,1,850
lungn3743.jpeg,1,992
lungn3745.jpeg,1,777
lungn3746.jpeg,1,777
lungn3747.jpeg,1,822
lungn3748.jpeg,1,822
lungn3749.jpeg,1,780
lungn375.jpeg,1,852
lungn3750.jpeg,1,780
lungn3751.jpeg,1,805
lungn3755.jpeg,1,789
lungn3756.jpeg,1,792
lungn3757.jpeg,1,901
lungn3759.jpeg,1,911
lungn376.jpeg,1,869
lungn3760.jpeg,1,750
lungn3761.jpeg,1,835
lungn3763.jpeg,1,842
lungn3764.jpeg,1,817
lungn3769.jpeg,1,793
lungn377.jpeg,1,807
lungn3771.jpeg,1,858
lungn3772.jpeg,1,980
lungn3774.jpeg,1,983
lungn3777.jpeg,1,987
lungn3778.jpeg,1,797
lungn378.jpeg,1,762
lungn3780.jpeg,1,752
lungn3781.jpeg,1,803
lungn3782.jpeg,1,803
lungn3783.jpeg,1,881
lungn3784.jpeg,1,965
lungn3786.jpeg,1,828
lungn3789.jpeg,1,891
lungn379.jpeg,1,879
lungn3793.jpeg,1,937
lungn3794.jpeg,1,937
lungn3795.jpeg,1,853
lungn3796.jpeg,1,816
lungn3797.jpeg,1,816
lungn3798.jpeg,1,755
lungn3799.jpeg,1,985
lungn3800.jpeg,1,893
lungn3801.jpeg,1,963
lungn3802.jpeg,1,826
lungn3803.jpeg,1,847
lungn3804.jpeg,1,886
lungn3805.jpeg,1,886
lungn3807.jpeg,1,863
lungn3808.jpeg,1,777
lungn3809.jpeg,1,777
lungn3810.jpeg,1,761
lungn3811.jpeg,1,880
lungn3812.jpeg,1,825
lungn3815.jpeg,1,945
lungn3819.jpeg,1,789
lungn382.jpeg,1,775
lungn3821.jpeg,1,809
lungn3822.jpeg,1,944
lungn3823.jpeg,1,911
lungn3824.jpeg,1,955
lungn3825.jpeg,1,924
lungn3826.jpeg,1,842
lungn3827.jpeg,1,842
lungn383.jpeg,1,967
lungn3830.jpeg,1,976
lungn3832.jpeg,1,897
lungn3833.jpeg,1,786
lungn3836.jpeg,1,960
lungn3837.jpeg,1,927
lungn3838.jpeg,1,927
lungn3839.jpeg,1,796
lungn384.jpeg,1,773
lungn3840.jpeg,1,905
lungn3844.jpeg,1,752
lungn3847.jpeg,1,831
lungn3848.jpeg,1,831
lungn385.jpeg,1,878
lungn3850.jpeg,1,881
lungn3851.jpeg,1,759
lungn3854.jpeg,1,853
lungn3855.jpeg,1,936
lungn3856.jpeg,1,816
lungn3857.jpeg,1,795
lungn3858.jpeg,1,795
lungn3859.jpeg,1,985
lungn3860.jpeg,1,893
lungn3862.jpeg,1,860
lungn3863.jpeg,1,847
lungn3865.jpeg,1,777
lungn3866.jpeg,1,777
lungn3867.jpeg,1,761
lungn3868.jpeg,1,780
lungn3869.jpeg,1,880
lungn387.jpeg,1,793
lungn3871.jpeg,1,801
lungn3872.jpeg,1,882
lungn3873.jpeg,1,895
lungn388.jpeg,1,948
lungn3881.jpeg,1,799
lungn3882.jpeg,1,901
lungn3883.jpeg,1,869
lungn3884.jpeg,1,854
lungn3885.jpeg,1,966
lungn3886.jpeg,1,966
lungn3887.jpeg,1,876
lungn3888.jpeg,1,750
lungn389.jpeg,1,964
lungn3891.jpeg,1,908
lungn3894.jpeg,1,948
lungn3895.jpeg,1,948
lungn3896.jpeg,1,824
lungn3897.jpeg,1,987
lungn3899.jpeg,1,875
lungn390.jpeg,1,787
lungn3901.jpeg,1,927
lungn3902.jpeg,1,797
lungn3904.jpeg,1,916
lungn3905.jpeg,1,763
lungn3907.jpeg,1,988
lungn3908.jpeg,1,832
lungn3909.jpeg,1,803
lungn391.jpeg,1,861
lungn3910.jpeg,1,803
lungn3911.jpeg,1,881
lungn3912.jpeg,1,759
lungn3915.jpeg,1,923
lungn3919.jpeg,1,757
lungn392.jpeg,1,861
lungn3920.jpeg,1,899
lungn3921.jpeg,1,808
lungn3922.jpeg,1,963
lungn3923.jpeg,1,758
lungn3924.jpeg,1,847
lungn3925.jpeg,1,992
lungn3926.jpeg,1,992
lungn3930.jpeg,1,815
lungn3931.jpeg,1,788
lungn3932.jpeg,1,788
lungn3937.jpeg,1,966
lungn3938.jpeg,1,944
lungn394.jpeg,1,766
lungn3941.jpeg,1,946
lungn3942.jpeg,1,950
lungn3943.jpeg,1,918
lungn3944.jpeg,1,879
lungn3945.jpeg,1,835
lungn3948.jpeg,1,967
lungn3949.jpeg,1,912
lungn395.jpeg,1,766
lungn3950.jpeg,1,908
lungn3951.jpeg,1,773
lungn3954.jpeg,1,903
lungn3955.jpeg,1,793
lungn3958.jpeg,1,753
lungn396.jpeg,1,875
lungn3961.jpeg,1,766
lungn3962.jpeg,1,875
lungn3963.jpeg,1,905
lungn3964.jpeg,1,797
lungn3967.jpeg,1,933
lungn3969.jpeg,1,752
lungn397.jpeg,1,875
lungn3970.jpeg,1,841
lungn3971.jpeg,1,803
lungn3973.jpeg,1,797
lungn3977.jpeg,1,941
lungn3979.jpeg,1,808
lungn398.jpeg,1,927
lungn3980.jpeg,1,915
lungn3981.jpeg,1,915
lungn3983.jpeg,1,825
lungn3984.jpeg,1,801
lungn3985.jpeg,1,961
lungn3987.jpeg,1,815
lungn3988.jpeg,1,815
lungn399.jpeg,1,919
lungn3990.jpeg,1,789
lungn3993.jpeg,1,944
lungn3994.jpeg,1,911
lungn3997.jpeg,1,842
lungn4.jpeg,1,900
lungn400.jpeg,1,797
lungn4000.jpeg,1,773
lungn4001.jpeg,1,883
lungn4002.jpeg,1,883
lungn4004.jpeg,1,849
lungn4005.jpeg,1,903
lungn4008.jpeg,1,787
lungn4009.jpeg,1,983
lungn4011.jpeg,1,907
lungn4012.jpeg,1,800
lungn4013.jpeg,1,766
lungn4016.jpeg,1,900
lungn4017.jpeg,1,821
lungn4018.jpeg,1,797
lungn4021.jpeg,1,823
lungn4022.jpeg,1,752
lungn4023.jpeg,1,841
lungn4024.jpeg,1,803
lungn4028.jpeg,1,917
lungn4029.jpeg,1,838
lungn4030.jpeg,1,937
lungn4032.jpeg,1,764
lungn4033.jpeg,1,853
lungn4034.jpeg,1,795
lungn4036.jpeg,1,782
lungn4037.jpeg,1,934
lungn4038.jpeg,1,758
lungn404.jpeg,1,823
lungn4040.jpeg,1,872
lungn4041.jpeg,1,847
lungn4043.jpeg,1,863
lungn4044.jpeg,1,761
lungn4045.jpeg,1,804
lungn4046.jpeg,1,961
lungn4047.jpeg,1,789
lungn405.jpeg,1,989
lungn4052.jpeg,1,799
lungn4055.jpeg,1,756
lungn4056.jpeg,1,756
lungn4057.jpeg,1,750
lungn4058.jpeg,1,879
lungn4059.jpeg,1,924
lungn406.jpeg,1,916
lungn4060.jpeg,1,913
lungn4061.jpeg,1,883
lungn4063.jpeg,1,753
lungn4064.jpeg,1,982
lungn4065.jpeg,1,864
lungn4067.jpeg,1,960
lungn4069.jpeg,1,870
lungn4070.jpeg,1,926
lungn4071.jpeg,1,987
lungn4072.jpeg,1,766
lungn4073.jpeg,1,927
lungn4074.jpeg,1,771
lungn4075.jpeg,1,905
lungn4076.jpeg,1,797
lungn4077.jpeg,1,938
lungn4079.jpeg,1,916
lungn4081.jpeg,1,896
lungn4084.jpeg,1,759
lungn4085.jpeg,1,984
lungn4089.jpeg,1,923
lungn4090.jpeg,1,838
lungn4091.jpeg,1,853
lungn4092.jpeg,1,814
lungn4093.jpeg,1,963
lungn4094.jpeg,1,963
lungn4095.jpeg,1,826
lungn4096.jpeg,1,822
lungn4097.jpeg,1,761
lungn4098.jpeg,1,780
lungn4099.jpeg,1,825
lungn41.jpeg,1,919
lungn4100.jpeg,1,825
lungn4101.jpeg,1,801
lungn4103.jpeg,1,805
lungn4104.jpeg,1,788
lungn4107.jpeg,1,799
lungn4108.jpeg,1,901
lungn4109.jpeg,1,852
lungn4110.jpeg,1,892
lungn4111.jpeg,1,807
lungn4112.jpeg,1,955
lungn4113.jpeg,1,842
lungn4114.jpeg,1,912
lungn4116.jpeg,1,908
lungn4117.jpeg,1,810
lungn4118.jpeg,1,849
lungn4119.jpeg,1,849
lungn412.jpeg,1,923
lungn4120.jpeg,1,903
lungn4121.jpeg,1,948
lungn4122.jpeg,1,824
lungn4123.jpeg,1,960
lungn4128.jpeg,1,927
lungn4129.jpeg,1,821
lungn4130.jpeg,1,905
lungn4131.jpeg,1,905
lungn4132.jpeg,1,797
lungn4133.jpeg,1,785
lungn4135.jpeg,1,938
lungn4137.jpeg,1,768
lungn4138.jpeg,1,763
lungn4139.jpeg,1,763
lungn4144.jpeg,1,832
lungn4145.jpeg,1,979
lungn4146.jpeg,1,953
lungn4149.jpeg,1,923
lungn4151.jpeg,1,941
lungn4152.jpeg,1,795
lungn4155.jpeg,1,782
lungn4156.jpeg,1,782
lungn4158.jpeg,1,758
lungn4159.jpeg,1,806
lungn416.jpeg,1,816
lungn4161.jpeg,1,847
lungn4164.jpeg,1,767
lungn4166.jpeg,1,790
lungn4169.jpeg,1,859
lungn4170.jpeg,1,815
lungn4172.jpeg,1,789
lungn4173.jpeg,1,792
lungn4176.jpeg,1,811
lungn4177.jpeg,1,852
lungn4179.jpeg,1,913
lungn4181.jpeg,1,967
lungn4182.jpeg,1,878
lungn4183.jpeg,1,878
lungn4184.jpeg,1,810
lungn4185.jpeg,1,903
lungn4186.jpeg,1,948
lungn4187.jpeg,1,858
lungn4189.jpeg,1,907
lungn419.jpeg,1,949
lungn4190.jpeg,1,907
lungn4191.jpeg,1,800
lungn4193.jpeg,1,766
lungn4194.jpeg,1,834
lungn4195.jpeg,1,919
lungn4197.jpeg,1,938
lungn4198.jpeg,1,823
lungn42.jpeg,1,821
lungn4201.jpeg,1,752
lungn4203.jpeg,1,866
lungn4204.jpeg,1,887
lungn4205.jpeg,1,995
lungn4206.jpeg,1,995
lungn4208.jpeg,1,917
lungn421.jpeg,1,850
lungn4211.jpeg,1,853
lungn4212.jpeg,1,757
lungn4213.jpeg,1,985
lungn4215.jpeg,1,844
lungn4216.jpeg,1,893
lungn4218.jpeg,1,963
lungn4219.jpeg,1,826
lungn422.jpeg,1,872
lungn4220.jpeg,1,860
lungn4221.jpeg,1,939
lungn4222.jpeg,1,777
lungn4224.jpeg,1,822
lungn4227.jpeg,1,780
lungn4228.jpeg,1,790
lungn423.jpeg,1,939
lungn4231.jpeg,1,788
lungn4233.jpeg,1,811
lungn4236.jpeg,1,911
lungn4237.jpeg,1,756
lungn4238.jpeg,1,924
lungn4239.jpeg,1,912
lungn424.jpeg,1,939
lungn4243.jpeg,1,878
lungn4244.jpeg,1,810
lungn4245.jpeg,1,948
lungn4246.jpeg,1,858
lungn4247.jpeg,1,907
lungn4248.jpeg,1,800
lungn425.jpeg,1,886
lungn4250.jpeg,1,912
lungn4254.jpeg,1,989
lungn4255.jpeg,1,988
lungn4256.jpeg,1,962
lungn4257.jpeg,1,841
lungn4258.jpeg,1,979
lungn4260.jpeg,1,759
lungn4262.jpeg,1,984
lungn4265.jpeg,1,891
lungn4268.jpeg,1,755
lungn427.jpeg,1,761
lungn4270.jpeg,1,844
lungn4271.jpeg,1,808
lungn4272.jpeg,1,782
lungn4273.jpeg,1,934
lungn4274.jpeg,1,934
lungn4277.jpeg,1,777
lungn4279.jpeg,1,761
lungn4281.jpeg,1,974
lungn4282.jpeg,1,804
lungn4283.jpeg,1,845
lungn4284.jpeg,1,788
lungn4287.jpeg,1,852
lungn4288.jpeg,1,852
lungn4290.jpeg,1,809
lungn4291.jpeg,1,911
lungn4293.jpeg,1,876
lungn4294.jpeg,1,762
lungn4295.jpeg,1,750
lungn4296.jpeg,1,879
lungn4297.jpeg,1,924
lungn4298.jpeg,1,835
lungn4299.jpeg,1,975
lungn43.jpeg,1,905
lungn4301.jpeg,1,885
lungn4302.jpeg,1,842
lungn4303.jpeg,1,967
lungn4304.jpeg,1,878
lungn4305.jpeg,1,964
lungn4306.jpeg,1,980
lungn4308.jpeg,1,800
lungn4309.jpeg,1,766
lungn4311.jpeg,1,771
lungn4312.jpeg,1,797
lungn4313.jpeg,1,797
lungn4314.jpeg,1,933
lungn4315.jpeg,1,933
lungn4316.jpeg,1,768
lungn4318.jpeg,1,752
lungn4319.jpeg,1,916
lungn432.jpeg,1,909
lungn4321.jpeg,1,841
lungn4324.jpeg,1,995
lungn4325.jpeg,1,917
lungn433.jpeg,1,901
lungn4330.jpeg,1,853
lungn4331.jpeg,1,795
lungn4333.jpeg,1,934
lungn4334.jpeg,1,898
lungn4335.jpeg,1,758
lungn4336.jpeg,1,850
lungn4338.jpeg,1,777
lungn4339.jpeg,1,822
lungn434.jpeg,1,809
lungn4341.jpeg,1,895
lungn4342.jpeg,1,792
lungn4345.jpeg,1,852
lungn4347.jpeg,1,966
lungn4349.jpeg,1,946
lungn435.jpeg,1,809
lungn4350.jpeg,1,918
lungn4351.jpeg,1,918
lungn4355.jpeg,1,913
lungn4358.jpeg,1,976
lungn4359.jpeg,1,810
lungn436.jpeg,1,869
lungn4361.jpeg,1,964
lungn4362.jpeg,1,877
lungn4364.jpeg,1,787
lungn4366.jpeg,1,960
lungn4367.jpeg,1,960
lungn4368.jpeg,1,926
lungn4369.jpeg,1,907
lungn4370.jpeg,1,800
lungn4371.jpeg,1,900
lungn4372.jpeg,1,796
lungn4376.jpeg,1,823
lungn4377.jpeg,1,752
lungn4379.jpeg,1,803
lungn438.jpeg,1,762
lungn4380.jpeg,1,759
lungn4381.jpeg,1,970
lungn4382.jpeg,1,995
lungn4385.jpeg,1,838
lungn4386.jpeg,1,969
lungn4389.jpeg,1,899
lungn4390.jpeg,1,898
lungn4391.jpeg,1,898
lungn4392.jpeg,1,806
lungn4393.jpeg,1,826
lungn4395.jpeg,1,827
lungn4396.jpeg,1,860
lungn4397.jpeg,1,860
lungn4398.jpeg,1,872
lungn4399.jpeg,1,847
lungn4401.jpeg,1,863
lungn4402.jpeg,1,880
lungn4404.jpeg,1,829
lungn4405.jpeg,1,895
lungn4406.jpeg,1,815
lungn4409.jpeg,1,852
lungn4410.jpeg,1,852
lungn4412.jpeg,1,809
lungn4413.jpeg,1,869
lungn4414.jpeg,1,944
lungn4415.jpeg,1,807
lungn4417.jpeg,1,950
lungn4418.jpeg,1,918
lungn4419.jpeg,1,876
lungn4420.jpeg,1,756
lungn4425.jpeg,1,908
lungn4426.jpeg,1,883
lungn4427.jpeg,1,810
lungn443.jpeg,1,908
lungn4430.jpeg,1,912
lungn4432.jpeg,1,994
lungn4433.jpeg,1,797
lungn4438.jpeg,1,768
lungn444.jpeg,1,908
lungn4441.jpeg,1,752
lungn4442.jpeg,1,763
lungn4443.jpeg,1,896
lungn4444.jpeg,1,832
lungn4445.jpeg,1,866
lungn4449.jpeg,1,797
lungn445.jpeg,1,878
lungn4450.jpeg,1,828
lungn4451.jpeg,1,784
lungn4452.jpeg,1,795
lungn4455.jpeg,1,814
lungn4456.jpeg,1,757
lungn4457.jpeg,1,929
lungn4459.jpeg,1,963
lungn446.jpeg,1,980
lungn4460.jpeg,1,758
lungn4461.jpeg,1,806
lungn4462.jpeg,1,860
lungn4467.jpeg,1,804
lungn4468.jpeg,1,829
lungn4469.jpeg,1,859
lungn447.jpeg,1,861
lungn4470.jpeg,1,882
lungn4471.jpeg,1,792
lungn4474.jpeg,1,892
lungn4475.jpeg,1,892
lungn4477.jpeg,1,876
lungn4478.jpeg,1,756
lungn4479.jpeg,1,756
lungn448.jpeg,1,960
lungn4484.jpeg,1,810
lungn4485.jpeg,1,824
lungn4486.jpeg,1,861
lungn4488.jpeg,1,766
lungn4489.jpeg,1,771
lungn449.jpeg,1,983
lungn4490.jpeg,1,919
lungn4491.jpeg,1,785
lungn4494.jpeg,1,938
lungn4495.jpeg,1,933
lungn4496.jpeg,1,768
lungn4499.jpeg,1,752
lungn45.jpeg,1,938
lungn450.jpeg,1,800
lungn4501.jpeg,1,962
lungn4502.jpeg,1,832
lungn4503.jpeg,1,917
lungn4504.jpeg,1,937
lungn4506.jpeg,1,774
lungn4508.jpeg,1,929
lungn4509.jpeg,1,899
lungn451.jpeg,1,800
lungn4510.jpeg,1,915
lungn4511.jpeg,1,826
lungn4514.jpeg,1,872
lungn4515.jpeg,1,872
lungn4516.jpeg,1,886
lungn4519.jpeg,1,825
lungn4520.jpeg,1,801
lungn4521.jpeg,1,925
lungn4522.jpeg,1,804
lungn4524.jpeg,1,792
lungn4525.jpeg,1,991
lungn4526.jpeg,1,991
lungn4529.jpeg,1,909
lungn453.jpeg,1,900
lungn4530.jpeg,1,909
lungn4531.jpeg,1,799
lungn4535.jpeg,1,842
lungn4536.jpeg,1,912
lungn4538.jpeg,1,849
lungn4539.jpeg,1,903
lungn454.jpeg,1,821
lungn4541.jpeg,1,982
lungn4542.jpeg,1,982
lungn4543.jpeg,1,877
lungn4544.jpeg,1,858
lungn4545.jpeg,1,787
lungn4547.jpeg,1,800
lungn4548.jpeg,1,912
lungn4549.jpeg,1,912
lungn455.jpeg,1,989
lungn4550.jpeg,1,912
lungn4554.jpeg,1,900
lungn4555.jpeg,1,771
lungn4556.jpeg,1,771
lungn4557.jpeg,1,771
lungn4559.jpeg,1,919
lungn456.jpeg,1,916
lungn4560.jpeg,1,797
lungn4561.jpeg,1,768
lungn4562.jpeg,1,803
lungn4564.jpeg,1,828
lungn4567.jpeg,1,795
lungn4568.jpeg,1,795
lungn4569.jpeg,1,755
lungn457.jpeg,1,841
lungn4570.jpeg,1,814
lungn4571.jpeg,1,782
lungn4572.jpeg,1,934
lungn4573.jpeg,1,898
lungn4574.jpeg,1,860
lungn4578.jpeg,1,974
lungn4579.jpeg,1,780
lungn458.jpeg,1,979
lungn4580.jpeg,1,801
lungn4581.jpeg,1,801
lungn4583.jpeg,1,829
lungn4586.jpeg,1,788
lungn4589.jpeg,1,789
lungn459.jpeg,1,803
lungn4590.jpeg,1,792
lungn4591.jpeg,1,991
lungn4594.jpeg,1,909
lungn4595.jpeg,1,990
lungn4597.jpeg,1,944
lungn4599.jpeg,1,879
lungn4600.jpeg,1,924
lungn4601.jpeg,1,883
lungn4602.jpeg,1,817
lungn4603.jpeg,1,903
lungn4608.jpeg,1,997
lungn4609.jpeg,1,912
lungn4610.jpeg,1,912
lungn4611.jpeg,1,900
lungn4612.jpeg,1,994
lungn4613.jpeg,1,796
lungn4614.jpeg,1,919
lungn4615.jpeg,1,821
lungn4616.jpeg,1,797
lungn4617.jpeg,1,785
lungn4618.jpeg,1,933
lungn4619.jpeg,1,896
lungn4620.jpeg,1,988
lungn4621.jpeg,1,832
lungn4622.jpeg,1,866
lungn4623.jpeg,1,803
lungn4624.jpeg,1,797
lungn4625.jpeg,1,887
lungn4627.jpeg,1,995
lungn463.jpeg,1,764
lungn4630.jpeg,1,764
lungn4631.jpeg,1,795
lungn4632.jpeg,1,985
lungn4633.jpeg,1,774
lungn4634.jpeg,1,808
lungn4635.jpeg,1,963
lungn4636.jpeg,1,949
lungn4637.jpeg,1,758
lungn4638.jpeg,1,826
lungn4639.jpeg,1,827
lungn464.jpeg,1,814
lungn4640.jpeg,1,847
lungn4643.jpeg,1,780
lungn4644.jpeg,1,825
lungn4645.jpeg,1,825
lungn4646.jpeg,1,925
lungn465.jpeg,1,757
lungn4650.jpeg,1,852
lungn4651.jpeg,1,807
lungn4653.jpeg,1,918
lungn4654.jpeg,1,918
lungn4655.jpeg,1,756
lungn4657.jpeg,1,842
lungn4658.jpeg,1,912
lungn4660.jpeg,1,773
lungn4661.jpeg,1,976
lungn4667.jpeg,1,796
lungn4668.jpeg,1,834
lungn467.jpeg,1,899
lungn4672.jpeg,1,896
lungn4675.jpeg,1,970
lungn4677.jpeg,1,784
lungn468.jpeg,1,893
lungn4680.jpeg,1,816
lungn4682.jpeg,1,755
lungn4684.jpeg,1,757
lungn4685.jpeg,1,774
lungn4686.jpeg,1,808
lungn4687.jpeg,1,808
lungn4689.jpeg,1,963
lungn469.jpeg,1,934
lungn4691.jpeg,1,886
lungn4692.jpeg,1,767
lungn4693.jpeg,1,780
lungn4694.jpeg,1,880
lungn4695.jpeg,1,880
lungn4699.jpeg,1,829
lungn470.jpeg,1,898
lungn4700.jpeg,1,961
lungn4701.jpeg,1,895
lungn4705.jpeg,1,799
lungn4706.jpeg,1,854
lungn4707.jpeg,1,966
lungn4708.jpeg,1,955
lungn4709.jpeg,1,756
lungn471.jpeg,1,898
lungn4710.jpeg,1,756
lungn4716.jpeg,1,849
lungn4717.jpeg,1,948
lungn4718.jpeg,1,982
lungn4719.jpeg,1,858
lungn4721.jpeg,1,864
lungn4724.jpeg,1,983
lungn4725.jpeg,1,987
lungn4727.jpeg,1,800
lungn473.jpeg,1,806
lungn4734.jpeg,1,896
lungn4737.jpeg,1,828
lungn4738.jpeg,1,984
lungn4740.jpeg,1,838
lungn4741.jpeg,1,937
lungn4742.jpeg,1,969
lungn4743.jpeg,1,816
lungn4744.jpeg,1,755
lungn4746.jpeg,1,934
lungn4747.jpeg,1,963
lungn4748.jpeg,1,963
lungn4749.jpeg,1,963
lungn4750.jpeg,1,963
lungn4751.jpeg,1,898
lungn4752.jpeg,1,806
lungn4753.jpeg,1,806
lungn4754.jpeg,1,806
lungn4755.jpeg,1,826
lungn4756.jpeg,1,812
lungn4757.jpeg,1,847
lungn4758.jpeg,1,886
lungn4759.jpeg,1,886
lungn4762.jpeg,1,822
lungn4765.jpeg,1,829
lungn4766.jpeg,1,961
lungn4767.jpeg,1,856
lungn4768.jpeg,1,815
lungn477.jpeg,1,863
lungn4771.jpeg,1,944
lungn4772.jpeg,1,946
lungn4773.jpeg,1,950
lungn4775.jpeg,1,924
lungn4777.jpeg,1,775
lungn4778.jpeg,1,878
lungn4779.jpeg,1,878
lungn4780.jpeg,1,810
lungn4781.jpeg,1,810
lungn4785.jpeg,1,861
lungn479.jpeg,1,761
lungn4790.jpeg,1,994
lungn4791.jpeg,1,771
lungn4794.jpeg,1,768
lungn4795.jpeg,1,763
lungn4796.jpeg,1,896
lungn4797.jpeg,1,988
lungn4798.jpeg,1,962
lungn4799.jpeg,1,962
lungn4800.jpeg,1,866
lungn4801.jpeg,1,965
lungn4806.jpeg,1,816
lungn4807.jpeg,1,757
lungn4808.jpeg,1,844
lungn4809.jpeg,1,893
lungn4810.jpeg,1,893
lungn4811.jpeg,1,963
lungn4812.jpeg,1,758
lungn4813.jpeg,1,827
lungn4814.jpeg,1,812
lungn4815.jpeg,1,812
lungn4816.jpeg,1,872
lungn4817.jpeg,1,767
lungn4818.jpeg,1,822
lungn4819.jpeg,1,822
lungn4820.jpeg,1,804
lungn4826.jpeg,1,991
lungn4829.jpeg,1,901
lungn483.jpeg,1,804
lungn4830.jpeg,1,966
lungn4831.jpeg,1,944
lungn4832.jpeg,1,950
lungn4833.jpeg,1,756
lungn4834.jpeg,1,924
lungn4836.jpeg,1,912
lungn4839.jpeg,1,908
lungn484.jpeg,1,805
lungn4840.jpeg,1,908
lungn4841.jpeg,1,908
lungn4842.jpeg,1,817
lungn4843.jpeg,1,964
lungn4844.jpeg,1,858
lungn4845.jpeg,1,824
lungn4846.jpeg,1,960
lungn4847.jpeg,1,977
lungn4848.jpeg,1,907
lungn4849.jpeg,1,800
lungn485.jpeg,1,961
lungn4852.jpeg,1,771
lungn4855.jpeg,1,933
lungn4856.jpeg,1,832
lungn4857.jpeg,1,841
lungn4858.jpeg,1,841
lungn4859.jpeg,1,831
lungn486.jpeg,1,845
lungn4860.jpeg,1,831
lungn4862.jpeg,1,881
lungn4864.jpeg,1,759
lungn4865.jpeg,1,759
lungn4866.jpeg,1,965
lungn4869.jpeg,1,891
lungn487.jpeg,1,856
lungn4870.jpeg,1,784
lungn4871.jpeg,1,850
lungn4872.jpeg,1,806
lungn4873.jpeg,1,826
lungn4874.jpeg,1,812
lungn4875.jpeg,1,860
lungn4876.jpeg,1,860
lungn4877.jpeg,1,767
lungn4878.jpeg,1,822
lungn4879.jpeg,1,761
lungn488.jpeg,1,856
lungn4880.jpeg,1,761
lungn4881.jpeg,1,761
lungn4883.jpeg,1,825
lungn4888.jpeg,1,789
lungn4890.jpeg,1,811
lungn4891.jpeg,1,852
lungn4892.jpeg,1,892
lungn4893.jpeg,1,944
lungn4894.jpeg,1,756
lungn4895.jpeg,1,762
lungn4896.jpeg,1,750
lungn4898.jpeg,1,842
lungn49.jpeg,1,916
lungn4901.jpeg,1,849
lungn4902.jpeg,1,849
lungn4905.jpeg,1,786
lungn4906.jpeg,1,964
lungn4907.jpeg,1,877
lungn4909.jpeg,1,861
lungn491.jpeg,1,909
lungn4910.jpeg,1,960
lungn4911.jpeg,1,983
lungn4913.jpeg,1,800
lungn4914.jpeg,1,766
lungn4917.jpeg,1,927
lungn4918.jpeg,1,927
lungn492.jpeg,1,809
lungn4923.jpeg,1,933
lungn4924.jpeg,1,988
lungn4927.jpeg,1,881
lungn4929.jpeg,1,984
lungn493.jpeg,1,892
lungn4930.jpeg,1,984
lungn4931.jpeg,1,969
lungn4932.jpeg,1,936
lungn4933.jpeg,1,936
lungn4934.jpeg,1,814
lungn4935.jpeg,1,985
lungn4936.jpeg,1,985
lungn4937.jpeg,1,774
lungn4938.jpeg,1,774
lungn4939.jpeg,1,929
lungn494.jpeg,1,869
lungn4940.jpeg,1,934
lungn4942.jpeg,1,886
lungn4944.jpeg,1,880
lungn4947.jpeg,1,805
lungn4948.jpeg,1,845
lungn4949.jpeg,1,845
lungn495.jpeg,1,854
lungn4950.jpeg,1,859
lungn4952.jpeg,1,882
lungn4957.jpeg,1,950
lungn4959.jpeg,1,750
lungn496.jpeg,1,854
lungn4960.jpeg,1,835
lungn4961.jpeg,1,775
lungn4963.jpeg,1,883
lungn4964.jpeg,1,903
lungn4965.jpeg,1,793
lungn4966.jpeg,1,787
lungn4967.jpeg,1,824
lungn4968.jpeg,1,824
lungn4969.jpeg,1,861
lungn4970.jpeg,1,983
lungn4971.jpeg,1,800
lungn4978.jpeg,1,937
lungn4979.jpeg,1,816
lungn498.jpeg,1,911
lungn4980.jpeg,1,795
lungn4981.jpeg,1,814
lungn4983.jpeg,1,899
lungn4984.jpeg,1,844
lungn4985.jpeg,1,782
lungn4986.jpeg,1,949
lungn4987.jpeg,1,850
lungn4988.jpeg,1,872
lungn499.jpeg,1,762
lungn4990.jpeg,1,805
lungn4993.jpeg,1,792
lungn4994.jpeg,1,799
lungn4996.jpeg,1,807
lungn5.jpeg,1,771
lungn50.jpeg,1,763
lungn501.jpeg,1,835
lungn504.jpeg,1,885
lungn506.jpeg,1,967
lungn507.jpeg,1,849
lungn508.jpeg,1,948
lungn509.jpeg,1,786
lungn51.jpeg,1,896
lungn510.jpeg,1,861
lungn512.jpeg,1,983
lungn513.jpeg,1,997
lungn517.jpeg,1,796
lungn518.jpeg,1,785
lungn519.jpeg,1,785
lungn521.jpeg,1,938
lungn522.jpeg,1,823
lungn523.jpeg,1,933
lungn524.jpeg,1,962
lungn525.jpeg,1,841
lungn526.jpeg,1,866
lungn527.jpeg,1,803
lungn528.jpeg,1,970
lungn529.jpeg,1,828
lungn53.jpeg,1,881
lungn532.jpeg,1,917
lungn537.jpeg,1,934
lungn538.jpeg,1,949
lungn54.jpeg,1,759
lungn540.jpeg,1,777
lungn541.jpeg,1,974
lungn542.jpeg,1,780
lungn543.jpeg,1,880
lungn548.jpeg,1,961
lungn549.jpeg,1,859
lungn550.jpeg,1,859
lungn551.jpeg,1,859
lungn552.jpeg,1,859
lungn553.jpeg,1,945
lungn554.jpeg,1,882
lungn555.jpeg,1,815
lungn556.jpeg,1,991
lungn559.jpeg,1,811
lungn56.jpeg,1,970
lungn560.jpeg,1,901
lungn561.jpeg,1,966
lungn562.jpeg,1,944
lungn563.jpeg,1,879
lungn564.jpeg,1,975
lungn565.jpeg,1,885
lungn566.jpeg,1,885
lungn568.jpeg,1,940
lungn569.jpeg,1,753
lungn570.jpeg,1,982
lungn571.jpeg,1,786
lungn573.jpeg,1,980
lungn574.jpeg,1,977
lungn575.jpeg,1,907
lungn576.jpeg,1,912
lungn577.jpeg,1,912
lungn578.jpeg,1,900
lungn579.jpeg,1,771
lungn582.jpeg,1,821
lungn583.jpeg,1,797
lungn585.jpeg,1,916
lungn586.jpeg,1,962
lungn587.jpeg,1,962
lungn588.jpeg,1,887
lungn59.jpeg,1,941
lungn590.jpeg,1,828
lungn593.jpeg,1,941
lungn594.jpeg,1,969
lungn595.jpeg,1,764
lungn596.jpeg,1,816
lungn598.jpeg,1,757
lungn599.jpeg,1,929
lungn6.jpeg,1,834
lungn60.jpeg,1,941
lungn600.jpeg,1,893
lungn601.jpeg,1,808
lungn602.jpeg,1,782
lungn603.jpeg,1,782
lungn604.jpeg,1,934
lungn605.jpeg,1,949
lungn607.jpeg,1,806
lungn608.jpeg,1,847
lungn609.jpeg,1,767
lungn61.jpeg,1,899
lungn611.jpeg,1,822
lungn612.jpeg,1,780
lungn613.jpeg,1,801
lungn614.jpeg,1,801
lungn616.jpeg,1,829
lungn618.jpeg,1,788
lungn619.jpeg,1,788
lungn62.jpeg,1,850
lungn624.jpeg,1,756
lungn626.jpeg,1,835
lungn628.jpeg,1,883
lungn63.jpeg,1,826
lungn633.jpeg,1,980
lungn635.jpeg,1,800
lungn636.jpeg,1,912
lungn637.jpeg,1,994
lungn638.jpeg,1,796
lungn639.jpeg,1,834
lungn640.jpeg,1,919
lungn643.jpeg,1,989
lungn646.jpeg,1,979
lungn648.jpeg,1,887
lungn65.jpeg,1,767
lungn651.jpeg,1,816
lungn652.jpeg,1,795
lungn654.jpeg,1,755
lungn655.jpeg,1,757
lungn656.jpeg,1,985
lungn657.jpeg,1,844
lungn658.jpeg,1,893
lungn659.jpeg,1,949
lungn66.jpeg,1,761
lungn661.jpeg,1,826
lungn662.jpeg,1,826
lungn663.jpeg,1,872
lungn664.jpeg,1,886
lungn666.jpeg,1,777
lungn67.jpeg,1,974
lungn670.jpeg,1,925
lungn671.jpeg,1,829
lungn674.jpeg,1,792
lungn675.jpeg,1,991
lungn677.jpeg,1,809
lungn678.jpeg,1,869
lungn679.jpeg,1,854
lungn68.jpeg,1,974
lungn680.jpeg,1,944
lungn681.jpeg,1,807
lungn684.jpeg,1,842
lungn685.jpeg,1,858
lungn686.jpeg,1,787
lungn688.jpeg,1,926
lungn69.jpeg,1,805
lungn693.jpeg,1,905
lungn7.jpeg,1,834
lungn701.jpeg,1,831
lungn702.jpeg,1,831
lungn703.jpeg,1,831
lungn704.jpeg,1,803
lungn705.jpeg,1,797
lungn706.jpeg,1,759
lungn707.jpeg,1,828
lungn708.jpeg,1,917
lungn709.jpeg,1,838
lungn71.jpeg,1,961
lungn710.jpeg,1,853
lungn711.jpeg,1,814
lungn712.jpeg,1,814
lungn713.jpeg,1,774
lungn714.jpeg,1,934
lungn715.jpeg,1,758
lungn716.jpeg,1,860
lungn717.jpeg,1,847
lungn722.jpeg,1,780
lungn723.jpeg,1,790
lungn724.jpeg,1,945
lungn726.jpeg,1,901
lungn727.jpeg,1,946
lungn73.jpeg,1,945
lungn730.jpeg,1,750
lungn733.jpeg,1,913
lungn734.jpeg,1,913
lungn736.jpeg,1,775
lungn737.jpeg,1,912
lungn738.jpeg,1,883
lungn739.jpeg,1,883
lungn74.jpeg,1,788
lungn740.jpeg,1,976
lungn741.jpeg,1,878
lungn742.jpeg,1,849
lungn743.jpeg,1,897
lungn745.jpeg,1,977
lungn746.jpeg,1,997
lungn748.jpeg,1,766
lungn749.jpeg,1,766
lungn750.jpeg,1,927
lungn751.jpeg,1,919
lungn753.jpeg,1,768
lungn754.jpeg,1,768
lungn755.jpeg,1,763
lungn757.jpeg,1,866
lungn758.jpeg,1,953
lungn759.jpeg,1,887
lungn760.jpeg,1,965
lungn765.jpeg,1,937
lungn766.jpeg,1,853
lungn767.jpeg,1,853
lungn768.jpeg,1,757
lungn769.jpeg,1,985
lungn771.jpeg,1,826
lungn773.jpeg,1,860
lungn774.jpeg,1,939
lungn776.jpeg,1,974
lungn777.jpeg,1,961
lungn778.jpeg,1,845
lungn783.jpeg,1,852
lungn784.jpeg,1,809
lungn785.jpeg,1,892
lungn786.jpeg,1,869
lungn787.jpeg,1,854
lungn789.jpeg,1,879
lungn790.jpeg,1,924
lungn793.jpeg,1,775
lungn794.jpeg,1,912
lungn795.jpeg,1,883
lungn796.jpeg,1,849
lungn797.jpeg,1,793
lungn798.jpeg,1,940
lungn799.jpeg,1,897
lungn80.jpeg,1,811
lungn800.jpeg,1,753
lungn802.jpeg,1,858
lungn803.jpeg,1,864
lungn805.jpeg,1,824
lungn806.jpeg,1,861
lungn807.jpeg,1,870
lungn81.jpeg,1,901
lungn813.jpeg,1,771
lungn814.jpeg,1,796
lungn816.jpeg,1,933
lungn817.jpeg,1,768
lungn820.jpeg,1,916
lungn821.jpeg,1,841
lungn823.jpeg,1,995
lungn825.jpeg,1,838
lungn826.jpeg,1,941
lungn827.jpeg,1,764
lungn828.jpeg,1,936
lungn83.jpeg,1,885
lungn830.jpeg,1,757
lungn831.jpeg,1,893
lungn833.jpeg,1,822
lungn834.jpeg,1,761
lungn837.jpeg,1,974
lungn838.jpeg,1,974
lungn839.jpeg,1,801
lungn840.jpeg,1,801
lungn841.jpeg,1,925
lungn842.jpeg,1,925
lungn843.jpeg,1,804
lungn844.jpeg,1,859
lungn845.jpeg,1,945
lungn846.jpeg,1,815
lungn851.jpeg,1,901
lungn853.jpeg,1,852
lungn855.jpeg,1,911
lungn857.jpeg,1,876
lungn858.jpeg,1,835
lungn859.jpeg,1,775
lungn860.jpeg,1,817
lungn862.jpeg,1,982
lungn863.jpeg,1,786
lungn867.jpeg,1,824
lungn868.jpeg,1,926
lungn870.jpeg,1,907
lungn871.jpeg,1,907
lungn872.jpeg,1,912
lungn873.jpeg,1,797
lungn874.jpeg,1,785
lungn88.jpeg,1,773
lungn880.jpeg,1,916
lungn881.jpeg,1,896
lungn885.jpeg,1,937
lungn887.jpeg,1,795
lungn889.jpeg,1,929
lungn89.jpeg,1,849
lungn890.jpeg,1,844
lungn891.jpeg,1,893
lungn892.jpeg,1,893
lungn893.jpeg,1,915
lungn897.jpeg,1,812
lungn898.jpeg,1,939
lungn899.jpeg,1,822
lungn900.jpeg,1,761
lungn901.jpeg,1,761
lungn902.jpeg,1,880
lungn904.jpeg,1,991
lungn905.jpeg,1,799
lungn906.jpeg,1,811
lungn907.jpeg,1,901
lungn908.jpeg,1,901
lungn909.jpeg,1,852
lungn91.jpeg,1,786
lungn910.jpeg,1,852
lungn911.jpeg,1,869
lungn914.jpeg,1,807
lungn915.jpeg,1,950
lungn917.jpeg,1,918
lungn918.jpeg,1,756
lungn92.jpeg,1,858
lungn922.jpeg,1,908
lungn924.jpeg,1,976
lungn927.jpeg,1,793
lungn928.jpeg,1,793
lungn93.jpeg,1,980
lungn930.jpeg,1,958
lungn931.jpeg,1,858
lungn933.jpeg,1,787
lungn938.jpeg,1,797
lungn939.jpeg,1,797
lungn940.jpeg,1,785
lungn942.jpeg,1,938
lungn945.jpeg,1,768
lungn946.jpeg,1,841
lungn947.jpeg,1,866
lungn948.jpeg,1,953
lungn950.jpeg,1,759
lungn951.jpeg,1,969
lungn952.jpeg,1,764
lungn953.jpeg,1,764
lungn954.jpeg,1,853
lungn955.jpeg,1,757
lungn957.jpeg,1,844
lungn958.jpeg,1,898
lungn961.jpeg,1,992
lungn962.jpeg,1,761
lungn965.jpeg,1,825
lungn966.jpeg,1,825
lungn967.jpeg,1,801
lungn968.jpeg,1,801
lungn97.jpeg,1,834
lungn973.jpeg,1,809
lungn974.jpeg,1,869
lungn975.jpeg,1,869
lungn976.jpeg,1,944
lungn979.jpeg,1,807
lungn98.jpeg,1,905
lungn980.jpeg,1,911
lungn982.jpeg,1,879
lungn988.jpeg,1,878
lungn989.jpeg,1,810
lungn992.jpeg,1,861
lungn993.jpeg,1,861
lungn995.jpeg,1,870
lungn996.jpeg,1,800
lungn998.jpeg,1,905
lungscc1.jpeg,2,1202
lungscc100.jpeg,2,1091
lungscc1000.jpeg,2,1149
lungscc1002.jpeg,2,1072
lungscc1003.jpeg,2,998
lungscc1004.jpeg,2,998
lungscc1007.jpeg,2,1020
lungscc1008.jpeg,2,1212
lungscc101.jpeg,2,1010
lungscc1011.jpeg,2,1014
lungscc1013.jpeg,2,1047
lungscc1014.jpeg,2,1164
lungscc1015.jpeg,2,1235
lungscc1016.jpeg,2,1027
lungscc1017.jpeg,2,1010
lungscc1019.jpeg,2,1012
lungscc1020.jpeg,2,1218
lungscc1024.jpeg,2,1089
lungscc1026.jpeg,2,1035
lungscc1027.jpeg,2,1035
lungscc103.jpeg,2,1039
lungscc1030.jpeg,2,1069
lungscc1031.jpeg,2,1004
lungscc1035.jpeg,2,1108
lungscc1036.jpeg,2,1183
lungscc1039.jpeg,2,1194
lungscc104.jpeg,2,1064
lungscc1040.jpeg,2,1070
lungscc1041.jpeg,2,1063
lungscc1042.jpeg,2,1038
lungscc1043.jpeg,2,1075
lungscc1044.jpeg,2,1203
lungscc1046.jpeg,2,1110
lungscc105.jpeg,2,1219
lungscc1050.jpeg,2,1066
lungscc1051.jpeg,2,1187
lungscc1052.jpeg,2,1056
lungscc1053.jpeg,2,1036
lungscc1054.jpeg,2,1202
lungscc1056.jpeg,2,1029
lungscc1059.jpeg,2,1132
lungscc1060.jpeg,2,1174
lungscc1062.jpeg,2,1144
lungscc1063.jpeg,2,1141
lungscc1065.jpeg,2,1020
lungscc1069.jpeg,2,1032
lungscc107.jpeg,2,1139
lungscc1070.jpeg,2,1014
lungscc1072.jpeg,2,1125
lungscc1074.jpeg,2,1073
lungscc1075.jpeg,2,1018
lungscc1076.jpeg,2,1235
lungscc1077.jpeg,2,1224
lungscc1078.jpeg,2,1159
lungscc1079.jpeg,2,1010
lungscc108.jpeg,2,1000
lungscc1081.jpeg,2,1143
lungscc1082.jpeg,2,1218
lungscc1083.jpeg,2,1219
lungscc1088.jpeg,2,1121
lungscc109.jpeg,2,1000
lungscc1090.jpeg,2,1139
lungscc1091.jpeg,2,1080
lungscc1092.jpeg,2,1000
lungscc1093.jpeg,2,1135
lungscc1097.jpeg,2,1078
lungscc1098.jpeg,2,1209
lungscc1099.jpeg,2,1161
lungscc110.jpeg,2,1210
lungscc1100.jpeg,2,1161
lungscc1101.jpeg,2,1216
lungscc1103.jpeg,2,1190
lungscc1104.jpeg,2,1190
lungscc1106.jpeg,2,1178
lungscc1107.jpeg,2,1063
lungscc1109.jpeg,2,1075
lungscc111.jpeg,2,1135
lungscc1110.jpeg,2,1180
lungscc1111.jpeg,2,1201
lungscc1112.jpeg,2,1041
lungscc1113.jpeg,2,1203
lungscc1114.jpeg,2,999
lungscc1115.jpeg,2,1043
lungscc1117.jpeg,2,1042
lungscc1118.jpeg,2,1052
lungscc1119.jpeg,2,1146
lungscc112.jpeg,2,1229
lungscc1122.jpeg,2,1149
lungscc1123.jpeg,2,1072
lungscc1124.jpeg,2,1028
lungscc1125.jpeg,2,1168
lungscc1126.jpeg,2,1123
lungscc1127.jpeg,2,1123
lungscc1128.jpeg,2,1050
lungscc1129.jpeg,2,1019
lungscc113.jpeg,2,1004
lungscc1132.jpeg,2,1134
lungscc1135.jpeg,2,1102
lungscc1136.jpeg,2,1152
lungscc1137.jpeg,2,1164
lungscc1138.jpeg,2,1235
lungscc1139.jpeg,2,1224
lungscc114.jpeg,2,1155
lungscc1140.jpeg,2,1091
lungscc1141.jpeg,2,1091
lungscc1144.jpeg,2,1039
lungscc1145.jpeg,2,1039
lungscc1146.jpeg,2,1083
lungscc1147.jpeg,2,1083
lungscc1148.jpeg,2,1121
lungscc1149.jpeg,2,1139
lungscc1151.jpeg,2,1210
lungscc1152.jpeg,2,1210
lungscc1153.jpeg,2,1008
lungscc1154.jpeg,2,1135
lungscc1155.jpeg,2,1009
lungscc1156.jpeg,2,1004
lungscc1158.jpeg,2,1109
lungscc1159.jpeg,2,1109
lungscc116.jpeg,2,1078
lungscc1160.jpeg,2,1108
lungscc1161.jpeg,2,1118
lungscc1162.jpeg,2,1172
lungscc1163.jpeg,2,1190
lungscc1164.jpeg,2,1165
lungscc1165.jpeg,2,1165
lungscc1166.jpeg,2,1094
lungscc1167.jpeg,2,1157
lungscc1169.jpeg,2,999
lungscc1171.jpeg,2,1015
lungscc1173.jpeg,2,1066
lungscc1174.jpeg,2,1056
lungscc1177.jpeg,2,1146
lungscc1178.jpeg,2,1105
lungscc1179.jpeg,2,1105
lungscc118.jpeg,2,1120
lungscc1180.jpeg,2,1105
lungscc1181.jpeg,2,1150
lungscc1185.jpeg,2,1049
lungscc1187.jpeg,2,1230
lungscc1189.jpeg,2,1106
lungscc119.jpeg,2,1120
lungscc1190.jpeg,2,1129
lungscc1191.jpeg,2,1141
lungscc1192.jpeg,2,1141
lungscc1194.jpeg,2,1003
lungscc1195.jpeg,2,1134
lungscc1196.jpeg,2,1188
lungscc1197.jpeg,2,1128
lungscc12.jpeg,2,1073
lungscc1200.jpeg,2,1073
lungscc1201.jpeg,2,1024
lungscc1203.jpeg,2,1159
lungscc1205.jpeg,2,1191
lungscc1206.jpeg,2,1191
lungscc1208.jpeg,2,1080
lungscc1209.jpeg,2,1054
lungscc1210.jpeg,2,1153
lungscc1211.jpeg,2,1153
lungscc1212.jpeg,2,1004
lungscc1217.jpeg,2,1120
lungscc1218.jpeg,2,1005
lungscc1219.jpeg,2,1177
lungscc1220.jpeg,2,1183
lungscc1221.jpeg,2,1169
lungscc1223.jpeg,2,1203
lungscc1224.jpeg,2,1203
lungscc1225.jpeg,2,1096
lungscc123.jpeg,2,1011
lungscc1230.jpeg,2,1056
lungscc1234.jpeg,2,1045
lungscc1237.jpeg,2,1230
lungscc1239.jpeg,2,1197
lungscc124.jpeg,2,1011
lungscc1241.jpeg,2,1170
lungscc1242.jpeg,2,1028
lungscc1243.jpeg,2,1204
lungscc1244.jpeg,2,1138
lungscc1245.jpeg,2,998
lungscc1247.jpeg,2,1232
lungscc1249.jpeg,2,1014
lungscc125.jpeg,2,1167
lungscc1250.jpeg,2,1188
lungscc1251.jpeg,2,1130
lungscc1252.jpeg,2,1130
lungscc1253.jpeg,2,1037
lungscc1254.jpeg,2,1037
lungscc1255.jpeg,2,1112
lungscc1257.jpeg,2,1143
lungscc1258.jpeg,2,1092
lungscc1259.jpeg,2,1092
lungscc126.jpeg,2,1059
lungscc1260.jpeg,2,1111
lungscc1262.jpeg,2,1083
lungscc1264.jpeg,2,1081
lungscc1265.jpeg,2,1017
lungscc1268.jpeg,2,1131
lungscc1269.jpeg,2,1124
lungscc127.jpeg,2,1178
lungscc1270.jpeg,2,1080
lungscc1271.jpeg,2,1054
lungscc1272.jpeg,2,1228
lungscc1273.jpeg,2,1151
lungscc1274.jpeg,2,1126
lungscc1275.jpeg,2,1181
lungscc1276.jpeg,2,1120
lungscc1277.jpeg,2,1109
lungscc1278.jpeg,2,1109
lungscc1279.jpeg,2,1172
lungscc128.jpeg,2,1070
lungscc1280.jpeg,2,1113
lungscc1281.jpeg,2,1194
lungscc1283.jpeg,2,1094
lungscc1284.jpeg,2,1157
lungscc1285.jpeg,2,1038
lungscc1288.jpeg,2,1189
lungscc1289.jpeg,2,1189
lungscc129.jpeg,2,1157
lungscc1295.jpeg,2,1034
lungscc1297.jpeg,2,1052
lungscc1298.jpeg,2,1202
lungscc1299.jpeg,2,1146
lungscc13.jpeg,2,1173
lungscc130.jpeg,2,1038
lungscc1301.jpeg,2,1049
lungscc1302.jpeg,2,1244
lungscc1303.jpeg,2,1149
lungscc1304.jpeg,2,1072
lungscc1305.jpeg,2,1168
lungscc1307.jpeg,2,1221
lungscc1308.jpeg,2,1020
lungscc1309.jpeg,2,1212
lungscc131.jpeg,2,1075
lungscc1311.jpeg,2,1048
lungscc1313.jpeg,2,1032
lungscc1316.jpeg,2,1024
lungscc1317.jpeg,2,1024
lungscc1318.jpeg,2,1061
lungscc1319.jpeg,2,1064
lungscc132.jpeg,2,1203
lungscc1320.jpeg,2,1218
lungscc1321.jpeg,2,1219
lungscc1322.jpeg,2,1017
lungscc1324.jpeg,2,1121
lungscc1325.jpeg,2,1147
lungscc1326.jpeg,2,1206
lungscc1327.jpeg,2,1000
lungscc1328.jpeg,2,1135
lungscc1329.jpeg,2,1153
lungscc1330.jpeg,2,1069
lungscc1331.jpeg,2,1151
lungscc1332.jpeg,2,1151
lungscc1336.jpeg,2,1005
lungscc1337.jpeg,2,1113
lungscc134.jpeg,2,1015
lungscc1341.jpeg,2,1165
lungscc1342.jpeg,2,1038
lungscc1343.jpeg,2,1180
lungscc1344.jpeg,2,1201
lungscc1345.jpeg,2,1203
lungscc1347.jpeg,2,1015
lungscc1348.jpeg,2,1043
lungscc1349.jpeg,2,1074
lungscc135.jpeg,2,1096
lungscc1350.jpeg,2,1074
lungscc1351.jpeg,2,1156
lungscc1356.jpeg,2,1132
lungscc1357.jpeg,2,1197
lungscc1358.jpeg,2,1197
lungscc1359.jpeg,2,1170
lungscc136.jpeg,2,1096
lungscc1360.jpeg,2,1170
lungscc1361.jpeg,2,1170
lungscc1362.jpeg,2,1044
lungscc1363.jpeg,2,1106
lungscc1364.jpeg,2,1106
lungscc1365.jpeg,2,1212
lungscc1366.jpeg,2,1032
lungscc1367.jpeg,2,1134
lungscc1369.jpeg,2,1024
lungscc1370.jpeg,2,1047
lungscc1371.jpeg,2,1173
lungscc1372.jpeg,2,1164
lungscc1373.jpeg,2,1238
lungscc1374.jpeg,2,1238
lungscc1375.jpeg,2,1092
lungscc1376.jpeg,2,1133
lungscc1377.jpeg,2,1083
lungscc1378.jpeg,2,1083
lungscc138.jpeg,2,1043
lungscc1380.jpeg,2,1219
lungscc1382.jpeg,2,1089
lungscc1384.jpeg,2,1009
lungscc1385.jpeg,2,1151
lungscc1386.jpeg,2,1151
lungscc1389.jpeg,2,1005
lungscc139.jpeg,2,1074
lungscc1391.jpeg,2,1194
lungscc1392.jpeg,2,1059
lungscc1394.jpeg,2,1178
lungscc1395.jpeg,2,1157
lungscc1396.jpeg,2,1157
lungscc1399.jpeg,2,1075
lungscc14.jpeg,2,1207
lungscc140.jpeg,2,1107
lungscc1400.jpeg,2,1189
lungscc1402.jpeg,2,999
lungscc1403.jpeg,2,1107
lungscc1405.jpeg,2,1145
lungscc1408.jpeg,2,1234
lungscc1409.jpeg,2,1146
lungscc1410.jpeg,2,1105
lungscc1411.jpeg,2,1049
lungscc1412.jpeg,2,1132
lungscc1413.jpeg,2,1174
lungscc1414.jpeg,2,1144
lungscc1415.jpeg,2,1197
lungscc1418.jpeg,2,1028
lungscc1419.jpeg,2,1013
lungscc1421.jpeg,2,1221
lungscc1422.jpeg,2,1138
lungscc1423.jpeg,2,1179
lungscc1424.jpeg,2,1179
lungscc1426.jpeg,2,1048
lungscc1427.jpeg,2,1232
lungscc1429.jpeg,2,1213
lungscc143.jpeg,2,1198
lungscc1430.jpeg,2,1213
lungscc1431.jpeg,2,1102
lungscc1432.jpeg,2,1091
lungscc1433.jpeg,2,1010
lungscc1434.jpeg,2,1039
lungscc1435.jpeg,2,1111
lungscc1436.jpeg,2,1111
lungscc1437.jpeg,2,1064
lungscc1438.jpeg,2,1133
lungscc1439.jpeg,2,1083
lungscc1441.jpeg,2,1219
lungscc1444.jpeg,2,1196
lungscc1445.jpeg,2,1080
lungscc1446.jpeg,2,1080
lungscc1449.jpeg,2,1162
lungscc1451.jpeg,2,1209
lungscc1454.jpeg,2,1222
lungscc1455.jpeg,2,1011
lungscc1456.jpeg,2,1059
lungscc1457.jpeg,2,1165
lungscc1458.jpeg,2,1165
lungscc1459.jpeg,2,1178
lungscc146.jpeg,2,1052
lungscc1460.jpeg,2,1038
lungscc1462.jpeg,2,999
lungscc1463.jpeg,2,1239
lungscc1466.jpeg,2,1144
lungscc1467.jpeg,2,1163
lungscc1469.jpeg,2,1168
lungscc1470.jpeg,2,1231
lungscc1471.jpeg,2,1123
lungscc1472.jpeg,2,1050
lungscc1473.jpeg,2,998
lungscc1474.jpeg,2,998
lungscc1476.jpeg,2,1003
lungscc1477.jpeg,2,1134
lungscc1478.jpeg,2,1125
lungscc148.jpeg,2,1029
lungscc1480.jpeg,2,1130
lungscc1481.jpeg,2,1152
lungscc1482.jpeg,2,1164
lungscc1483.jpeg,2,1235
lungscc1484.jpeg,2,1027
lungscc1485.jpeg,2,1112
lungscc1486.jpeg,2,1238
lungscc1487.jpeg,2,1092
lungscc1488.jpeg,2,1012
lungscc1489.jpeg,2,1133
lungscc149.jpeg,2,1040
lungscc1490.jpeg,2,1218
lungscc1491.jpeg,2,1017
lungscc1492.jpeg,2,1119
lungscc1493.jpeg,2,1089
lungscc1494.jpeg,2,1089
lungscc1495.jpeg,2,1147
lungscc1496.jpeg,2,1124
lungscc1497.jpeg,2,1080
lungscc1498.jpeg,2,1206
lungscc1499.jpeg,2,1153
lungscc150.jpeg,2,1045
lungscc1500.jpeg,2,1004
lungscc1501.jpeg,2,1155
lungscc1502.jpeg,2,1162
lungscc1503.jpeg,2,1126
lungscc1504.jpeg,2,1181
lungscc1505.jpeg,2,1005
lungscc1506.jpeg,2,1177
lungscc1508.jpeg,2,1011
lungscc1510.jpeg,2,1180
lungscc1511.jpeg,2,1189
lungscc1512.jpeg,2,999
lungscc1514.jpeg,2,1074
lungscc1515.jpeg,2,1107
lungscc1516.jpeg,2,1107
lungscc1519.jpeg,2,1132
lungscc1521.jpeg,2,1230
lungscc1522.jpeg,2,1197
lungscc1524.jpeg,2,1231
lungscc1525.jpeg,2,1138
lungscc1526.jpeg,2,1050
lungscc1527.jpeg,2,1179
lungscc1528.jpeg,2,998
lungscc1530.jpeg,2,1019
lungscc1533.jpeg,2,1176
lungscc1536.jpeg,2,1134
lungscc1538.jpeg,2,1188
lungscc154.jpeg,2,1044
lungscc1540.jpeg,2,1018
lungscc1541.jpeg,2,1024
lungscc1542.jpeg,2,1024
lungscc1543.jpeg,2,1173
lungscc1544.jpeg,2,1164
lungscc1546.jpeg,2,1238
lungscc1548.jpeg,2,1143
lungscc1549.jpeg,2,1185
lungscc155.jpeg,2,1163
lungscc1551.jpeg,2,1083
lungscc1552.jpeg,2,1218
lungscc1553.jpeg,2,1081
lungscc1556.jpeg,2,1119
lungscc1557.jpeg,2,1054
lungscc1559.jpeg,2,1229
lungscc156.jpeg,2,1129
lungscc1560.jpeg,2,1155
lungscc1561.jpeg,2,1155
lungscc1563.jpeg,2,1162
lungscc1564.jpeg,2,1078
lungscc1565.jpeg,2,1209
lungscc1567.jpeg,2,1108
lungscc1568.jpeg,2,1113
lungscc157.jpeg,2,1231
lungscc1570.jpeg,2,1011
lungscc1571.jpeg,2,1059
lungscc1572.jpeg,2,1059
lungscc1574.jpeg,2,1165
lungscc1575.jpeg,2,1063
lungscc1576.jpeg,2,1038
lungscc1578.jpeg,2,1075
lungscc1579.jpeg,2,1075
lungscc158.jpeg,2,1020
lungscc1581.jpeg,2,1041
lungscc1582.jpeg,2,1160
lungscc1583.jpeg,2,999
lungscc1584.jpeg,2,999
lungscc1585.jpeg,2,1043
lungscc1587.jpeg,2,1056
lungscc1588.jpeg,2,1234
lungscc159.jpeg,2,1232
lungscc1592.jpeg,2,1001
lungscc1593.jpeg,2,1244
lungscc1595.jpeg,2,1149
lungscc1596.jpeg,2,1170
lungscc1597.jpeg,2,1044
lungscc1598.jpeg,2,1163
lungscc1599.jpeg,2,1168
lungscc1600.jpeg,2,1050
lungscc1602.jpeg,2,1101
lungscc1603.jpeg,2,1176
lungscc1604.jpeg,2,1102
lungscc1605.jpeg,2,1102
lungscc1606.jpeg,2,1024
lungscc1607.jpeg,2,1027
lungscc1608.jpeg,2,1112
lungscc161.jpeg,2,1003
lungscc1610.jpeg,2,1207
lungscc1611.jpeg,2,1012
lungscc1613.jpeg,2,1081
lungscc1614.jpeg,2,1017
lungscc1616.jpeg,2,1124
lungscc1617.jpeg,2,1124
lungscc1618.jpeg,2,1065
lungscc1619.jpeg,2,1206
lungscc162.jpeg,2,1134
lungscc1620.jpeg,2,1210
lungscc1621.jpeg,2,1199
lungscc1622.jpeg,2,1151
lungscc1625.jpeg,2,1161
lungscc1626.jpeg,2,1161
lungscc1627.jpeg,2,1118
lungscc1628.jpeg,2,1183
lungscc1630.jpeg,2,1005
lungscc1632.jpeg,2,1160
lungscc1633.jpeg,2,1110
lungscc1634.jpeg,2,1110
lungscc1635.jpeg,2,1034
lungscc1638.jpeg,2,1211
lungscc1639.jpeg,2,1036
lungscc1640.jpeg,2,1036
lungscc1644.jpeg,2,1105
lungscc1645.jpeg,2,1045
lungscc1646.jpeg,2,1045
lungscc1647.jpeg,2,1132
lungscc1648.jpeg,2,1132
lungscc1650.jpeg,2,1174
lungscc1652.jpeg,2,1149
lungscc1653.jpeg,2,1170
lungscc1654.jpeg,2,1044
lungscc1656.jpeg,2,1106
lungscc1657.jpeg,2,1204
lungscc1658.jpeg,2,1231
lungscc1659.jpeg,2,1179
lungscc1660.jpeg,2,1212
lungscc1661.jpeg,2,1003
lungscc1662.jpeg,2,1014
lungscc1664.jpeg,2,1047
lungscc1665.jpeg,2,1164
lungscc1666.jpeg,2,1061
lungscc1667.jpeg,2,1061
lungscc1669.jpeg,2,1159
lungscc167.jpeg,2,1102
lungscc1670.jpeg,2,1010
lungscc1671.jpeg,2,1207
lungscc1672.jpeg,2,1218
lungscc1673.jpeg,2,1081
lungscc1675.jpeg,2,1139
lungscc1676.jpeg,2,1124
lungscc1677.jpeg,2,1065
lungscc1679.jpeg,2,1008
lungscc168.jpeg,2,1024
lungscc1681.jpeg,2,1009
lungscc1682.jpeg,2,1155
lungscc1684.jpeg,2,1126
lungscc1685.jpeg,2,1103
lungscc1686.jpeg,2,1103
lungscc1687.jpeg,2,1118
lungscc1688.jpeg,2,1183
lungscc1689.jpeg,2,1167
lungscc1690.jpeg,2,1070
lungscc1691.jpeg,2,1063
lungscc1692.jpeg,2,1157
lungscc1693.jpeg,2,1038
lungscc1695.jpeg,2,1041
lungscc1696.jpeg,2,1041
lungscc1697.jpeg,2,1160
lungscc1698.jpeg,2,1160
lungscc1699.jpeg,2,999
lungscc170.jpeg,2,1185
lungscc1700.jpeg,2,1110
lungscc1701.jpeg,2,1034
lungscc1705.jpeg,2,1156
lungscc1706.jpeg,2,1202
lungscc1708.jpeg,2,1045
lungscc1709.jpeg,2,1226
lungscc171.jpeg,2,1012
lungscc1710.jpeg,2,1150
lungscc1714.jpeg,2,1044
lungscc1715.jpeg,2,1106
lungscc1716.jpeg,2,1129
lungscc1717.jpeg,2,1123
lungscc172.jpeg,2,1133
lungscc1720.jpeg,2,1101
lungscc1722.jpeg,2,1188
lungscc1723.jpeg,2,1188
lungscc1724.jpeg,2,1125
lungscc1725.jpeg,2,1213
lungscc1731.jpeg,2,1092
lungscc1732.jpeg,2,1191
lungscc1733.jpeg,2,1081
lungscc1734.jpeg,2,1081
lungscc1735.jpeg,2,1119
lungscc1736.jpeg,2,1035
lungscc1737.jpeg,2,1008
lungscc1738.jpeg,2,1199
lungscc1739.jpeg,2,1155
lungscc174.jpeg,2,1081
lungscc1744.jpeg,2,1103
lungscc1745.jpeg,2,1177
lungscc1746.jpeg,2,1177
lungscc1747.jpeg,2,1216
lungscc1748.jpeg,2,1172
lungscc1749.jpeg,2,1222
lungscc175.jpeg,2,1017
lungscc1751.jpeg,2,1194
lungscc1753.jpeg,2,1094
lungscc1754.jpeg,2,1189
lungscc1755.jpeg,2,1160
lungscc1757.jpeg,2,1043
lungscc1758.jpeg,2,1146
lungscc1759.jpeg,2,1045
lungscc1760.jpeg,2,1150
lungscc1763.jpeg,2,1132
lungscc1764.jpeg,2,1163
lungscc1765.jpeg,2,1028
lungscc1766.jpeg,2,1168
lungscc1767.jpeg,2,1129
lungscc1768.jpeg,2,1221
lungscc1769.jpeg,2,1050
lungscc1770.jpeg,2,1179
lungscc1778.jpeg,2,1188
lungscc1779.jpeg,2,1016
lungscc1780.jpeg,2,1130
lungscc1781.jpeg,2,1047
lungscc1782.jpeg,2,1027
lungscc1783.jpeg,2,1061
lungscc1784.jpeg,2,1143
lungscc1785.jpeg,2,1191
lungscc1786.jpeg,2,1064
lungscc1787.jpeg,2,1133
lungscc1789.jpeg,2,1017
lungscc179.jpeg,2,1119
lungscc1794.jpeg,2,1227
lungscc1795.jpeg,2,1227
lungscc1796.jpeg,2,1035
lungscc18.jpeg,2,1189
lungscc1800.jpeg,2,1004
lungscc1801.jpeg,2,1151
lungscc1802.jpeg,2,1126
lungscc1804.jpeg,2,1078
lungscc1805.jpeg,2,1109
lungscc1806.jpeg,2,1005
lungscc1807.jpeg,2,1108
lungscc1808.jpeg,2,1177
lungscc181.jpeg,2,1080
lungscc1811.jpeg,2,1011
lungscc1813.jpeg,2,1070
lungscc1814.jpeg,2,1038
lungscc1816.jpeg,2,1075
lungscc1818.jpeg,2,1034
lungscc182.jpeg,2,1008
lungscc1820.jpeg,2,1145
lungscc1821.jpeg,2,1056
lungscc1822.jpeg,2,1234
lungscc1823.jpeg,2,1245
lungscc1824.jpeg,2,1105
lungscc1825.jpeg,2,1001
lungscc1826.jpeg,2,1049
lungscc1827.jpeg,2,1244
lungscc1828.jpeg,2,1132
lungscc1833.jpeg,2,1072
lungscc1836.jpeg,2,1231
lungscc1837.jpeg,2,1050
lungscc1838.jpeg,2,1179
lungscc1839.jpeg,2,1212
lungscc184.jpeg,2,1009
lungscc1840.jpeg,2,1048
lungscc1841.jpeg,2,1101
lungscc1842.jpeg,2,1101
lungscc1843.jpeg,2,1032
lungscc1846.jpeg,2,1213
lungscc1847.jpeg,2,1152
lungscc1848.jpeg,2,1152
lungscc1849.jpeg,2,1173
lungscc185.jpeg,2,1069
lungscc1850.jpeg,2,1027
lungscc1851.jpeg,2,1238
lungscc1852.jpeg,2,1010
lungscc1853.jpeg,2,1191
lungscc1856.jpeg,2,1121
lungscc1857.jpeg,2,1121
lungscc1859.jpeg,2,1089
lungscc186.jpeg,2,1126
lungscc1860.jpeg,2,1139
lungscc1862.jpeg,2,1054
lungscc1863.jpeg,2,1008
lungscc1864.jpeg,2,1135
lungscc1865.jpeg,2,1009
lungscc1866.jpeg,2,1229
lungscc1870.jpeg,2,1222
lungscc1871.jpeg,2,1222
lungscc1874.jpeg,2,1070
lungscc1875.jpeg,2,1070
lungscc1876.jpeg,2,1075
lungscc1877.jpeg,2,1015
lungscc1878.jpeg,2,1107
lungscc1880.jpeg,2,1066
lungscc1881.jpeg,2,1066
lungscc1882.jpeg,2,1036
lungscc1883.jpeg,2,1036
lungscc1884.jpeg,2,1202
lungscc1886.jpeg,2,1029
lungscc1888.jpeg,2,1040
lungscc1889.jpeg,2,1150
lungscc189.jpeg,2,1109
lungscc1892.jpeg,2,1244
lungscc1894.jpeg,2,1197
lungscc1895.jpeg,2,1072
lungscc1896.jpeg,2,1163
lungscc1897.jpeg,2,1231
lungscc1898.jpeg,2,1138
lungscc1899.jpeg,2,1179
lungscc190.jpeg,2,1005
lungscc1901.jpeg,2,1020
lungscc1905.jpeg,2,1032
lungscc1906.jpeg,2,1032
lungscc1907.jpeg,2,1134
lungscc1908.jpeg,2,1014
lungscc191.jpeg,2,1183
lungscc1911.jpeg,2,1018
lungscc1912.jpeg,2,1047
lungscc1913.jpeg,2,1152
lungscc1914.jpeg,2,1152
lungscc1915.jpeg,2,1159
lungscc1916.jpeg,2,1159
lungscc1917.jpeg,2,1039
lungscc1919.jpeg,2,1196
lungscc192.jpeg,2,1190
lungscc1920.jpeg,2,1065
lungscc1921.jpeg,2,1080
lungscc1923.jpeg,2,1210
lungscc1924.jpeg,2,1153
lungscc1925.jpeg,2,1151
lungscc193.jpeg,2,1165
lungscc1930.jpeg,2,1209
lungscc1931.jpeg,2,1005
lungscc1932.jpeg,2,1103
lungscc1933.jpeg,2,1177
lungscc1934.jpeg,2,1222
lungscc1935.jpeg,2,1011
lungscc1936.jpeg,2,1169
lungscc1938.jpeg,2,1189
lungscc194.jpeg,2,1094
lungscc1941.jpeg,2,1096
lungscc1942.jpeg,2,1043
lungscc1943.jpeg,2,1034
lungscc1946.jpeg,2,1145
lungscc1947.jpeg,2,1245
lungscc195.jpeg,2,1169
lungscc1950.jpeg,2,1150
lungscc1953.jpeg,2,1132
lungscc1957.jpeg,2,1106
lungscc1958.jpeg,2,1168
lungscc1959.jpeg,2,1129
lungscc1962.jpeg,2,1231
lungscc1963.jpeg,2,1123
lungscc1964.jpeg,2,1212
lungscc1965.jpeg,2,1212
lungscc1966.jpeg,2,1232
lungscc1967.jpeg,2,1176
lungscc1968.jpeg,2,1176
lungscc1969.jpeg,2,1014
lungscc197.jpeg,2,1041
lungscc1972.jpeg,2,1173
lungscc1975.jpeg,2,1039
lungscc1978.jpeg,2,1133
lungscc1979.jpeg,2,1147
lungscc198.jpeg,2,999
lungscc1980.jpeg,2,1147
lungscc1981.jpeg,2,1124
lungscc1983.jpeg,2,1210
lungscc1984.jpeg,2,1153
lungscc1985.jpeg,2,1069
lungscc1986.jpeg,2,1155
lungscc1987.jpeg,2,1151
lungscc1988.jpeg,2,1151
lungscc1989.jpeg,2,1078
lungscc199.jpeg,2,1015
lungscc1990.jpeg,2,1190
lungscc1991.jpeg,2,1190
lungscc1992.jpeg,2,1167
lungscc1993.jpeg,2,1059
lungscc1996.jpeg,2,1201
lungscc1997.jpeg,2,1160
lungscc1999.jpeg,2,1042
lungscc200.jpeg,2,1074
lungscc2000.jpeg,2,1187
lungscc2002.jpeg,2,1040
lungscc2003.jpeg,2,1045
lungscc2007.jpeg,2,1049
lungscc201.jpeg,2,1107
lungscc2011.jpeg,2,1163
lungscc2012.jpeg,2,1028
lungscc2014.jpeg,2,1141
lungscc2015.jpeg,2,1138
lungscc2016.jpeg,2,1123
lungscc2020.jpeg,2,1232
lungscc2022.jpeg,2,1014
lungscc2024.jpeg,2,1213
lungscc2025.jpeg,2,1091
lungscc2026.jpeg,2,1112
lungscc2027.jpeg,2,1159
lungscc2029.jpeg,2,1143
lungscc203.jpeg,2,1156
lungscc2030.jpeg,2,1143
lungscc2031.jpeg,2,1143
lungscc2032.jpeg,2,1111
lungscc2033.jpeg,2,1064
lungscc2034.jpeg,2,1133
lungscc2035.jpeg,2,1124
lungscc2036.jpeg,2,1054
lungscc2037.jpeg,2,1008
lungscc2038.jpeg,2,1008
lungscc2039.jpeg,2,1228
lungscc2043.jpeg,2,1078
lungscc2045.jpeg,2,1005
lungscc2046.jpeg,2,1005
lungscc2048.jpeg,2,1070
lungscc2050.jpeg,2,1075
lungscc2052.jpeg,2,1201
lungscc2053.jpeg,2,1160
lungscc2054.jpeg,2,999
lungscc2058.jpeg,2,1198
lungscc2060.jpeg,2,1187
lungscc2063.jpeg,2,1244
lungscc2064.jpeg,2,1230
lungscc2066.jpeg,2,1149
lungscc2068.jpeg,2,1221
lungscc2069.jpeg,2,1138
lungscc207.jpeg,2,1245
lungscc2070.jpeg,2,1123
lungscc2076.jpeg,2,1020
lungscc2077.jpeg,2,1232
lungscc2079.jpeg,2,1032
lungscc2080.jpeg,2,1032
lungscc2081.jpeg,2,1134
lungscc2082.jpeg,2,1188
lungscc2083.jpeg,2,1125
lungscc2088.jpeg,2,1173
lungscc2089.jpeg,2,1037
lungscc2090.jpeg,2,1039
lungscc2091.jpeg,2,1039
lungscc2092.jpeg,2,1064
lungscc2093.jpeg,2,1083
lungscc2096.jpeg,2,1089
lungscc2099.jpeg,2,1069
lungscc2100.jpeg,2,1126
lungscc2102.jpeg,2,1161
lungscc2103.jpeg,2,1177
lungscc2104.jpeg,2,1113
lungscc2106.jpeg,2,1194
lungscc2107.jpeg,2,1194
lungscc2108.jpeg,2,1178
lungscc2109.jpeg,2,1094
lungscc211.jpeg,2,1144
lungscc2110.jpeg,2,1038
lungscc2111.jpeg,2,999
lungscc2113.jpeg,2,1015
lungscc2114.jpeg,2,1015
lungscc2115.jpeg,2,1043
lungscc2116.jpeg,2,1107
lungscc2119.jpeg,2,1211
lungscc2120.jpeg,2,1056
lungscc2121.jpeg,2,1234
lungscc2122.jpeg,2,1226
lungscc2124.jpeg,2,1144
lungscc2125.jpeg,2,1044
lungscc2126.jpeg,2,1044
lungscc2127.jpeg,2,1163
lungscc2128.jpeg,2,1106
lungscc2129.jpeg,2,1168
lungscc213.jpeg,2,1163
lungscc2130.jpeg,2,1141
lungscc2131.jpeg,2,1221
lungscc2134.jpeg,2,1048
lungscc2135.jpeg,2,1101
lungscc2138.jpeg,2,1102
lungscc2139.jpeg,2,1047
lungscc214.jpeg,2,1013
lungscc2140.jpeg,2,1235
lungscc2141.jpeg,2,1010
lungscc2143.jpeg,2,1064
lungscc2144.jpeg,2,1012
lungscc2146.jpeg,2,1089
lungscc2147.jpeg,2,1131
lungscc2148.jpeg,2,1035
lungscc215.jpeg,2,1141
lungscc2151.jpeg,2,1153
lungscc2152.jpeg,2,1069
lungscc2153.jpeg,2,1155
lungscc2155.jpeg,2,1184
lungscc2156.jpeg,2,1126
lungscc2158.jpeg,2,1078
lungscc2159.jpeg,2,1209
lungscc216.jpeg,2,1158
lungscc2161.jpeg,2,1109
lungscc2162.jpeg,2,1108
lungscc2163.jpeg,2,1118
lungscc2164.jpeg,2,1118
lungscc2165.jpeg,2,1216
lungscc2167.jpeg,2,1167
lungscc2168.jpeg,2,1070
lungscc2169.jpeg,2,1070
lungscc217.jpeg,2,1158
lungscc2170.jpeg,2,1157
lungscc2171.jpeg,2,1169
lungscc2174.jpeg,2,1075
lungscc2175.jpeg,2,1201
lungscc2177.jpeg,2,1074
lungscc2178.jpeg,2,1107
lungscc2179.jpeg,2,1107
lungscc218.jpeg,2,1048
lungscc2180.jpeg,2,1107
lungscc2182.jpeg,2,1042
lungscc2184.jpeg,2,1056
lungscc2185.jpeg,2,1239
lungscc2186.jpeg,2,1174
lungscc2188.jpeg,2,1149
lungscc2189.jpeg,2,1072
lungscc219.jpeg,2,1048
lungscc2190.jpeg,2,1044
lungscc2192.jpeg,2,998
lungscc2193.jpeg,2,1019
lungscc2196.jpeg,2,1048
lungscc2197.jpeg,2,1048
lungscc2198.jpeg,2,1048
lungscc2199.jpeg,2,1176
lungscc2201.jpeg,2,1134
lungscc2203.jpeg,2,1188
lungscc2204.jpeg,2,1188
lungscc2207.jpeg,2,1213
lungscc2208.jpeg,2,1024
lungscc2209.jpeg,2,1024
lungscc2210.jpeg,2,1091
lungscc2211.jpeg,2,1027
lungscc2212.jpeg,2,1061
lungscc2213.jpeg,2,1061
lungscc2216.jpeg,2,1159
lungscc2218.jpeg,2,1154
lungscc2219.jpeg,2,1092
lungscc222.jpeg,2,1016
lungscc2220.jpeg,2,1191
lungscc2221.jpeg,2,1207
lungscc2224.jpeg,2,1081
lungscc2226.jpeg,2,1121
lungscc2227.jpeg,2,1139
lungscc2228.jpeg,2,1210
lungscc2229.jpeg,2,1184
lungscc2232.jpeg,2,1190
lungscc2233.jpeg,2,1011
lungscc2234.jpeg,2,1059
lungscc2235.jpeg,2,1038
lungscc2237.jpeg,2,1160
lungscc2238.jpeg,2,1203
lungscc2239.jpeg,2,1074
lungscc224.jpeg,2,1235
lungscc2240.jpeg,2,1198
lungscc2241.jpeg,2,1056
lungscc2242.jpeg,2,1056
lungscc2243.jpeg,2,1052
lungscc2244.jpeg,2,1052
lungscc2245.jpeg,2,1202
lungscc2246.jpeg,2,1029
lungscc2248.jpeg,2,1040
lungscc2249.jpeg,2,1049
lungscc225.jpeg,2,1027
lungscc2250.jpeg,2,1174
lungscc2254.jpeg,2,1106
lungscc2255.jpeg,2,1013
lungscc2256.jpeg,2,1204
lungscc226.jpeg,2,1027
lungscc2260.jpeg,2,1032
lungscc2262.jpeg,2,1130
lungscc2263.jpeg,2,1018
lungscc2264.jpeg,2,1235
lungscc2265.jpeg,2,1027
lungscc2266.jpeg,2,1039
lungscc2267.jpeg,2,1092
lungscc2268.jpeg,2,1111
lungscc2269.jpeg,2,1012
lungscc2271.jpeg,2,1124
lungscc2272.jpeg,2,1065
lungscc2273.jpeg,2,1080
lungscc2275.jpeg,2,1054
lungscc2276.jpeg,2,1008
lungscc2278.jpeg,2,1009
lungscc2279.jpeg,2,1229
lungscc228.jpeg,2,1154
lungscc2280.jpeg,2,1155
lungscc2282.jpeg,2,1120
lungscc2283.jpeg,2,1005
lungscc2284.jpeg,2,1161
lungscc2285.jpeg,2,1216
lungscc2286.jpeg,2,1167
lungscc2287.jpeg,2,1059
lungscc2288.jpeg,2,1178
lungscc229.jpeg,2,1154
lungscc2290.jpeg,2,1075
lungscc2291.jpeg,2,1074
lungscc2292.jpeg,2,1107
lungscc2293.jpeg,2,1034
lungscc2296.jpeg,2,1187
lungscc2297.jpeg,2,1056
lungscc23.jpeg,2,1211
lungscc230.jpeg,2,1154
lungscc2300.jpeg,2,1244
lungscc2302.jpeg,2,1174
lungscc2303.jpeg,2,1144
lungscc2304.jpeg,2,1144
lungscc2306.jpeg,2,1072
lungscc2309.jpeg,2,1123
lungscc231.jpeg,2,1143
lungscc2311.jpeg,2,1176
lungscc2312.jpeg,2,1014
lungscc2313.jpeg,2,1014
lungscc2314.jpeg,2,1130
lungscc2315.jpeg,2,1152
lungscc2316.jpeg,2,1173
lungscc2317.jpeg,2,1037
lungscc2318.jpeg,2,1091
lungscc232.jpeg,2,1111
lungscc2320.jpeg,2,1159
lungscc2321.jpeg,2,1092
lungscc2322.jpeg,2,1191
lungscc2323.jpeg,2,1185
lungscc2326.jpeg,2,1147
lungscc2327.jpeg,2,1124
lungscc2328.jpeg,2,1035
lungscc2329.jpeg,2,1210
lungscc2330.jpeg,2,1009
lungscc2331.jpeg,2,1153
lungscc2332.jpeg,2,1069
lungscc2333.jpeg,2,1069
lungscc2334.jpeg,2,1151
lungscc2335.jpeg,2,1151
lungscc2336.jpeg,2,1162
lungscc234.jpeg,2,1064
lungscc2341.jpeg,2,1109
lungscc2342.jpeg,2,1108
lungscc2343.jpeg,2,1103
lungscc2344.jpeg,2,1103
lungscc2345.jpeg,2,1216
lungscc2346.jpeg,2,1183
lungscc2348.jpeg,2,1190
lungscc2349.jpeg,2,1178
lungscc235.jpeg,2,1207
lungscc2350.jpeg,2,1070
lungscc2351.jpeg,2,1063
lungscc2353.jpeg,2,1075
lungscc2354.jpeg,2,1041
lungscc2355.jpeg,2,1160
lungscc2357.jpeg,2,1043
lungscc2358.jpeg,2,1156
lungscc2359.jpeg,2,1066
lungscc2360.jpeg,2,1145
lungscc2363.jpeg,2,1105
lungscc2364.jpeg,2,1239
lungscc2365.jpeg,2,1150
lungscc2367.jpeg,2,1129
lungscc2369.jpeg,2,1221
lungscc2370.jpeg,2,1158
lungscc2371.jpeg,2,998
lungscc2373.jpeg,2,1020
lungscc2374.jpeg,2,1232
lungscc2375.jpeg,2,1188
lungscc2378.jpeg,2,1018
lungscc2379.jpeg,2,1235
lungscc2382.jpeg,2,1185
lungscc2383.jpeg,2,1207
lungscc2384.jpeg,2,1081
lungscc2385.jpeg,2,1219
lungscc2387.jpeg,2,1139
lungscc2388.jpeg,2,1139
lungscc2389.jpeg,2,1139
lungscc239.jpeg,2,1196
lungscc2390.jpeg,2,1227
lungscc2391.jpeg,2,1065
lungscc2392.jpeg,2,1008
lungscc2393.jpeg,2,1199
lungscc2394.jpeg,2,1004
lungscc2395.jpeg,2,1155
lungscc2397.jpeg,2,1184
lungscc2400.jpeg,2,1165
lungscc2401.jpeg,2,1094
lungscc2403.jpeg,2,1075
lungscc2405.jpeg,2,1180
lungscc2408.jpeg,2,1189
lungscc2409.jpeg,2,1203
lungscc241.jpeg,2,1147
lungscc2410.jpeg,2,999
lungscc2412.jpeg,2,1096
lungscc2413.jpeg,2,1107
lungscc2414.jpeg,2,1034
lungscc2416.jpeg,2,1202
lungscc2417.jpeg,2,1234
lungscc2418.jpeg,2,1029
lungscc242.jpeg,2,1206
lungscc2420.jpeg,2,1150
lungscc2421.jpeg,2,1174
lungscc2423.jpeg,2,1197
lungscc2424.jpeg,2,1072
lungscc2426.jpeg,2,1106
lungscc2427.jpeg,2,1019
lungscc2428.jpeg,2,1020
lungscc2429.jpeg,2,1020
lungscc243.jpeg,2,1210
lungscc2430.jpeg,2,1048
lungscc2431.jpeg,2,1176
lungscc2433.jpeg,2,1032
lungscc2434.jpeg,2,1014
lungscc2435.jpeg,2,1125
lungscc2436.jpeg,2,1125
lungscc2437.jpeg,2,1128
lungscc2439.jpeg,2,1213
lungscc244.jpeg,2,1135
lungscc2441.jpeg,2,1130
lungscc2442.jpeg,2,1018
lungscc2443.jpeg,2,1037
lungscc2444.jpeg,2,1159
lungscc2446.jpeg,2,1143
lungscc2447.jpeg,2,1092
lungscc2448.jpeg,2,1092
lungscc2449.jpeg,2,1092
lungscc245.jpeg,2,1135
lungscc2450.jpeg,2,1064
lungscc2454.jpeg,2,1119
lungscc2456.jpeg,2,1124
lungscc2459.jpeg,2,1184
lungscc2460.jpeg,2,1078
lungscc2462.jpeg,2,1005
lungscc2463.jpeg,2,1103
lungscc2466.jpeg,2,1157
lungscc2467.jpeg,2,1041
lungscc2468.jpeg,2,1041
lungscc247.jpeg,2,1078
lungscc2470.jpeg,2,1110
lungscc2471.jpeg,2,1034
lungscc2476.jpeg,2,1234
lungscc2479.jpeg,2,1244
lungscc248.jpeg,2,1108
lungscc2480.jpeg,2,1230
lungscc2481.jpeg,2,1197
lungscc2484.jpeg,2,1072
lungscc2485.jpeg,2,1170
lungscc2486.jpeg,2,1106
lungscc2487.jpeg,2,1138
lungscc2488.jpeg,2,1123
lungscc2489.jpeg,2,1179
lungscc249.jpeg,2,1167
lungscc2490.jpeg,2,1212
lungscc2494.jpeg,2,1134
lungscc2496.jpeg,2,1016
lungscc2497.jpeg,2,1213
lungscc2498.jpeg,2,1102
lungscc2499.jpeg,2,1018
lungscc250.jpeg,2,1157
lungscc2501.jpeg,2,1027
lungscc2502.jpeg,2,1027
lungscc2503.jpeg,2,1238
lungscc2505.jpeg,2,1039
lungscc2506.jpeg,2,1154
lungscc2507.jpeg,2,1154
lungscc2509.jpeg,2,1012
lungscc251.jpeg,2,1038
lungscc2511.jpeg,2,1119
lungscc2513.jpeg,2,1065
lungscc2515.jpeg,2,1000
lungscc2516.jpeg,2,1054
lungscc2517.jpeg,2,1228
lungscc2518.jpeg,2,1135
lungscc2519.jpeg,2,1199
lungscc252.jpeg,2,1015
lungscc2520.jpeg,2,1184
lungscc2521.jpeg,2,1162
lungscc2522.jpeg,2,1005
lungscc2523.jpeg,2,1108
lungscc2524.jpeg,2,1177
lungscc2525.jpeg,2,1172
lungscc2527.jpeg,2,1167
lungscc2528.jpeg,2,1094
lungscc2529.jpeg,2,1169
lungscc253.jpeg,2,1107
lungscc2530.jpeg,2,1075
lungscc2531.jpeg,2,1201
lungscc2533.jpeg,2,1015
lungscc2534.jpeg,2,1015
lungscc2535.jpeg,2,1107
lungscc2536.jpeg,2,1198
lungscc2537.jpeg,2,1198
lungscc2538.jpeg,2,1187
lungscc2539.jpeg,2,1036
lungscc2541.jpeg,2,1146
lungscc2542.jpeg,2,1045
lungscc2544.jpeg,2,1001
lungscc2545.jpeg,2,1174
lungscc2548.jpeg,2,1163
lungscc2549.jpeg,2,1231
lungscc2550.jpeg,2,1158
lungscc2552.jpeg,2,998
lungscc2553.jpeg,2,1019
lungscc2555.jpeg,2,1101
lungscc2557.jpeg,2,1125
lungscc2558.jpeg,2,1125
lungscc2559.jpeg,2,1213
lungscc256.jpeg,2,1056
lungscc2561.jpeg,2,1224
lungscc2563.jpeg,2,1159
lungscc2568.jpeg,2,1133
lungscc2569.jpeg,2,1083
lungscc2570.jpeg,2,1218
lungscc2571.jpeg,2,1218
lungscc2572.jpeg,2,1131
lungscc2573.jpeg,2,1131
lungscc2574.jpeg,2,1000
lungscc2575.jpeg,2,1000
lungscc2579.jpeg,2,1153
lungscc258.jpeg,2,1029
lungscc2580.jpeg,2,1184
lungscc2582.jpeg,2,1181
lungscc2584.jpeg,2,1120
lungscc2585.jpeg,2,1120
lungscc2586.jpeg,2,1161
lungscc2587.jpeg,2,1194
lungscc2588.jpeg,2,1165
lungscc2589.jpeg,2,1094
lungscc259.jpeg,2,1105
lungscc2592.jpeg,2,1180
lungscc2593.jpeg,2,1201
lungscc2595.jpeg,2,1041
lungscc2596.jpeg,2,1107
lungscc2598.jpeg,2,1145
lungscc2599.jpeg,2,1036
lungscc26.jpeg,2,1056
lungscc260.jpeg,2,1239
lungscc2601.jpeg,2,1049
lungscc2605.jpeg,2,1072
lungscc2607.jpeg,2,1163
lungscc2609.jpeg,2,1028
lungscc261.jpeg,2,1045
lungscc2612.jpeg,2,1231
lungscc2613.jpeg,2,1123
lungscc2616.jpeg,2,1176
lungscc2617.jpeg,2,1003
lungscc262.jpeg,2,1226
lungscc2620.jpeg,2,1134
lungscc2621.jpeg,2,1152
lungscc2622.jpeg,2,1061
lungscc2625.jpeg,2,1185
lungscc2626.jpeg,2,1017
lungscc2629.jpeg,2,1121
lungscc263.jpeg,2,1001
lungscc2630.jpeg,2,1121
lungscc2631.jpeg,2,1121
lungscc2633.jpeg,2,1119
lungscc2634.jpeg,2,1089
lungscc2635.jpeg,2,1089
lungscc2636.jpeg,2,1000
lungscc2637.jpeg,2,1000
lungscc2638.jpeg,2,1135
lungscc2639.jpeg,2,1135
lungscc264.jpeg,2,1132
lungscc2640.jpeg,2,1151
lungscc2642.jpeg,2,1162
lungscc2646.jpeg,2,1120
lungscc2647.jpeg,2,1005
lungscc2648.jpeg,2,1177
lungscc265.jpeg,2,1230
lungscc2650.jpeg,2,1194
lungscc2651.jpeg,2,1194
lungscc2652.jpeg,2,1005
lungscc2653.jpeg,2,1165
lungscc2654.jpeg,2,1094
lungscc2655.jpeg,2,1157
lungscc2658.jpeg,2,1189
lungscc2659.jpeg,2,1201
lungscc266.jpeg,2,1149
lungscc2661.jpeg,2,1015
lungscc2666.jpeg,2,1187
lungscc2667.jpeg,2,1036
lungscc2668.jpeg,2,1036
lungscc2669.jpeg,2,1029
lungscc267.jpeg,2,1149
lungscc2670.jpeg,2,1105
lungscc2671.jpeg,2,1045
lungscc2672.jpeg,2,1001
lungscc2673.jpeg,2,1049
lungscc2674.jpeg,2,1149
lungscc2675.jpeg,2,1197
lungscc2677.jpeg,2,1028
lungscc2679.jpeg,2,1013
lungscc268.jpeg,2,1168
lungscc2681.jpeg,2,1141
lungscc2682.jpeg,2,1158
lungscc2683.jpeg,2,998
lungscc2684.jpeg,2,998
lungscc2687.jpeg,2,1101
lungscc2689.jpeg,2,1014
lungscc269.jpeg,2,1013
lungscc2692.jpeg,2,1016
lungscc2693.jpeg,2,1018
lungscc2694.jpeg,2,1152
lungscc2695.jpeg,2,1111
lungscc2696.jpeg,2,1218
lungscc2697.jpeg,2,1218
lungscc2699.jpeg,2,1147
lungscc27.jpeg,2,1052
lungscc270.jpeg,2,1129
lungscc2700.jpeg,2,1035
lungscc2702.jpeg,2,1181
lungscc2703.jpeg,2,1109
lungscc2704.jpeg,2,1005
lungscc2705.jpeg,2,1118
lungscc2708.jpeg,2,1059
lungscc2709.jpeg,2,1059
lungscc271.jpeg,2,1221
lungscc2713.jpeg,2,1178
lungscc2714.jpeg,2,1178
lungscc2715.jpeg,2,1094
lungscc2716.jpeg,2,1038
lungscc2717.jpeg,2,1075
lungscc2718.jpeg,2,1189
lungscc2719.jpeg,2,1189
lungscc272.jpeg,2,1158
lungscc2720.jpeg,2,1201
lungscc2721.jpeg,2,1074
lungscc2722.jpeg,2,1034
lungscc2727.jpeg,2,1156
lungscc2729.jpeg,2,1145
lungscc2730.jpeg,2,1036
lungscc2731.jpeg,2,1146
lungscc2733.jpeg,2,1001
lungscc2735.jpeg,2,1144
lungscc2737.jpeg,2,1106
lungscc2739.jpeg,2,1212
lungscc2740.jpeg,2,1232
lungscc2741.jpeg,2,1101
lungscc2742.jpeg,2,1014
lungscc2746.jpeg,2,1224
lungscc2747.jpeg,2,1092
lungscc2748.jpeg,2,1111
lungscc2749.jpeg,2,1185
lungscc2750.jpeg,2,1012
lungscc2753.jpeg,2,1121
lungscc2754.jpeg,2,1121
lungscc2755.jpeg,2,1196
lungscc2756.jpeg,2,1131
lungscc2757.jpeg,2,1080
lungscc2759.jpeg,2,1206
lungscc2760.jpeg,2,1054
lungscc2762.jpeg,2,1109
lungscc2763.jpeg,2,1005
lungscc2767.jpeg,2,1194
lungscc2768.jpeg,2,1059
lungscc2769.jpeg,2,1005
lungscc277.jpeg,2,1048
lungscc2770.jpeg,2,1038
lungscc2771.jpeg,2,1201
lungscc2775.jpeg,2,1042
lungscc2778.jpeg,2,1040
lungscc2779.jpeg,2,1239
lungscc278.jpeg,2,1101
lungscc2780.jpeg,2,1226
lungscc2781.jpeg,2,1174
lungscc2782.jpeg,2,1174
lungscc2783.jpeg,2,1149
lungscc2784.jpeg,2,1149
lungscc2785.jpeg,2,1072
lungscc2787.jpeg,2,1163
lungscc2788.jpeg,2,1129
lungscc2789.jpeg,2,1138
lungscc2790.jpeg,2,1123
lungscc2791.jpeg,2,1176
lungscc2793.jpeg,2,1014
lungscc2796.jpeg,2,1128
lungscc280.jpeg,2,1188
lungscc2800.jpeg,2,1047
lungscc2801.jpeg,2,1173
lungscc2802.jpeg,2,1164
lungscc2803.jpeg,2,1037
lungscc2804.jpeg,2,1027
lungscc2805.jpeg,2,1238
lungscc2807.jpeg,2,1064
lungscc2808.jpeg,2,1196
lungscc2809.jpeg,2,1119
lungscc281.jpeg,2,1102
lungscc2810.jpeg,2,1147
lungscc2814.jpeg,2,1009
lungscc2815.jpeg,2,1153
lungscc2816.jpeg,2,1153
lungscc2817.jpeg,2,1153
lungscc2818.jpeg,2,1151
lungscc2819.jpeg,2,1108
lungscc282.jpeg,2,1102
lungscc2820.jpeg,2,1172
lungscc2821.jpeg,2,1113
lungscc2822.jpeg,2,1183
lungscc2823.jpeg,2,1011
lungscc2824.jpeg,2,1194
lungscc2825.jpeg,2,1059
lungscc2826.jpeg,2,1063
lungscc283.jpeg,2,1102
lungscc2830.jpeg,2,1043
lungscc2831.jpeg,2,1110
lungscc2832.jpeg,2,1107
lungscc2834.jpeg,2,1198
lungscc2835.jpeg,2,1211
lungscc2836.jpeg,2,1187
lungscc2838.jpeg,2,1045
lungscc2839.jpeg,2,1150
lungscc284.jpeg,2,1130
lungscc2840.jpeg,2,1049
lungscc2843.jpeg,2,1129
lungscc2845.jpeg,2,1212
lungscc2847.jpeg,2,1101
lungscc285.jpeg,2,1130
lungscc2852.jpeg,2,1213
lungscc2853.jpeg,2,1047
lungscc2854.jpeg,2,1235
lungscc2855.jpeg,2,1091
lungscc2856.jpeg,2,1238
lungscc2859.jpeg,2,1191
lungscc286.jpeg,2,1224
lungscc2860.jpeg,2,1191
lungscc2861.jpeg,2,1207
lungscc2862.jpeg,2,1207
lungscc2863.jpeg,2,1017
lungscc2864.jpeg,2,1017
lungscc2865.jpeg,2,1017
lungscc2869.jpeg,2,1000
lungscc287.jpeg,2,1027
lungscc2871.jpeg,2,1210
lungscc2873.jpeg,2,1069
lungscc2876.jpeg,2,1126
lungscc2879.jpeg,2,1078
lungscc288.jpeg,2,1010
lungscc2881.jpeg,2,1222
lungscc2883.jpeg,2,1059
lungscc2884.jpeg,2,1005
lungscc2885.jpeg,2,1070
lungscc2886.jpeg,2,1063
lungscc2887.jpeg,2,1201
lungscc2888.jpeg,2,1096
lungscc2889.jpeg,2,1110
lungscc289.jpeg,2,1010
lungscc2890.jpeg,2,1110
lungscc2891.jpeg,2,1107
lungscc2892.jpeg,2,1107
lungscc2895.jpeg,2,1202
lungscc2897.jpeg,2,1226
lungscc29.jpeg,2,1146
lungscc290.jpeg,2,1154
lungscc2900.jpeg,2,1049
lungscc2901.jpeg,2,1244
lungscc2902.jpeg,2,1132
lungscc2903.jpeg,2,1174
lungscc2904.jpeg,2,1174
lungscc2905.jpeg,2,1230
lungscc2907.jpeg,2,1072
lungscc2908.jpeg,2,1138
lungscc2912.jpeg,2,1101
lungscc2915.jpeg,2,1134
lungscc2916.jpeg,2,1014
lungscc2918.jpeg,2,1188
lungscc2919.jpeg,2,1125
lungscc292.jpeg,2,1083
lungscc2920.jpeg,2,1125
lungscc2921.jpeg,2,1016
lungscc2922.jpeg,2,1016
lungscc2923.jpeg,2,1152
lungscc2924.jpeg,2,1152
lungscc2925.jpeg,2,1152
lungscc2926.jpeg,2,1164
lungscc2927.jpeg,2,1159
lungscc2928.jpeg,2,1039
lungscc2929.jpeg,2,1092
lungscc2932.jpeg,2,1147
lungscc2933.jpeg,2,1210
lungscc2934.jpeg,2,1078
lungscc2935.jpeg,2,1078
lungscc2937.jpeg,2,1103
lungscc2938.jpeg,2,1161
lungscc2940.jpeg,2,1222
lungscc2942.jpeg,2,1011
lungscc2944.jpeg,2,1094
lungscc2945.jpeg,2,1189
lungscc2946.jpeg,2,1201
lungscc2947.jpeg,2,1096
lungscc2949.jpeg,2,1107
lungscc295.jpeg,2,1131
lungscc2950.jpeg,2,1107
lungscc2952.jpeg,2,1066
lungscc2953.jpeg,2,1211
lungscc2954.jpeg,2,1040
lungscc2955.jpeg,2,1105
lungscc2957.jpeg,2,1239
lungscc2958.jpeg,2,1226
lungscc2959.jpeg,2,1001
lungscc2963.jpeg,2,1072
lungscc2964.jpeg,2,1106
lungscc2965.jpeg,2,1204
lungscc2966.jpeg,2,1221
lungscc297.jpeg,2,1210
lungscc2970.jpeg,2,1134
lungscc2971.jpeg,2,1014
lungscc2972.jpeg,2,1125
lungscc2973.jpeg,2,1018
lungscc2974.jpeg,2,1047
lungscc2975.jpeg,2,1037
lungscc2976.jpeg,2,1091
lungscc2977.jpeg,2,1112
lungscc2979.jpeg,2,1010
lungscc298.jpeg,2,1199
lungscc2980.jpeg,2,1010
lungscc2981.jpeg,2,1154
lungscc2982.jpeg,2,1092
lungscc2983.jpeg,2,1191
lungscc2984.jpeg,2,1191
lungscc2985.jpeg,2,1064
lungscc2986.jpeg,2,1012
lungscc2987.jpeg,2,1121
lungscc2989.jpeg,2,1227
lungscc2991.jpeg,2,1131
lungscc2992.jpeg,2,1131
lungscc2993.jpeg,2,1124
lungscc2994.jpeg,2,1065
lungscc2995.jpeg,2,1080
lungscc2997.jpeg,2,1135
lungscc2998.jpeg,2,1069
lungscc30.jpeg,2,1049
lungscc3000.jpeg,2,1184
lungscc3001.jpeg,2,1126
lungscc3002.jpeg,2,1126
lungscc3003.jpeg,2,1078
lungscc3004.jpeg,2,1161
lungscc3005.jpeg,2,1118
lungscc3006.jpeg,2,1118
lungscc3007.jpeg,2,1172
lungscc3009.jpeg,2,1222
lungscc301.jpeg,2,1181
lungscc3010.jpeg,2,1059
lungscc3012.jpeg,2,1201
lungscc3013.jpeg,2,1107
lungscc3014.jpeg,2,1034
lungscc3015.jpeg,2,1156
lungscc3016.jpeg,2,1066
lungscc3018.jpeg,2,1234
lungscc3020.jpeg,2,1040
lungscc3023.jpeg,2,1049
lungscc3026.jpeg,2,1044
lungscc3027.jpeg,2,1163
lungscc3028.jpeg,2,1013
lungscc3029.jpeg,2,1141
lungscc303.jpeg,2,1161
lungscc3031.jpeg,2,1019
lungscc3035.jpeg,2,1032
lungscc3036.jpeg,2,1134
lungscc3038.jpeg,2,1024
lungscc3039.jpeg,2,1047
lungscc304.jpeg,2,1222
lungscc3040.jpeg,2,1173
lungscc3041.jpeg,2,1027
lungscc3042.jpeg,2,1238
lungscc3044.jpeg,2,1143
lungscc3045.jpeg,2,1191
lungscc3046.jpeg,2,1064
lungscc3047.jpeg,2,1064
lungscc3048.jpeg,2,1081
lungscc3049.jpeg,2,1081
lungscc3050.jpeg,2,1017
lungscc3051.jpeg,2,1139
lungscc3053.jpeg,2,1054
lungscc3054.jpeg,2,1210
lungscc3055.jpeg,2,1008
lungscc3056.jpeg,2,1008
lungscc3057.jpeg,2,1135
lungscc3058.jpeg,2,1229
lungscc3059.jpeg,2,1004
lungscc306.jpeg,2,1190
lungscc3060.jpeg,2,1162
lungscc3061.jpeg,2,1118
lungscc3062.jpeg,2,1011
lungscc3063.jpeg,2,1011
lungscc3064.jpeg,2,1167
lungscc3065.jpeg,2,1059
lungscc3066.jpeg,2,1005
lungscc3067.jpeg,2,1165
lungscc3068.jpeg,2,1157
lungscc3069.jpeg,2,1038
lungscc307.jpeg,2,1165
lungscc3071.jpeg,2,1074
lungscc3074.jpeg,2,1145
lungscc3075.jpeg,2,1052
lungscc3076.jpeg,2,1146
lungscc3078.jpeg,2,1239
lungscc3079.jpeg,2,1226
lungscc3080.jpeg,2,1150
lungscc3082.jpeg,2,1144
lungscc3083.jpeg,2,1197
lungscc3084.jpeg,2,1044
lungscc3086.jpeg,2,1163
lungscc3088.jpeg,2,1013
lungscc3089.jpeg,2,1221
lungscc309.jpeg,2,1070
lungscc3090.jpeg,2,1020
lungscc3093.jpeg,2,1016
lungscc3094.jpeg,2,1091
lungscc3095.jpeg,2,1027
lungscc3096.jpeg,2,1061
lungscc3097.jpeg,2,1238
lungscc3098.jpeg,2,1159
lungscc31.jpeg,2,1049
lungscc3100.jpeg,2,1111
lungscc3101.jpeg,2,1111
lungscc3103.jpeg,2,1207
lungscc3104.jpeg,2,1207
lungscc3105.jpeg,2,1012
lungscc3106.jpeg,2,1081
lungscc311.jpeg,2,1180
lungscc3112.jpeg,2,1227
lungscc3113.jpeg,2,1080
lungscc3114.jpeg,2,1000
lungscc3115.jpeg,2,1054
lungscc3117.jpeg,2,1228
lungscc3118.jpeg,2,1153
lungscc3119.jpeg,2,1155
lungscc312.jpeg,2,1041
lungscc3120.jpeg,2,1120
lungscc3121.jpeg,2,1118
lungscc3122.jpeg,2,1177
lungscc3123.jpeg,2,1177
lungscc3124.jpeg,2,1216
lungscc3128.jpeg,2,1113
lungscc313.jpeg,2,1034
lungscc3130.jpeg,2,1190
lungscc3131.jpeg,2,1011
lungscc3134.jpeg,2,1075
lungscc3136.jpeg,2,1201
lungscc3138.jpeg,2,999
lungscc3141.jpeg,2,1145
lungscc3142.jpeg,2,1056
lungscc3144.jpeg,2,1146
lungscc3145.jpeg,2,1029
lungscc3146.jpeg,2,1029
lungscc3148.jpeg,2,1001
lungscc3153.jpeg,2,1170
lungscc3154.jpeg,2,1163
lungscc3155.jpeg,2,1013
lungscc3156.jpeg,2,1129
lungscc3157.jpeg,2,1231
lungscc3158.jpeg,2,1123
lungscc316.jpeg,2,1066
lungscc3163.jpeg,2,1134
lungscc3166.jpeg,2,1102
lungscc3167.jpeg,2,1238
lungscc3168.jpeg,2,1143
lungscc3169.jpeg,2,1185
lungscc3170.jpeg,2,1133
lungscc3171.jpeg,2,1196
lungscc3172.jpeg,2,1089
lungscc3173.jpeg,2,1080
lungscc3174.jpeg,2,1080
lungscc3176.jpeg,2,1155
lungscc3178.jpeg,2,1181
lungscc3179.jpeg,2,1181
lungscc318.jpeg,2,1187
lungscc3180.jpeg,2,1078
lungscc3182.jpeg,2,1120
lungscc3184.jpeg,2,1108
lungscc3185.jpeg,2,1118
lungscc3186.jpeg,2,1216
lungscc3187.jpeg,2,1172
lungscc3188.jpeg,2,1094
lungscc3189.jpeg,2,1038
lungscc3190.jpeg,2,1038
lungscc3191.jpeg,2,1075
lungscc3192.jpeg,2,1041
lungscc3193.jpeg,2,1015
lungscc3194.jpeg,2,1110
lungscc3198.jpeg,2,1066
lungscc32.jpeg,2,1230
lungscc320.jpeg,2,1170
lungscc3200.jpeg,2,1105
lungscc3201.jpeg,2,1132
lungscc3202.jpeg,2,1174
lungscc3205.jpeg,2,1168
lungscc3206.jpeg,2,1013
lungscc3207.jpeg,2,1013
lungscc3208.jpeg,2,1231
lungscc3209.jpeg,2,1123
lungscc3210.jpeg,2,1123
lungscc3211.jpeg,2,1123
lungscc3212.jpeg,2,1179
lungscc3213.jpeg,2,998
lungscc3218.jpeg,2,1032
lungscc322.jpeg,2,1028
lungscc3220.jpeg,2,1125
lungscc3222.jpeg,2,1213
lungscc3224.jpeg,2,1018
lungscc3225.jpeg,2,1091
lungscc3227.jpeg,2,1092
lungscc3229.jpeg,2,1185
lungscc323.jpeg,2,1138
lungscc3231.jpeg,2,1083
lungscc3235.jpeg,2,1065
lungscc3236.jpeg,2,1206
lungscc3237.jpeg,2,1008
lungscc3239.jpeg,2,1004
lungscc324.jpeg,2,1123
lungscc3240.jpeg,2,1181
lungscc3241.jpeg,2,1181
lungscc3242.jpeg,2,1209
lungscc3245.jpeg,2,1059
lungscc3246.jpeg,2,1059
lungscc3247.jpeg,2,1094
lungscc3248.jpeg,2,1169
lungscc325.jpeg,2,1050
lungscc3253.jpeg,2,1041
lungscc3254.jpeg,2,1043
lungscc3255.jpeg,2,1066
lungscc3256.jpeg,2,1211
lungscc3258.jpeg,2,1036
lungscc3259.jpeg,2,1029
lungscc326.jpeg,2,998
lungscc3260.jpeg,2,1239
lungscc3261.jpeg,2,1226
lungscc3265.jpeg,2,1141
lungscc3266.jpeg,2,1179
lungscc3268.jpeg,2,1019
lungscc3269.jpeg,2,1048
lungscc3273.jpeg,2,1018
lungscc3274.jpeg,2,1061
lungscc3275.jpeg,2,1061
lungscc3276.jpeg,2,1010
lungscc3279.jpeg,2,1081
lungscc328.jpeg,2,1019
lungscc3280.jpeg,2,1219
lungscc3283.jpeg,2,1121
lungscc3284.jpeg,2,1119
lungscc3285.jpeg,2,1089
lungscc3286.jpeg,2,1089
lungscc3287.jpeg,2,1089
lungscc3288.jpeg,2,1147
lungscc3289.jpeg,2,1147
lungscc329.jpeg,2,1020
lungscc3290.jpeg,2,1131
lungscc3291.jpeg,2,1035
lungscc3292.jpeg,2,1035
lungscc3293.jpeg,2,1065
lungscc3294.jpeg,2,1206
lungscc3297.jpeg,2,1210
lungscc3298.jpeg,2,1008
lungscc3299.jpeg,2,1228
lungscc33.jpeg,2,1170
lungscc330.jpeg,2,1048
lungscc3300.jpeg,2,1151
lungscc3301.jpeg,2,1151
lungscc3302.jpeg,2,1184
lungscc3307.jpeg,2,1005
lungscc3308.jpeg,2,1165
lungscc3309.jpeg,2,1178
lungscc3310.jpeg,2,1070
lungscc3312.jpeg,2,1169
lungscc3313.jpeg,2,1169
lungscc3318.jpeg,2,1110
lungscc3321.jpeg,2,1211
lungscc3322.jpeg,2,1187
lungscc3323.jpeg,2,1052
lungscc3325.jpeg,2,1234
lungscc3326.jpeg,2,1245
lungscc3328.jpeg,2,1049
lungscc333.jpeg,2,1101
lungscc3333.jpeg,2,1170
lungscc3336.jpeg,2,1028
lungscc3337.jpeg,2,1028
lungscc3338.jpeg,2,1013
lungscc334.jpeg,2,1032
lungscc3346.jpeg,2,1032
lungscc3347.jpeg,2,1188
lungscc3348.jpeg,2,1016
lungscc3349.jpeg,2,1213
lungscc335.jpeg,2,1014
lungscc3351.jpeg,2,1024
lungscc3352.jpeg,2,1152
lungscc3353.jpeg,2,1037
lungscc3355.jpeg,2,1091
lungscc3356.jpeg,2,1159
lungscc3359.jpeg,2,1039
lungscc3361.jpeg,2,1218
lungscc3363.jpeg,2,1000
lungscc3364.jpeg,2,1054
lungscc3365.jpeg,2,1008
lungscc3366.jpeg,2,1008
lungscc3367.jpeg,2,1155
lungscc3368.jpeg,2,1157
lungscc3369.jpeg,2,1041
lungscc3370.jpeg,2,1203
lungscc3371.jpeg,2,1043
lungscc3372.jpeg,2,1110
lungscc3373.jpeg,2,1074
lungscc3374.jpeg,2,1107
lungscc3375.jpeg,2,1034
lungscc3376.jpeg,2,1034
lungscc3380.jpeg,2,1211
lungscc3381.jpeg,2,1056
lungscc3382.jpeg,2,1052
lungscc3383.jpeg,2,1036
lungscc3384.jpeg,2,1202
lungscc3386.jpeg,2,1149
lungscc3388.jpeg,2,1028
lungscc3389.jpeg,2,1168
lungscc339.jpeg,2,1073
lungscc3390.jpeg,2,1138
lungscc3391.jpeg,2,1123
lungscc3392.jpeg,2,1050
lungscc3393.jpeg,2,1019
lungscc3395.jpeg,2,1003
lungscc3399.jpeg,2,1102
lungscc34.jpeg,2,1170
lungscc340.jpeg,2,1164
lungscc3400.jpeg,2,1164
lungscc3405.jpeg,2,1092
lungscc3406.jpeg,2,1092
lungscc3407.jpeg,2,1207
lungscc3408.jpeg,2,1133
lungscc3409.jpeg,2,1083
lungscc341.jpeg,2,1235
lungscc3411.jpeg,2,1147
lungscc3412.jpeg,2,1131
lungscc3413.jpeg,2,1035
lungscc3415.jpeg,2,1135
lungscc3418.jpeg,2,1109
lungscc3419.jpeg,2,1109
lungscc342.jpeg,2,1112
lungscc3421.jpeg,2,1178
lungscc3422.jpeg,2,1070
lungscc3423.jpeg,2,1063
lungscc3424.jpeg,2,1094
lungscc3425.jpeg,2,1038
lungscc3426.jpeg,2,1189
lungscc3428.jpeg,2,1203
lungscc3429.jpeg,2,1203
lungscc343.jpeg,2,1112
lungscc3430.jpeg,2,1156
lungscc3431.jpeg,2,1146
lungscc3435.jpeg,2,1174
lungscc3436.jpeg,2,1144
lungscc3438.jpeg,2,1106
lungscc3439.jpeg,2,1138
lungscc344.jpeg,2,1111
lungscc3441.jpeg,2,1019
lungscc3445.jpeg,2,1016
lungscc3446.jpeg,2,1102
lungscc3447.jpeg,2,1018
lungscc3448.jpeg,2,1224
lungscc3449.jpeg,2,1224
lungscc3451.jpeg,2,1091
lungscc3452.jpeg,2,1027
lungscc3456.jpeg,2,1133
lungscc3459.jpeg,2,1119
lungscc346.jpeg,2,1133
lungscc3460.jpeg,2,1147
lungscc3461.jpeg,2,1080
lungscc3463.jpeg,2,1181
lungscc3465.jpeg,2,1078
lungscc3468.jpeg,2,1108
lungscc3469.jpeg,2,1103
lungscc347.jpeg,2,1017
lungscc3470.jpeg,2,1161
lungscc3471.jpeg,2,1118
lungscc3473.jpeg,2,1172
lungscc3474.jpeg,2,1222
lungscc3477.jpeg,2,1194
lungscc3479.jpeg,2,1178
lungscc3480.jpeg,2,1070
lungscc3482.jpeg,2,1041
lungscc3483.jpeg,2,1096
lungscc3485.jpeg,2,1211
lungscc3487.jpeg,2,1052
lungscc3488.jpeg,2,1036
lungscc3489.jpeg,2,1245
lungscc3492.jpeg,2,1045
lungscc3493.jpeg,2,1150
lungscc3496.jpeg,2,1001
lungscc3497.jpeg,2,1230
lungscc3499.jpeg,2,1072
lungscc35.jpeg,2,1044
lungscc350.jpeg,2,1139
lungscc3500.jpeg,2,1168
lungscc3502.jpeg,2,1141
lungscc3503.jpeg,2,1123
lungscc3505.jpeg,2,1014
lungscc3507.jpeg,2,1016
lungscc3508.jpeg,2,1102
lungscc3509.jpeg,2,1130
lungscc351.jpeg,2,1227
lungscc3510.jpeg,2,1152
lungscc3511.jpeg,2,1037
lungscc3512.jpeg,2,1010
lungscc3513.jpeg,2,1010
lungscc3514.jpeg,2,1039
lungscc3515.jpeg,2,1143
lungscc3516.jpeg,2,1012
lungscc3518.jpeg,2,1219
lungscc3519.jpeg,2,1017
lungscc352.jpeg,2,1035
lungscc3521.jpeg,2,1121
lungscc3523.jpeg,2,1227
lungscc3525.jpeg,2,1147
lungscc3526.jpeg,2,1065
lungscc3527.jpeg,2,1210
lungscc3531.jpeg,2,1228
lungscc3532.jpeg,2,1009
lungscc3533.jpeg,2,1155
lungscc3536.jpeg,2,1181
lungscc3538.jpeg,2,1161
lungscc3539.jpeg,2,1113
lungscc354.jpeg,2,1206
lungscc3540.jpeg,2,1222
lungscc3541.jpeg,2,1178
lungscc3542.jpeg,2,1094
lungscc3543.jpeg,2,1094
lungscc3544.jpeg,2,1094
lungscc3546.jpeg,2,1189
lungscc3547.jpeg,2,1201
lungscc3548.jpeg,2,999
lungscc3549.jpeg,2,999
lungscc355.jpeg,2,1210
lungscc3550.jpeg,2,1074
lungscc3552.jpeg,2,1145
lungscc3553.jpeg,2,1202
lungscc3555.jpeg,2,1234
lungscc3558.jpeg,2,1226
lungscc3559.jpeg,2,1244
lungscc356.jpeg,2,1210
lungscc3560.jpeg,2,1149
lungscc3561.jpeg,2,1197
lungscc3562.jpeg,2,1170
lungscc3563.jpeg,2,1044
lungscc3565.jpeg,2,1028
lungscc3567.jpeg,2,998
lungscc3568.jpeg,2,1101
lungscc357.jpeg,2,1184
lungscc3573.jpeg,2,1102
lungscc3574.jpeg,2,1130
lungscc3575.jpeg,2,1224
lungscc3576.jpeg,2,1010
lungscc3577.jpeg,2,1154
lungscc3578.jpeg,2,1064
lungscc3579.jpeg,2,1012
lungscc358.jpeg,2,1113
lungscc3580.jpeg,2,1133
lungscc3581.jpeg,2,1083
lungscc3583.jpeg,2,1219
lungscc3586.jpeg,2,1119
lungscc3587.jpeg,2,1089
lungscc3588.jpeg,2,1139
lungscc3589.jpeg,2,1147
lungscc359.jpeg,2,1113
lungscc3590.jpeg,2,1009
lungscc3591.jpeg,2,1155
lungscc3593.jpeg,2,1162
lungscc3597.jpeg,2,1005
lungscc3598.jpeg,2,1005
lungscc3599.jpeg,2,1172
lungscc36.jpeg,2,1028
lungscc3600.jpeg,2,1113
lungscc3602.jpeg,2,1167
lungscc3603.jpeg,2,1165
lungscc3604.jpeg,2,1178
lungscc3605.jpeg,2,999
lungscc3607.jpeg,2,1015
lungscc3608.jpeg,2,1043
lungscc3609.jpeg,2,1110
lungscc3611.jpeg,2,1042
lungscc3613.jpeg,2,1234
lungscc3615.jpeg,2,1001
lungscc3616.jpeg,2,1001
lungscc3617.jpeg,2,1244
lungscc3618.jpeg,2,1132
lungscc3619.jpeg,2,1197
lungscc362.jpeg,2,1167
lungscc3620.jpeg,2,1163
lungscc3621.jpeg,2,1106
lungscc3622.jpeg,2,1168
lungscc3623.jpeg,2,1168
lungscc3624.jpeg,2,1158
lungscc3625.jpeg,2,1050
lungscc3627.jpeg,2,1019
lungscc3628.jpeg,2,1212
lungscc363.jpeg,2,1194
lungscc3630.jpeg,2,1188
lungscc3631.jpeg,2,1016
lungscc3632.jpeg,2,1016
lungscc3633.jpeg,2,1073
lungscc3634.jpeg,2,1235
lungscc3637.jpeg,2,1238
lungscc3638.jpeg,2,1159
lungscc364.jpeg,2,1059
lungscc3641.jpeg,2,1207
lungscc3642.jpeg,2,1012
lungscc3643.jpeg,2,1083
lungscc3646.jpeg,2,1147
lungscc3647.jpeg,2,1131
lungscc3648.jpeg,2,1035
lungscc3649.jpeg,2,1206
lungscc365.jpeg,2,1005
lungscc3650.jpeg,2,1153
lungscc3651.jpeg,2,1229
lungscc3652.jpeg,2,1004
lungscc3653.jpeg,2,1155
lungscc3655.jpeg,2,1120
lungscc3656.jpeg,2,1103
lungscc3657.jpeg,2,1161
lungscc3658.jpeg,2,1177
lungscc3659.jpeg,2,1172
lungscc3661.jpeg,2,1011
lungscc3662.jpeg,2,1063
lungscc3663.jpeg,2,1169
lungscc3667.jpeg,2,1056
lungscc3668.jpeg,2,1056
lungscc3669.jpeg,2,1234
lungscc367.jpeg,2,1094
lungscc3671.jpeg,2,1146
lungscc3672.jpeg,2,1040
lungscc3673.jpeg,2,1040
lungscc3674.jpeg,2,1045
lungscc3677.jpeg,2,1144
lungscc3678.jpeg,2,1044
lungscc3679.jpeg,2,1168
lungscc368.jpeg,2,1038
lungscc3680.jpeg,2,1168
lungscc3681.jpeg,2,1158
lungscc3682.jpeg,2,1179
lungscc3683.jpeg,2,998
lungscc3685.jpeg,2,1020
lungscc3689.jpeg,2,1032
lungscc369.jpeg,2,1075
lungscc3692.jpeg,2,1173
lungscc3693.jpeg,2,1027
lungscc3694.jpeg,2,1010
lungscc3696.jpeg,2,1081
lungscc3697.jpeg,2,1219
lungscc37.jpeg,2,1106
lungscc3700.jpeg,2,1121
lungscc3701.jpeg,2,1196
lungscc3702.jpeg,2,1139
lungscc3703.jpeg,2,1080
lungscc3706.jpeg,2,1199
lungscc3707.jpeg,2,1151
lungscc3709.jpeg,2,1078
lungscc371.jpeg,2,999
lungscc3710.jpeg,2,1120
lungscc3711.jpeg,2,1109
lungscc3712.jpeg,2,1005
lungscc3713.jpeg,2,1118
lungscc3714.jpeg,2,1177
lungscc3716.jpeg,2,1194
lungscc3717.jpeg,2,1059
lungscc372.jpeg,2,1015
lungscc3720.jpeg,2,1075
lungscc3721.jpeg,2,1041
lungscc3723.jpeg,2,1043
lungscc3728.jpeg,2,1156
lungscc373.jpeg,2,1107
lungscc3731.jpeg,2,1029
lungscc3733.jpeg,2,1105
lungscc3734.jpeg,2,1045
lungscc3736.jpeg,2,1149
lungscc3738.jpeg,2,1168
lungscc3739.jpeg,2,1204
lungscc374.jpeg,2,1107
lungscc3740.jpeg,2,1231
lungscc3741.jpeg,2,1138
lungscc3742.jpeg,2,1123
lungscc3744.jpeg,2,1050
lungscc3745.jpeg,2,1050
lungscc3746.jpeg,2,998
lungscc375.jpeg,2,1198
lungscc3751.jpeg,2,1016
lungscc3752.jpeg,2,1016
lungscc3753.jpeg,2,1213
lungscc3754.jpeg,2,1073
lungscc3755.jpeg,2,1018
lungscc3756.jpeg,2,1024
lungscc3757.jpeg,2,1047
lungscc3758.jpeg,2,1037
lungscc3759.jpeg,2,1037
lungscc376.jpeg,2,1066
lungscc3761.jpeg,2,1238
lungscc3762.jpeg,2,1159
lungscc3765.jpeg,2,1092
lungscc3766.jpeg,2,1064
lungscc3768.jpeg,2,1083
lungscc3769.jpeg,2,1017
lungscc377.jpeg,2,1066
lungscc3773.jpeg,2,1121
lungscc3774.jpeg,2,1196
lungscc3775.jpeg,2,1196
lungscc3777.jpeg,2,1206
lungscc3778.jpeg,2,1210
lungscc3779.jpeg,2,1153
lungscc378.jpeg,2,1211
lungscc3780.jpeg,2,1078
lungscc3781.jpeg,2,1005
lungscc3782.jpeg,2,1103
lungscc3783.jpeg,2,1118
lungscc3784.jpeg,2,1177
lungscc3785.jpeg,2,1216
lungscc3786.jpeg,2,1005
lungscc379.jpeg,2,1187
lungscc3790.jpeg,2,1075
lungscc3792.jpeg,2,1034
lungscc3794.jpeg,2,1052
lungscc3795.jpeg,2,1036
lungscc3797.jpeg,2,1040
lungscc3798.jpeg,2,1040
lungscc3799.jpeg,2,1105
lungscc38.jpeg,2,1168
lungscc380.jpeg,2,1029
lungscc3800.jpeg,2,1105
lungscc3802.jpeg,2,1129
lungscc3803.jpeg,2,1231
lungscc3805.jpeg,2,1212
lungscc3806.jpeg,2,1048
lungscc3808.jpeg,2,1003
lungscc3810.jpeg,2,1032
lungscc3815.jpeg,2,1047
lungscc3817.jpeg,2,1010
lungscc3818.jpeg,2,1010
lungscc3819.jpeg,2,1154
lungscc382.jpeg,2,1045
lungscc3820.jpeg,2,1154
lungscc3821.jpeg,2,1143
lungscc3822.jpeg,2,1092
lungscc3826.jpeg,2,1081
lungscc3831.jpeg,2,1089
lungscc3834.jpeg,2,1035
lungscc3835.jpeg,2,1210
lungscc3836.jpeg,2,1184
lungscc3837.jpeg,2,1209
lungscc3838.jpeg,2,1120
lungscc3839.jpeg,2,1103
lungscc3840.jpeg,2,1161
lungscc3841.jpeg,2,1118
lungscc3843.jpeg,2,1011
lungscc3846.jpeg,2,1075
lungscc3847.jpeg,2,1160
lungscc3849.jpeg,2,1096
lungscc3851.jpeg,2,1074
lungscc3856.jpeg,2,1042
lungscc3857.jpeg,2,1145
lungscc386.jpeg,2,1049
lungscc3860.jpeg,2,1163
lungscc3861.jpeg,2,1013
lungscc3862.jpeg,2,1013
lungscc3863.jpeg,2,1129
lungscc3864.jpeg,2,1129
lungscc3866.jpeg,2,1231
lungscc3867.jpeg,2,1158
lungscc3869.jpeg,2,1176
lungscc3874.jpeg,2,1128
lungscc3875.jpeg,2,1016
lungscc3876.jpeg,2,1130
lungscc3877.jpeg,2,1073
lungscc3878.jpeg,2,1047
lungscc3879.jpeg,2,1164
lungscc3880.jpeg,2,1235
lungscc3881.jpeg,2,1224
lungscc3882.jpeg,2,1061
lungscc3884.jpeg,2,1039
lungscc3886.jpeg,2,1111
lungscc3887.jpeg,2,1111
lungscc3888.jpeg,2,1064
lungscc3889.jpeg,2,1081
lungscc389.jpeg,2,1170
lungscc3892.jpeg,2,1089
lungscc3893.jpeg,2,1147
lungscc3895.jpeg,2,1206
lungscc3897.jpeg,2,1199
lungscc3898.jpeg,2,1126
lungscc3899.jpeg,2,1167
lungscc39.jpeg,2,1020
lungscc390.jpeg,2,1013
lungscc3901.jpeg,2,1110
lungscc3905.jpeg,2,1156
lungscc391.jpeg,2,1158
lungscc3911.jpeg,2,1040
lungscc3912.jpeg,2,1105
lungscc3913.jpeg,2,1239
lungscc3914.jpeg,2,1226
lungscc3919.jpeg,2,1106
lungscc392.jpeg,2,1138
lungscc3920.jpeg,2,1231
lungscc3924.jpeg,2,1003
lungscc3925.jpeg,2,1003
lungscc3928.jpeg,2,1128
lungscc3929.jpeg,2,1018
lungscc393.jpeg,2,1123
lungscc3930.jpeg,2,1024
lungscc3931.jpeg,2,1152
lungscc3932.jpeg,2,1238
lungscc3933.jpeg,2,1039
lungscc3935.jpeg,2,1092
lungscc3938.jpeg,2,1035
lungscc3939.jpeg,2,1210
lungscc3941.jpeg,2,1135
lungscc3946.jpeg,2,1120
lungscc3947.jpeg,2,1109
lungscc3948.jpeg,2,1103
lungscc3949.jpeg,2,1161
lungscc3950.jpeg,2,1161
lungscc3951.jpeg,2,1177
lungscc3952.jpeg,2,1113
lungscc3954.jpeg,2,1011
lungscc3955.jpeg,2,1165
lungscc3956.jpeg,2,1165
lungscc3957.jpeg,2,1070
lungscc3958.jpeg,2,1063
lungscc3959.jpeg,2,1038
lungscc396.jpeg,2,1179
lungscc3960.jpeg,2,1038
lungscc3962.jpeg,2,1180
lungscc3964.jpeg,2,1074
lungscc3965.jpeg,2,1156
lungscc3966.jpeg,2,1198
lungscc3967.jpeg,2,1145
lungscc3968.jpeg,2,1052
lungscc3969.jpeg,2,1036
lungscc3970.jpeg,2,1036
lungscc3971.jpeg,2,1146
lungscc3972.jpeg,2,1029
lungscc3975.jpeg,2,1040
lungscc3976.jpeg,2,1001
lungscc3977.jpeg,2,1197
lungscc3978.jpeg,2,1106
lungscc398.jpeg,2,1128
lungscc3980.jpeg,2,1141
lungscc3982.jpeg,2,1123
lungscc3985.jpeg,2,1019
lungscc3986.jpeg,2,1232
lungscc3987.jpeg,2,1101
lungscc3988.jpeg,2,1134
lungscc3989.jpeg,2,1128
lungscc3992.jpeg,2,1213
lungscc3993.jpeg,2,1024
lungscc3994.jpeg,2,1024
lungscc3995.jpeg,2,1235
lungscc3996.jpeg,2,1224
lungscc3997.jpeg,2,1224
lungscc3998.jpeg,2,1091
lungscc3999.jpeg,2,1112
lungscc4.jpeg,2,1001
lungscc4000.jpeg,2,1159
lungscc4001.jpeg,2,1010
lungscc4004.jpeg,2,1121
lungscc4007.jpeg,2,1069
lungscc4008.jpeg,2,1229
lungscc4010.jpeg,2,1162
lungscc4013.jpeg,2,1103
lungscc4014.jpeg,2,1161
lungscc4015.jpeg,2,1172
lungscc4016.jpeg,2,1222
lungscc4018.jpeg,2,1194
lungscc4019.jpeg,2,1165
lungscc402.jpeg,2,1130
lungscc4021.jpeg,2,1075
lungscc4022.jpeg,2,1075
lungscc4023.jpeg,2,1189
lungscc4024.jpeg,2,1041
lungscc4025.jpeg,2,1107
lungscc403.jpeg,2,1173
lungscc4030.jpeg,2,1045
lungscc4031.jpeg,2,1226
lungscc4032.jpeg,2,1001
lungscc4033.jpeg,2,1197
lungscc4035.jpeg,2,1106
lungscc4037.jpeg,2,1204
lungscc4038.jpeg,2,1204
lungscc4039.jpeg,2,1123
lungscc404.jpeg,2,1164
lungscc4040.jpeg,2,1179
lungscc4041.jpeg,2,1020
lungscc4045.jpeg,2,1188
lungscc4048.jpeg,2,1047
lungscc4049.jpeg,2,1224
lungscc405.jpeg,2,1235
lungscc4050.jpeg,2,1037
lungscc4051.jpeg,2,1091
lungscc4052.jpeg,2,1238
lungscc4054.jpeg,2,1039
lungscc4056.jpeg,2,1089
lungscc4058.jpeg,2,1124
lungscc4059.jpeg,2,1124
lungscc406.jpeg,2,1037
lungscc4061.jpeg,2,1228
lungscc4062.jpeg,2,1009
lungscc4063.jpeg,2,1069
lungscc4067.jpeg,2,1078
lungscc4068.jpeg,2,1078
lungscc407.jpeg,2,1061
lungscc4071.jpeg,2,1108
lungscc4072.jpeg,2,1118
lungscc4073.jpeg,2,1059
lungscc4075.jpeg,2,1070
lungscc4076.jpeg,2,1094
lungscc4079.jpeg,2,1075
lungscc408.jpeg,2,1010
lungscc4080.jpeg,2,1180
lungscc4082.jpeg,2,1041
lungscc4083.jpeg,2,1043
lungscc4085.jpeg,2,1198
lungscc4086.jpeg,2,1066
lungscc4089.jpeg,2,1146
lungscc409.jpeg,2,1010
lungscc4092.jpeg,2,1239
lungscc4093.jpeg,2,1150
lungscc4094.jpeg,2,1150
lungscc4097.jpeg,2,1132
lungscc4098.jpeg,2,1072
lungscc4099.jpeg,2,1168
lungscc41.jpeg,2,1020
lungscc410.jpeg,2,1092
lungscc4100.jpeg,2,1013
lungscc4101.jpeg,2,1129
lungscc4102.jpeg,2,1158
lungscc4103.jpeg,2,1176
lungscc4105.jpeg,2,1134
lungscc4107.jpeg,2,1188
lungscc4109.jpeg,2,1213
lungscc411.jpeg,2,1111
lungscc4111.jpeg,2,1039
lungscc4115.jpeg,2,1218
lungscc4117.jpeg,2,1196
lungscc4119.jpeg,2,1124
lungscc412.jpeg,2,1064
lungscc4120.jpeg,2,1000
lungscc4122.jpeg,2,1210
lungscc4123.jpeg,2,1228
lungscc4124.jpeg,2,1009
lungscc4125.jpeg,2,1151
lungscc4126.jpeg,2,1151
lungscc4127.jpeg,2,1126
lungscc4128.jpeg,2,1126
lungscc413.jpeg,2,1012
lungscc4131.jpeg,2,1209
lungscc4133.jpeg,2,1109
lungscc4134.jpeg,2,1108
lungscc4135.jpeg,2,1216
lungscc4136.jpeg,2,1011
lungscc4137.jpeg,2,1167
lungscc414.jpeg,2,1133
lungscc4140.jpeg,2,1178
lungscc4141.jpeg,2,1063
lungscc4142.jpeg,2,1180
lungscc4143.jpeg,2,1041
lungscc4145.jpeg,2,1107
lungscc4147.jpeg,2,1156
lungscc4148.jpeg,2,1145
lungscc4149.jpeg,2,1234
lungscc415.jpeg,2,1083
lungscc4150.jpeg,2,1146
lungscc4152.jpeg,2,1105
lungscc4153.jpeg,2,1045
lungscc4155.jpeg,2,1001
lungscc4156.jpeg,2,1132
lungscc4157.jpeg,2,1044
lungscc4158.jpeg,2,1163
lungscc4159.jpeg,2,1163
lungscc416.jpeg,2,1081
lungscc4161.jpeg,2,1028
lungscc4162.jpeg,2,1013
lungscc4163.jpeg,2,1129
lungscc4164.jpeg,2,1158
lungscc4165.jpeg,2,1138
lungscc4166.jpeg,2,1232
lungscc4168.jpeg,2,1134
lungscc4169.jpeg,2,1188
lungscc4170.jpeg,2,1188
lungscc4173.jpeg,2,1027
lungscc4175.jpeg,2,1039
lungscc4176.jpeg,2,1185
lungscc4178.jpeg,2,1133
lungscc418.jpeg,2,1196
lungscc4181.jpeg,2,1139
lungscc4185.jpeg,2,1009
lungscc4186.jpeg,2,1009
lungscc4187.jpeg,2,1069
lungscc4188.jpeg,2,1181
lungscc419.jpeg,2,1119
lungscc4190.jpeg,2,1109
lungscc4193.jpeg,2,1011
lungscc4194.jpeg,2,1005
lungscc4195.jpeg,2,1063
lungscc4197.jpeg,2,1201
lungscc4199.jpeg,2,999
lungscc420.jpeg,2,1139
lungscc4201.jpeg,2,1015
lungscc4203.jpeg,2,1110
lungscc4204.jpeg,2,1107
lungscc4206.jpeg,2,1056
lungscc4207.jpeg,2,1056
lungscc4208.jpeg,2,1056
lungscc421.jpeg,2,1124
lungscc4212.jpeg,2,1144
lungscc4213.jpeg,2,1197
lungscc4214.jpeg,2,1170
lungscc4215.jpeg,2,1044
lungscc4216.jpeg,2,1163
lungscc4217.jpeg,2,1123
lungscc4218.jpeg,2,1123
lungscc4219.jpeg,2,1179
lungscc4220.jpeg,2,998
lungscc4222.jpeg,2,1019
lungscc4223.jpeg,2,1020
lungscc4224.jpeg,2,1048
lungscc4226.jpeg,2,1176
lungscc4227.jpeg,2,1003
lungscc4229.jpeg,2,1213
lungscc423.jpeg,2,1210
lungscc4230.jpeg,2,1213
lungscc4231.jpeg,2,1047
lungscc4232.jpeg,2,1164
lungscc4233.jpeg,2,1164
lungscc4234.jpeg,2,1037
lungscc4235.jpeg,2,1154
lungscc4239.jpeg,2,1139
lungscc424.jpeg,2,1135
lungscc4240.jpeg,2,1008
lungscc4242.jpeg,2,1228
lungscc4244.jpeg,2,1184
lungscc4245.jpeg,2,1126
lungscc4246.jpeg,2,1181
lungscc4248.jpeg,2,1109
lungscc4249.jpeg,2,1161
lungscc425.jpeg,2,1004
lungscc4251.jpeg,2,1183
lungscc4252.jpeg,2,1011
lungscc4258.jpeg,2,1041
lungscc426.jpeg,2,1184
lungscc4260.jpeg,2,1110
lungscc4261.jpeg,2,1034
lungscc4262.jpeg,2,1198
lungscc4263.jpeg,2,1042
lungscc4264.jpeg,2,1145
lungscc4265.jpeg,2,1056
lungscc4266.jpeg,2,1056
lungscc4267.jpeg,2,1036
lungscc427.jpeg,2,1184
lungscc4271.jpeg,2,1001
lungscc4273.jpeg,2,1163
lungscc4275.jpeg,2,1141
lungscc4276.jpeg,2,1158
lungscc4277.jpeg,2,998
lungscc4278.jpeg,2,1019
lungscc428.jpeg,2,1162
lungscc4280.jpeg,2,1032
lungscc4283.jpeg,2,1016
lungscc4284.jpeg,2,1047
lungscc4285.jpeg,2,1037
lungscc4286.jpeg,2,1061
lungscc4287.jpeg,2,1061
lungscc4288.jpeg,2,1159
lungscc4290.jpeg,2,1039
lungscc4291.jpeg,2,1092
lungscc4292.jpeg,2,1111
lungscc4293.jpeg,2,1185
lungscc4294.jpeg,2,1185
lungscc4295.jpeg,2,1064
lungscc4296.jpeg,2,1121
lungscc4297.jpeg,2,1131
lungscc4298.jpeg,2,1000
lungscc4299.jpeg,2,1228
lungscc4300.jpeg,2,1229
lungscc4301.jpeg,2,1155
lungscc4302.jpeg,2,1184
lungscc4303.jpeg,2,1162
lungscc4304.jpeg,2,1162
lungscc4307.jpeg,2,1209
lungscc4308.jpeg,2,1216
lungscc4309.jpeg,2,1011
lungscc431.jpeg,2,1177
lungscc4310.jpeg,2,1167
lungscc4311.jpeg,2,1059
lungscc4313.jpeg,2,1169
lungscc432.jpeg,2,1183
lungscc4320.jpeg,2,1187
lungscc4322.jpeg,2,1056
lungscc4323.jpeg,2,1036
lungscc4324.jpeg,2,1036
lungscc4327.jpeg,2,1040
lungscc4328.jpeg,2,1045
lungscc4329.jpeg,2,1132
lungscc433.jpeg,2,1011
lungscc4330.jpeg,2,1149
lungscc4332.jpeg,2,1197
lungscc4334.jpeg,2,1168
lungscc4335.jpeg,2,1168
lungscc4336.jpeg,2,1158
lungscc4337.jpeg,2,1179
lungscc4339.jpeg,2,1020
lungscc434.jpeg,2,1167
lungscc4345.jpeg,2,1073
lungscc4346.jpeg,2,1024
lungscc4347.jpeg,2,1047
lungscc4348.jpeg,2,1047
lungscc435.jpeg,2,1178
lungscc4350.jpeg,2,1010
lungscc4352.jpeg,2,1191
lungscc4353.jpeg,2,1064
lungscc4358.jpeg,2,1119
lungscc4359.jpeg,2,1065
lungscc436.jpeg,2,1189
lungscc4360.jpeg,2,1000
lungscc4361.jpeg,2,1199
lungscc4362.jpeg,2,1009
lungscc4364.jpeg,2,1172
lungscc4365.jpeg,2,1005
lungscc4366.jpeg,2,1070
lungscc4367.jpeg,2,1070
lungscc4368.jpeg,2,1169
lungscc437.jpeg,2,999
lungscc4370.jpeg,2,1096
lungscc4373.jpeg,2,1042
lungscc4374.jpeg,2,1052
lungscc4377.jpeg,2,1029
lungscc4378.jpeg,2,1150
lungscc438.jpeg,2,1096
lungscc4380.jpeg,2,1132
lungscc4381.jpeg,2,1132
lungscc4383.jpeg,2,1174
lungscc4389.jpeg,2,1028
lungscc439.jpeg,2,1043
lungscc4390.jpeg,2,1129
lungscc4391.jpeg,2,1204
lungscc4393.jpeg,2,1123
lungscc4395.jpeg,2,1019
lungscc4396.jpeg,2,1212
lungscc4397.jpeg,2,1048
lungscc4398.jpeg,2,1048
lungscc4399.jpeg,2,1048
lungscc44.jpeg,2,1037
lungscc440.jpeg,2,1107
lungscc4400.jpeg,2,1176
lungscc4403.jpeg,2,1102
lungscc4405.jpeg,2,1092
lungscc4412.jpeg,2,1065
lungscc4413.jpeg,2,1000
lungscc4414.jpeg,2,1135
lungscc4415.jpeg,2,1199
lungscc4416.jpeg,2,1199
lungscc4417.jpeg,2,1009
lungscc4418.jpeg,2,1153
lungscc4419.jpeg,2,1162
lungscc4420.jpeg,2,1126
lungscc4422.jpeg,2,1161
lungscc4425.jpeg,2,1190
lungscc4426.jpeg,2,1038
lungscc4427.jpeg,2,1038
lungscc443.jpeg,2,1198
lungscc4433.jpeg,2,999
lungscc4435.jpeg,2,1029
lungscc4436.jpeg,2,1040
lungscc4437.jpeg,2,1040
lungscc4438.jpeg,2,1045
lungscc444.jpeg,2,1145
lungscc4441.jpeg,2,1174
lungscc4446.jpeg,2,1204
lungscc4447.jpeg,2,1231
lungscc4448.jpeg,2,1123
lungscc4449.jpeg,2,1050
lungscc445.jpeg,2,1036
lungscc4450.jpeg,2,1179
lungscc4452.jpeg,2,1176
lungscc4456.jpeg,2,1130
lungscc4457.jpeg,2,1235
lungscc4458.jpeg,2,1061
lungscc4459.jpeg,2,1010
lungscc446.jpeg,2,1029
lungscc4460.jpeg,2,1143
lungscc4461.jpeg,2,1191
lungscc4462.jpeg,2,1111
lungscc4463.jpeg,2,1185
lungscc4464.jpeg,2,1064
lungscc4465.jpeg,2,1012
lungscc4468.jpeg,2,1083
lungscc447.jpeg,2,1045
lungscc4470.jpeg,2,1196
lungscc4471.jpeg,2,1196
lungscc4473.jpeg,2,1035
lungscc4474.jpeg,2,1035
lungscc4475.jpeg,2,1199
lungscc4476.jpeg,2,1229
lungscc4477.jpeg,2,1155
lungscc4478.jpeg,2,1184
lungscc4479.jpeg,2,1126
lungscc448.jpeg,2,1045
lungscc4480.jpeg,2,1209
lungscc4481.jpeg,2,1172
lungscc4486.jpeg,2,1157
lungscc4487.jpeg,2,1038
lungscc4489.jpeg,2,1041
lungscc449.jpeg,2,1045
lungscc4491.jpeg,2,1043
lungscc4495.jpeg,2,1156
lungscc4496.jpeg,2,1042
lungscc4498.jpeg,2,1052
lungscc4499.jpeg,2,1234
lungscc450.jpeg,2,1049
lungscc4500.jpeg,2,1245
lungscc4501.jpeg,2,1105
lungscc4502.jpeg,2,1049
lungscc4504.jpeg,2,1170
lungscc4505.jpeg,2,1179
lungscc4506.jpeg,2,1019
lungscc451.jpeg,2,1244
lungscc4510.jpeg,2,1014
lungscc4511.jpeg,2,1188
lungscc4512.jpeg,2,1016
lungscc4513.jpeg,2,1102
lungscc4514.jpeg,2,1024
lungscc4515.jpeg,2,1047
lungscc4516.jpeg,2,1152
lungscc4517.jpeg,2,1224
lungscc4518.jpeg,2,1037
lungscc452.jpeg,2,1174
lungscc4520.jpeg,2,1027
lungscc4521.jpeg,2,1159
lungscc4523.jpeg,2,1143
lungscc4524.jpeg,2,1218
lungscc4527.jpeg,2,1139
lungscc4529.jpeg,2,1035
lungscc453.jpeg,2,1144
lungscc4531.jpeg,2,1054
lungscc4533.jpeg,2,1151
lungscc4534.jpeg,2,1209
lungscc4536.jpeg,2,1005
lungscc4537.jpeg,2,1103
lungscc4538.jpeg,2,1103
lungscc4539.jpeg,2,1103
lungscc4540.jpeg,2,1118
lungscc4541.jpeg,2,1177
lungscc4542.jpeg,2,1216
lungscc4543.jpeg,2,999
lungscc4546.jpeg,2,1145
lungscc4547.jpeg,2,1145
lungscc4548.jpeg,2,1056
lungscc4549.jpeg,2,1036
lungscc4552.jpeg,2,1040
lungscc4553.jpeg,2,1239
lungscc4555.jpeg,2,1138
lungscc4556.jpeg,2,1179
lungscc4557.jpeg,2,998
lungscc4559.jpeg,2,1232
lungscc456.jpeg,2,1168
lungscc4560.jpeg,2,1176
lungscc4566.jpeg,2,1134
lungscc4568.jpeg,2,1125
lungscc457.jpeg,2,1231
lungscc4571.jpeg,2,1073
lungscc4573.jpeg,2,1164
lungscc4574.jpeg,2,1091
lungscc4575.jpeg,2,1112
lungscc4576.jpeg,2,1010
lungscc4577.jpeg,2,1111
lungscc4578.jpeg,2,1111
lungscc4579.jpeg,2,1207
lungscc4581.jpeg,2,1133
lungscc4582.jpeg,2,1218
lungscc4583.jpeg,2,1219
lungscc4584.jpeg,2,1196
lungscc4587.jpeg,2,1139
lungscc4588.jpeg,2,1131
lungscc4589.jpeg,2,1080
lungscc459.jpeg,2,1020
lungscc4590.jpeg,2,1228
lungscc4591.jpeg,2,1228
lungscc4592.jpeg,2,1135
lungscc4593.jpeg,2,1135
lungscc4594.jpeg,2,1009
lungscc4596.jpeg,2,1181
lungscc4598.jpeg,2,1103
lungscc4599.jpeg,2,1177
lungscc46.jpeg,2,1039
lungscc4600.jpeg,2,1165
lungscc4601.jpeg,2,1038
lungscc4602.jpeg,2,1038
lungscc4609.jpeg,2,1211
lungscc4610.jpeg,2,1036
lungscc4611.jpeg,2,1036
lungscc4612.jpeg,2,1036
lungscc4613.jpeg,2,1245
lungscc4615.jpeg,2,1049
lungscc4616.jpeg,2,1049
lungscc4619.jpeg,2,1231
lungscc462.jpeg,2,1176
lungscc4621.jpeg,2,1179
lungscc4623.jpeg,2,1014
lungscc4624.jpeg,2,1024
lungscc4625.jpeg,2,1173
lungscc4626.jpeg,2,1238
lungscc4628.jpeg,2,1092
lungscc4629.jpeg,2,1092
lungscc4632.jpeg,2,1133
lungscc4636.jpeg,2,1119
lungscc4637.jpeg,2,1089
lungscc4638.jpeg,2,1147
lungscc4639.jpeg,2,1124
lungscc464.jpeg,2,1125
lungscc4641.jpeg,2,1069
lungscc4642.jpeg,2,1229
lungscc4643.jpeg,2,1155
lungscc4647.jpeg,2,1181
lungscc4649.jpeg,2,1109
lungscc465.jpeg,2,1016
lungscc4650.jpeg,2,1103
lungscc4651.jpeg,2,1118
lungscc4652.jpeg,2,1216
lungscc4653.jpeg,2,1222
lungscc4654.jpeg,2,1194
lungscc4655.jpeg,2,1070
lungscc4658.jpeg,2,1160
lungscc4659.jpeg,2,1015
lungscc4660.jpeg,2,1096
lungscc4661.jpeg,2,1043
lungscc4663.jpeg,2,1110
lungscc4668.jpeg,2,1036
lungscc4669.jpeg,2,1245
lungscc467.jpeg,2,1018
lungscc4670.jpeg,2,1040
lungscc4671.jpeg,2,1040
lungscc4672.jpeg,2,1040
lungscc4673.jpeg,2,1105
lungscc4674.jpeg,2,1226
lungscc4675.jpeg,2,1150
lungscc4676.jpeg,2,1230
lungscc4677.jpeg,2,1149
lungscc4679.jpeg,2,1204
lungscc468.jpeg,2,1235
lungscc4680.jpeg,2,1019
lungscc4682.jpeg,2,1048
lungscc4683.jpeg,2,1176
lungscc4684.jpeg,2,1134
lungscc4685.jpeg,2,1128
lungscc4686.jpeg,2,1128
lungscc4688.jpeg,2,1173
lungscc4689.jpeg,2,1091
lungscc4690.jpeg,2,1112
lungscc4691.jpeg,2,1159
lungscc4692.jpeg,2,1159
lungscc4694.jpeg,2,1039
lungscc4695.jpeg,2,1219
lungscc4697.jpeg,2,1147
lungscc4698.jpeg,2,1080
lungscc4699.jpeg,2,1210
lungscc47.jpeg,2,1207
lungscc470.jpeg,2,1112
lungscc4700.jpeg,2,1008
lungscc4701.jpeg,2,1135
lungscc4702.jpeg,2,1009
lungscc4703.jpeg,2,1069
lungscc4706.jpeg,2,1078
lungscc4707.jpeg,2,1209
lungscc4708.jpeg,2,1103
lungscc4709.jpeg,2,1183
lungscc471.jpeg,2,1159
lungscc4710.jpeg,2,1167
lungscc4711.jpeg,2,1167
lungscc4712.jpeg,2,1005
lungscc4714.jpeg,2,1169
lungscc4717.jpeg,2,1043
lungscc4719.jpeg,2,1198
lungscc472.jpeg,2,1064
lungscc4720.jpeg,2,1211
lungscc4725.jpeg,2,1049
lungscc4726.jpeg,2,1132
lungscc4729.jpeg,2,1044
lungscc4730.jpeg,2,1168
lungscc4731.jpeg,2,1129
lungscc4733.jpeg,2,1204
lungscc4734.jpeg,2,1158
lungscc4735.jpeg,2,1020
lungscc4736.jpeg,2,1020
lungscc4739.jpeg,2,1125
lungscc474.jpeg,2,1017
lungscc4742.jpeg,2,1102
lungscc4743.jpeg,2,1102
lungscc4744.jpeg,2,1073
lungscc4745.jpeg,2,1073
lungscc4746.jpeg,2,1018
lungscc4749.jpeg,2,1159
lungscc4750.jpeg,2,1143
lungscc4751.jpeg,2,1207
lungscc4753.jpeg,2,1218
lungscc4755.jpeg,2,1196
lungscc4756.jpeg,2,1147
lungscc4757.jpeg,2,1065
lungscc4758.jpeg,2,1008
lungscc4759.jpeg,2,1153
lungscc476.jpeg,2,1121
lungscc4760.jpeg,2,1069
lungscc4762.jpeg,2,1181
lungscc4763.jpeg,2,1181
lungscc4766.jpeg,2,1183
lungscc4767.jpeg,2,1011
lungscc4768.jpeg,2,1167
lungscc4769.jpeg,2,1169
lungscc477.jpeg,2,1089
lungscc4771.jpeg,2,1180
lungscc4773.jpeg,2,1160
lungscc4774.jpeg,2,999
lungscc4775.jpeg,2,1043
lungscc4777.jpeg,2,1066
lungscc478.jpeg,2,1227
lungscc4781.jpeg,2,1049
lungscc4783.jpeg,2,1197
lungscc4784.jpeg,2,1072
lungscc4785.jpeg,2,1028
lungscc4786.jpeg,2,1231
lungscc4787.jpeg,2,1158
lungscc4788.jpeg,2,1138
lungscc479.jpeg,2,1035
lungscc4791.jpeg,2,1048
lungscc4793.jpeg,2,1232
lungscc4797.jpeg,2,1032
lungscc4798.jpeg,2,1014
lungscc48.jpeg,2,1083
lungscc480.jpeg,2,1065
lungscc4800.jpeg,2,1073
lungscc4801.jpeg,2,1173
lungscc4802.jpeg,2,1027
lungscc4803.jpeg,2,1238
lungscc4804.jpeg,2,1159
lungscc4805.jpeg,2,1039
lungscc4806.jpeg,2,1191
lungscc4807.jpeg,2,1111
lungscc4808.jpeg,2,1185
lungscc4809.jpeg,2,1064
lungscc481.jpeg,2,1000
lungscc4812.jpeg,2,1089
lungscc4815.jpeg,2,1054
lungscc4816.jpeg,2,1008
lungscc4818.jpeg,2,1004
lungscc482.jpeg,2,1008
lungscc4823.jpeg,2,1177
lungscc4824.jpeg,2,1172
lungscc4825.jpeg,2,1113
lungscc4826.jpeg,2,1190
lungscc4827.jpeg,2,1011
lungscc4828.jpeg,2,1167
lungscc4830.jpeg,2,1070
lungscc4831.jpeg,2,1063
lungscc4832.jpeg,2,1157
lungscc4833.jpeg,2,1180
lungscc4834.jpeg,2,1189
lungscc4835.jpeg,2,1201
lungscc4836.jpeg,2,1201
lungscc4837.jpeg,2,1041
lungscc4838.jpeg,2,1096
lungscc4839.jpeg,2,1043
lungscc484.jpeg,2,1153
lungscc4840.jpeg,2,1034
lungscc4844.jpeg,2,1211
lungscc4845.jpeg,2,1187
lungscc4846.jpeg,2,1052
lungscc4847.jpeg,2,1245
lungscc4848.jpeg,2,1245
lungscc4851.jpeg,2,1045
lungscc4852.jpeg,2,1150
lungscc4855.jpeg,2,1049
lungscc4856.jpeg,2,1049
lungscc4858.jpeg,2,1170
lungscc4859.jpeg,2,1168
lungscc486.jpeg,2,1153
lungscc4860.jpeg,2,1013
lungscc4861.jpeg,2,1019
lungscc4862.jpeg,2,1212
lungscc4863.jpeg,2,1048
lungscc4864.jpeg,2,1048
lungscc4866.jpeg,2,1014
lungscc4869.jpeg,2,1213
lungscc487.jpeg,2,1155
lungscc4870.jpeg,2,1024
lungscc4871.jpeg,2,1047
lungscc4872.jpeg,2,1091
lungscc4873.jpeg,2,1010
lungscc4875.jpeg,2,1111
lungscc4877.jpeg,2,1012
lungscc4880.jpeg,2,1124
lungscc4882.jpeg,2,1069
lungscc4883.jpeg,2,1209
lungscc4884.jpeg,2,1209
lungscc4887.jpeg,2,1190
lungscc4889.jpeg,2,1194
lungscc4890.jpeg,2,1005
lungscc4891.jpeg,2,1169
lungscc4893.jpeg,2,1041
lungscc4895.jpeg,2,1043
lungscc4896.jpeg,2,1074
lungscc490.jpeg,2,1005
lungscc4902.jpeg,2,1156
lungscc4903.jpeg,2,1156
lungscc4904.jpeg,2,1042
lungscc4905.jpeg,2,1145
lungscc4906.jpeg,2,1187
lungscc4907.jpeg,2,1036
lungscc4909.jpeg,2,1001
lungscc4912.jpeg,2,1129
lungscc4913.jpeg,2,1204
lungscc4914.jpeg,2,1138
lungscc4915.jpeg,2,1123
lungscc4917.jpeg,2,1101
lungscc4918.jpeg,2,1176
lungscc492.jpeg,2,1070
lungscc4921.jpeg,2,1125
lungscc4922.jpeg,2,1073
lungscc4923.jpeg,2,1018
lungscc4924.jpeg,2,1152
lungscc4925.jpeg,2,1164
lungscc4926.jpeg,2,1091
lungscc4927.jpeg,2,1061
lungscc4928.jpeg,2,1112
lungscc4929.jpeg,2,1092
lungscc493.jpeg,2,1094
lungscc4930.jpeg,2,1191
lungscc4931.jpeg,2,1111
lungscc4932.jpeg,2,1185
lungscc4933.jpeg,2,1089
lungscc4934.jpeg,2,1227
lungscc4936.jpeg,2,1131
lungscc4937.jpeg,2,1206
lungscc4939.jpeg,2,1008
lungscc494.jpeg,2,1169
lungscc4942.jpeg,2,1162
lungscc4944.jpeg,2,1161
lungscc4946.jpeg,2,1190
lungscc4947.jpeg,2,1005
lungscc4948.jpeg,2,1063
lungscc4949.jpeg,2,1038
lungscc495.jpeg,2,1075
lungscc4950.jpeg,2,1169
lungscc4951.jpeg,2,1180
lungscc4952.jpeg,2,1041
lungscc4953.jpeg,2,1160
lungscc4954.jpeg,2,1043
lungscc4955.jpeg,2,1110
lungscc4958.jpeg,2,1066
lungscc4959.jpeg,2,1187
lungscc496.jpeg,2,1075
lungscc4960.jpeg,2,1187
lungscc4964.jpeg,2,1244
lungscc4965.jpeg,2,1197
lungscc4966.jpeg,2,1163
lungscc4967.jpeg,2,1204
lungscc497.jpeg,2,1180
lungscc4971.jpeg,2,1232
lungscc4972.jpeg,2,1032
lungscc4976.jpeg,2,1016
lungscc4977.jpeg,2,1047
lungscc4978.jpeg,2,1064
lungscc4981.jpeg,2,1218
lungscc4982.jpeg,2,1219
lungscc4987.jpeg,2,1119
lungscc499.jpeg,2,1201
lungscc4993.jpeg,2,1228
lungscc4998.jpeg,2,1109
lungscc5.jpeg,2,1144
lungscc5000.jpeg,2,1011
lungscc501.jpeg,2,1203
lungscc503.jpeg,2,1034
lungscc506.jpeg,2,1042
lungscc509.jpeg,2,1145
lungscc510.jpeg,2,1226
lungscc511.jpeg,2,1001
lungscc513.jpeg,2,1132
lungscc514.jpeg,2,1174
lungscc515.jpeg,2,1144
lungscc516.jpeg,2,1170
lungscc517.jpeg,2,1170
lungscc518.jpeg,2,1163
lungscc519.jpeg,2,1129
lungscc52.jpeg,2,1035
lungscc520.jpeg,2,1129
lungscc521.jpeg,2,1231
lungscc523.jpeg,2,1138
lungscc524.jpeg,2,998
lungscc529.jpeg,2,1073
lungscc53.jpeg,2,1000
lungscc531.jpeg,2,1027
lungscc532.jpeg,2,1027
lungscc534.jpeg,2,1092
lungscc536.jpeg,2,1121
lungscc537.jpeg,2,1119
lungscc538.jpeg,2,1227
lungscc54.jpeg,2,1210
lungscc540.jpeg,2,1147
lungscc541.jpeg,2,1131
lungscc542.jpeg,2,1035
lungscc544.jpeg,2,1069
lungscc545.jpeg,2,1229
lungscc546.jpeg,2,1184
lungscc549.jpeg,2,1005
lungscc55.jpeg,2,1135
lungscc550.jpeg,2,1201
lungscc553.jpeg,2,1110
lungscc554.jpeg,2,1156
lungscc556.jpeg,2,1056
lungscc559.jpeg,2,1239
lungscc56.jpeg,2,1199
lungscc560.jpeg,2,1049
lungscc562.jpeg,2,1244
lungscc563.jpeg,2,1132
lungscc564.jpeg,2,1132
lungscc565.jpeg,2,1174
lungscc566.jpeg,2,1163
lungscc567.jpeg,2,1013
lungscc568.jpeg,2,1013
lungscc569.jpeg,2,1141
lungscc570.jpeg,2,1141
lungscc571.jpeg,2,1204
lungscc58.jpeg,2,1155
lungscc584.jpeg,2,1016
lungscc585.jpeg,2,1102
lungscc586.jpeg,2,1073
lungscc587.jpeg,2,1027
lungscc588.jpeg,2,1112
lungscc590.jpeg,2,1111
lungscc591.jpeg,2,1012
lungscc593.jpeg,2,1081
lungscc594.jpeg,2,1017
lungscc598.jpeg,2,1089
lungscc599.jpeg,2,1131
lungscc6.jpeg,2,1019
lungscc600.jpeg,2,1124
lungscc601.jpeg,2,1065
lungscc602.jpeg,2,1054
lungscc603.jpeg,2,1008
lungscc604.jpeg,2,1199
lungscc605.jpeg,2,1069
lungscc606.jpeg,2,1151
lungscc609.jpeg,2,1209
lungscc610.jpeg,2,1209
lungscc611.jpeg,2,1209
lungscc613.jpeg,2,1118
lungscc614.jpeg,2,1222
lungscc615.jpeg,2,1183
lungscc616.jpeg,2,1005
lungscc62.jpeg,2,1005
lungscc620.jpeg,2,1070
lungscc621.jpeg,2,1063
lungscc624.jpeg,2,1169
lungscc625.jpeg,2,1201
lungscc626.jpeg,2,1203
lungscc627.jpeg,2,1034
lungscc629.jpeg,2,1198
lungscc63.jpeg,2,1161
lungscc630.jpeg,2,1045
lungscc632.jpeg,2,1132
lungscc633.jpeg,2,1174
lungscc634.jpeg,2,1141
lungscc635.jpeg,2,1231
lungscc639.jpeg,2,1003
lungscc64.jpeg,2,1161
lungscc640.jpeg,2,1188
lungscc641.jpeg,2,1188
lungscc645.jpeg,2,1102
lungscc646.jpeg,2,1073
lungscc647.jpeg,2,1018
lungscc648.jpeg,2,1018
lungscc649.jpeg,2,1047
lungscc65.jpeg,2,1113
lungscc651.jpeg,2,1154
lungscc652.jpeg,2,1092
lungscc653.jpeg,2,1111
lungscc654.jpeg,2,1185
lungscc658.jpeg,2,1035
lungscc659.jpeg,2,1065
lungscc661.jpeg,2,1000
lungscc663.jpeg,2,1135
lungscc664.jpeg,2,1135
lungscc665.jpeg,2,1009
lungscc666.jpeg,2,1069
lungscc667.jpeg,2,1078
lungscc674.jpeg,2,1094
lungscc675.jpeg,2,1075
lungscc676.jpeg,2,1041
lungscc677.jpeg,2,1034
lungscc68.jpeg,2,1157
lungscc681.jpeg,2,1245
lungscc682.jpeg,2,1146
lungscc683.jpeg,2,1226
lungscc685.jpeg,2,1049
lungscc686.jpeg,2,1144
lungscc687.jpeg,2,1144
lungscc69.jpeg,2,1157
lungscc690.jpeg,2,1168
lungscc691.jpeg,2,1231
lungscc692.jpeg,2,1231
lungscc695.jpeg,2,1050
lungscc696.jpeg,2,1019
lungscc697.jpeg,2,1019
lungscc698.jpeg,2,1020
lungscc701.jpeg,2,1101
lungscc702.jpeg,2,1101
lungscc704.jpeg,2,1134
lungscc705.jpeg,2,1014
lungscc706.jpeg,2,1014
lungscc707.jpeg,2,1188
lungscc71.jpeg,2,1075
lungscc711.jpeg,2,1047
lungscc712.jpeg,2,1152
lungscc713.jpeg,2,1037
lungscc715.jpeg,2,1111
lungscc716.jpeg,2,1012
lungscc717.jpeg,2,1133
lungscc72.jpeg,2,1180
lungscc720.jpeg,2,1139
lungscc721.jpeg,2,1124
lungscc722.jpeg,2,1124
lungscc723.jpeg,2,1065
lungscc724.jpeg,2,1080
lungscc725.jpeg,2,1000
lungscc727.jpeg,2,1135
lungscc728.jpeg,2,1184
lungscc729.jpeg,2,1184
lungscc73.jpeg,2,1041
lungscc731.jpeg,2,1181
lungscc734.jpeg,2,1005
lungscc735.jpeg,2,1118
lungscc736.jpeg,2,1216
lungscc737.jpeg,2,1183
lungscc738.jpeg,2,1005
lungscc74.jpeg,2,1041
lungscc740.jpeg,2,1070
lungscc741.jpeg,2,1063
lungscc743.jpeg,2,1015
lungscc744.jpeg,2,1096
lungscc745.jpeg,2,1096
lungscc749.jpeg,2,1056
lungscc75.jpeg,2,1041
lungscc751.jpeg,2,1150
lungscc752.jpeg,2,1049
lungscc753.jpeg,2,1170
lungscc754.jpeg,2,1106
lungscc755.jpeg,2,1013
lungscc756.jpeg,2,1221
lungscc757.jpeg,2,1221
lungscc758.jpeg,2,1123
lungscc759.jpeg,2,1050
lungscc762.jpeg,2,1232
lungscc765.jpeg,2,1125
lungscc766.jpeg,2,1018
lungscc767.jpeg,2,1152
lungscc768.jpeg,2,1112
lungscc769.jpeg,2,1092
lungscc770.jpeg,2,1191
lungscc772.jpeg,2,1017
lungscc774.jpeg,2,1119
lungscc775.jpeg,2,1089
lungscc776.jpeg,2,1124
lungscc780.jpeg,2,1228
lungscc781.jpeg,2,1199
lungscc782.jpeg,2,1155
lungscc783.jpeg,2,1151
lungscc785.jpeg,2,1184
lungscc786.jpeg,2,1126
lungscc787.jpeg,2,1181
lungscc79.jpeg,2,1198
lungscc790.jpeg,2,1118
lungscc791.jpeg,2,1177
lungscc793.jpeg,2,1011
lungscc794.jpeg,2,1059
lungscc795.jpeg,2,1005
lungscc796.jpeg,2,1063
lungscc797.jpeg,2,1063
lungscc798.jpeg,2,1157
lungscc799.jpeg,2,1075
lungscc8.jpeg,2,1101
lungscc80.jpeg,2,1211
lungscc801.jpeg,2,1160
lungscc802.jpeg,2,1203
lungscc803.jpeg,2,1015
lungscc804.jpeg,2,1015
lungscc807.jpeg,2,1145
lungscc808.jpeg,2,1056
lungscc809.jpeg,2,1036
lungscc81.jpeg,2,1052
lungscc810.jpeg,2,1202
lungscc812.jpeg,2,1045
lungscc814.jpeg,2,1001
lungscc815.jpeg,2,1230
lungscc818.jpeg,2,1197
lungscc820.jpeg,2,1013
lungscc821.jpeg,2,998
lungscc822.jpeg,2,1020
lungscc823.jpeg,2,1212
lungscc824.jpeg,2,1232
lungscc825.jpeg,2,1176
lungscc826.jpeg,2,1134
lungscc827.jpeg,2,1014
lungscc828.jpeg,2,1128
lungscc83.jpeg,2,1245
lungscc831.jpeg,2,1213
lungscc833.jpeg,2,1073
lungscc835.jpeg,2,1047
lungscc837.jpeg,2,1164
lungscc838.jpeg,2,1061
lungscc84.jpeg,2,1105
lungscc840.jpeg,2,1196
lungscc841.jpeg,2,1196
lungscc842.jpeg,2,1147
lungscc843.jpeg,2,1035
lungscc844.jpeg,2,1065
lungscc845.jpeg,2,1080
lungscc846.jpeg,2,1135
lungscc847.jpeg,2,1135
lungscc85.jpeg,2,1197
lungscc850.jpeg,2,1181
lungscc852.jpeg,2,1108
lungscc854.jpeg,2,1167
lungscc855.jpeg,2,1194
lungscc857.jpeg,2,1157
lungscc858.jpeg,2,1157
lungscc86.jpeg,2,1197
lungscc861.jpeg,2,1180
lungscc863.jpeg,2,999
lungscc864.jpeg,2,999
lungscc867.jpeg,2,1043
lungscc869.jpeg,2,1029
lungscc87.jpeg,2,1044
lungscc874.jpeg,2,1230
lungscc876.jpeg,2,1028
lungscc878.jpeg,2,1134
lungscc879.jpeg,2,1134
lungscc88.jpeg,2,1168
lungscc884.jpeg,2,1102
lungscc885.jpeg,2,1073
lungscc886.jpeg,2,1018
lungscc887.jpeg,2,1164
lungscc888.jpeg,2,1061
lungscc89.jpeg,2,1158
lungscc890.jpeg,2,1112
lungscc891.jpeg,2,1159
lungscc892.jpeg,2,1039
lungscc894.jpeg,2,1143
lungscc896.jpeg,2,1064
lungscc898.jpeg,2,1196
lungscc901.jpeg,2,1139
lungscc903.jpeg,2,1035
lungscc904.jpeg,2,1206
lungscc906.jpeg,2,1054
lungscc907.jpeg,2,1009
lungscc909.jpeg,2,1009
lungscc91.jpeg,2,998
lungscc910.jpeg,2,1069
lungscc911.jpeg,2,1004
lungscc913.jpeg,2,1162
lungscc914.jpeg,2,1120
lungscc915.jpeg,2,1161
lungscc917.jpeg,2,1161
lungscc918.jpeg,2,1177
lungscc919.jpeg,2,1177
lungscc920.jpeg,2,1194
lungscc921.jpeg,2,1059
lungscc922.jpeg,2,1094
lungscc924.jpeg,2,1075
lungscc925.jpeg,2,1201
lungscc927.jpeg,2,1041
lungscc928.jpeg,2,1160
lungscc93.jpeg,2,1020
lungscc931.jpeg,2,1203
lungscc935.jpeg,2,1202
lungscc936.jpeg,2,1146
lungscc938.jpeg,2,1105
lungscc94.jpeg,2,1101
lungscc942.jpeg,2,1001
lungscc943.jpeg,2,1049
lungscc944.jpeg,2,1230
lungscc945.jpeg,2,1197
lungscc946.jpeg,2,1072
lungscc948.jpeg,2,1028
lungscc949.jpeg,2,1129
lungscc95.jpeg,2,1014
lungscc951.jpeg,2,1050
lungscc952.jpeg,2,998
lungscc953.jpeg,2,1176
lungscc954.jpeg,2,1003
lungscc958.jpeg,2,1073
lungscc959.jpeg,2,1224
lungscc960.jpeg,2,1091
lungscc961.jpeg,2,1112
lungscc966.jpeg,2,1196
lungscc967.jpeg,2,1196
lungscc969.jpeg,2,1147
lungscc97.jpeg,2,1018
lungscc970.jpeg,2,1147
lungscc971.jpeg,2,1131
lungscc973.jpeg,2,1009
lungscc974.jpeg,2,1229
lungscc975.jpeg,2,1229
lungscc976.jpeg,2,1151
lungscc977.jpeg,2,1078
lungscc978.jpeg,2,1078
lungscc979.jpeg,2,1005
lungscc98.jpeg,2,1018
lungscc980.jpeg,2,1108
lungscc981.jpeg,2,1161
lungscc982.jpeg,2,1183
lungscc983.jpeg,2,1201
lungscc986.jpeg,2,1015
lungscc987.jpeg,2,1074
lungscc988.jpeg,2,1156
lungscc99.jpeg,2,1164
lungscc990.jpeg,2,1052
lungscc992.jpeg,2,1245
lungscc993.jpeg,2,1029
lungscc994.jpeg,2,1226
lungscc995.jpeg,2,1226
lungscc999.jpeg,2,1149
