filename,label,group_id
lungaca1.jpeg,0,664
lungaca10.jpeg,0,668
lungaca100.jpeg,0,697
lungaca1000.jpeg,0,735
lungaca1001.jpeg,0,727
lungaca1003.jpeg,0,626
lungaca1004.jpeg,0,540
lungaca1005.jpeg,0,530
lungaca1006.jpeg,0,734
lungaca1007.jpeg,0,734
lungaca1009.jpeg,0,669
lungaca101.jpeg,0,712
lungaca1010.jpeg,0,669
lungaca1013.jpeg,0,624
lungaca1014.jpeg,0,689
lungaca1015.jpeg,0,537
lungaca1016.jpeg,0,537
lungaca1017.jpeg,0,568
lungaca1018.jpeg,0,631
lungaca1019.jpeg,0,601
lungaca102.jpeg,0,597
lungaca1020.jpeg,0,627
lungaca1021.jpeg,0,741
lungaca1022.jpeg,0,639
lungaca1023.jpeg,0,673
lungaca1024.jpeg,0,673
lungaca1025.jpeg,0,711
lungaca1026.jpeg,0,645
lungaca1027.jpeg,0,723
lungaca1028.jpeg,0,508
lungaca1029.jpeg,0,508
lungaca103.jpeg,0,608
lungaca1030.jpeg,0,591
lungaca1031.jpeg,0,671
lungaca1032.jpeg,0,664
lungaca1033.jpeg,0,597
lungaca1034.jpeg,0,701
lungaca1035.jpeg,0,644
lungaca1037.jpeg,0,536
lungaca1038.jpeg,0,510
lungaca1039.jpeg,0,658
lungaca104.jpeg,0,592
lungaca1040.jpeg,0,658
lungaca1041.jpeg,0,641
lungaca1045.jpeg,0,691
lungaca1046.jpeg,0,560
lungaca1047.jpeg,0,629
lungaca1048.jpeg,0,528
lungaca1049.jpeg,0,574
lungaca105.jpeg,0,674
lungaca1050.jpeg,0,594
lungaca1051.jpeg,0,690
lungaca1053.jpeg,0,565
lungaca1056.jpeg,0,540
lungaca1057.jpeg,0,521
lungaca1058.jpeg,0,731
lungaca1059.jpeg,0,733
lungaca106.jpeg,0,641
lungaca1060.jpeg,0,598
lungaca1061.jpeg,0,724
lungaca1062.jpeg,0,539
lungaca1066.jpeg,0,640
lungaca1067.jpeg,0,640
lungaca1068.jpeg,0,531
lungaca1069.jpeg,0,537
lungaca107.jpeg,0,745
lungaca1070.jpeg,0,706
lungaca1071.jpeg,0,601
lungaca1073.jpeg,0,583
lungaca1074.jpeg,0,702
lungaca1076.jpeg,0,645
lungaca1077.jpeg,0,636
lungaca1078.jpeg,0,723
lungaca108.jpeg,0,517
lungaca1080.jpeg,0,671
lungaca1081.jpeg,0,701
lungaca1083.jpeg,0,648
lungaca1084.jpeg,0,665
lungaca1085.jpeg,0,609
lungaca1088.jpeg,0,526
lungaca109.jpeg,0,514
lungaca1090.jpeg,0,574
lungaca1094.jpeg,0,573
lungaca1095.jpeg,0,565
lungaca1096.jpeg,0,678
lungaca1097.jpeg,0,634
lungaca1098.jpeg,0,719
lungaca1099.jpeg,0,633
lungaca1100.jpeg,0,607
lungaca1102.jpeg,0,529
lungaca1103.jpeg,0,529
lungaca1105.jpeg,0,731
lungaca1107.jpeg,0,598
lungaca1108.jpeg,0,683
lungaca1109.jpeg,0,527
lungaca111.jpeg,0,586
lungaca1113.jpeg,0,640
lungaca1116.jpeg,0,576
lungaca1117.jpeg,0,523
lungaca1118.jpeg,0,523
lungaca112.jpeg,0,629
lungaca1120.jpeg,0,625
lungaca1122.jpeg,0,603
lungaca1128.jpeg,0,697
lungaca1129.jpeg,0,664
lungaca1130.jpeg,0,664
lungaca1131.jpeg,0,612
lungaca1132.jpeg,0,534
lungaca1134.jpeg,0,614
lungaca1136.jpeg,0,668
lungaca1138.jpeg,0,514
lungaca1139.jpeg,0,691
lungaca1140.jpeg,0,629
lungaca1143.jpeg,0,594
lungaca1144.jpeg,0,690
lungaca1145.jpeg,0,726
lungaca1147.jpeg,0,663
lungaca1149.jpeg,0,573
lungaca1150.jpeg,0,573
lungaca1151.jpeg,0,655
lungaca1152.jpeg,0,634
lungaca1153.jpeg,0,512
lungaca1154.jpeg,0,512
lungaca1155.jpeg,0,633
lungaca1156.jpeg,0,727
lungaca1157.jpeg,0,709
lungaca1158.jpeg,0,732
lungaca1159.jpeg,0,530
lungaca116.jpeg,0,573
lungaca1160.jpeg,0,731
lungaca1161.jpeg,0,643
lungaca1162.jpeg,0,683
lungaca1163.jpeg,0,683
lungaca1164.jpeg,0,714
lungaca1166.jpeg,0,700
lungaca1168.jpeg,0,542
lungaca117.jpeg,0,565
lungaca1171.jpeg,0,576
lungaca1173.jpeg,0,530
lungaca1174.jpeg,0,618
lungaca1175.jpeg,0,728
lungaca1176.jpeg,0,677
lungaca1177.jpeg,0,556
lungaca1178.jpeg,0,627
lungaca1179.jpeg,0,702
lungaca118.jpeg,0,725
lungaca1180.jpeg,0,625
lungaca1182.jpeg,0,603
lungaca1183.jpeg,0,575
lungaca1185.jpeg,0,570
lungaca1186.jpeg,0,592
lungaca1188.jpeg,0,648
lungaca1189.jpeg,0,510
lungaca119.jpeg,0,708
lungaca1190.jpeg,0,561
lungaca1191.jpeg,0,641
lungaca1194.jpeg,0,686
lungaca12.jpeg,0,554
lungaca120.jpeg,0,727
lungaca1200.jpeg,0,554
lungaca1203.jpeg,0,687
lungaca1204.jpeg,0,687
lungaca1207.jpeg,0,573
lungaca1208.jpeg,0,655
lungaca1210.jpeg,0,666
lungaca1211.jpeg,0,666
lungaca1212.jpeg,0,708
lungaca1213.jpeg,0,515
lungaca1214.jpeg,0,675
lungaca1215.jpeg,0,675
lungaca1216.jpeg,0,596
lungaca1217.jpeg,0,549
lungaca1218.jpeg,0,516
lungaca1219.jpeg,0,516
lungaca1220.jpeg,0,521
lungaca1221.jpeg,0,598
lungaca1222.jpeg,0,643
lungaca1223.jpeg,0,600
lungaca1225.jpeg,0,714
lungaca1226.jpeg,0,558
lungaca1227.jpeg,0,588
lungaca1228.jpeg,0,531
lungaca1230.jpeg,0,728
lungaca1231.jpeg,0,706
lungaca1232.jpeg,0,577
lungaca1234.jpeg,0,741
lungaca1235.jpeg,0,639
lungaca1236.jpeg,0,613
lungaca1237.jpeg,0,673
lungaca1238.jpeg,0,562
lungaca1239.jpeg,0,636
lungaca124.jpeg,0,521
lungaca1240.jpeg,0,625
lungaca1241.jpeg,0,520
lungaca1243.jpeg,0,622
lungaca1244.jpeg,0,591
lungaca1247.jpeg,0,671
lungaca1248.jpeg,0,671
lungaca1249.jpeg,0,664
lungaca125.jpeg,0,733
lungaca1250.jpeg,0,570
lungaca1251.jpeg,0,701
lungaca1252.jpeg,0,510
lungaca1253.jpeg,0,658
lungaca126.jpeg,0,734
lungaca1262.jpeg,0,594
lungaca1263.jpeg,0,726
lungaca1266.jpeg,0,692
lungaca1268.jpeg,0,675
lungaca1269.jpeg,0,607
lungaca127.jpeg,0,734
lungaca1271.jpeg,0,626
lungaca1272.jpeg,0,578
lungaca1273.jpeg,0,590
lungaca1274.jpeg,0,647
lungaca1275.jpeg,0,647
lungaca1276.jpeg,0,733
lungaca1277.jpeg,0,598
lungaca1278.jpeg,0,527
lungaca1279.jpeg,0,700
lungaca128.jpeg,0,643
lungaca1284.jpeg,0,568
lungaca1285.jpeg,0,706
lungaca1286.jpeg,0,617
lungaca1289.jpeg,0,741
lungaca129.jpeg,0,739
lungaca1290.jpeg,0,741
lungaca1291.jpeg,0,702
lungaca1292.jpeg,0,613
lungaca1294.jpeg,0,625
lungaca1295.jpeg,0,723
lungaca1296.jpeg,0,723
lungaca1297.jpeg,0,511
lungaca1298.jpeg,0,509
lungaca1299.jpeg,0,730
lungaca13.jpeg,0,526
lungaca130.jpeg,0,669
lungaca1300.jpeg,0,730
lungaca1301.jpeg,0,671
lungaca1304.jpeg,0,534
lungaca1305.jpeg,0,644
lungaca1306.jpeg,0,648
lungaca1307.jpeg,0,510
lungaca1308.jpeg,0,525
lungaca1309.jpeg,0,525
lungaca131.jpeg,0,700
lungaca1311.jpeg,0,517
lungaca1314.jpeg,0,629
lungaca1318.jpeg,0,687
lungaca1319.jpeg,0,695
lungaca132.jpeg,0,558
lungaca1320.jpeg,0,666
lungaca1321.jpeg,0,606
lungaca1322.jpeg,0,596
lungaca1324.jpeg,0,607
lungaca1325.jpeg,0,647
lungaca1326.jpeg,0,516
lungaca1327.jpeg,0,516
lungaca1328.jpeg,0,733
lungaca1329.jpeg,0,598
lungaca133.jpeg,0,558
lungaca1331.jpeg,0,549
lungaca1332.jpeg,0,600
lungaca1333.jpeg,0,700
lungaca1334.jpeg,0,680
lungaca1335.jpeg,0,588
lungaca1336.jpeg,0,531
lungaca1339.jpeg,0,689
lungaca134.jpeg,0,588
lungaca1340.jpeg,0,689
lungaca1342.jpeg,0,530
lungaca1343.jpeg,0,568
lungaca1344.jpeg,0,677
lungaca1347.jpeg,0,662
lungaca1348.jpeg,0,519
lungaca1354.jpeg,0,511
lungaca1357.jpeg,0,622
lungaca1360.jpeg,0,682
lungaca1362.jpeg,0,681
lungaca1363.jpeg,0,644
lungaca1364.jpeg,0,614
lungaca1365.jpeg,0,614
lungaca1367.jpeg,0,517
lungaca1371.jpeg,0,586
lungaca1372.jpeg,0,629
lungaca1373.jpeg,0,528
lungaca1375.jpeg,0,690
lungaca1377.jpeg,0,547
lungaca1378.jpeg,0,687
lungaca1379.jpeg,0,721
lungaca138.jpeg,0,523
lungaca1380.jpeg,0,573
lungaca1381.jpeg,0,719
lungaca1383.jpeg,0,606
lungaca1386.jpeg,0,521
lungaca1387.jpeg,0,731
lungaca1389.jpeg,0,734
lungaca139.jpeg,0,617
lungaca1390.jpeg,0,598
lungaca1391.jpeg,0,643
lungaca1392.jpeg,0,650
lungaca1393.jpeg,0,600
lungaca1394.jpeg,0,739
lungaca1395.jpeg,0,714
lungaca1396.jpeg,0,669
lungaca1399.jpeg,0,680
lungaca14.jpeg,0,560
lungaca140.jpeg,0,617
lungaca1401.jpeg,0,689
lungaca1402.jpeg,0,567
lungaca1403.jpeg,0,537
lungaca1404.jpeg,0,539
lungaca1405.jpeg,0,530
lungaca1406.jpeg,0,530
lungaca1407.jpeg,0,617
lungaca1408.jpeg,0,696
lungaca1409.jpeg,0,676
lungaca1410.jpeg,0,741
lungaca1411.jpeg,0,519
lungaca1414.jpeg,0,723
lungaca1415.jpeg,0,593
lungaca1417.jpeg,0,622
lungaca1418.jpeg,0,722
lungaca1419.jpeg,0,575
lungaca142.jpeg,0,617
lungaca1421.jpeg,0,671
lungaca1422.jpeg,0,597
lungaca1423.jpeg,0,570
lungaca1424.jpeg,0,701
lungaca1425.jpeg,0,644
lungaca1426.jpeg,0,608
lungaca1427.jpeg,0,522
lungaca1428.jpeg,0,609
lungaca1429.jpeg,0,609
lungaca143.jpeg,0,677
lungaca1431.jpeg,0,544
lungaca1432.jpeg,0,517
lungaca1434.jpeg,0,691
lungaca1435.jpeg,0,526
lungaca1436.jpeg,0,560
lungaca1437.jpeg,0,710
lungaca1438.jpeg,0,528
lungaca1439.jpeg,0,528
lungaca144.jpeg,0,677
lungaca1441.jpeg,0,656
lungaca1442.jpeg,0,547
lungaca1443.jpeg,0,573
lungaca1444.jpeg,0,666
lungaca1445.jpeg,0,512
lungaca1446.jpeg,0,675
lungaca1448.jpeg,0,626
lungaca145.jpeg,0,556
lungaca1450.jpeg,0,647
lungaca1451.jpeg,0,540
lungaca1453.jpeg,0,733
lungaca1454.jpeg,0,683
lungaca1456.jpeg,0,581
lungaca1457.jpeg,0,542
lungaca1458.jpeg,0,624
lungaca146.jpeg,0,637
lungaca1465.jpeg,0,728
lungaca1467.jpeg,0,599
lungaca1468.jpeg,0,627
lungaca1469.jpeg,0,741
lungaca147.jpeg,0,723
lungaca1473.jpeg,0,602
lungaca1474.jpeg,0,602
lungaca1475.jpeg,0,729
lungaca1476.jpeg,0,622
lungaca1477.jpeg,0,591
lungaca1479.jpeg,0,575
lungaca148.jpeg,0,661
lungaca1484.jpeg,0,592
lungaca1486.jpeg,0,536
lungaca1487.jpeg,0,614
lungaca1489.jpeg,0,668
lungaca149.jpeg,0,511
lungaca1492.jpeg,0,560
lungaca1493.jpeg,0,586
lungaca1496.jpeg,0,726
lungaca1499.jpeg,0,512
lungaca150.jpeg,0,520
lungaca1500.jpeg,0,719
lungaca1501.jpeg,0,606
lungaca1502.jpeg,0,633
lungaca1503.jpeg,0,596
lungaca1504.jpeg,0,732
lungaca1505.jpeg,0,590
lungaca1507.jpeg,0,549
lungaca151.jpeg,0,520
lungaca1510.jpeg,0,521
lungaca1511.jpeg,0,549
lungaca1512.jpeg,0,527
lungaca1513.jpeg,0,527
lungaca1514.jpeg,0,724
lungaca1515.jpeg,0,543
lungaca1516.jpeg,0,539
lungaca1518.jpeg,0,640
lungaca1519.jpeg,0,567
lungaca1522.jpeg,0,530
lungaca1523.jpeg,0,568
lungaca1524.jpeg,0,599
lungaca1525.jpeg,0,556
lungaca1529.jpeg,0,637
lungaca1532.jpeg,0,661
lungaca1533.jpeg,0,520
lungaca1534.jpeg,0,509
lungaca1535.jpeg,0,603
lungaca1536.jpeg,0,722
lungaca1537.jpeg,0,591
lungaca1538.jpeg,0,575
lungaca154.jpeg,0,622
lungaca1540.jpeg,0,730
lungaca1541.jpeg,0,730
lungaca1542.jpeg,0,730
lungaca1543.jpeg,0,671
lungaca1544.jpeg,0,697
lungaca1545.jpeg,0,665
lungaca1546.jpeg,0,525
lungaca1547.jpeg,0,525
lungaca1548.jpeg,0,561
lungaca1550.jpeg,0,747
lungaca1551.jpeg,0,747
lungaca1555.jpeg,0,554
lungaca1558.jpeg,0,691
lungaca1559.jpeg,0,629
lungaca156.jpeg,0,587
lungaca1560.jpeg,0,629
lungaca1561.jpeg,0,528
lungaca1564.jpeg,0,663
lungaca1570.jpeg,0,515
lungaca1571.jpeg,0,606
lungaca1572.jpeg,0,633
lungaca1574.jpeg,0,590
lungaca1575.jpeg,0,590
lungaca1576.jpeg,0,540
lungaca1577.jpeg,0,743
lungaca1578.jpeg,0,516
lungaca1579.jpeg,0,734
lungaca158.jpeg,0,704
lungaca1582.jpeg,0,650
lungaca1585.jpeg,0,581
lungaca1586.jpeg,0,640
lungaca1588.jpeg,0,588
lungaca159.jpeg,0,664
lungaca1590.jpeg,0,617
lungaca1592.jpeg,0,627
lungaca1593.jpeg,0,702
lungaca1594.jpeg,0,711
lungaca1595.jpeg,0,625
lungaca1597.jpeg,0,661
lungaca160.jpeg,0,612
lungaca1600.jpeg,0,722
lungaca1601.jpeg,0,587
lungaca1602.jpeg,0,587
lungaca1603.jpeg,0,587
lungaca1605.jpeg,0,697
lungaca1607.jpeg,0,592
lungaca1608.jpeg,0,648
lungaca1609.jpeg,0,665
lungaca161.jpeg,0,712
lungaca1611.jpeg,0,560
lungaca1612.jpeg,0,629
lungaca1614.jpeg,0,574
lungaca1615.jpeg,0,585
lungaca1619.jpeg,0,655
lungaca162.jpeg,0,701
lungaca1621.jpeg,0,708
lungaca1622.jpeg,0,692
lungaca1623.jpeg,0,512
lungaca1624.jpeg,0,512
lungaca1625.jpeg,0,512
lungaca1626.jpeg,0,675
lungaca1627.jpeg,0,606
lungaca1628.jpeg,0,633
lungaca1629.jpeg,0,607
lungaca163.jpeg,0,681
lungaca1632.jpeg,0,529
lungaca1633.jpeg,0,516
lungaca1636.jpeg,0,598
lungaca1637.jpeg,0,539
lungaca1638.jpeg,0,680
lungaca1639.jpeg,0,558
lungaca1641.jpeg,0,542
lungaca1642.jpeg,0,542
lungaca1643.jpeg,0,689
lungaca1644.jpeg,0,689
lungaca1645.jpeg,0,537
lungaca1646.jpeg,0,556
lungaca1647.jpeg,0,627
lungaca1648.jpeg,0,627
lungaca1649.jpeg,0,627
lungaca165.jpeg,0,648
lungaca1650.jpeg,0,583
lungaca1652.jpeg,0,673
lungaca1654.jpeg,0,562
lungaca1655.jpeg,0,636
lungaca1657.jpeg,0,593
lungaca1658.jpeg,0,593
lungaca1659.jpeg,0,722
lungaca166.jpeg,0,648
lungaca1661.jpeg,0,722
lungaca1662.jpeg,0,682
lungaca1663.jpeg,0,712
lungaca1665.jpeg,0,597
lungaca1666.jpeg,0,597
lungaca1669.jpeg,0,570
lungaca167.jpeg,0,614
lungaca1670.jpeg,0,570
lungaca1671.jpeg,0,608
lungaca1672.jpeg,0,648
lungaca1673.jpeg,0,525
lungaca1674.jpeg,0,674
lungaca1675.jpeg,0,544
lungaca1677.jpeg,0,517
lungaca1678.jpeg,0,526
lungaca168.jpeg,0,674
lungaca1680.jpeg,0,586
lungaca1681.jpeg,0,629
lungaca1682.jpeg,0,629
lungaca1689.jpeg,0,687
lungaca169.jpeg,0,609
lungaca1692.jpeg,0,573
lungaca1693.jpeg,0,735
lungaca1694.jpeg,0,675
lungaca1695.jpeg,0,596
lungaca1696.jpeg,0,732
lungaca1697.jpeg,0,732
lungaca17.jpeg,0,585
lungaca1702.jpeg,0,734
lungaca1703.jpeg,0,683
lungaca1704.jpeg,0,714
lungaca1705.jpeg,0,714
lungaca1706.jpeg,0,669
lungaca1707.jpeg,0,571
lungaca1709.jpeg,0,618
lungaca1710.jpeg,0,677
lungaca1711.jpeg,0,696
lungaca1712.jpeg,0,662
lungaca1713.jpeg,0,741
lungaca1715.jpeg,0,711
lungaca1716.jpeg,0,562
lungaca1717.jpeg,0,562
lungaca1718.jpeg,0,593
lungaca1719.jpeg,0,729
lungaca1721.jpeg,0,681
lungaca1722.jpeg,0,614
lungaca1723.jpeg,0,525
lungaca1724.jpeg,0,674
lungaca1726.jpeg,0,609
lungaca173.jpeg,0,747
lungaca1730.jpeg,0,514
lungaca1731.jpeg,0,528
lungaca1732.jpeg,0,574
lungaca1737.jpeg,0,687
lungaca174.jpeg,0,745
lungaca1744.jpeg,0,647
lungaca1745.jpeg,0,647
lungaca1746.jpeg,0,720
lungaca1747.jpeg,0,743
lungaca1750.jpeg,0,707
lungaca1751.jpeg,0,539
lungaca1753.jpeg,0,581
lungaca1754.jpeg,0,581
lungaca1755.jpeg,0,680
lungaca1756.jpeg,0,624
lungaca1757.jpeg,0,588
lungaca1759.jpeg,0,537
lungaca176.jpeg,0,560
lungaca1760.jpeg,0,539
lungaca1764.jpeg,0,577
lungaca1765.jpeg,0,617
lungaca1766.jpeg,0,662
lungaca1767.jpeg,0,519
lungaca1769.jpeg,0,645
lungaca177.jpeg,0,594
lungaca1770.jpeg,0,637
lungaca1771.jpeg,0,602
lungaca1775.jpeg,0,615
lungaca1776.jpeg,0,591
lungaca1777.jpeg,0,715
lungaca1779.jpeg,0,704
lungaca178.jpeg,0,726
lungaca1780.jpeg,0,664
lungaca1781.jpeg,0,682
lungaca1782.jpeg,0,534
lungaca1783.jpeg,0,592
lungaca1784.jpeg,0,592
lungaca1787.jpeg,0,745
lungaca1788.jpeg,0,544
lungaca1789.jpeg,0,691
lungaca179.jpeg,0,663
lungaca1790.jpeg,0,560
lungaca1791.jpeg,0,710
lungaca1793.jpeg,0,594
lungaca1797.jpeg,0,695
lungaca1798.jpeg,0,695
lungaca1799.jpeg,0,708
lungaca18.jpeg,0,678
lungaca1800.jpeg,0,675
lungaca1801.jpeg,0,596
lungaca1803.jpeg,0,578
lungaca1805.jpeg,0,527
lungaca1807.jpeg,0,539
lungaca1808.jpeg,0,700
lungaca1811.jpeg,0,539
lungaca1812.jpeg,0,576
lungaca1813.jpeg,0,530
lungaca1814.jpeg,0,599
lungaca1815.jpeg,0,577
lungaca1816.jpeg,0,631
lungaca1817.jpeg,0,617
lungaca1818.jpeg,0,538
lungaca1819.jpeg,0,538
lungaca182.jpeg,0,695
lungaca1820.jpeg,0,538
lungaca1821.jpeg,0,627
lungaca1822.jpeg,0,562
lungaca1823.jpeg,0,562
lungaca1824.jpeg,0,723
lungaca1825.jpeg,0,602
lungaca1826.jpeg,0,602
lungaca1827.jpeg,0,602
lungaca1828.jpeg,0,564
lungaca1831.jpeg,0,508
lungaca1832.jpeg,0,509
lungaca1834.jpeg,0,722
lungaca1835.jpeg,0,722
lungaca1837.jpeg,0,575
lungaca184.jpeg,0,735
lungaca1841.jpeg,0,644
lungaca1842.jpeg,0,536
lungaca1843.jpeg,0,641
lungaca1844.jpeg,0,747
lungaca1845.jpeg,0,686
lungaca1846.jpeg,0,629
lungaca1847.jpeg,0,528
lungaca1848.jpeg,0,574
lungaca1849.jpeg,0,585
lungaca1850.jpeg,0,532
lungaca1851.jpeg,0,687
lungaca1853.jpeg,0,515
lungaca1854.jpeg,0,584
lungaca1855.jpeg,0,633
lungaca1856.jpeg,0,727
lungaca1857.jpeg,0,578
lungaca1858.jpeg,0,549
lungaca186.jpeg,0,626
lungaca1861.jpeg,0,529
lungaca1862.jpeg,0,647
lungaca1863.jpeg,0,540
lungaca1864.jpeg,0,734
lungaca1865.jpeg,0,600
lungaca1866.jpeg,0,707
lungaca1869.jpeg,0,581
lungaca1871.jpeg,0,542
lungaca1872.jpeg,0,624
lungaca1875.jpeg,0,537
lungaca1876.jpeg,0,537
lungaca1877.jpeg,0,539
lungaca1878.jpeg,0,539
lungaca1879.jpeg,0,539
lungaca188.jpeg,0,590
lungaca1880.jpeg,0,618
lungaca1881.jpeg,0,618
lungaca1882.jpeg,0,577
lungaca1883.jpeg,0,601
lungaca1884.jpeg,0,627
lungaca1885.jpeg,0,583
lungaca189.jpeg,0,529
lungaca1890.jpeg,0,602
lungaca1891.jpeg,0,520
lungaca1892.jpeg,0,593
lungaca1895.jpeg,0,575
lungaca1896.jpeg,0,534
lungaca1897.jpeg,0,534
lungaca1898.jpeg,0,597
lungaca1899.jpeg,0,681
lungaca19.jpeg,0,634
lungaca190.jpeg,0,647
lungaca1900.jpeg,0,608
lungaca1903.jpeg,0,510
lungaca1905.jpeg,0,641
lungaca1906.jpeg,0,641
lungaca1908.jpeg,0,745
lungaca1909.jpeg,0,686
lungaca1910.jpeg,0,517
lungaca1911.jpeg,0,554
lungaca1912.jpeg,0,574
lungaca1913.jpeg,0,726
lungaca1914.jpeg,0,585
lungaca1915.jpeg,0,585
lungaca1916.jpeg,0,585
lungaca1917.jpeg,0,663
lungaca192.jpeg,0,516
lungaca1920.jpeg,0,573
lungaca1921.jpeg,0,678
lungaca1922.jpeg,0,708
lungaca1923.jpeg,0,512
lungaca1924.jpeg,0,578
lungaca1927.jpeg,0,521
lungaca1928.jpeg,0,733
lungaca1930.jpeg,0,598
lungaca1931.jpeg,0,598
lungaca1932.jpeg,0,683
lungaca1933.jpeg,0,739
lungaca1934.jpeg,0,707
lungaca1937.jpeg,0,581
lungaca1938.jpeg,0,542
lungaca194.jpeg,0,598
lungaca1940.jpeg,0,531
lungaca1944.jpeg,0,539
lungaca1945.jpeg,0,530
lungaca1946.jpeg,0,523
lungaca1947.jpeg,0,599
lungaca1948.jpeg,0,601
lungaca1949.jpeg,0,662
lungaca195.jpeg,0,683
lungaca1950.jpeg,0,662
lungaca1951.jpeg,0,639
lungaca1954.jpeg,0,562
lungaca1957.jpeg,0,520
lungaca1959.jpeg,0,622
lungaca196.jpeg,0,724
lungaca1960.jpeg,0,722
lungaca1961.jpeg,0,587
lungaca1963.jpeg,0,682
lungaca1964.jpeg,0,534
lungaca1965.jpeg,0,701
lungaca1966.jpeg,0,644
lungaca1967.jpeg,0,644
lungaca197.jpeg,0,707
lungaca1971.jpeg,0,517
lungaca1973.jpeg,0,554
lungaca1974.jpeg,0,586
lungaca1976.jpeg,0,663
lungaca1977.jpeg,0,687
lungaca1978.jpeg,0,687
lungaca1981.jpeg,0,565
lungaca1982.jpeg,0,565
lungaca1983.jpeg,0,565
lungaca1984.jpeg,0,565
lungaca1986.jpeg,0,727
lungaca1988.jpeg,0,535
lungaca1990.jpeg,0,734
lungaca1992.jpeg,0,549
lungaca1993.jpeg,0,549
lungaca1994.jpeg,0,600
lungaca1995.jpeg,0,724
lungaca1997.jpeg,0,714
lungaca1998.jpeg,0,543
lungaca1999.jpeg,0,680
lungaca2.jpeg,0,664
lungaca20.jpeg,0,515
lungaca2000.jpeg,0,640
lungaca2001.jpeg,0,558
lungaca2004.jpeg,0,618
lungaca2005.jpeg,0,568
lungaca2006.jpeg,0,523
lungaca2007.jpeg,0,706
lungaca2008.jpeg,0,599
lungaca2009.jpeg,0,617
lungaca201.jpeg,0,542
lungaca2010.jpeg,0,617
lungaca2013.jpeg,0,639
lungaca2014.jpeg,0,639
lungaca2017.jpeg,0,637
lungaca2018.jpeg,0,508
lungaca2019.jpeg,0,509
lungaca2020.jpeg,0,603
lungaca2022.jpeg,0,712
lungaca2023.jpeg,0,681
lungaca2025.jpeg,0,536
lungaca2026.jpeg,0,744
lungaca2027.jpeg,0,614
lungaca2028.jpeg,0,522
lungaca2029.jpeg,0,561
lungaca203.jpeg,0,576
lungaca2030.jpeg,0,561
lungaca2031.jpeg,0,544
lungaca2032.jpeg,0,544
lungaca2033.jpeg,0,526
lungaca2034.jpeg,0,629
lungaca2037.jpeg,0,656
lungaca2039.jpeg,0,573
lungaca2040.jpeg,0,678
lungaca2041.jpeg,0,692
lungaca2042.jpeg,0,692
lungaca2043.jpeg,0,515
lungaca2046.jpeg,0,590
lungaca2049.jpeg,0,535
lungaca205.jpeg,0,577
lungaca2050.jpeg,0,647
lungaca2051.jpeg,0,647
lungaca2053.jpeg,0,530
lungaca2054.jpeg,0,530
lungaca2055.jpeg,0,598
lungaca2056.jpeg,0,714
lungaca2058.jpeg,0,539
lungaca206.jpeg,0,556
lungaca2060.jpeg,0,700
lungaca2061.jpeg,0,700
lungaca2062.jpeg,0,571
lungaca2063.jpeg,0,680
lungaca2064.jpeg,0,680
lungaca2065.jpeg,0,680
lungaca2066.jpeg,0,542
lungaca2067.jpeg,0,624
lungaca2068.jpeg,0,588
lungaca207.jpeg,0,676
lungaca2072.jpeg,0,537
lungaca2073.jpeg,0,576
lungaca2074.jpeg,0,599
lungaca2075.jpeg,0,631
lungaca2077.jpeg,0,741
lungaca2078.jpeg,0,639
lungaca2079.jpeg,0,625
lungaca2080.jpeg,0,637
lungaca2083.jpeg,0,661
lungaca2084.jpeg,0,511
lungaca2087.jpeg,0,664
lungaca2088.jpeg,0,597
lungaca2089.jpeg,0,665
lungaca209.jpeg,0,583
lungaca2090.jpeg,0,525
lungaca2091.jpeg,0,609
lungaca2092.jpeg,0,544
lungaca2093.jpeg,0,544
lungaca2094.jpeg,0,686
lungaca2097.jpeg,0,514
lungaca2098.jpeg,0,586
lungaca21.jpeg,0,735
lungaca210.jpeg,0,639
lungaca2106.jpeg,0,735
lungaca2107.jpeg,0,606
lungaca2108.jpeg,0,633
lungaca2109.jpeg,0,727
lungaca211.jpeg,0,673
lungaca2110.jpeg,0,607
lungaca2112.jpeg,0,549
lungaca2113.jpeg,0,535
lungaca2114.jpeg,0,529
lungaca2115.jpeg,0,720
lungaca2116.jpeg,0,521
lungaca2117.jpeg,0,731
lungaca2118.jpeg,0,683
lungaca2119.jpeg,0,600
lungaca212.jpeg,0,562
lungaca2120.jpeg,0,739
lungaca2121.jpeg,0,739
lungaca2122.jpeg,0,707
lungaca2123.jpeg,0,707
lungaca2124.jpeg,0,624
lungaca2128.jpeg,0,631
lungaca2129.jpeg,0,601
lungaca2132.jpeg,0,538
lungaca2133.jpeg,0,583
lungaca2134.jpeg,0,519
lungaca2135.jpeg,0,723
lungaca2136.jpeg,0,593
lungaca2137.jpeg,0,603
lungaca2138.jpeg,0,603
lungaca2140.jpeg,0,622
lungaca2141.jpeg,0,575
lungaca2142.jpeg,0,682
lungaca2143.jpeg,0,682
lungaca2144.jpeg,0,597
lungaca2145.jpeg,0,597
lungaca2147.jpeg,0,608
lungaca2148.jpeg,0,525
lungaca2149.jpeg,0,522
lungaca215.jpeg,0,587
lungaca2150.jpeg,0,674
lungaca2151.jpeg,0,641
lungaca2155.jpeg,0,547
lungaca2156.jpeg,0,663
lungaca2157.jpeg,0,687
lungaca216.jpeg,0,704
lungaca2160.jpeg,0,695
lungaca2161.jpeg,0,565
lungaca2162.jpeg,0,565
lungaca2163.jpeg,0,596
lungaca2164.jpeg,0,578
lungaca2165.jpeg,0,590
lungaca2166.jpeg,0,549
lungaca2167.jpeg,0,535
lungaca2168.jpeg,0,720
lungaca2169.jpeg,0,598
lungaca2170.jpeg,0,643
lungaca2171.jpeg,0,650
lungaca2172.jpeg,0,600
lungaca2173.jpeg,0,527
lungaca2174.jpeg,0,527
lungaca2175.jpeg,0,707
lungaca2179.jpeg,0,680
lungaca218.jpeg,0,592
lungaca2180.jpeg,0,542
lungaca2182.jpeg,0,618
lungaca2183.jpeg,0,617
lungaca2185.jpeg,0,538
lungaca2186.jpeg,0,639
lungaca2187.jpeg,0,673
lungaca2188.jpeg,0,636
lungaca2189.jpeg,0,602
lungaca2190.jpeg,0,661
lungaca2192.jpeg,0,593
lungaca2193.jpeg,0,593
lungaca2195.jpeg,0,722
lungaca2196.jpeg,0,591
lungaca2197.jpeg,0,587
lungaca2198.jpeg,0,715
lungaca22.jpeg,0,596
lungaca2200.jpeg,0,682
lungaca2201.jpeg,0,612
lungaca2202.jpeg,0,612
lungaca2203.jpeg,0,534
lungaca2204.jpeg,0,510
lungaca2205.jpeg,0,747
lungaca2206.jpeg,0,745
lungaca2209.jpeg,0,554
lungaca221.jpeg,0,745
lungaca2212.jpeg,0,594
lungaca2213.jpeg,0,585
lungaca2214.jpeg,0,532
lungaca2216.jpeg,0,666
lungaca2217.jpeg,0,708
lungaca2218.jpeg,0,708
lungaca2219.jpeg,0,634
lungaca222.jpeg,0,554
lungaca2220.jpeg,0,692
lungaca2221.jpeg,0,515
lungaca2222.jpeg,0,578
lungaca2224.jpeg,0,647
lungaca2226.jpeg,0,743
lungaca2230.jpeg,0,643
lungaca2231.jpeg,0,650
lungaca2232.jpeg,0,600
lungaca2238.jpeg,0,571
lungaca224.jpeg,0,514
lungaca2240.jpeg,0,689
lungaca2241.jpeg,0,530
lungaca2242.jpeg,0,728
lungaca2243.jpeg,0,577
lungaca2244.jpeg,0,556
lungaca2246.jpeg,0,741
lungaca2248.jpeg,0,636
lungaca225.jpeg,0,554
lungaca2250.jpeg,0,602
lungaca2251.jpeg,0,661
lungaca2252.jpeg,0,509
lungaca2253.jpeg,0,603
lungaca2255.jpeg,0,615
lungaca2256.jpeg,0,622
lungaca2258.jpeg,0,704
lungaca2259.jpeg,0,534
lungaca226.jpeg,0,586
lungaca2260.jpeg,0,681
lungaca2261.jpeg,0,592
lungaca2263.jpeg,0,510
lungaca2264.jpeg,0,525
lungaca2265.jpeg,0,522
lungaca2266.jpeg,0,561
lungaca2269.jpeg,0,560
lungaca227.jpeg,0,629
lungaca2270.jpeg,0,560
lungaca2272.jpeg,0,574
lungaca2273.jpeg,0,547
lungaca2275.jpeg,0,721
lungaca2277.jpeg,0,565
lungaca2279.jpeg,0,666
lungaca2280.jpeg,0,708
lungaca2281.jpeg,0,634
lungaca2282.jpeg,0,692
lungaca2283.jpeg,0,512
lungaca2284.jpeg,0,719
lungaca2286.jpeg,0,590
lungaca2287.jpeg,0,590
lungaca2288.jpeg,0,529
lungaca2289.jpeg,0,530
lungaca2292.jpeg,0,643
lungaca2293.jpeg,0,650
lungaca2294.jpeg,0,527
lungaca2297.jpeg,0,680
lungaca2298.jpeg,0,624
lungaca2299.jpeg,0,531
lungaca230.jpeg,0,532
lungaca2301.jpeg,0,537
lungaca2302.jpeg,0,568
lungaca2303.jpeg,0,631
lungaca2304.jpeg,0,631
lungaca2305.jpeg,0,556
lungaca2308.jpeg,0,645
lungaca2309.jpeg,0,723
lungaca2310.jpeg,0,723
lungaca2312.jpeg,0,602
lungaca2314.jpeg,0,509
lungaca2315.jpeg,0,593
lungaca2318.jpeg,0,704
lungaca2319.jpeg,0,671
lungaca2321.jpeg,0,592
lungaca2322.jpeg,0,648
lungaca2323.jpeg,0,674
lungaca2324.jpeg,0,641
lungaca2327.jpeg,0,668
lungaca2329.jpeg,0,686
lungaca2330.jpeg,0,554
lungaca2331.jpeg,0,691
lungaca2332.jpeg,0,710
lungaca2334.jpeg,0,594
lungaca2336.jpeg,0,547
lungaca2338.jpeg,0,565
lungaca2339.jpeg,0,678
lungaca234.jpeg,0,655
lungaca2340.jpeg,0,634
lungaca2341.jpeg,0,719
lungaca2343.jpeg,0,578
lungaca2346.jpeg,0,516
lungaca2347.jpeg,0,731
lungaca2348.jpeg,0,731
lungaca235.jpeg,0,634
lungaca2350.jpeg,0,527
lungaca2351.jpeg,0,527
lungaca2352.jpeg,0,714
lungaca2353.jpeg,0,669
lungaca2354.jpeg,0,571
lungaca2355.jpeg,0,571
lungaca2356.jpeg,0,588
lungaca2357.jpeg,0,531
lungaca2359.jpeg,0,689
lungaca236.jpeg,0,584
lungaca2360.jpeg,0,537
lungaca2363.jpeg,0,530
lungaca2364.jpeg,0,618
lungaca2365.jpeg,0,618
lungaca2366.jpeg,0,568
lungaca2367.jpeg,0,568
lungaca2368.jpeg,0,728
lungaca2369.jpeg,0,631
lungaca237.jpeg,0,675
lungaca2370.jpeg,0,556
lungaca2371.jpeg,0,676
lungaca2372.jpeg,0,538
lungaca2374.jpeg,0,639
lungaca2375.jpeg,0,711
lungaca2376.jpeg,0,562
lungaca2377.jpeg,0,511
lungaca2378.jpeg,0,520
lungaca238.jpeg,0,732
lungaca2380.jpeg,0,722
lungaca2381.jpeg,0,591
lungaca2382.jpeg,0,704
lungaca2384.jpeg,0,644
lungaca2387.jpeg,0,536
lungaca2388.jpeg,0,744
lungaca2389.jpeg,0,744
lungaca239.jpeg,0,578
lungaca2390.jpeg,0,665
lungaca2392.jpeg,0,674
lungaca2393.jpeg,0,561
lungaca2394.jpeg,0,609
lungaca2396.jpeg,0,691
lungaca2397.jpeg,0,629
lungaca2398.jpeg,0,629
lungaca2399.jpeg,0,710
lungaca24.jpeg,0,598
lungaca240.jpeg,0,535
lungaca2401.jpeg,0,532
lungaca2402.jpeg,0,721
lungaca2404.jpeg,0,725
lungaca2406.jpeg,0,666
lungaca2407.jpeg,0,678
lungaca2408.jpeg,0,719
lungaca2409.jpeg,0,607
lungaca241.jpeg,0,529
lungaca2410.jpeg,0,607
lungaca2411.jpeg,0,626
lungaca2414.jpeg,0,529
lungaca2415.jpeg,0,529
lungaca2417.jpeg,0,521
lungaca2418.jpeg,0,643
lungaca2419.jpeg,0,650
lungaca242.jpeg,0,720
lungaca2420.jpeg,0,527
lungaca2421.jpeg,0,739
lungaca2422.jpeg,0,543
lungaca2423.jpeg,0,539
lungaca2424.jpeg,0,700
lungaca2425.jpeg,0,680
lungaca2426.jpeg,0,558
lungaca2429.jpeg,0,689
lungaca2430.jpeg,0,576
lungaca2431.jpeg,0,568
lungaca2432.jpeg,0,706
lungaca2433.jpeg,0,706
lungaca2434.jpeg,0,696
lungaca2435.jpeg,0,662
lungaca2436.jpeg,0,538
lungaca2437.jpeg,0,673
lungaca2438.jpeg,0,625
lungaca244.jpeg,0,540
lungaca2440.jpeg,0,564
lungaca2441.jpeg,0,509
lungaca2446.jpeg,0,644
lungaca2448.jpeg,0,648
lungaca2449.jpeg,0,536
lungaca2450.jpeg,0,522
lungaca2452.jpeg,0,686
lungaca2453.jpeg,0,517
lungaca2454.jpeg,0,517
lungaca2455.jpeg,0,554
lungaca2456.jpeg,0,691
lungaca2457.jpeg,0,528
lungaca2458.jpeg,0,574
lungaca246.jpeg,0,549
lungaca2460.jpeg,0,594
lungaca2461.jpeg,0,585
lungaca2462.jpeg,0,532
lungaca2463.jpeg,0,687
lungaca2465.jpeg,0,573
lungaca2466.jpeg,0,565
lungaca2467.jpeg,0,678
lungaca2468.jpeg,0,692
lungaca2469.jpeg,0,512
lungaca247.jpeg,0,600
lungaca2472.jpeg,0,529
lungaca2473.jpeg,0,743
lungaca2474.jpeg,0,516
lungaca2475.jpeg,0,731
lungaca2477.jpeg,0,598
lungaca2478.jpeg,0,724
lungaca248.jpeg,0,527
lungaca2481.jpeg,0,539
lungaca2488.jpeg,0,530
lungaca2489.jpeg,0,577
lungaca249.jpeg,0,714
lungaca2490.jpeg,0,627
lungaca2491.jpeg,0,583
lungaca2492.jpeg,0,702
lungaca2493.jpeg,0,673
lungaca2494.jpeg,0,625
lungaca2496.jpeg,0,593
lungaca2497.jpeg,0,603
lungaca2498.jpeg,0,715
lungaca25.jpeg,0,707
lungaca250.jpeg,0,539
lungaca2501.jpeg,0,697
lungaca2502.jpeg,0,682
lungaca2504.jpeg,0,744
lungaca2505.jpeg,0,525
lungaca2506.jpeg,0,674
lungaca2507.jpeg,0,658
lungaca2508.jpeg,0,641
lungaca2509.jpeg,0,668
lungaca2511.jpeg,0,686
lungaca2514.jpeg,0,547
lungaca2517.jpeg,0,573
lungaca2518.jpeg,0,565
lungaca2519.jpeg,0,708
lungaca252.jpeg,0,576
lungaca2520.jpeg,0,692
lungaca2521.jpeg,0,512
lungaca2522.jpeg,0,719
lungaca2523.jpeg,0,607
lungaca2525.jpeg,0,709
lungaca2526.jpeg,0,732
lungaca2529.jpeg,0,535
lungaca253.jpeg,0,618
lungaca2533.jpeg,0,643
lungaca2534.jpeg,0,549
lungaca2536.jpeg,0,669
lungaca2537.jpeg,0,669
lungaca254.jpeg,0,538
lungaca2540.jpeg,0,571
lungaca2541.jpeg,0,640
lungaca2542.jpeg,0,531
lungaca2544.jpeg,0,689
lungaca2545.jpeg,0,530
lungaca2546.jpeg,0,617
lungaca2547.jpeg,0,617
lungaca2548.jpeg,0,741
lungaca255.jpeg,0,538
lungaca2550.jpeg,0,673
lungaca2551.jpeg,0,711
lungaca2555.jpeg,0,564
lungaca2556.jpeg,0,508
lungaca2557.jpeg,0,508
lungaca2558.jpeg,0,511
lungaca256.jpeg,0,627
lungaca2560.jpeg,0,622
lungaca2561.jpeg,0,591
lungaca2562.jpeg,0,591
lungaca2563.jpeg,0,697
lungaca2565.jpeg,0,534
lungaca2566.jpeg,0,534
lungaca2567.jpeg,0,592
lungaca2569.jpeg,0,536
lungaca257.jpeg,0,741
lungaca2570.jpeg,0,665
lungaca2571.jpeg,0,674
lungaca2572.jpeg,0,609
lungaca2574.jpeg,0,686
lungaca2575.jpeg,0,517
lungaca2576.jpeg,0,586
lungaca2577.jpeg,0,574
lungaca2580.jpeg,0,532
lungaca2584.jpeg,0,708
lungaca2585.jpeg,0,708
lungaca2586.jpeg,0,727
lungaca2588.jpeg,0,626
lungaca2589.jpeg,0,590
lungaca259.jpeg,0,613
lungaca2590.jpeg,0,529
lungaca2591.jpeg,0,516
lungaca2592.jpeg,0,731
lungaca2595.jpeg,0,643
lungaca2596.jpeg,0,643
lungaca2597.jpeg,0,549
lungaca2598.jpeg,0,683
lungaca2599.jpeg,0,683
lungaca26.jpeg,0,669
lungaca260.jpeg,0,613
lungaca2600.jpeg,0,600
lungaca2601.jpeg,0,739
lungaca2602.jpeg,0,581
lungaca2604.jpeg,0,531
lungaca2605.jpeg,0,618
lungaca2607.jpeg,0,523
lungaca2608.jpeg,0,601
lungaca2609.jpeg,0,617
lungaca2610.jpeg,0,627
lungaca2612.jpeg,0,613
lungaca2614.jpeg,0,636
lungaca2621.jpeg,0,704
lungaca2622.jpeg,0,671
lungaca2623.jpeg,0,697
lungaca2625.jpeg,0,534
lungaca2626.jpeg,0,597
lungaca2628.jpeg,0,561
lungaca2629.jpeg,0,609
lungaca263.jpeg,0,723
lungaca2630.jpeg,0,641
lungaca2632.jpeg,0,526
lungaca2633.jpeg,0,560
lungaca2638.jpeg,0,594
lungaca2640.jpeg,0,687
lungaca2646.jpeg,0,573
lungaca2647.jpeg,0,565
lungaca2648.jpeg,0,725
lungaca2649.jpeg,0,584
lungaca2650.jpeg,0,596
lungaca2652.jpeg,0,578
lungaca2658.jpeg,0,643
lungaca2659.jpeg,0,543
lungaca2660.jpeg,0,543
lungaca2662.jpeg,0,581
lungaca2663.jpeg,0,542
lungaca2664.jpeg,0,588
lungaca2665.jpeg,0,531
lungaca2666.jpeg,0,689
lungaca2669.jpeg,0,618
lungaca267.jpeg,0,511
lungaca2670.jpeg,0,568
lungaca2671.jpeg,0,568
lungaca2672.jpeg,0,728
lungaca2673.jpeg,0,599
lungaca2674.jpeg,0,676
lungaca2676.jpeg,0,639
lungaca2677.jpeg,0,702
lungaca2678.jpeg,0,613
lungaca2679.jpeg,0,519
lungaca268.jpeg,0,591
lungaca2682.jpeg,0,562
lungaca2683.jpeg,0,562
lungaca2686.jpeg,0,520
lungaca2687.jpeg,0,615
lungaca2688.jpeg,0,729
lungaca2689.jpeg,0,591
lungaca269.jpeg,0,587
lungaca2690.jpeg,0,697
lungaca2691.jpeg,0,682
lungaca2692.jpeg,0,701
lungaca2693.jpeg,0,648
lungaca2694.jpeg,0,648
lungaca2695.jpeg,0,665
lungaca2697.jpeg,0,561
lungaca2698.jpeg,0,641
lungaca2699.jpeg,0,641
lungaca2700.jpeg,0,745
lungaca2701.jpeg,0,668
lungaca2704.jpeg,0,554
lungaca2706.jpeg,0,594
lungaca2707.jpeg,0,726
lungaca2708.jpeg,0,656
lungaca271.jpeg,0,730
lungaca2713.jpeg,0,565
lungaca2714.jpeg,0,692
lungaca2716.jpeg,0,590
lungaca2717.jpeg,0,540
lungaca2718.jpeg,0,540
lungaca2719.jpeg,0,516
lungaca272.jpeg,0,664
lungaca2722.jpeg,0,549
lungaca2724.jpeg,0,543
lungaca2725.jpeg,0,680
lungaca2726.jpeg,0,542
lungaca2727.jpeg,0,624
lungaca2728.jpeg,0,624
lungaca2729.jpeg,0,530
lungaca273.jpeg,0,597
lungaca2730.jpeg,0,618
lungaca2731.jpeg,0,599
lungaca2732.jpeg,0,601
lungaca2734.jpeg,0,538
lungaca2735.jpeg,0,741
lungaca2736.jpeg,0,625
lungaca2738.jpeg,0,661
lungaca2739.jpeg,0,508
lungaca274.jpeg,0,701
lungaca2740.jpeg,0,591
lungaca2741.jpeg,0,715
lungaca2743.jpeg,0,597
lungaca2744.jpeg,0,592
lungaca2745.jpeg,0,592
lungaca2746.jpeg,0,665
lungaca2748.jpeg,0,554
lungaca2749.jpeg,0,554
lungaca275.jpeg,0,644
lungaca2750.jpeg,0,554
lungaca2751.jpeg,0,691
lungaca2752.jpeg,0,574
lungaca2754.jpeg,0,656
lungaca2755.jpeg,0,585
lungaca2757.jpeg,0,532
lungaca2758.jpeg,0,721
lungaca2760.jpeg,0,678
lungaca2761.jpeg,0,735
lungaca2762.jpeg,0,633
lungaca2764.jpeg,0,607
lungaca2766.jpeg,0,578
lungaca2768.jpeg,0,540
lungaca2769.jpeg,0,516
lungaca277.jpeg,0,536
lungaca2772.jpeg,0,734
lungaca2773.jpeg,0,598
lungaca2775.jpeg,0,581
lungaca2776.jpeg,0,542
lungaca2777.jpeg,0,542
lungaca2778.jpeg,0,542
lungaca278.jpeg,0,674
lungaca2782.jpeg,0,537
lungaca2783.jpeg,0,537
lungaca2784.jpeg,0,539
lungaca2786.jpeg,0,728
lungaca2787.jpeg,0,577
lungaca2789.jpeg,0,631
lungaca279.jpeg,0,658
lungaca2790.jpeg,0,617
lungaca2791.jpeg,0,696
lungaca2794.jpeg,0,583
lungaca2795.jpeg,0,702
lungaca2796.jpeg,0,613
lungaca2797.jpeg,0,519
lungaca2799.jpeg,0,673
lungaca2800.jpeg,0,625
lungaca2803.jpeg,0,704
lungaca2805.jpeg,0,597
lungaca2806.jpeg,0,570
lungaca2807.jpeg,0,570
lungaca2808.jpeg,0,644
lungaca2809.jpeg,0,536
lungaca281.jpeg,0,517
lungaca2810.jpeg,0,744
lungaca2811.jpeg,0,510
lungaca2813.jpeg,0,609
lungaca2814.jpeg,0,641
lungaca2815.jpeg,0,745
lungaca2820.jpeg,0,691
lungaca2821.jpeg,0,560
lungaca2822.jpeg,0,586
lungaca2824.jpeg,0,695
lungaca2825.jpeg,0,634
lungaca2826.jpeg,0,692
lungaca2827.jpeg,0,584
lungaca2828.jpeg,0,512
lungaca2829.jpeg,0,719
lungaca283.jpeg,0,554
lungaca2834.jpeg,0,743
lungaca2835.jpeg,0,743
lungaca2836.jpeg,0,516
lungaca2838.jpeg,0,643
lungaca2839.jpeg,0,739
lungaca2840.jpeg,0,714
lungaca2841.jpeg,0,543
lungaca2846.jpeg,0,567
lungaca2848.jpeg,0,618
lungaca2849.jpeg,0,728
lungaca285.jpeg,0,586
lungaca2850.jpeg,0,577
lungaca2851.jpeg,0,631
lungaca2852.jpeg,0,662
lungaca2853.jpeg,0,676
lungaca2856.jpeg,0,639
lungaca2857.jpeg,0,636
lungaca2859.jpeg,0,661
lungaca286.jpeg,0,726
lungaca2860.jpeg,0,508
lungaca2861.jpeg,0,511
lungaca2863.jpeg,0,715
lungaca2867.jpeg,0,570
lungaca2868.jpeg,0,570
lungaca287.jpeg,0,726
lungaca2870.jpeg,0,665
lungaca2871.jpeg,0,614
lungaca2872.jpeg,0,674
lungaca2874.jpeg,0,745
lungaca2875.jpeg,0,668
lungaca2878.jpeg,0,514
lungaca2879.jpeg,0,554
lungaca288.jpeg,0,726
lungaca2880.jpeg,0,691
lungaca2881.jpeg,0,526
lungaca2882.jpeg,0,586
lungaca289.jpeg,0,585
lungaca2890.jpeg,0,708
lungaca2891.jpeg,0,634
lungaca2892.jpeg,0,634
lungaca2893.jpeg,0,515
lungaca2894.jpeg,0,675
lungaca2896.jpeg,0,590
lungaca2897.jpeg,0,529
lungaca2898.jpeg,0,743
lungaca2899.jpeg,0,731
lungaca29.jpeg,0,568
lungaca290.jpeg,0,721
lungaca2903.jpeg,0,643
lungaca2904.jpeg,0,600
lungaca2905.jpeg,0,714
lungaca2909.jpeg,0,567
lungaca2910.jpeg,0,728
lungaca2914.jpeg,0,538
lungaca2915.jpeg,0,613
lungaca2916.jpeg,0,636
lungaca2919.jpeg,0,520
lungaca2920.jpeg,0,509
lungaca2922.jpeg,0,591
lungaca2923.jpeg,0,597
lungaca2925.jpeg,0,681
lungaca2926.jpeg,0,536
lungaca2927.jpeg,0,744
lungaca2928.jpeg,0,744
lungaca2929.jpeg,0,609
lungaca293.jpeg,0,515
lungaca2932.jpeg,0,560
lungaca2933.jpeg,0,528
lungaca2936.jpeg,0,726
lungaca2937.jpeg,0,656
lungaca2939.jpeg,0,585
lungaca294.jpeg,0,719
lungaca2944.jpeg,0,692
lungaca2945.jpeg,0,692
lungaca2946.jpeg,0,584
lungaca2948.jpeg,0,596
lungaca2949.jpeg,0,727
lungaca295.jpeg,0,735
lungaca2950.jpeg,0,720
lungaca2952.jpeg,0,731
lungaca2954.jpeg,0,549
lungaca2955.jpeg,0,714
lungaca2956.jpeg,0,700
lungaca2957.jpeg,0,571
lungaca2958.jpeg,0,581
lungaca296.jpeg,0,633
lungaca2960.jpeg,0,558
lungaca2961.jpeg,0,558
lungaca2962.jpeg,0,689
lungaca2963.jpeg,0,567
lungaca2964.jpeg,0,576
lungaca2965.jpeg,0,576
lungaca2966.jpeg,0,576
lungaca2968.jpeg,0,523
lungaca2969.jpeg,0,631
lungaca2970.jpeg,0,601
lungaca2971.jpeg,0,696
lungaca2972.jpeg,0,696
lungaca2973.jpeg,0,639
lungaca2974.jpeg,0,702
lungaca2979.jpeg,0,729
lungaca298.jpeg,0,709
lungaca2980.jpeg,0,729
lungaca2981.jpeg,0,715
lungaca2982.jpeg,0,715
lungaca2983.jpeg,0,715
lungaca2985.jpeg,0,730
lungaca2987.jpeg,0,612
lungaca2989.jpeg,0,712
lungaca2990.jpeg,0,592
lungaca2991.jpeg,0,592
lungaca2992.jpeg,0,648
lungaca2993.jpeg,0,536
lungaca2995.jpeg,0,658
lungaca2996.jpeg,0,609
lungaca2998.jpeg,0,668
lungaca30.jpeg,0,599
lungaca300.jpeg,0,590
lungaca3001.jpeg,0,514
lungaca3002.jpeg,0,554
lungaca3003.jpeg,0,560
lungaca3004.jpeg,0,629
lungaca3007.jpeg,0,663
lungaca3008.jpeg,0,663
lungaca3009.jpeg,0,721
lungaca3011.jpeg,0,515
lungaca3012.jpeg,0,606
lungaca3013.jpeg,0,596
lungaca3014.jpeg,0,727
lungaca3016.jpeg,0,626
lungaca3017.jpeg,0,732
lungaca3018.jpeg,0,529
lungaca3019.jpeg,0,743
lungaca302.jpeg,0,647
lungaca3020.jpeg,0,530
lungaca3021.jpeg,0,549
lungaca3022.jpeg,0,683
lungaca3023.jpeg,0,714
lungaca3024.jpeg,0,543
lungaca3026.jpeg,0,581
lungaca3027.jpeg,0,542
lungaca3029.jpeg,0,576
lungaca303.jpeg,0,720
lungaca3032.jpeg,0,568
lungaca3033.jpeg,0,728
lungaca3034.jpeg,0,599
lungaca3035.jpeg,0,601
lungaca3036.jpeg,0,556
lungaca3037.jpeg,0,662
lungaca3038.jpeg,0,662
lungaca304.jpeg,0,743
lungaca3040.jpeg,0,741
lungaca3043.jpeg,0,625
lungaca3045.jpeg,0,622
lungaca3046.jpeg,0,715
lungaca3049.jpeg,0,614
lungaca305.jpeg,0,521
lungaca3050.jpeg,0,522
lungaca3051.jpeg,0,609
lungaca3052.jpeg,0,641
lungaca3056.jpeg,0,691
lungaca3058.jpeg,0,690
lungaca3061.jpeg,0,708
lungaca3062.jpeg,0,735
lungaca3063.jpeg,0,626
lungaca3064.jpeg,0,578
lungaca3065.jpeg,0,647
lungaca3067.jpeg,0,516
lungaca3068.jpeg,0,530
lungaca3069.jpeg,0,650
lungaca3071.jpeg,0,539
lungaca3072.jpeg,0,571
lungaca3076.jpeg,0,530
lungaca3077.jpeg,0,568
lungaca3078.jpeg,0,577
lungaca308.jpeg,0,600
lungaca3080.jpeg,0,676
lungaca3081.jpeg,0,538
lungaca3082.jpeg,0,627
lungaca3083.jpeg,0,583
lungaca3085.jpeg,0,625
lungaca3086.jpeg,0,625
lungaca3088.jpeg,0,593
lungaca3089.jpeg,0,603
lungaca3090.jpeg,0,622
lungaca3092.jpeg,0,587
lungaca3096.jpeg,0,612
lungaca3097.jpeg,0,534
lungaca3099.jpeg,0,536
lungaca31.jpeg,0,677
lungaca3101.jpeg,0,536
lungaca3102.jpeg,0,614
lungaca3103.jpeg,0,510
lungaca3104.jpeg,0,658
lungaca3105.jpeg,0,641
lungaca3106.jpeg,0,747
lungaca3108.jpeg,0,710
lungaca3109.jpeg,0,528
lungaca311.jpeg,0,707
lungaca3111.jpeg,0,656
lungaca3115.jpeg,0,565
lungaca3116.jpeg,0,666
lungaca3117.jpeg,0,584
lungaca3118.jpeg,0,584
lungaca3119.jpeg,0,675
lungaca312.jpeg,0,714
lungaca3120.jpeg,0,675
lungaca3121.jpeg,0,606
lungaca3124.jpeg,0,578
lungaca3125.jpeg,0,529
lungaca3126.jpeg,0,529
lungaca3127.jpeg,0,720
lungaca3128.jpeg,0,598
lungaca3129.jpeg,0,683
lungaca313.jpeg,0,543
lungaca3131.jpeg,0,669
lungaca3135.jpeg,0,537
lungaca3136.jpeg,0,728
lungaca3137.jpeg,0,523
lungaca3138.jpeg,0,631
lungaca3139.jpeg,0,556
lungaca3140.jpeg,0,662
lungaca3141.jpeg,0,676
lungaca3144.jpeg,0,627
lungaca3145.jpeg,0,741
lungaca3146.jpeg,0,639
lungaca3147.jpeg,0,702
lungaca315.jpeg,0,669
lungaca3150.jpeg,0,645
lungaca3151.jpeg,0,602
lungaca3156.jpeg,0,509
lungaca3159.jpeg,0,671
lungaca3160.jpeg,0,671
lungaca3163.jpeg,0,570
lungaca3164.jpeg,0,644
lungaca3167.jpeg,0,665
lungaca3168.jpeg,0,614
lungaca3169.jpeg,0,510
lungaca317.jpeg,0,588
lungaca3170.jpeg,0,658
lungaca3171.jpeg,0,609
lungaca3172.jpeg,0,641
lungaca3174.jpeg,0,560
lungaca3175.jpeg,0,586
lungaca3176.jpeg,0,528
lungaca3177.jpeg,0,528
lungaca3179.jpeg,0,656
lungaca3181.jpeg,0,532
lungaca3186.jpeg,0,725
lungaca3188.jpeg,0,727
lungaca3190.jpeg,0,732
lungaca3192.jpeg,0,535
lungaca3193.jpeg,0,647
lungaca3194.jpeg,0,647
lungaca3196.jpeg,0,530
lungaca3198.jpeg,0,734
lungaca3199.jpeg,0,643
lungaca32.jpeg,0,538
lungaca3200.jpeg,0,683
lungaca3201.jpeg,0,650
lungaca3202.jpeg,0,650
lungaca3203.jpeg,0,600
lungaca3206.jpeg,0,581
lungaca3207.jpeg,0,581
lungaca3208.jpeg,0,588
lungaca3209.jpeg,0,531
lungaca321.jpeg,0,599
lungaca3212.jpeg,0,728
lungaca3213.jpeg,0,556
lungaca3214.jpeg,0,538
lungaca3215.jpeg,0,519
lungaca3217.jpeg,0,564
lungaca3218.jpeg,0,615
lungaca3219.jpeg,0,615
lungaca322.jpeg,0,599
lungaca3220.jpeg,0,729
lungaca3221.jpeg,0,722
lungaca3222.jpeg,0,575
lungaca3225.jpeg,0,682
lungaca3227.jpeg,0,712
lungaca3228.jpeg,0,570
lungaca3229.jpeg,0,701
lungaca323.jpeg,0,577
lungaca3230.jpeg,0,744
lungaca3231.jpeg,0,665
lungaca3232.jpeg,0,510
lungaca3235.jpeg,0,514
lungaca3236.jpeg,0,514
lungaca3238.jpeg,0,526
lungaca3239.jpeg,0,526
lungaca3244.jpeg,0,655
lungaca3245.jpeg,0,695
lungaca3246.jpeg,0,565
lungaca3247.jpeg,0,666
lungaca3248.jpeg,0,727
lungaca325.jpeg,0,538
lungaca3250.jpeg,0,607
lungaca3251.jpeg,0,607
lungaca3252.jpeg,0,709
lungaca3253.jpeg,0,590
lungaca3254.jpeg,0,540
lungaca3258.jpeg,0,643
lungaca326.jpeg,0,519
lungaca3260.jpeg,0,527
lungaca3261.jpeg,0,669
lungaca3262.jpeg,0,539
lungaca3263.jpeg,0,542
lungaca3264.jpeg,0,588
lungaca3267.jpeg,0,537
lungaca3268.jpeg,0,523
lungaca3269.jpeg,0,556
lungaca327.jpeg,0,673
lungaca3270.jpeg,0,538
lungaca3273.jpeg,0,564
lungaca3274.jpeg,0,564
lungaca3275.jpeg,0,511
lungaca3276.jpeg,0,593
lungaca3277.jpeg,0,603
lungaca3279.jpeg,0,722
lungaca328.jpeg,0,645
lungaca3281.jpeg,0,730
lungaca3282.jpeg,0,682
lungaca3283.jpeg,0,682
lungaca3285.jpeg,0,612
lungaca3289.jpeg,0,544
lungaca329.jpeg,0,562
lungaca3290.jpeg,0,686
lungaca3291.jpeg,0,517
lungaca3294.jpeg,0,586
lungaca3295.jpeg,0,574
lungaca3296.jpeg,0,690
lungaca3297.jpeg,0,656
lungaca3298.jpeg,0,721
lungaca33.jpeg,0,583
lungaca330.jpeg,0,625
lungaca3300.jpeg,0,655
lungaca3301.jpeg,0,719
lungaca3302.jpeg,0,719
lungaca3303.jpeg,0,596
lungaca3304.jpeg,0,596
lungaca3305.jpeg,0,727
lungaca3306.jpeg,0,549
lungaca3307.jpeg,0,529
lungaca3308.jpeg,0,529
lungaca3309.jpeg,0,734
lungaca3311.jpeg,0,739
lungaca3312.jpeg,0,714
lungaca3313.jpeg,0,581
lungaca3314.jpeg,0,680
lungaca3315.jpeg,0,640
lungaca3316.jpeg,0,558
lungaca3318.jpeg,0,537
lungaca3319.jpeg,0,530
lungaca332.jpeg,0,602
lungaca3320.jpeg,0,530
lungaca3321.jpeg,0,568
lungaca3322.jpeg,0,556
lungaca3326.jpeg,0,538
lungaca3327.jpeg,0,741
lungaca3328.jpeg,0,637
lungaca3329.jpeg,0,637
lungaca3331.jpeg,0,520
lungaca3333.jpeg,0,729
lungaca3334.jpeg,0,722
lungaca3337.jpeg,0,704
lungaca3338.jpeg,0,664
lungaca334.jpeg,0,661
lungaca3340.jpeg,0,597
lungaca3344.jpeg,0,614
lungaca3345.jpeg,0,614
lungaca3346.jpeg,0,609
lungaca3347.jpeg,0,609
lungaca3349.jpeg,0,745
lungaca3352.jpeg,0,544
lungaca3353.jpeg,0,544
lungaca3354.jpeg,0,554
lungaca3355.jpeg,0,554
lungaca3356.jpeg,0,656
lungaca3359.jpeg,0,565
lungaca336.jpeg,0,509
lungaca3360.jpeg,0,666
lungaca3361.jpeg,0,512
lungaca3362.jpeg,0,735
lungaca3363.jpeg,0,596
lungaca3364.jpeg,0,578
lungaca3366.jpeg,0,529
lungaca337.jpeg,0,603
lungaca3372.jpeg,0,714
lungaca3373.jpeg,0,539
lungaca3375.jpeg,0,571
lungaca3376.jpeg,0,640
lungaca3377.jpeg,0,558
lungaca3379.jpeg,0,677
lungaca338.jpeg,0,603
lungaca3380.jpeg,0,677
lungaca3381.jpeg,0,677
lungaca3382.jpeg,0,556
lungaca3383.jpeg,0,662
lungaca3384.jpeg,0,613
lungaca3387.jpeg,0,562
lungaca3388.jpeg,0,625
lungaca3389.jpeg,0,625
lungaca3392.jpeg,0,622
lungaca3393.jpeg,0,722
lungaca3394.jpeg,0,587
lungaca3395.jpeg,0,587
lungaca3396.jpeg,0,587
lungaca3398.jpeg,0,730
lungaca3400.jpeg,0,608
lungaca3403.jpeg,0,544
lungaca3406.jpeg,0,517
lungaca341.jpeg,0,671
lungaca3410.jpeg,0,560
lungaca3411.jpeg,0,710
lungaca3412.jpeg,0,528
lungaca3414.jpeg,0,574
lungaca3415.jpeg,0,547
lungaca3416.jpeg,0,547
lungaca3417.jpeg,0,663
lungaca3418.jpeg,0,532
lungaca342.jpeg,0,682
lungaca3420.jpeg,0,678
lungaca3421.jpeg,0,708
lungaca3422.jpeg,0,634
lungaca3423.jpeg,0,584
lungaca3425.jpeg,0,675
lungaca3426.jpeg,0,596
lungaca3428.jpeg,0,732
lungaca3429.jpeg,0,590
lungaca343.jpeg,0,681
lungaca3432.jpeg,0,549
lungaca3433.jpeg,0,720
lungaca3435.jpeg,0,540
lungaca3437.jpeg,0,733
lungaca3438.jpeg,0,733
lungaca344.jpeg,0,744
lungaca3440.jpeg,0,549
lungaca3442.jpeg,0,707
lungaca3443.jpeg,0,640
lungaca3445.jpeg,0,624
lungaca3446.jpeg,0,531
lungaca3449.jpeg,0,567
lungaca345.jpeg,0,525
lungaca3451.jpeg,0,576
lungaca3452.jpeg,0,530
lungaca3453.jpeg,0,618
lungaca3454.jpeg,0,568
lungaca3455.jpeg,0,599
lungaca3456.jpeg,0,631
lungaca3461.jpeg,0,562
lungaca3462.jpeg,0,636
lungaca3464.jpeg,0,661
lungaca3465.jpeg,0,715
lungaca3467.jpeg,0,730
lungaca3468.jpeg,0,664
lungaca3469.jpeg,0,682
lungaca347.jpeg,0,561
lungaca3470.jpeg,0,570
lungaca3471.jpeg,0,644
lungaca3472.jpeg,0,592
lungaca3473.jpeg,0,536
lungaca3474.jpeg,0,510
lungaca3475.jpeg,0,522
lungaca3478.jpeg,0,690
lungaca3479.jpeg,0,656
lungaca348.jpeg,0,745
lungaca3480.jpeg,0,547
lungaca3481.jpeg,0,585
lungaca3482.jpeg,0,532
lungaca3483.jpeg,0,721
lungaca3486.jpeg,0,678
lungaca3487.jpeg,0,634
lungaca3488.jpeg,0,634
lungaca3489.jpeg,0,735
lungaca349.jpeg,0,668
lungaca3490.jpeg,0,633
lungaca3491.jpeg,0,607
lungaca3492.jpeg,0,626
lungaca3493.jpeg,0,732
lungaca3494.jpeg,0,590
lungaca3495.jpeg,0,590
lungaca3496.jpeg,0,590
lungaca3499.jpeg,0,516
lungaca35.jpeg,0,639
lungaca3500.jpeg,0,734
lungaca3501.jpeg,0,734
lungaca3502.jpeg,0,527
lungaca3504.jpeg,0,680
lungaca3505.jpeg,0,640
lungaca3506.jpeg,0,558
lungaca3507.jpeg,0,531
lungaca3511.jpeg,0,576
lungaca3513.jpeg,0,618
lungaca3514.jpeg,0,568
lungaca3515.jpeg,0,677
lungaca3516.jpeg,0,556
lungaca3518.jpeg,0,676
lungaca3519.jpeg,0,741
lungaca352.jpeg,0,560
lungaca3520.jpeg,0,711
lungaca3524.jpeg,0,671
lungaca3525.jpeg,0,682
lungaca3526.jpeg,0,612
lungaca3528.jpeg,0,644
lungaca3529.jpeg,0,592
lungaca3531.jpeg,0,665
lungaca3532.jpeg,0,522
lungaca3533.jpeg,0,522
lungaca3535.jpeg,0,745
lungaca3538.jpeg,0,554
lungaca3543.jpeg,0,547
lungaca3547.jpeg,0,573
lungaca3548.jpeg,0,573
lungaca3549.jpeg,0,695
lungaca355.jpeg,0,586
lungaca3551.jpeg,0,634
lungaca3552.jpeg,0,584
lungaca3553.jpeg,0,633
lungaca3554.jpeg,0,607
lungaca3555.jpeg,0,709
lungaca3556.jpeg,0,516
lungaca3557.jpeg,0,516
lungaca3558.jpeg,0,731
lungaca3559.jpeg,0,731
lungaca356.jpeg,0,528
lungaca3562.jpeg,0,598
lungaca3563.jpeg,0,549
lungaca3566.jpeg,0,542
lungaca3567.jpeg,0,567
lungaca3568.jpeg,0,568
lungaca3569.jpeg,0,662
lungaca3570.jpeg,0,627
lungaca3571.jpeg,0,639
lungaca3572.jpeg,0,702
lungaca3573.jpeg,0,673
lungaca3574.jpeg,0,673
lungaca3575.jpeg,0,645
lungaca3576.jpeg,0,645
lungaca3577.jpeg,0,602
lungaca3578.jpeg,0,509
lungaca3579.jpeg,0,593
lungaca358.jpeg,0,574
lungaca3580.jpeg,0,603
lungaca3583.jpeg,0,622
lungaca3585.jpeg,0,587
lungaca3586.jpeg,0,704
lungaca3587.jpeg,0,697
lungaca3588.jpeg,0,712
lungaca3589.jpeg,0,712
lungaca3590.jpeg,0,681
lungaca3591.jpeg,0,644
lungaca3596.jpeg,0,554
lungaca3597.jpeg,0,586
lungaca3598.jpeg,0,663
lungaca36.jpeg,0,637
lungaca360.jpeg,0,585
lungaca3601.jpeg,0,695
lungaca3602.jpeg,0,606
lungaca3603.jpeg,0,727
lungaca3604.jpeg,0,607
lungaca3605.jpeg,0,578
lungaca3606.jpeg,0,578
lungaca3607.jpeg,0,590
lungaca3608.jpeg,0,529
lungaca3610.jpeg,0,540
lungaca3611.jpeg,0,743
lungaca3612.jpeg,0,516
lungaca3614.jpeg,0,521
lungaca3615.jpeg,0,521
lungaca3616.jpeg,0,521
lungaca3617.jpeg,0,530
lungaca3618.jpeg,0,733
lungaca3619.jpeg,0,733
lungaca3620.jpeg,0,600
lungaca3622.jpeg,0,700
lungaca3623.jpeg,0,542
lungaca3624.jpeg,0,588
lungaca3625.jpeg,0,537
lungaca3626.jpeg,0,576
lungaca3627.jpeg,0,530
lungaca3628.jpeg,0,728
lungaca3629.jpeg,0,728
lungaca3630.jpeg,0,617
lungaca3631.jpeg,0,677
lungaca3632.jpeg,0,662
lungaca3637.jpeg,0,729
lungaca364.jpeg,0,725
lungaca3641.jpeg,0,704
lungaca3642.jpeg,0,704
lungaca3644.jpeg,0,534
lungaca3646.jpeg,0,744
lungaca3647.jpeg,0,665
lungaca365.jpeg,0,666
lungaca3652.jpeg,0,526
lungaca3653.jpeg,0,526
lungaca3654.jpeg,0,560
lungaca3656.jpeg,0,594
lungaca3657.jpeg,0,656
lungaca3659.jpeg,0,532
lungaca366.jpeg,0,692
lungaca3662.jpeg,0,695
lungaca3663.jpeg,0,678
lungaca3664.jpeg,0,678
lungaca3665.jpeg,0,515
lungaca3666.jpeg,0,709
lungaca3667.jpeg,0,590
lungaca3668.jpeg,0,549
lungaca3669.jpeg,0,720
lungaca3670.jpeg,0,720
lungaca3671.jpeg,0,731
lungaca3672.jpeg,0,683
lungaca3673.jpeg,0,683
lungaca3674.jpeg,0,600
lungaca3675.jpeg,0,739
lungaca3676.jpeg,0,707
lungaca3677.jpeg,0,571
lungaca3678.jpeg,0,581
lungaca368.jpeg,0,578
lungaca3680.jpeg,0,558
lungaca3681.jpeg,0,558
lungaca3682.jpeg,0,624
lungaca3684.jpeg,0,539
lungaca3685.jpeg,0,539
lungaca3688.jpeg,0,618
lungaca3689.jpeg,0,568
lungaca369.jpeg,0,529
lungaca3690.jpeg,0,599
lungaca3691.jpeg,0,577
lungaca3692.jpeg,0,662
lungaca3693.jpeg,0,711
lungaca3696.jpeg,0,508
lungaca3697.jpeg,0,509
lungaca370.jpeg,0,540
lungaca3700.jpeg,0,587
lungaca3701.jpeg,0,575
lungaca3703.jpeg,0,730
lungaca3704.jpeg,0,597
lungaca3706.jpeg,0,674
lungaca3707.jpeg,0,674
lungaca371.jpeg,0,743
lungaca3710.jpeg,0,554
lungaca3712.jpeg,0,528
lungaca3713.jpeg,0,528
lungaca3716.jpeg,0,585
lungaca3720.jpeg,0,655
lungaca3721.jpeg,0,725
lungaca3722.jpeg,0,692
lungaca3723.jpeg,0,515
lungaca3728.jpeg,0,647
lungaca373.jpeg,0,739
lungaca3730.jpeg,0,540
lungaca3731.jpeg,0,521
lungaca3733.jpeg,0,600
lungaca3734.jpeg,0,527
lungaca3737.jpeg,0,669
lungaca3739.jpeg,0,581
lungaca374.jpeg,0,739
lungaca3740.jpeg,0,624
lungaca3742.jpeg,0,567
lungaca3743.jpeg,0,728
lungaca3745.jpeg,0,601
lungaca3747.jpeg,0,676
lungaca375.jpeg,0,714
lungaca3750.jpeg,0,613
lungaca3751.jpeg,0,673
lungaca3752.jpeg,0,711
lungaca3753.jpeg,0,711
lungaca3756.jpeg,0,661
lungaca3757.jpeg,0,661
lungaca3759.jpeg,0,508
lungaca376.jpeg,0,714
lungaca3760.jpeg,0,715
lungaca3762.jpeg,0,682
lungaca3763.jpeg,0,534
lungaca3764.jpeg,0,597
lungaca3765.jpeg,0,597
lungaca3767.jpeg,0,701
lungaca3768.jpeg,0,592
lungaca3769.jpeg,0,744
lungaca377.jpeg,0,669
lungaca3770.jpeg,0,525
lungaca3771.jpeg,0,674
lungaca3776.jpeg,0,514
lungaca3778.jpeg,0,710
lungaca3779.jpeg,0,656
lungaca3780.jpeg,0,547
lungaca3783.jpeg,0,573
lungaca3784.jpeg,0,655
lungaca3786.jpeg,0,515
lungaca3787.jpeg,0,719
lungaca3788.jpeg,0,596
lungaca3790.jpeg,0,578
lungaca3792.jpeg,0,549
lungaca3794.jpeg,0,529
lungaca3795.jpeg,0,720
lungaca3798.jpeg,0,734
lungaca3799.jpeg,0,549
lungaca38.jpeg,0,730
lungaca3800.jpeg,0,539
lungaca3801.jpeg,0,624
lungaca3802.jpeg,0,588
lungaca3803.jpeg,0,689
lungaca3805.jpeg,0,539
lungaca3806.jpeg,0,539
lungaca3807.jpeg,0,530
lungaca3808.jpeg,0,599
lungaca3809.jpeg,0,617
lungaca381.jpeg,0,588
lungaca3810.jpeg,0,627
lungaca3811.jpeg,0,627
lungaca3812.jpeg,0,741
lungaca3813.jpeg,0,702
lungaca3814.jpeg,0,613
lungaca3816.jpeg,0,673
lungaca3817.jpeg,0,636
lungaca3818.jpeg,0,637
lungaca3819.jpeg,0,593
lungaca382.jpeg,0,567
lungaca3822.jpeg,0,575
lungaca3824.jpeg,0,682
lungaca3825.jpeg,0,682
lungaca3829.jpeg,0,614
lungaca383.jpeg,0,568
lungaca3830.jpeg,0,614
lungaca3831.jpeg,0,658
lungaca3833.jpeg,0,668
lungaca3834.jpeg,0,544
lungaca3837.jpeg,0,586
lungaca3838.jpeg,0,586
lungaca384.jpeg,0,523
lungaca3840.jpeg,0,656
lungaca3841.jpeg,0,656
lungaca3843.jpeg,0,547
lungaca3845.jpeg,0,721
lungaca3847.jpeg,0,695
lungaca3848.jpeg,0,725
lungaca3849.jpeg,0,725
lungaca385.jpeg,0,577
lungaca3850.jpeg,0,719
lungaca3852.jpeg,0,675
lungaca3853.jpeg,0,606
lungaca3854.jpeg,0,607
lungaca3855.jpeg,0,590
lungaca3857.jpeg,0,731
lungaca3861.jpeg,0,549
lungaca3862.jpeg,0,714
lungaca3863.jpeg,0,543
lungaca3866.jpeg,0,640
lungaca3869.jpeg,0,542
lungaca3870.jpeg,0,689
lungaca3871.jpeg,0,567
lungaca3872.jpeg,0,530
lungaca3873.jpeg,0,577
lungaca3874.jpeg,0,631
lungaca3876.jpeg,0,627
lungaca3877.jpeg,0,613
lungaca3879.jpeg,0,602
lungaca3880.jpeg,0,508
lungaca3881.jpeg,0,593
lungaca3883.jpeg,0,615
lungaca3884.jpeg,0,591
lungaca3886.jpeg,0,671
lungaca3887.jpeg,0,597
lungaca3888.jpeg,0,570
lungaca3889.jpeg,0,648
lungaca3890.jpeg,0,525
lungaca3896.jpeg,0,710
lungaca3897.jpeg,0,726
lungaca39.jpeg,0,682
lungaca390.jpeg,0,562
lungaca3900.jpeg,0,547
lungaca3901.jpeg,0,721
lungaca3902.jpeg,0,721
lungaca3909.jpeg,0,675
lungaca391.jpeg,0,562
lungaca3910.jpeg,0,633
lungaca3911.jpeg,0,596
lungaca3912.jpeg,0,549
lungaca3913.jpeg,0,647
lungaca3914.jpeg,0,516
lungaca3915.jpeg,0,530
lungaca3916.jpeg,0,733
lungaca3918.jpeg,0,598
lungaca3919.jpeg,0,600
lungaca392.jpeg,0,625
lungaca3920.jpeg,0,527
lungaca3922.jpeg,0,571
lungaca3925.jpeg,0,531
lungaca3927.jpeg,0,537
lungaca3929.jpeg,0,631
lungaca3931.jpeg,0,583
lungaca3935.jpeg,0,711
lungaca3936.jpeg,0,711
lungaca3938.jpeg,0,637
lungaca3939.jpeg,0,603
lungaca394.jpeg,0,723
lungaca3941.jpeg,0,704
lungaca3942.jpeg,0,712
lungaca3943.jpeg,0,712
lungaca3944.jpeg,0,744
lungaca3945.jpeg,0,674
lungaca3946.jpeg,0,747
lungaca395.jpeg,0,564
lungaca3950.jpeg,0,586
lungaca3951.jpeg,0,629
lungaca3952.jpeg,0,574
lungaca3955.jpeg,0,594
lungaca3956.jpeg,0,690
lungaca3958.jpeg,0,663
lungaca3959.jpeg,0,532
lungaca3963.jpeg,0,666
lungaca3964.jpeg,0,735
lungaca3965.jpeg,0,675
lungaca3966.jpeg,0,606
lungaca3967.jpeg,0,606
lungaca3968.jpeg,0,633
lungaca3970.jpeg,0,626
lungaca3971.jpeg,0,732
lungaca3973.jpeg,0,535
lungaca3975.jpeg,0,540
lungaca3976.jpeg,0,540
lungaca3977.jpeg,0,734
lungaca3978.jpeg,0,549
lungaca3979.jpeg,0,683
lungaca3980.jpeg,0,650
lungaca3982.jpeg,0,581
lungaca3983.jpeg,0,680
lungaca3984.jpeg,0,558
lungaca3988.jpeg,0,523
lungaca3989.jpeg,0,577
lungaca399.jpeg,0,509
lungaca3990.jpeg,0,556
lungaca3991.jpeg,0,556
lungaca3992.jpeg,0,676
lungaca3993.jpeg,0,583
lungaca3994.jpeg,0,702
lungaca3996.jpeg,0,636
lungaca3997.jpeg,0,625
lungaca3998.jpeg,0,637
lungaca4.jpeg,0,665
lungaca40.jpeg,0,644
lungaca400.jpeg,0,591
lungaca4000.jpeg,0,564
lungaca4001.jpeg,0,661
lungaca4002.jpeg,0,520
lungaca4005.jpeg,0,730
lungaca4006.jpeg,0,671
lungaca4007.jpeg,0,681
lungaca4008.jpeg,0,536
lungaca4009.jpeg,0,510
lungaca401.jpeg,0,575
lungaca4012.jpeg,0,544
lungaca4013.jpeg,0,517
lungaca4014.jpeg,0,514
lungaca4015.jpeg,0,528
lungaca4017.jpeg,0,690
lungaca4018.jpeg,0,585
lungaca4019.jpeg,0,532
lungaca402.jpeg,0,575
lungaca4022.jpeg,0,695
lungaca4023.jpeg,0,634
lungaca4024.jpeg,0,515
lungaca4025.jpeg,0,584
lungaca4026.jpeg,0,512
lungaca4027.jpeg,0,735
lungaca4028.jpeg,0,709
lungaca4029.jpeg,0,709
lungaca403.jpeg,0,575
lungaca4031.jpeg,0,529
lungaca4032.jpeg,0,516
lungaca4034.jpeg,0,734
lungaca4037.jpeg,0,598
lungaca4038.jpeg,0,739
lungaca4039.jpeg,0,724
lungaca404.jpeg,0,704
lungaca4040.jpeg,0,543
lungaca4041.jpeg,0,680
lungaca4042.jpeg,0,680
lungaca4043.jpeg,0,624
lungaca4044.jpeg,0,531
lungaca4046.jpeg,0,599
lungaca4047.jpeg,0,577
lungaca4048.jpeg,0,601
lungaca4049.jpeg,0,617
lungaca405.jpeg,0,682
lungaca4051.jpeg,0,662
lungaca4052.jpeg,0,627
lungaca4053.jpeg,0,702
lungaca4055.jpeg,0,645
lungaca4058.jpeg,0,508
lungaca406.jpeg,0,534
lungaca4060.jpeg,0,730
lungaca4061.jpeg,0,671
lungaca4062.jpeg,0,697
lungaca4063.jpeg,0,534
lungaca4065.jpeg,0,644
lungaca4066.jpeg,0,592
lungaca4069.jpeg,0,525
lungaca407.jpeg,0,534
lungaca4071.jpeg,0,658
lungaca4072.jpeg,0,609
lungaca4073.jpeg,0,609
lungaca4076.jpeg,0,668
lungaca4078.jpeg,0,554
lungaca4079.jpeg,0,526
lungaca408.jpeg,0,644
lungaca4080.jpeg,0,526
lungaca4082.jpeg,0,586
lungaca4084.jpeg,0,585
lungaca4088.jpeg,0,512
lungaca4089.jpeg,0,719
lungaca4090.jpeg,0,675
lungaca4091.jpeg,0,607
lungaca4092.jpeg,0,529
lungaca4094.jpeg,0,733
lungaca4095.jpeg,0,549
lungaca4096.jpeg,0,527
lungaca4097.jpeg,0,669
lungaca4099.jpeg,0,588
lungaca41.jpeg,0,665
lungaca410.jpeg,0,510
lungaca4101.jpeg,0,706
lungaca4102.jpeg,0,601
lungaca4104.jpeg,0,583
lungaca4107.jpeg,0,673
lungaca4108.jpeg,0,562
lungaca4109.jpeg,0,625
lungaca411.jpeg,0,522
lungaca4110.jpeg,0,625
lungaca4112.jpeg,0,637
lungaca4113.jpeg,0,723
lungaca4115.jpeg,0,509
lungaca4116.jpeg,0,729
lungaca4118.jpeg,0,587
lungaca4119.jpeg,0,715
lungaca412.jpeg,0,561
lungaca4122.jpeg,0,671
lungaca4123.jpeg,0,682
lungaca4125.jpeg,0,612
lungaca4128.jpeg,0,570
lungaca4129.jpeg,0,648
lungaca413.jpeg,0,745
lungaca4130.jpeg,0,665
lungaca4131.jpeg,0,614
lungaca4132.jpeg,0,561
lungaca4133.jpeg,0,609
lungaca4134.jpeg,0,609
lungaca4136.jpeg,0,747
lungaca4139.jpeg,0,544
lungaca4140.jpeg,0,544
lungaca4141.jpeg,0,554
lungaca4144.jpeg,0,532
lungaca4145.jpeg,0,687
lungaca4147.jpeg,0,565
lungaca4148.jpeg,0,725
lungaca4149.jpeg,0,725
lungaca415.jpeg,0,514
lungaca4150.jpeg,0,666
lungaca4151.jpeg,0,634
lungaca4152.jpeg,0,607
lungaca4154.jpeg,0,709
lungaca4155.jpeg,0,709
lungaca4157.jpeg,0,720
lungaca4158.jpeg,0,720
lungaca4159.jpeg,0,734
lungaca416.jpeg,0,629
lungaca4161.jpeg,0,669
lungaca4163.jpeg,0,700
lungaca4164.jpeg,0,581
lungaca4167.jpeg,0,531
lungaca4168.jpeg,0,689
lungaca4169.jpeg,0,576
lungaca4170.jpeg,0,618
lungaca4171.jpeg,0,523
lungaca4172.jpeg,0,601
lungaca4173.jpeg,0,617
lungaca4174.jpeg,0,556
lungaca4175.jpeg,0,556
lungaca4176.jpeg,0,538
lungaca4177.jpeg,0,741
lungaca4178.jpeg,0,613
lungaca4179.jpeg,0,645
lungaca418.jpeg,0,528
lungaca4180.jpeg,0,602
lungaca4181.jpeg,0,508
lungaca4182.jpeg,0,508
lungaca4183.jpeg,0,520
lungaca4184.jpeg,0,509
lungaca4185.jpeg,0,593
lungaca4187.jpeg,0,615
lungaca4188.jpeg,0,591
lungaca4189.jpeg,0,570
lungaca4192.jpeg,0,747
lungaca4193.jpeg,0,686
lungaca4194.jpeg,0,554
lungaca4195.jpeg,0,528
lungaca4196.jpeg,0,594
lungaca4197.jpeg,0,663
lungaca42.jpeg,0,525
lungaca420.jpeg,0,547
lungaca4200.jpeg,0,692
lungaca4202.jpeg,0,719
lungaca4203.jpeg,0,719
lungaca4204.jpeg,0,596
lungaca4206.jpeg,0,529
lungaca4207.jpeg,0,647
lungaca4208.jpeg,0,540
lungaca4209.jpeg,0,743
lungaca421.jpeg,0,547
lungaca4211.jpeg,0,521
lungaca4212.jpeg,0,521
lungaca4214.jpeg,0,650
lungaca4215.jpeg,0,527
lungaca4216.jpeg,0,527
lungaca4217.jpeg,0,739
lungaca4218.jpeg,0,739
lungaca4219.jpeg,0,669
lungaca4220.jpeg,0,640
lungaca4221.jpeg,0,640
lungaca4227.jpeg,0,539
lungaca4228.jpeg,0,530
lungaca4229.jpeg,0,706
lungaca423.jpeg,0,655
lungaca4230.jpeg,0,696
lungaca4231.jpeg,0,696
lungaca4232.jpeg,0,662
lungaca4233.jpeg,0,613
lungaca4234.jpeg,0,519
lungaca4236.jpeg,0,602
lungaca4237.jpeg,0,564
lungaca4238.jpeg,0,511
lungaca4239.jpeg,0,520
lungaca424.jpeg,0,695
lungaca4240.jpeg,0,603
lungaca4241.jpeg,0,722
lungaca4243.jpeg,0,730
lungaca4244.jpeg,0,730
lungaca4245.jpeg,0,697
lungaca4246.jpeg,0,534
lungaca4248.jpeg,0,644
lungaca4249.jpeg,0,608
lungaca425.jpeg,0,666
lungaca4250.jpeg,0,744
lungaca4251.jpeg,0,614
lungaca4252.jpeg,0,522
lungaca4253.jpeg,0,747
lungaca4255.jpeg,0,668
lungaca4256.jpeg,0,668
lungaca4257.jpeg,0,514
lungaca4258.jpeg,0,691
lungaca4259.jpeg,0,560
lungaca426.jpeg,0,606
lungaca4260.jpeg,0,560
lungaca4262.jpeg,0,629
lungaca4267.jpeg,0,735
lungaca4268.jpeg,0,633
lungaca4269.jpeg,0,720
lungaca427.jpeg,0,727
lungaca4270.jpeg,0,516
lungaca4271.jpeg,0,530
lungaca4272.jpeg,0,733
lungaca4273.jpeg,0,600
lungaca4274.jpeg,0,707
lungaca4275.jpeg,0,588
lungaca4276.jpeg,0,588
lungaca4278.jpeg,0,531
lungaca4281.jpeg,0,631
lungaca4284.jpeg,0,741
lungaca4286.jpeg,0,645
lungaca4287.jpeg,0,645
lungaca4289.jpeg,0,564
lungaca429.jpeg,0,549
lungaca4290.jpeg,0,661
lungaca4291.jpeg,0,593
lungaca4294.jpeg,0,575
lungaca4295.jpeg,0,715
lungaca4298.jpeg,0,570
lungaca4299.jpeg,0,681
lungaca4300.jpeg,0,608
lungaca4301.jpeg,0,510
lungaca4303.jpeg,0,658
lungaca4306.jpeg,0,668
lungaca4308.jpeg,0,560
lungaca4310.jpeg,0,710
lungaca4311.jpeg,0,594
lungaca4312.jpeg,0,726
lungaca4313.jpeg,0,656
lungaca4314.jpeg,0,547
lungaca4315.jpeg,0,547
lungaca4319.jpeg,0,695
lungaca432.jpeg,0,529
lungaca4320.jpeg,0,695
lungaca4321.jpeg,0,634
lungaca4322.jpeg,0,675
lungaca4323.jpeg,0,727
lungaca4327.jpeg,0,549
lungaca4328.jpeg,0,529
lungaca4332.jpeg,0,683
lungaca4333.jpeg,0,650
lungaca4335.jpeg,0,543
lungaca4336.jpeg,0,543
lungaca4337.jpeg,0,539
lungaca4338.jpeg,0,680
lungaca4339.jpeg,0,542
lungaca434.jpeg,0,733
lungaca4340.jpeg,0,542
lungaca4341.jpeg,0,624
lungaca4342.jpeg,0,588
lungaca4343.jpeg,0,531
lungaca4344.jpeg,0,531
lungaca4349.jpeg,0,568
lungaca435.jpeg,0,724
lungaca4350.jpeg,0,696
lungaca4352.jpeg,0,627
lungaca4356.jpeg,0,723
lungaca4357.jpeg,0,511
lungaca4359.jpeg,0,622
lungaca4362.jpeg,0,671
lungaca4364.jpeg,0,712
lungaca4366.jpeg,0,681
lungaca4367.jpeg,0,665
lungaca4368.jpeg,0,614
lungaca4369.jpeg,0,522
lungaca4372.jpeg,0,554
lungaca4373.jpeg,0,554
lungaca4374.jpeg,0,526
lungaca4376.jpeg,0,586
lungaca4377.jpeg,0,629
lungaca4378.jpeg,0,710
lungaca4380.jpeg,0,594
lungaca4382.jpeg,0,547
lungaca4383.jpeg,0,663
lungaca4385.jpeg,0,721
lungaca4387.jpeg,0,573
lungaca4389.jpeg,0,708
lungaca439.jpeg,0,567
lungaca4390.jpeg,0,634
lungaca4391.jpeg,0,692
lungaca4392.jpeg,0,584
lungaca4393.jpeg,0,584
lungaca4394.jpeg,0,584
lungaca4396.jpeg,0,606
lungaca4397.jpeg,0,732
lungaca4398.jpeg,0,549
lungaca4399.jpeg,0,535
lungaca4400.jpeg,0,707
lungaca4402.jpeg,0,640
lungaca4403.jpeg,0,558
lungaca4404.jpeg,0,588
lungaca4406.jpeg,0,728
lungaca4407.jpeg,0,556
lungaca4408.jpeg,0,662
lungaca4409.jpeg,0,583
lungaca4410.jpeg,0,741
lungaca4411.jpeg,0,519
lungaca4412.jpeg,0,519
lungaca4416.jpeg,0,564
lungaca4417.jpeg,0,661
lungaca4419.jpeg,0,509
lungaca442.jpeg,0,618
lungaca4420.jpeg,0,593
lungaca4421.jpeg,0,622
lungaca4424.jpeg,0,534
lungaca4427.jpeg,0,744
lungaca4428.jpeg,0,525
lungaca4429.jpeg,0,522
lungaca443.jpeg,0,568
lungaca4435.jpeg,0,526
lungaca4436.jpeg,0,526
lungaca4437.jpeg,0,528
lungaca444.jpeg,0,599
lungaca4440.jpeg,0,663
lungaca4443.jpeg,0,678
lungaca4444.jpeg,0,678
lungaca4445.jpeg,0,606
lungaca4446.jpeg,0,633
lungaca4447.jpeg,0,607
lungaca4448.jpeg,0,607
lungaca4449.jpeg,0,709
lungaca445.jpeg,0,631
lungaca4450.jpeg,0,578
lungaca4453.jpeg,0,540
lungaca4454.jpeg,0,733
lungaca4455.jpeg,0,539
lungaca4456.jpeg,0,571
lungaca4457.jpeg,0,680
lungaca4458.jpeg,0,558
lungaca4462.jpeg,0,568
lungaca4463.jpeg,0,601
lungaca4464.jpeg,0,601
lungaca4465.jpeg,0,677
lungaca4466.jpeg,0,676
lungaca4468.jpeg,0,741
lungaca4469.jpeg,0,702
lungaca447.jpeg,0,613
lungaca4472.jpeg,0,673
lungaca4474.jpeg,0,636
lungaca4475.jpeg,0,723
lungaca4476.jpeg,0,602
lungaca4477.jpeg,0,520
lungaca4479.jpeg,0,603
lungaca4481.jpeg,0,715
lungaca4484.jpeg,0,570
lungaca4485.jpeg,0,570
lungaca4486.jpeg,0,525
lungaca4487.jpeg,0,745
lungaca4488.jpeg,0,745
lungaca449.jpeg,0,645
lungaca4490.jpeg,0,554
lungaca4491.jpeg,0,514
lungaca4492.jpeg,0,526
lungaca4493.jpeg,0,560
lungaca4494.jpeg,0,560
lungaca4495.jpeg,0,560
lungaca4498.jpeg,0,594
lungaca4499.jpeg,0,690
lungaca450.jpeg,0,562
lungaca4500.jpeg,0,726
lungaca4501.jpeg,0,663
lungaca4505.jpeg,0,634
lungaca4506.jpeg,0,692
lungaca4508.jpeg,0,578
lungaca4509.jpeg,0,590
lungaca4510.jpeg,0,535
lungaca4511.jpeg,0,530
lungaca4512.jpeg,0,530
lungaca4513.jpeg,0,530
lungaca4514.jpeg,0,731
lungaca4515.jpeg,0,733
lungaca4516.jpeg,0,643
lungaca4517.jpeg,0,643
lungaca4518.jpeg,0,669
lungaca4519.jpeg,0,700
lungaca4520.jpeg,0,680
lungaca4521.jpeg,0,542
lungaca4522.jpeg,0,542
lungaca4523.jpeg,0,537
lungaca4524.jpeg,0,576
lungaca4525.jpeg,0,618
lungaca4526.jpeg,0,523
lungaca4527.jpeg,0,677
lungaca4529.jpeg,0,639
lungaca4530.jpeg,0,639
lungaca4532.jpeg,0,562
lungaca4535.jpeg,0,661
lungaca4536.jpeg,0,511
lungaca4537.jpeg,0,511
lungaca4538.jpeg,0,509
lungaca454.jpeg,0,564
lungaca4540.jpeg,0,615
lungaca4541.jpeg,0,622
lungaca4542.jpeg,0,697
lungaca4543.jpeg,0,664
lungaca4544.jpeg,0,522
lungaca4545.jpeg,0,522
lungaca4547.jpeg,0,561
lungaca4548.jpeg,0,658
lungaca4549.jpeg,0,609
lungaca455.jpeg,0,661
lungaca4552.jpeg,0,686
lungaca4553.jpeg,0,686
lungaca4556.jpeg,0,690
lungaca4557.jpeg,0,690
lungaca456.jpeg,0,520
lungaca4560.jpeg,0,687
lungaca4561.jpeg,0,721
lungaca4563.jpeg,0,573
lungaca4565.jpeg,0,655
lungaca4566.jpeg,0,725
lungaca4568.jpeg,0,634
lungaca4569.jpeg,0,634
lungaca457.jpeg,0,593
lungaca4570.jpeg,0,584
lungaca4571.jpeg,0,735
lungaca4573.jpeg,0,647
lungaca4574.jpeg,0,540
lungaca4576.jpeg,0,543
lungaca4578.jpeg,0,618
lungaca4579.jpeg,0,577
lungaca4580.jpeg,0,617
lungaca4581.jpeg,0,662
lungaca4582.jpeg,0,676
lungaca4584.jpeg,0,538
lungaca4585.jpeg,0,538
lungaca4587.jpeg,0,519
lungaca4588.jpeg,0,711
lungaca459.jpeg,0,575
lungaca4591.jpeg,0,637
lungaca4593.jpeg,0,564
lungaca4594.jpeg,0,661
lungaca4595.jpeg,0,508
lungaca4596.jpeg,0,508
lungaca4597.jpeg,0,603
lungaca46.jpeg,0,668
lungaca460.jpeg,0,575
lungaca4600.jpeg,0,612
lungaca4601.jpeg,0,597
lungaca4602.jpeg,0,681
lungaca4603.jpeg,0,608
lungaca4604.jpeg,0,592
lungaca4607.jpeg,0,744
lungaca4608.jpeg,0,525
lungaca4609.jpeg,0,522
lungaca461.jpeg,0,704
lungaca4610.jpeg,0,561
lungaca4611.jpeg,0,641
lungaca4613.jpeg,0,686
lungaca4615.jpeg,0,517
lungaca4618.jpeg,0,594
lungaca462.jpeg,0,704
lungaca4623.jpeg,0,666
lungaca4624.jpeg,0,584
lungaca4625.jpeg,0,512
lungaca4626.jpeg,0,516
lungaca4627.jpeg,0,516
lungaca4629.jpeg,0,733
lungaca463.jpeg,0,534
lungaca4631.jpeg,0,600
lungaca4632.jpeg,0,739
lungaca4633.jpeg,0,707
lungaca4634.jpeg,0,543
lungaca4635.jpeg,0,669
lungaca4636.jpeg,0,640
lungaca464.jpeg,0,712
lungaca4640.jpeg,0,689
lungaca4642.jpeg,0,568
lungaca4643.jpeg,0,599
lungaca4644.jpeg,0,556
lungaca4645.jpeg,0,556
lungaca4646.jpeg,0,639
lungaca4650.jpeg,0,673
lungaca4652.jpeg,0,564
lungaca4653.jpeg,0,511
lungaca4654.jpeg,0,509
lungaca4657.jpeg,0,729
lungaca4658.jpeg,0,622
lungaca466.jpeg,0,701
lungaca4660.jpeg,0,682
lungaca4661.jpeg,0,597
lungaca4663.jpeg,0,570
lungaca4664.jpeg,0,681
lungaca4665.jpeg,0,614
lungaca4666.jpeg,0,525
lungaca4667.jpeg,0,641
lungaca4669.jpeg,0,745
lungaca467.jpeg,0,592
lungaca4671.jpeg,0,544
lungaca4672.jpeg,0,517
lungaca4674.jpeg,0,514
lungaca4676.jpeg,0,560
lungaca4678.jpeg,0,710
lungaca4680.jpeg,0,656
lungaca4681.jpeg,0,721
lungaca4684.jpeg,0,573
lungaca4685.jpeg,0,725
lungaca4686.jpeg,0,666
lungaca4687.jpeg,0,678
lungaca4688.jpeg,0,719
lungaca4692.jpeg,0,626
lungaca4693.jpeg,0,578
lungaca4695.jpeg,0,733
lungaca4696.jpeg,0,733
lungaca4697.jpeg,0,650
lungaca4698.jpeg,0,539
lungaca470.jpeg,0,517
lungaca4700.jpeg,0,700
lungaca4701.jpeg,0,680
lungaca4702.jpeg,0,640
lungaca4706.jpeg,0,539
lungaca4707.jpeg,0,556
lungaca4709.jpeg,0,676
lungaca471.jpeg,0,554
lungaca4710.jpeg,0,627
lungaca4711.jpeg,0,562
lungaca4712.jpeg,0,562
lungaca4713.jpeg,0,723
lungaca4714.jpeg,0,723
lungaca4717.jpeg,0,511
lungaca4718.jpeg,0,615
lungaca4719.jpeg,0,622
lungaca472.jpeg,0,586
lungaca4720.jpeg,0,587
lungaca4721.jpeg,0,575
lungaca4722.jpeg,0,664
lungaca4724.jpeg,0,612
lungaca4725.jpeg,0,597
lungaca4727.jpeg,0,536
lungaca4728.jpeg,0,744
lungaca4729.jpeg,0,609
lungaca473.jpeg,0,586
lungaca4730.jpeg,0,609
lungaca4736.jpeg,0,710
lungaca4737.jpeg,0,528
lungaca4738.jpeg,0,574
lungaca474.jpeg,0,586
lungaca4740.jpeg,0,726
lungaca4742.jpeg,0,585
lungaca4744.jpeg,0,708
lungaca4746.jpeg,0,634
lungaca4747.jpeg,0,719
lungaca475.jpeg,0,710
lungaca4751.jpeg,0,596
lungaca4756.jpeg,0,643
lungaca4757.jpeg,0,643
lungaca4758.jpeg,0,549
lungaca4759.jpeg,0,549
lungaca4761.jpeg,0,527
lungaca4764.jpeg,0,581
lungaca4765.jpeg,0,680
lungaca4768.jpeg,0,689
lungaca4769.jpeg,0,567
lungaca4771.jpeg,0,706
lungaca4772.jpeg,0,631
lungaca4773.jpeg,0,662
lungaca4774.jpeg,0,538
lungaca4775.jpeg,0,702
lungaca4776.jpeg,0,519
lungaca4778.jpeg,0,625
lungaca4779.jpeg,0,730
lungaca4780.jpeg,0,704
lungaca4782.jpeg,0,682
lungaca4785.jpeg,0,534
lungaca4786.jpeg,0,681
lungaca4787.jpeg,0,644
lungaca4788.jpeg,0,608
lungaca4790.jpeg,0,744
lungaca4791.jpeg,0,510
lungaca4792.jpeg,0,658
lungaca4793.jpeg,0,668
lungaca4794.jpeg,0,544
lungaca4797.jpeg,0,687
lungaca4800.jpeg,0,573
lungaca4801.jpeg,0,584
lungaca4803.jpeg,0,675
lungaca4804.jpeg,0,606
lungaca4805.jpeg,0,727
lungaca4806.jpeg,0,607
lungaca4807.jpeg,0,626
lungaca4810.jpeg,0,549
lungaca4811.jpeg,0,720
lungaca4812.jpeg,0,720
lungaca4815.jpeg,0,530
lungaca4819.jpeg,0,549
lungaca482.jpeg,0,695
lungaca4820.jpeg,0,600
lungaca4821.jpeg,0,669
lungaca4824.jpeg,0,588
lungaca4825.jpeg,0,530
lungaca4826.jpeg,0,568
lungaca4827.jpeg,0,577
lungaca4828.jpeg,0,601
lungaca4829.jpeg,0,601
lungaca483.jpeg,0,692
lungaca4830.jpeg,0,617
lungaca4832.jpeg,0,519
lungaca4833.jpeg,0,645
lungaca4837.jpeg,0,729
lungaca4838.jpeg,0,729
lungaca484.jpeg,0,626
lungaca4841.jpeg,0,697
lungaca4842.jpeg,0,612
lungaca4843.jpeg,0,597
lungaca4845.jpeg,0,536
lungaca4847.jpeg,0,614
lungaca4848.jpeg,0,658
lungaca4849.jpeg,0,609
lungaca4851.jpeg,0,544
lungaca4852.jpeg,0,517
lungaca4853.jpeg,0,554
lungaca4854.jpeg,0,526
lungaca4855.jpeg,0,629
lungaca4856.jpeg,0,710
lungaca4859.jpeg,0,663
lungaca4861.jpeg,0,687
lungaca4864.jpeg,0,692
lungaca4865.jpeg,0,584
lungaca4866.jpeg,0,596
lungaca4867.jpeg,0,549
lungaca4868.jpeg,0,647
lungaca4869.jpeg,0,743
lungaca487.jpeg,0,516
lungaca4870.jpeg,0,521
lungaca4871.jpeg,0,521
lungaca4872.jpeg,0,598
lungaca4873.jpeg,0,739
lungaca4875.jpeg,0,669
lungaca4876.jpeg,0,700
lungaca4877.jpeg,0,576
lungaca4878.jpeg,0,568
lungaca4879.jpeg,0,617
lungaca4881.jpeg,0,702
lungaca4884.jpeg,0,637
lungaca4885.jpeg,0,661
lungaca4886.jpeg,0,520
lungaca4889.jpeg,0,729
lungaca489.jpeg,0,643
lungaca4890.jpeg,0,729
lungaca4891.jpeg,0,587
lungaca4892.jpeg,0,575
lungaca4893.jpeg,0,715
lungaca4896.jpeg,0,697
lungaca4897.jpeg,0,682
lungaca4898.jpeg,0,534
lungaca4899.jpeg,0,644
lungaca49.jpeg,0,560
lungaca4900.jpeg,0,592
lungaca4902.jpeg,0,744
lungaca4903.jpeg,0,561
lungaca4907.jpeg,0,686
lungaca4908.jpeg,0,528
lungaca491.jpeg,0,650
lungaca4910.jpeg,0,594
lungaca4912.jpeg,0,532
lungaca4915.jpeg,0,573
lungaca4916.jpeg,0,655
lungaca4917.jpeg,0,655
lungaca4918.jpeg,0,515
lungaca492.jpeg,0,739
lungaca4921.jpeg,0,606
lungaca4922.jpeg,0,633
lungaca4924.jpeg,0,626
lungaca4926.jpeg,0,647
lungaca4927.jpeg,0,743
lungaca4929.jpeg,0,724
lungaca4930.jpeg,0,707
lungaca4931.jpeg,0,669
lungaca4932.jpeg,0,539
lungaca4933.jpeg,0,571
lungaca4934.jpeg,0,571
lungaca4937.jpeg,0,567
lungaca4938.jpeg,0,523
lungaca4939.jpeg,0,677
lungaca494.jpeg,0,539
lungaca4940.jpeg,0,662
lungaca4942.jpeg,0,673
lungaca4945.jpeg,0,602
lungaca495.jpeg,0,640
lungaca4951.jpeg,0,575
lungaca4953.jpeg,0,534
lungaca4954.jpeg,0,712
lungaca4955.jpeg,0,644
lungaca4957.jpeg,0,744
lungaca4958.jpeg,0,614
lungaca496.jpeg,0,558
lungaca4960.jpeg,0,668
lungaca4962.jpeg,0,517
lungaca4965.jpeg,0,554
lungaca4968.jpeg,0,547
lungaca4973.jpeg,0,578
lungaca4974.jpeg,0,549
lungaca4975.jpeg,0,529
lungaca4976.jpeg,0,647
lungaca4977.jpeg,0,724
lungaca4979.jpeg,0,543
lungaca4980.jpeg,0,700
lungaca4981.jpeg,0,640
lungaca4982.jpeg,0,624
lungaca4983.jpeg,0,689
lungaca4984.jpeg,0,530
lungaca4986.jpeg,0,568
lungaca4987.jpeg,0,728
lungaca4989.jpeg,0,631
lungaca499.jpeg,0,537
lungaca4990.jpeg,0,631
lungaca4992.jpeg,0,538
lungaca4993.jpeg,0,519
lungaca4996.jpeg,0,520
lungaca4997.jpeg,0,575
lungaca4998.jpeg,0,715
lungaca5.jpeg,0,614
lungaca50.jpeg,0,528
lungaca500.jpeg,0,576
lungaca501.jpeg,0,530
lungaca502.jpeg,0,601
lungaca503.jpeg,0,696
lungaca504.jpeg,0,741
lungaca505.jpeg,0,639
lungaca506.jpeg,0,702
lungaca507.jpeg,0,613
lungaca508.jpeg,0,645
lungaca509.jpeg,0,562
lungaca510.jpeg,0,625
lungaca511.jpeg,0,637
lungaca514.jpeg,0,511
lungaca515.jpeg,0,520
lungaca516.jpeg,0,615
lungaca517.jpeg,0,704
lungaca519.jpeg,0,570
lungaca520.jpeg,0,592
lungaca522.jpeg,0,614
lungaca523.jpeg,0,510
lungaca524.jpeg,0,522
lungaca525.jpeg,0,674
lungaca526.jpeg,0,668
lungaca527.jpeg,0,517
lungaca528.jpeg,0,554
lungaca53.jpeg,0,594
lungaca530.jpeg,0,560
lungaca531.jpeg,0,656
lungaca533.jpeg,0,678
lungaca534.jpeg,0,515
lungaca535.jpeg,0,584
lungaca536.jpeg,0,512
lungaca537.jpeg,0,719
lungaca538.jpeg,0,719
lungaca539.jpeg,0,596
lungaca54.jpeg,0,585
lungaca541.jpeg,0,732
lungaca544.jpeg,0,647
lungaca546.jpeg,0,530
lungaca547.jpeg,0,724
lungaca548.jpeg,0,669
lungaca550.jpeg,0,680
lungaca551.jpeg,0,680
lungaca552.jpeg,0,558
lungaca553.jpeg,0,624
lungaca554.jpeg,0,624
lungaca555.jpeg,0,588
lungaca556.jpeg,0,588
lungaca56.jpeg,0,655
lungaca563.jpeg,0,568
lungaca564.jpeg,0,728
lungaca566.jpeg,0,599
lungaca567.jpeg,0,677
lungaca568.jpeg,0,556
lungaca569.jpeg,0,662
lungaca57.jpeg,0,695
lungaca570.jpeg,0,741
lungaca572.jpeg,0,564
lungaca573.jpeg,0,587
lungaca575.jpeg,0,704
lungaca576.jpeg,0,534
lungaca577.jpeg,0,681
lungaca579.jpeg,0,644
lungaca58.jpeg,0,512
lungaca580.jpeg,0,644
lungaca581.jpeg,0,648
lungaca582.jpeg,0,614
lungaca585.jpeg,0,561
lungaca586.jpeg,0,609
lungaca590.jpeg,0,747
lungaca592.jpeg,0,586
lungaca594.jpeg,0,690
lungaca598.jpeg,0,735
lungaca599.jpeg,0,735
lungaca6.jpeg,0,561
lungaca60.jpeg,0,626
lungaca600.jpeg,0,675
lungaca601.jpeg,0,607
lungaca604.jpeg,0,590
lungaca605.jpeg,0,529
lungaca607.jpeg,0,521
lungaca608.jpeg,0,731
lungaca609.jpeg,0,731
lungaca61.jpeg,0,549
lungaca610.jpeg,0,650
lungaca614.jpeg,0,588
lungaca616.jpeg,0,531
lungaca62.jpeg,0,549
lungaca621.jpeg,0,662
lungaca623.jpeg,0,538
lungaca624.jpeg,0,627
lungaca625.jpeg,0,583
lungaca627.jpeg,0,702
lungaca628.jpeg,0,711
lungaca629.jpeg,0,723
lungaca633.jpeg,0,509
lungaca634.jpeg,0,603
lungaca636.jpeg,0,622
lungaca637.jpeg,0,591
lungaca638.jpeg,0,587
lungaca639.jpeg,0,715
lungaca64.jpeg,0,516
lungaca641.jpeg,0,682
lungaca642.jpeg,0,682
lungaca644.jpeg,0,570
lungaca645.jpeg,0,644
lungaca647.jpeg,0,536
lungaca648.jpeg,0,641
lungaca650.jpeg,0,544
lungaca652.jpeg,0,554
lungaca653.jpeg,0,514
lungaca655.jpeg,0,594
lungaca658.jpeg,0,692
lungaca66.jpeg,0,739
lungaca660.jpeg,0,735
lungaca661.jpeg,0,607
lungaca663.jpeg,0,709
lungaca664.jpeg,0,578
lungaca665.jpeg,0,549
lungaca666.jpeg,0,720
lungaca670.jpeg,0,683
lungaca672.jpeg,0,600
lungaca673.jpeg,0,543
lungaca674.jpeg,0,581
lungaca675.jpeg,0,539
lungaca676.jpeg,0,576
lungaca678.jpeg,0,706
lungaca679.jpeg,0,577
lungaca68.jpeg,0,539
lungaca680.jpeg,0,556
lungaca682.jpeg,0,676
lungaca683.jpeg,0,583
lungaca684.jpeg,0,583
lungaca685.jpeg,0,741
lungaca686.jpeg,0,702
lungaca687.jpeg,0,673
lungaca688.jpeg,0,645
lungaca689.jpeg,0,564
lungaca690.jpeg,0,520
lungaca691.jpeg,0,593
lungaca693.jpeg,0,622
lungaca695.jpeg,0,587
lungaca696.jpeg,0,575
lungaca697.jpeg,0,704
lungaca698.jpeg,0,612
lungaca699.jpeg,0,597
lungaca7.jpeg,0,561
lungaca700.jpeg,0,608
lungaca702.jpeg,0,614
lungaca703.jpeg,0,510
lungaca704.jpeg,0,609
lungaca705.jpeg,0,641
lungaca709.jpeg,0,585
lungaca71.jpeg,0,567
lungaca711.jpeg,0,532
lungaca717.jpeg,0,695
lungaca72.jpeg,0,576
lungaca720.jpeg,0,708
lungaca721.jpeg,0,634
lungaca722.jpeg,0,584
lungaca723.jpeg,0,633
lungaca724.jpeg,0,535
lungaca727.jpeg,0,724
lungaca728.jpeg,0,707
lungaca729.jpeg,0,714
lungaca73.jpeg,0,728
lungaca730.jpeg,0,571
lungaca731.jpeg,0,558
lungaca735.jpeg,0,530
lungaca736.jpeg,0,618
lungaca737.jpeg,0,706
lungaca738.jpeg,0,662
lungaca739.jpeg,0,583
lungaca74.jpeg,0,728
lungaca740.jpeg,0,583
lungaca741.jpeg,0,702
lungaca743.jpeg,0,636
lungaca745.jpeg,0,520
lungaca746.jpeg,0,591
lungaca748.jpeg,0,587
lungaca75.jpeg,0,577
lungaca751.jpeg,0,697
lungaca752.jpeg,0,570
lungaca753.jpeg,0,681
lungaca754.jpeg,0,614
lungaca756.jpeg,0,525
lungaca758.jpeg,0,609
lungaca76.jpeg,0,631
lungaca760.jpeg,0,745
lungaca764.jpeg,0,554
lungaca765.jpeg,0,554
lungaca766.jpeg,0,526
lungaca767.jpeg,0,560
lungaca77.jpeg,0,631
lungaca771.jpeg,0,687
lungaca772.jpeg,0,687
lungaca775.jpeg,0,708
lungaca776.jpeg,0,607
lungaca777.jpeg,0,647
lungaca779.jpeg,0,734
lungaca780.jpeg,0,643
lungaca781.jpeg,0,650
lungaca782.jpeg,0,724
lungaca783.jpeg,0,707
lungaca786.jpeg,0,567
lungaca787.jpeg,0,567
lungaca788.jpeg,0,567
lungaca79.jpeg,0,662
lungaca790.jpeg,0,539
lungaca792.jpeg,0,599
lungaca793.jpeg,0,599
lungaca796.jpeg,0,662
lungaca797.jpeg,0,538
lungaca798.jpeg,0,583
lungaca80.jpeg,0,625
lungaca801.jpeg,0,661
lungaca803.jpeg,0,622
lungaca804.jpeg,0,591
lungaca805.jpeg,0,664
lungaca806.jpeg,0,712
lungaca807.jpeg,0,608
lungaca808.jpeg,0,592
lungaca809.jpeg,0,648
lungaca810.jpeg,0,648
lungaca811.jpeg,0,648
lungaca814.jpeg,0,747
lungaca816.jpeg,0,554
lungaca817.jpeg,0,514
lungaca818.jpeg,0,691
lungaca82.jpeg,0,723
lungaca823.jpeg,0,690
lungaca825.jpeg,0,532
lungaca826.jpeg,0,573
lungaca827.jpeg,0,655
lungaca828.jpeg,0,725
lungaca829.jpeg,0,692
lungaca830.jpeg,0,515
lungaca831.jpeg,0,606
lungaca832.jpeg,0,633
lungaca833.jpeg,0,596
lungaca834.jpeg,0,590
lungaca835.jpeg,0,590
lungaca84.jpeg,0,602
lungaca840.jpeg,0,683
lungaca842.jpeg,0,542
lungaca843.jpeg,0,588
lungaca844.jpeg,0,531
lungaca849.jpeg,0,583
lungaca850.jpeg,0,741
lungaca851.jpeg,0,519
lungaca854.jpeg,0,564
lungaca855.jpeg,0,661
lungaca858.jpeg,0,722
lungaca86.jpeg,0,508
lungaca861.jpeg,0,575
lungaca863.jpeg,0,681
lungaca865.jpeg,0,744
lungaca866.jpeg,0,522
lungaca868.jpeg,0,668
lungaca87.jpeg,0,511
lungaca870.jpeg,0,691
lungaca871.jpeg,0,691
lungaca872.jpeg,0,528
lungaca873.jpeg,0,656
lungaca875.jpeg,0,721
lungaca876.jpeg,0,573
lungaca877.jpeg,0,695
lungaca878.jpeg,0,565
lungaca879.jpeg,0,725
lungaca88.jpeg,0,511
lungaca880.jpeg,0,666
lungaca881.jpeg,0,512
lungaca882.jpeg,0,606
lungaca883.jpeg,0,709
lungaca886.jpeg,0,590
lungaca887.jpeg,0,743
lungaca888.jpeg,0,516
lungaca89.jpeg,0,593
lungaca892.jpeg,0,739
lungaca893.jpeg,0,724
lungaca895.jpeg,0,543
lungaca896.jpeg,0,542
lungaca898.jpeg,0,689
lungaca899.jpeg,0,567
lungaca9.jpeg,0,609
lungaca90.jpeg,0,603
lungaca901.jpeg,0,576
lungaca903.jpeg,0,728
lungaca904.jpeg,0,601
lungaca905.jpeg,0,538
lungaca906.jpeg,0,639
lungaca907.jpeg,0,702
lungaca908.jpeg,0,519
lungaca909.jpeg,0,519
lungaca91.jpeg,0,603
lungaca910.jpeg,0,562
lungaca913.jpeg,0,602
lungaca914.jpeg,0,602
lungaca917.jpeg,0,615
lungaca918.jpeg,0,722
lungaca919.jpeg,0,587
lungaca920.jpeg,0,575
lungaca922.jpeg,0,664
lungaca923.jpeg,0,664
lungaca925.jpeg,0,614
lungaca926.jpeg,0,510
lungaca928.jpeg,0,745
lungaca929.jpeg,0,668
lungaca930.jpeg,0,514
lungaca931.jpeg,0,710
lungaca933.jpeg,0,690
lungaca934.jpeg,0,726
lungaca940.jpeg,0,655
lungaca941.jpeg,0,565
lungaca942.jpeg,0,666
lungaca944.jpeg,0,512
lungaca945.jpeg,0,512
lungaca946.jpeg,0,727
lungaca948.jpeg,0,709
lungaca949.jpeg,0,529
lungaca950.jpeg,0,720
lungaca951.jpeg,0,650
lungaca952.jpeg,0,600
lungaca953.jpeg,0,669
lungaca955.jpeg,0,542
lungaca956.jpeg,0,542
lungaca959.jpeg,0,689
lungaca96.jpeg,0,587
lungaca960.jpeg,0,689
lungaca963.jpeg,0,618
lungaca964.jpeg,0,568
lungaca965.jpeg,0,728
lungaca966.jpeg,0,631
lungaca967.jpeg,0,696
lungaca969.jpeg,0,723
lungaca971.jpeg,0,508
lungaca973.jpeg,0,622
lungaca974.jpeg,0,722
lungaca977.jpeg,0,570
lungaca978.jpeg,0,701
lungaca980.jpeg,0,561
lungaca981.jpeg,0,658
lungaca982.jpeg,0,658
lungaca985.jpeg,0,668
lungaca986.jpeg,0,668
lungaca987.jpeg,0,544
lungaca988.jpeg,0,686
lungaca99.jpeg,0,704
lungaca990.jpeg,0,517
lungaca991.jpeg,0,586
lungaca993.jpeg,0,690
lungaca994.jpeg,0,690
lungaca996.jpeg,0,687
lungaca999.jpeg,0,719
lungn1.jpeg,1,820
lungn10.jpeg,1,931
lungn100.jpeg,1,910
lungn1000.jpeg,1,823
lungn1004.jpeg,1,953
lungn1005.jpeg,1,953
lungn1006.jpeg,1,953
lungn1007.jpeg,1,931
lungn1008.jpeg,1,931
lungn1010.jpeg,1,783
lungn1011.jpeg,1,984
lungn1012.jpeg,1,855
lungn1015.jpeg,1,784
lungn1016.jpeg,1,784
lungn1017.jpeg,1,917
lungn102.jpeg,1,843
lungn1020.jpeg,1,914
lungn1021.jpeg,1,751
lungn1022.jpeg,1,751
lungn1023.jpeg,1,782
lungn1024.jpeg,1,915
lungn1025.jpeg,1,898
lungn1027.jpeg,1,850
lungn1028.jpeg,1,839
lungn1029.jpeg,1,863
lungn103.jpeg,1,887
lungn1031.jpeg,1,974
lungn1032.jpeg,1,956
lungn1033.jpeg,1,961
lungn1035.jpeg,1,830
lungn1036.jpeg,1,788
lungn1038.jpeg,1,778
lungn1039.jpeg,1,798
lungn104.jpeg,1,995
lungn1040.jpeg,1,971
lungn1041.jpeg,1,918
lungn1043.jpeg,1,750
lungn1044.jpeg,1,888
lungn1045.jpeg,1,775
lungn1048.jpeg,1,954
lungn1049.jpeg,1,878
lungn105.jpeg,1,984
lungn1050.jpeg,1,878
lungn1051.jpeg,1,793
lungn1052.jpeg,1,770
lungn1054.jpeg,1,753
lungn1058.jpeg,1,926
lungn1059.jpeg,1,997
lungn106.jpeg,1,857
lungn1060.jpeg,1,820
lungn1061.jpeg,1,942
lungn1062.jpeg,1,912
lungn1063.jpeg,1,912
lungn1064.jpeg,1,766
lungn1065.jpeg,1,766
lungn1067.jpeg,1,785
lungn1068.jpeg,1,785
lungn107.jpeg,1,784
lungn1071.jpeg,1,768
lungn1072.jpeg,1,910
lungn1073.jpeg,1,836
lungn1075.jpeg,1,763
lungn1079.jpeg,1,828
lungn1080.jpeg,1,984
lungn1082.jpeg,1,937
lungn1083.jpeg,1,941
lungn1084.jpeg,1,936
lungn1085.jpeg,1,795
lungn1086.jpeg,1,755
lungn1088.jpeg,1,774
lungn1089.jpeg,1,898
lungn1092.jpeg,1,826
lungn1093.jpeg,1,904
lungn1095.jpeg,1,780
lungn1096.jpeg,1,801
lungn1097.jpeg,1,769
lungn1099.jpeg,1,867
lungn11.jpeg,1,784
lungn110.jpeg,1,868
lungn1100.jpeg,1,901
lungn1101.jpeg,1,852
lungn1102.jpeg,1,852
lungn1104.jpeg,1,854
lungn1106.jpeg,1,918
lungn1107.jpeg,1,749
lungn1109.jpeg,1,802
lungn1110.jpeg,1,802
lungn1111.jpeg,1,908
lungn1112.jpeg,1,940
lungn1113.jpeg,1,897
lungn1115.jpeg,1,964
lungn1116.jpeg,1,877
lungn1117.jpeg,1,787
lungn1118.jpeg,1,920
lungn1119.jpeg,1,912
lungn1120.jpeg,1,912
lungn1121.jpeg,1,900
lungn1122.jpeg,1,905
lungn1123.jpeg,1,836
lungn1125.jpeg,1,988
lungn1128.jpeg,1,783
lungn1129.jpeg,1,783
lungn1130.jpeg,1,923
lungn1131.jpeg,1,917
lungn1133.jpeg,1,816
lungn1134.jpeg,1,751
lungn1136.jpeg,1,985
lungn1137.jpeg,1,844
lungn1138.jpeg,1,915
lungn114.jpeg,1,827
lungn1140.jpeg,1,827
lungn1141.jpeg,1,847
lungn1142.jpeg,1,777
lungn1143.jpeg,1,822
lungn1144.jpeg,1,780
lungn1145.jpeg,1,880
lungn1146.jpeg,1,769
lungn1147.jpeg,1,859
lungn1148.jpeg,1,781
lungn1149.jpeg,1,792
lungn115.jpeg,1,827
lungn1151.jpeg,1,944
lungn1153.jpeg,1,950
lungn1154.jpeg,1,950
lungn1155.jpeg,1,955
lungn1156.jpeg,1,750
lungn1159.jpeg,1,975
lungn116.jpeg,1,827
lungn1160.jpeg,1,791
lungn1161.jpeg,1,888
lungn1163.jpeg,1,878
lungn1165.jpeg,1,928
lungn1166.jpeg,1,793
lungn1168.jpeg,1,964
lungn1169.jpeg,1,877
lungn1170.jpeg,1,858
lungn1171.jpeg,1,813
lungn1172.jpeg,1,980
lungn1176.jpeg,1,926
lungn1177.jpeg,1,926
lungn1178.jpeg,1,912
lungn1179.jpeg,1,875
lungn118.jpeg,1,777
lungn1180.jpeg,1,772
lungn1181.jpeg,1,927
lungn1182.jpeg,1,900
lungn1183.jpeg,1,900
lungn1184.jpeg,1,823
lungn1185.jpeg,1,921
lungn1189.jpeg,1,803
lungn1190.jpeg,1,803
lungn1193.jpeg,1,759
lungn1194.jpeg,1,783
lungn1195.jpeg,1,884
lungn1196.jpeg,1,995
lungn1198.jpeg,1,760
lungn1199.jpeg,1,941
lungn12.jpeg,1,853
lungn120.jpeg,1,930
lungn1200.jpeg,1,751
lungn1201.jpeg,1,751
lungn1202.jpeg,1,774
lungn1203.jpeg,1,915
lungn1204.jpeg,1,898
lungn1205.jpeg,1,850
lungn1207.jpeg,1,777
lungn1208.jpeg,1,761
lungn1209.jpeg,1,974
lungn121.jpeg,1,790
lungn1210.jpeg,1,925
lungn1211.jpeg,1,925
lungn1212.jpeg,1,846
lungn1216.jpeg,1,990
lungn1217.jpeg,1,854
lungn1218.jpeg,1,944
lungn122.jpeg,1,769
lungn1220.jpeg,1,750
lungn1221.jpeg,1,975
lungn1222.jpeg,1,871
lungn1224.jpeg,1,957
lungn1226.jpeg,1,818
lungn1228.jpeg,1,928
lungn1229.jpeg,1,940
lungn1232.jpeg,1,787
lungn1233.jpeg,1,787
lungn1234.jpeg,1,861
lungn1237.jpeg,1,907
lungn1238.jpeg,1,766
lungn1239.jpeg,1,900
lungn124.jpeg,1,845
lungn1240.jpeg,1,900
lungn1241.jpeg,1,834
lungn1242.jpeg,1,905
lungn1243.jpeg,1,785
lungn1244.jpeg,1,933
lungn1248.jpeg,1,831
lungn1249.jpeg,1,931
lungn125.jpeg,1,788
lungn1251.jpeg,1,783
lungn1252.jpeg,1,970
lungn1253.jpeg,1,891
lungn1259.jpeg,1,985
lungn126.jpeg,1,909
lungn1260.jpeg,1,915
lungn1261.jpeg,1,898
lungn1263.jpeg,1,860
lungn1266.jpeg,1,769
lungn1268.jpeg,1,961
lungn127.jpeg,1,799
lungn1270.jpeg,1,815
lungn1271.jpeg,1,789
lungn1273.jpeg,1,901
lungn1275.jpeg,1,971
lungn1278.jpeg,1,950
lungn128.jpeg,1,799
lungn1280.jpeg,1,762
lungn1281.jpeg,1,762
lungn1282.jpeg,1,902
lungn1283.jpeg,1,902
lungn1284.jpeg,1,871
lungn1287.jpeg,1,912
lungn1288.jpeg,1,883
lungn1289.jpeg,1,954
lungn1290.jpeg,1,940
lungn1292.jpeg,1,897
lungn1293.jpeg,1,897
lungn1294.jpeg,1,753
lungn1298.jpeg,1,862
lungn1299.jpeg,1,919
lungn13.jpeg,1,782
lungn130.jpeg,1,798
lungn1304.jpeg,1,763
lungn1307.jpeg,1,843
lungn1308.jpeg,1,953
lungn1309.jpeg,1,887
lungn131.jpeg,1,798
lungn1310.jpeg,1,884
lungn1311.jpeg,1,760
lungn1312.jpeg,1,914
lungn1313.jpeg,1,755
lungn1314.jpeg,1,751
lungn1316.jpeg,1,808
lungn1317.jpeg,1,808
lungn1318.jpeg,1,827
lungn1319.jpeg,1,865
lungn132.jpeg,1,971
lungn1320.jpeg,1,863
lungn1322.jpeg,1,780
lungn1323.jpeg,1,780
lungn1324.jpeg,1,780
lungn1325.jpeg,1,880
lungn1326.jpeg,1,880
lungn1327.jpeg,1,790
lungn1328.jpeg,1,769
lungn1329.jpeg,1,769
lungn133.jpeg,1,911
lungn1330.jpeg,1,925
lungn1331.jpeg,1,956
lungn1332.jpeg,1,789
lungn1333.jpeg,1,867
lungn1334.jpeg,1,990
lungn1336.jpeg,1,854
lungn1337.jpeg,1,911
lungn1338.jpeg,1,955
lungn1339.jpeg,1,762
lungn134.jpeg,1,871
lungn1340.jpeg,1,750
lungn1341.jpeg,1,913
lungn1342.jpeg,1,888
lungn1343.jpeg,1,888
lungn1344.jpeg,1,775
lungn1345.jpeg,1,908
lungn1346.jpeg,1,954
lungn1347.jpeg,1,976
lungn1348.jpeg,1,940
lungn1349.jpeg,1,858
lungn1350.jpeg,1,813
lungn1351.jpeg,1,787
lungn1358.jpeg,1,907
lungn1359.jpeg,1,907
lungn136.jpeg,1,957
lungn1360.jpeg,1,942
lungn1361.jpeg,1,912
lungn1363.jpeg,1,875
lungn1364.jpeg,1,772
lungn1365.jpeg,1,919
lungn1367.jpeg,1,785
lungn1368.jpeg,1,833
lungn1369.jpeg,1,933
lungn137.jpeg,1,818
lungn1371.jpeg,1,988
lungn1373.jpeg,1,831
lungn1374.jpeg,1,803
lungn1375.jpeg,1,887
lungn1376.jpeg,1,783
lungn138.jpeg,1,817
lungn1383.jpeg,1,937
lungn1384.jpeg,1,941
lungn1386.jpeg,1,853
lungn1387.jpeg,1,774
lungn1389.jpeg,1,844
lungn139.jpeg,1,817
lungn1390.jpeg,1,915
lungn1391.jpeg,1,915
lungn1393.jpeg,1,826
lungn1395.jpeg,1,880
lungn1398.jpeg,1,845
lungn1399.jpeg,1,859
lungn140.jpeg,1,817
lungn1401.jpeg,1,932
lungn1402.jpeg,1,867
lungn1403.jpeg,1,990
lungn1404.jpeg,1,811
lungn1405.jpeg,1,901
lungn1406.jpeg,1,901
lungn141.jpeg,1,973
lungn1410.jpeg,1,971
lungn1412.jpeg,1,911
lungn1413.jpeg,1,959
lungn1414.jpeg,1,902
lungn1415.jpeg,1,802
lungn1418.jpeg,1,817
lungn1419.jpeg,1,753
lungn142.jpeg,1,973
lungn1420.jpeg,1,964
lungn1421.jpeg,1,861
lungn1426.jpeg,1,862
lungn1427.jpeg,1,772
lungn1428.jpeg,1,927
lungn1429.jpeg,1,834
lungn1430.jpeg,1,768
lungn1432.jpeg,1,906
lungn1433.jpeg,1,962
lungn1436.jpeg,1,884
lungn1437.jpeg,1,984
lungn1438.jpeg,1,760
lungn144.jpeg,1,753
lungn1440.jpeg,1,764
lungn1441.jpeg,1,816
lungn1442.jpeg,1,816
lungn1445.jpeg,1,985
lungn1446.jpeg,1,985
lungn1448.jpeg,1,827
lungn1449.jpeg,1,827
lungn1450.jpeg,1,860
lungn1452.jpeg,1,974
lungn1453.jpeg,1,804
lungn1454.jpeg,1,859
lungn1455.jpeg,1,856
lungn1456.jpeg,1,882
lungn1458.jpeg,1,815
lungn1459.jpeg,1,932
lungn1460.jpeg,1,765
lungn1461.jpeg,1,776
lungn1462.jpeg,1,990
lungn1463.jpeg,1,799
lungn1464.jpeg,1,799
lungn1465.jpeg,1,966
lungn1466.jpeg,1,971
lungn1467.jpeg,1,876
lungn1468.jpeg,1,750
lungn1469.jpeg,1,975
lungn147.jpeg,1,861
lungn1470.jpeg,1,791
lungn1471.jpeg,1,913
lungn1472.jpeg,1,775
lungn1474.jpeg,1,976
lungn1475.jpeg,1,770
lungn1476.jpeg,1,897
lungn1478.jpeg,1,964
lungn148.jpeg,1,952
lungn1481.jpeg,1,994
lungn1482.jpeg,1,771
lungn1484.jpeg,1,834
lungn1485.jpeg,1,989
lungn1486.jpeg,1,978
lungn1487.jpeg,1,910
lungn1488.jpeg,1,910
lungn149.jpeg,1,952
lungn1495.jpeg,1,759
lungn1497.jpeg,1,884
lungn1498.jpeg,1,857
lungn1499.jpeg,1,891
lungn15.jpeg,1,850
lungn1500.jpeg,1,923
lungn1502.jpeg,1,844
lungn1503.jpeg,1,844
lungn1507.jpeg,1,865
lungn1509.jpeg,1,930
lungn151.jpeg,1,926
lungn1510.jpeg,1,930
lungn1512.jpeg,1,769
lungn1514.jpeg,1,894
lungn1515.jpeg,1,894
lungn1516.jpeg,1,845
lungn1517.jpeg,1,859
lungn1518.jpeg,1,859
lungn1519.jpeg,1,830
lungn1520.jpeg,1,815
lungn1521.jpeg,1,788
lungn1522.jpeg,1,788
lungn1523.jpeg,1,778
lungn1524.jpeg,1,867
lungn1525.jpeg,1,799
lungn1528.jpeg,1,918
lungn1529.jpeg,1,876
lungn1533.jpeg,1,957
lungn1535.jpeg,1,802
lungn1536.jpeg,1,908
lungn1537.jpeg,1,976
lungn1538.jpeg,1,903
lungn1539.jpeg,1,903
lungn154.jpeg,1,942
lungn1540.jpeg,1,928
lungn1541.jpeg,1,980
lungn1542.jpeg,1,997
lungn1543.jpeg,1,820
lungn1545.jpeg,1,942
lungn1546.jpeg,1,771
lungn1547.jpeg,1,836
lungn1548.jpeg,1,763
lungn1549.jpeg,1,962
lungn155.jpeg,1,771
lungn1552.jpeg,1,831
lungn1553.jpeg,1,843
lungn1554.jpeg,1,953
lungn1556.jpeg,1,759
lungn1557.jpeg,1,759
lungn1558.jpeg,1,970
lungn1559.jpeg,1,884
lungn156.jpeg,1,834
lungn1561.jpeg,1,784
lungn1562.jpeg,1,923
lungn1563.jpeg,1,795
lungn1564.jpeg,1,755
lungn1565.jpeg,1,868
lungn1566.jpeg,1,893
lungn1567.jpeg,1,808
lungn1568.jpeg,1,808
lungn1569.jpeg,1,782
lungn1571.jpeg,1,758
lungn1572.jpeg,1,850
lungn1573.jpeg,1,826
lungn1574.jpeg,1,939
lungn1575.jpeg,1,847
lungn1576.jpeg,1,847
lungn1578.jpeg,1,839
lungn1579.jpeg,1,839
lungn1580.jpeg,1,790
lungn1581.jpeg,1,859
lungn1582.jpeg,1,856
lungn1583.jpeg,1,788
lungn1584.jpeg,1,792
lungn1585.jpeg,1,792
lungn1587.jpeg,1,776
lungn1588.jpeg,1,901
lungn1589.jpeg,1,901
lungn159.jpeg,1,823
lungn1591.jpeg,1,798
lungn1592.jpeg,1,950
lungn1593.jpeg,1,911
lungn1594.jpeg,1,918
lungn1595.jpeg,1,902
lungn1596.jpeg,1,871
lungn1597.jpeg,1,775
lungn1598.jpeg,1,818
lungn1599.jpeg,1,954
lungn160.jpeg,1,978
lungn1600.jpeg,1,973
lungn1601.jpeg,1,940
lungn1608.jpeg,1,912
lungn1609.jpeg,1,772
lungn161.jpeg,1,836
lungn1610.jpeg,1,927
lungn1611.jpeg,1,919
lungn1615.jpeg,1,989
lungn1616.jpeg,1,768
lungn1617.jpeg,1,836
lungn1619.jpeg,1,763
lungn1620.jpeg,1,906
lungn1623.jpeg,1,843
lungn1624.jpeg,1,953
lungn1625.jpeg,1,898
lungn1626.jpeg,1,826
lungn1627.jpeg,1,826
lungn1628.jpeg,1,827
lungn163.jpeg,1,763
lungn1632.jpeg,1,930
lungn1633.jpeg,1,769
lungn1634.jpeg,1,894
lungn1635.jpeg,1,846
lungn1636.jpeg,1,856
lungn1637.jpeg,1,781
lungn1638.jpeg,1,781
lungn1639.jpeg,1,867
lungn164.jpeg,1,906
lungn1640.jpeg,1,909
lungn1641.jpeg,1,990
lungn1642.jpeg,1,901
lungn1645.jpeg,1,854
lungn1646.jpeg,1,854
lungn1647.jpeg,1,996
lungn1648.jpeg,1,762
lungn1649.jpeg,1,871
lungn1650.jpeg,1,888
lungn1652.jpeg,1,802
lungn1655.jpeg,1,973
lungn1656.jpeg,1,973
lungn1657.jpeg,1,793
lungn1658.jpeg,1,897
lungn1659.jpeg,1,813
lungn166.jpeg,1,760
lungn1660.jpeg,1,980
lungn1661.jpeg,1,787
lungn1662.jpeg,1,787
lungn1664.jpeg,1,926
lungn1665.jpeg,1,912
lungn1666.jpeg,1,772
lungn1669.jpeg,1,962
lungn167.jpeg,1,764
lungn1671.jpeg,1,953
lungn1672.jpeg,1,931
lungn1674.jpeg,1,970
lungn1675.jpeg,1,828
lungn1677.jpeg,1,857
lungn1678.jpeg,1,857
lungn1679.jpeg,1,760
lungn168.jpeg,1,751
lungn1680.jpeg,1,853
lungn1681.jpeg,1,853
lungn1682.jpeg,1,755
lungn1684.jpeg,1,751
lungn1685.jpeg,1,751
lungn1686.jpeg,1,985
lungn1687.jpeg,1,808
lungn1688.jpeg,1,808
lungn1690.jpeg,1,758
lungn1691.jpeg,1,860
lungn1692.jpeg,1,939
lungn1693.jpeg,1,939
lungn1694.jpeg,1,865
lungn1695.jpeg,1,865
lungn1696.jpeg,1,974
lungn1697.jpeg,1,925
lungn1698.jpeg,1,956
lungn17.jpeg,1,860
lungn170.jpeg,1,929
lungn1700.jpeg,1,894
lungn1701.jpeg,1,845
lungn1704.jpeg,1,990
lungn1707.jpeg,1,944
lungn1708.jpeg,1,996
lungn1709.jpeg,1,950
lungn1710.jpeg,1,876
lungn1712.jpeg,1,819
lungn1718.jpeg,1,793
lungn1719.jpeg,1,770
lungn172.jpeg,1,782
lungn1720.jpeg,1,770
lungn1721.jpeg,1,897
lungn1723.jpeg,1,813
lungn1724.jpeg,1,980
lungn1725.jpeg,1,952
lungn1726.jpeg,1,926
lungn1727.jpeg,1,820
lungn1729.jpeg,1,875
lungn173.jpeg,1,898
lungn1730.jpeg,1,772
lungn1731.jpeg,1,834
lungn1732.jpeg,1,919
lungn1734.jpeg,1,833
lungn1738.jpeg,1,836
lungn1744.jpeg,1,884
lungn1745.jpeg,1,995
lungn1746.jpeg,1,828
lungn1747.jpeg,1,855
lungn1748.jpeg,1,891
lungn1749.jpeg,1,891
lungn175.jpeg,1,826
lungn1750.jpeg,1,795
lungn1751.jpeg,1,751
lungn1752.jpeg,1,929
lungn1753.jpeg,1,808
lungn1754.jpeg,1,808
lungn1755.jpeg,1,782
lungn1756.jpeg,1,915
lungn1757.jpeg,1,915
lungn1758.jpeg,1,898
lungn1759.jpeg,1,850
lungn1764.jpeg,1,925
lungn1767.jpeg,1,846
lungn1768.jpeg,1,859
lungn1769.jpeg,1,815
lungn177.jpeg,1,761
lungn1770.jpeg,1,792
lungn1771.jpeg,1,778
lungn1772.jpeg,1,765
lungn1774.jpeg,1,966
lungn1775.jpeg,1,911
lungn1776.jpeg,1,876
lungn1777.jpeg,1,749
lungn178.jpeg,1,956
lungn1780.jpeg,1,912
lungn1781.jpeg,1,802
lungn1783.jpeg,1,903
lungn1784.jpeg,1,753
lungn1785.jpeg,1,858
lungn1786.jpeg,1,952
lungn1788.jpeg,1,942
lungn1789.jpeg,1,912
lungn179.jpeg,1,956
lungn1790.jpeg,1,766
lungn1791.jpeg,1,875
lungn1792.jpeg,1,875
lungn1793.jpeg,1,772
lungn1794.jpeg,1,927
lungn1795.jpeg,1,848
lungn1796.jpeg,1,921
lungn1799.jpeg,1,931
lungn18.jpeg,1,847
lungn1801.jpeg,1,828
lungn1802.jpeg,1,917
lungn1803.jpeg,1,760
lungn1804.jpeg,1,914
lungn1805.jpeg,1,941
lungn1806.jpeg,1,774
lungn1807.jpeg,1,929
lungn1808.jpeg,1,893
lungn1811.jpeg,1,863
lungn1813.jpeg,1,974
lungn1814.jpeg,1,780
lungn1815.jpeg,1,880
lungn1816.jpeg,1,880
lungn1817.jpeg,1,930
lungn182.jpeg,1,856
lungn1820.jpeg,1,804
lungn1823.jpeg,1,932
lungn1824.jpeg,1,867
lungn1825.jpeg,1,971
lungn1827.jpeg,1,959
lungn1828.jpeg,1,750
lungn1829.jpeg,1,902
lungn1830.jpeg,1,975
lungn1831.jpeg,1,975
lungn1832.jpeg,1,912
lungn1834.jpeg,1,903
lungn1835.jpeg,1,903
lungn1836.jpeg,1,928
lungn1837.jpeg,1,940
lungn1838.jpeg,1,753
lungn1839.jpeg,1,877
lungn1840.jpeg,1,877
lungn1842.jpeg,1,813
lungn1844.jpeg,1,986
lungn1846.jpeg,1,862
lungn1848.jpeg,1,772
lungn1849.jpeg,1,905
lungn185.jpeg,1,882
lungn1850.jpeg,1,785
lungn1851.jpeg,1,785
lungn1852.jpeg,1,823
lungn1853.jpeg,1,823
lungn1854.jpeg,1,836
lungn1855.jpeg,1,896
lungn1856.jpeg,1,896
lungn1859.jpeg,1,843
lungn1860.jpeg,1,887
lungn1861.jpeg,1,828
lungn1862.jpeg,1,941
lungn1863.jpeg,1,795
lungn1864.jpeg,1,844
lungn1865.jpeg,1,915
lungn1866.jpeg,1,915
lungn1868.jpeg,1,904
lungn187.jpeg,1,789
lungn1871.jpeg,1,801
lungn1872.jpeg,1,845
lungn1873.jpeg,1,856
lungn1874.jpeg,1,856
lungn1875.jpeg,1,932
lungn1876.jpeg,1,792
lungn1879.jpeg,1,854
lungn1880.jpeg,1,966
lungn1881.jpeg,1,966
lungn1882.jpeg,1,966
lungn1883.jpeg,1,966
lungn1884.jpeg,1,798
lungn1885.jpeg,1,950
lungn1886.jpeg,1,918
lungn1887.jpeg,1,918
lungn1888.jpeg,1,762
lungn1889.jpeg,1,902
lungn1890.jpeg,1,913
lungn1892.jpeg,1,775
lungn1893.jpeg,1,818
lungn1896.jpeg,1,928
lungn1897.jpeg,1,940
lungn1898.jpeg,1,770
lungn1899.jpeg,1,858
lungn19.jpeg,1,974
lungn190.jpeg,1,811
lungn1900.jpeg,1,858
lungn1902.jpeg,1,861
lungn1905.jpeg,1,772
lungn1906.jpeg,1,919
lungn191.jpeg,1,901
lungn1910.jpeg,1,833
lungn1912.jpeg,1,962
lungn1915.jpeg,1,884
lungn1916.jpeg,1,855
lungn1918.jpeg,1,857
lungn1919.jpeg,1,923
lungn1920.jpeg,1,917
lungn1922.jpeg,1,795
lungn1924.jpeg,1,985
lungn1925.jpeg,1,774
lungn1927.jpeg,1,844
lungn1928.jpeg,1,893
lungn1929.jpeg,1,808
lungn1930.jpeg,1,915
lungn1932.jpeg,1,850
lungn1935.jpeg,1,925
lungn1936.jpeg,1,961
lungn1937.jpeg,1,961
lungn1938.jpeg,1,846
lungn1939.jpeg,1,859
lungn1940.jpeg,1,859
lungn1941.jpeg,1,830
lungn1942.jpeg,1,830
lungn1943.jpeg,1,788
lungn1944.jpeg,1,781
lungn1946.jpeg,1,778
lungn1947.jpeg,1,778
lungn1948.jpeg,1,811
lungn1949.jpeg,1,950
lungn195.jpeg,1,996
lungn1950.jpeg,1,955
lungn1951.jpeg,1,876
lungn1952.jpeg,1,762
lungn1955.jpeg,1,888
lungn1956.jpeg,1,888
lungn1957.jpeg,1,775
lungn1958.jpeg,1,912
lungn1959.jpeg,1,818
lungn1960.jpeg,1,954
lungn1964.jpeg,1,813
lungn1965.jpeg,1,920
lungn1966.jpeg,1,862
lungn1967.jpeg,1,766
lungn1969.jpeg,1,875
lungn197.jpeg,1,791
lungn1970.jpeg,1,994
lungn1971.jpeg,1,771
lungn1972.jpeg,1,834
lungn1973.jpeg,1,905
lungn1977.jpeg,1,933
lungn1978.jpeg,1,768
lungn1979.jpeg,1,836
lungn198.jpeg,1,871
lungn1981.jpeg,1,843
lungn1983.jpeg,1,970
lungn1984.jpeg,1,884
lungn1985.jpeg,1,984
lungn1986.jpeg,1,855
lungn1988.jpeg,1,891
lungn199.jpeg,1,913
lungn1990.jpeg,1,764
lungn1991.jpeg,1,816
lungn1993.jpeg,1,985
lungn1994.jpeg,1,929
lungn1996.jpeg,1,893
lungn1997.jpeg,1,782
lungn1998.jpeg,1,898
lungn1999.jpeg,1,827
lungn20.jpeg,1,765
lungn2002.jpeg,1,822
lungn2003.jpeg,1,822
lungn2004.jpeg,1,930
lungn2005.jpeg,1,846
lungn2006.jpeg,1,846
lungn2007.jpeg,1,856
lungn2009.jpeg,1,781
lungn201.jpeg,1,883
lungn2011.jpeg,1,990
lungn2015.jpeg,1,762
lungn2018.jpeg,1,897
lungn2019.jpeg,1,964
lungn202.jpeg,1,954
lungn2022.jpeg,1,912
lungn2029.jpeg,1,978
lungn203.jpeg,1,928
lungn2030.jpeg,1,763
lungn2031.jpeg,1,896
lungn2032.jpeg,1,896
lungn2033.jpeg,1,906
lungn2034.jpeg,1,962
lungn2036.jpeg,1,953
lungn2037.jpeg,1,953
lungn2038.jpeg,1,953
lungn204.jpeg,1,770
lungn2040.jpeg,1,759
lungn2041.jpeg,1,759
lungn2043.jpeg,1,828
lungn2044.jpeg,1,760
lungn2045.jpeg,1,764
lungn2046.jpeg,1,853
lungn2047.jpeg,1,936
lungn2048.jpeg,1,755
lungn2049.jpeg,1,985
lungn2050.jpeg,1,774
lungn2051.jpeg,1,868
lungn2052.jpeg,1,929
lungn2054.jpeg,1,844
lungn2055.jpeg,1,844
lungn2056.jpeg,1,893
lungn2057.jpeg,1,808
lungn2059.jpeg,1,758
lungn206.jpeg,1,858
lungn2060.jpeg,1,758
lungn2061.jpeg,1,860
lungn2063.jpeg,1,863
lungn2064.jpeg,1,974
lungn2065.jpeg,1,780
lungn2066.jpeg,1,769
lungn2067.jpeg,1,769
lungn2068.jpeg,1,925
lungn2069.jpeg,1,830
lungn207.jpeg,1,787
lungn2070.jpeg,1,788
lungn2071.jpeg,1,789
lungn2072.jpeg,1,778
lungn2074.jpeg,1,811
lungn2077.jpeg,1,854
lungn2078.jpeg,1,798
lungn2079.jpeg,1,971
lungn2082.jpeg,1,959
lungn2083.jpeg,1,876
lungn2084.jpeg,1,750
lungn2086.jpeg,1,975
lungn2087.jpeg,1,957
lungn2088.jpeg,1,775
lungn2090.jpeg,1,818
lungn2091.jpeg,1,883
lungn2092.jpeg,1,817
lungn2093.jpeg,1,954
lungn2094.jpeg,1,878
lungn2095.jpeg,1,770
lungn2096.jpeg,1,770
lungn2097.jpeg,1,861
lungn2098.jpeg,1,848
lungn21.jpeg,1,799
lungn2103.jpeg,1,763
lungn2107.jpeg,1,931
lungn2109.jpeg,1,828
lungn211.jpeg,1,905
lungn2110.jpeg,1,984
lungn2111.jpeg,1,816
lungn2112.jpeg,1,985
lungn2113.jpeg,1,774
lungn2114.jpeg,1,774
lungn2115.jpeg,1,844
lungn2116.jpeg,1,808
lungn2117.jpeg,1,808
lungn2118.jpeg,1,904
lungn2122.jpeg,1,822
lungn2123.jpeg,1,761
lungn2124.jpeg,1,761
lungn2125.jpeg,1,780
lungn2126.jpeg,1,880
lungn2127.jpeg,1,804
lungn2128.jpeg,1,894
lungn2129.jpeg,1,845
lungn213.jpeg,1,823
lungn2131.jpeg,1,867
lungn2132.jpeg,1,776
lungn2133.jpeg,1,811
lungn2134.jpeg,1,901
lungn2136.jpeg,1,911
lungn2137.jpeg,1,918
lungn2138.jpeg,1,955
lungn2139.jpeg,1,750
lungn214.jpeg,1,910
lungn2142.jpeg,1,902
lungn2143.jpeg,1,749
lungn2144.jpeg,1,888
lungn2145.jpeg,1,802
lungn215.jpeg,1,910
lungn2152.jpeg,1,986
lungn2153.jpeg,1,942
lungn2154.jpeg,1,766
lungn2155.jpeg,1,766
lungn2156.jpeg,1,771
lungn2157.jpeg,1,919
lungn216.jpeg,1,906
lungn2160.jpeg,1,981
lungn2161.jpeg,1,823
lungn2163.jpeg,1,921
lungn2164.jpeg,1,768
lungn2165.jpeg,1,978
lungn2167.jpeg,1,803
lungn2168.jpeg,1,759
lungn2169.jpeg,1,783
lungn217.jpeg,1,783
lungn2170.jpeg,1,855
lungn2171.jpeg,1,917
lungn2172.jpeg,1,917
lungn2174.jpeg,1,764
lungn2175.jpeg,1,764
lungn2176.jpeg,1,844
lungn2178.jpeg,1,963
lungn2179.jpeg,1,898
lungn218.jpeg,1,984
lungn2182.jpeg,1,939
lungn2185.jpeg,1,822
lungn2187.jpeg,1,925
lungn2188.jpeg,1,925
lungn2189.jpeg,1,859
lungn219.jpeg,1,891
lungn2190.jpeg,1,882
lungn2191.jpeg,1,778
lungn2192.jpeg,1,867
lungn2194.jpeg,1,852
lungn2195.jpeg,1,852
lungn2197.jpeg,1,950
lungn2198.jpeg,1,918
lungn220.jpeg,1,784
lungn2201.jpeg,1,912
lungn2202.jpeg,1,818
lungn2203.jpeg,1,908
lungn2206.jpeg,1,928
lungn2207.jpeg,1,940
lungn221.jpeg,1,816
lungn2211.jpeg,1,862
lungn2213.jpeg,1,848
lungn2214.jpeg,1,900
lungn2216.jpeg,1,785
lungn2219.jpeg,1,823
lungn222.jpeg,1,985
lungn2220.jpeg,1,989
lungn2221.jpeg,1,768
lungn2222.jpeg,1,910
lungn2224.jpeg,1,803
lungn2225.jpeg,1,803
lungn2226.jpeg,1,855
lungn2227.jpeg,1,760
lungn2229.jpeg,1,936
lungn223.jpeg,1,868
lungn2230.jpeg,1,816
lungn2231.jpeg,1,795
lungn2232.jpeg,1,782
lungn2236.jpeg,1,904
lungn2237.jpeg,1,904
lungn2239.jpeg,1,939
lungn224.jpeg,1,929
lungn2241.jpeg,1,863
lungn2243.jpeg,1,956
lungn2244.jpeg,1,956
lungn2245.jpeg,1,894
lungn2246.jpeg,1,845
lungn2247.jpeg,1,856
lungn2248.jpeg,1,882
lungn2249.jpeg,1,792
lungn225.jpeg,1,782
lungn2252.jpeg,1,776
lungn2253.jpeg,1,776
lungn2254.jpeg,1,852
lungn2255.jpeg,1,911
lungn2256.jpeg,1,749
lungn2257.jpeg,1,888
lungn226.jpeg,1,939
lungn2260.jpeg,1,818
lungn2261.jpeg,1,818
lungn2262.jpeg,1,908
lungn2263.jpeg,1,976
lungn2266.jpeg,1,903
lungn2267.jpeg,1,877
lungn2268.jpeg,1,858
lungn2269.jpeg,1,813
lungn227.jpeg,1,865
lungn2270.jpeg,1,787
lungn2271.jpeg,1,926
lungn2272.jpeg,1,766
lungn2273.jpeg,1,848
lungn2274.jpeg,1,994
lungn2275.jpeg,1,919
lungn2277.jpeg,1,833
lungn2278.jpeg,1,823
lungn2280.jpeg,1,988
lungn2281.jpeg,1,962
lungn2282.jpeg,1,962
lungn2283.jpeg,1,803
lungn2285.jpeg,1,970
lungn2287.jpeg,1,857
lungn2288.jpeg,1,784
lungn2289.jpeg,1,914
lungn229.jpeg,1,863
lungn2290.jpeg,1,941
lungn2291.jpeg,1,853
lungn2292.jpeg,1,795
lungn2294.jpeg,1,985
lungn2295.jpeg,1,985
lungn2296.jpeg,1,893
lungn2297.jpeg,1,758
lungn2299.jpeg,1,839
lungn23.jpeg,1,811
lungn2300.jpeg,1,863
lungn2301.jpeg,1,777
lungn2302.jpeg,1,780
lungn2303.jpeg,1,880
lungn2304.jpeg,1,880
lungn2305.jpeg,1,769
lungn2306.jpeg,1,804
lungn2307.jpeg,1,932
lungn2308.jpeg,1,792
lungn2309.jpeg,1,778
lungn231.jpeg,1,761
lungn2315.jpeg,1,911
lungn2316.jpeg,1,902
lungn232.jpeg,1,780
lungn2322.jpeg,1,908
lungn2325.jpeg,1,817
lungn2327.jpeg,1,928
lungn2328.jpeg,1,793
lungn2329.jpeg,1,877
lungn2331.jpeg,1,952
lungn2333.jpeg,1,977
lungn2334.jpeg,1,862
lungn2335.jpeg,1,927
lungn2336.jpeg,1,771
lungn234.jpeg,1,801
lungn2340.jpeg,1,833
lungn2341.jpeg,1,896
lungn2342.jpeg,1,962
lungn2343.jpeg,1,953
lungn2344.jpeg,1,783
lungn2347.jpeg,1,891
lungn2350.jpeg,1,808
lungn2351.jpeg,1,782
lungn2352.jpeg,1,915
lungn2354.jpeg,1,850
lungn2358.jpeg,1,822
lungn236.jpeg,1,894
lungn2360.jpeg,1,780
lungn2361.jpeg,1,780
lungn2362.jpeg,1,880
lungn2363.jpeg,1,790
lungn2364.jpeg,1,804
lungn2365.jpeg,1,956
lungn2368.jpeg,1,788
lungn2369.jpeg,1,789
lungn237.jpeg,1,894
lungn2370.jpeg,1,789
lungn2371.jpeg,1,776
lungn2375.jpeg,1,944
lungn2376.jpeg,1,911
lungn2377.jpeg,1,955
lungn2378.jpeg,1,762
lungn2379.jpeg,1,883
lungn238.jpeg,1,815
lungn2380.jpeg,1,817
lungn2382.jpeg,1,793
lungn2383.jpeg,1,940
lungn2384.jpeg,1,753
lungn2386.jpeg,1,877
lungn239.jpeg,1,778
lungn2392.jpeg,1,907
lungn2394.jpeg,1,771
lungn2397.jpeg,1,823
lungn2398.jpeg,1,836
lungn2399.jpeg,1,896
lungn240.jpeg,1,765
lungn2400.jpeg,1,896
lungn2401.jpeg,1,962
lungn2403.jpeg,1,831
lungn2404.jpeg,1,759
lungn2405.jpeg,1,759
lungn2406.jpeg,1,828
lungn2409.jpeg,1,857
lungn2410.jpeg,1,891
lungn2411.jpeg,1,937
lungn2412.jpeg,1,795
lungn2413.jpeg,1,755
lungn2414.jpeg,1,868
lungn2415.jpeg,1,893
lungn2417.jpeg,1,963
lungn2418.jpeg,1,898
lungn2419.jpeg,1,898
lungn2424.jpeg,1,847
lungn2426.jpeg,1,839
lungn2429.jpeg,1,880
lungn243.jpeg,1,966
lungn2430.jpeg,1,956
lungn2431.jpeg,1,882
lungn2432.jpeg,1,815
lungn2435.jpeg,1,867
lungn2436.jpeg,1,990
lungn2437.jpeg,1,811
lungn2439.jpeg,1,966
lungn2440.jpeg,1,971
lungn2441.jpeg,1,959
lungn2442.jpeg,1,876
lungn2443.jpeg,1,750
lungn2444.jpeg,1,912
lungn2446.jpeg,1,753
lungn2447.jpeg,1,787
lungn2448.jpeg,1,920
lungn2449.jpeg,1,861
lungn2450.jpeg,1,861
lungn2451.jpeg,1,926
lungn2452.jpeg,1,926
lungn2453.jpeg,1,986
lungn2456.jpeg,1,919
lungn2457.jpeg,1,905
lungn2458.jpeg,1,905
lungn2459.jpeg,1,921
lungn246.jpeg,1,996
lungn2460.jpeg,1,989
lungn2461.jpeg,1,768
lungn2462.jpeg,1,836
lungn2463.jpeg,1,763
lungn2464.jpeg,1,896
lungn2468.jpeg,1,759
lungn2469.jpeg,1,828
lungn247.jpeg,1,959
lungn2472.jpeg,1,917
lungn2474.jpeg,1,937
lungn2475.jpeg,1,941
lungn2476.jpeg,1,795
lungn2478.jpeg,1,929
lungn2479.jpeg,1,782
lungn248.jpeg,1,750
lungn2480.jpeg,1,782
lungn2481.jpeg,1,915
lungn2482.jpeg,1,827
lungn2483.jpeg,1,939
lungn2488.jpeg,1,804
lungn249.jpeg,1,819
lungn2490.jpeg,1,894
lungn2491.jpeg,1,856
lungn2494.jpeg,1,830
lungn2495.jpeg,1,830
lungn2496.jpeg,1,792
lungn2497.jpeg,1,867
lungn2498.jpeg,1,909
lungn2499.jpeg,1,955
lungn25.jpeg,1,944
lungn250.jpeg,1,819
lungn2500.jpeg,1,876
lungn2501.jpeg,1,750
lungn2503.jpeg,1,791
lungn2504.jpeg,1,775
lungn2505.jpeg,1,912
lungn2508.jpeg,1,973
lungn2509.jpeg,1,770
lungn2512.jpeg,1,877
lungn2516.jpeg,1,820
lungn2517.jpeg,1,942
lungn2518.jpeg,1,766
lungn2519.jpeg,1,848
lungn2520.jpeg,1,785
lungn2521.jpeg,1,833
lungn2523.jpeg,1,763
lungn2524.jpeg,1,906
lungn2525.jpeg,1,962
lungn2526.jpeg,1,831
lungn2527.jpeg,1,843
lungn2529.jpeg,1,970
lungn2530.jpeg,1,828
lungn2531.jpeg,1,855
lungn2532.jpeg,1,855
lungn2534.jpeg,1,923
lungn2536.jpeg,1,755
lungn2538.jpeg,1,985
lungn2539.jpeg,1,782
lungn254.jpeg,1,818
lungn2541.jpeg,1,850
lungn2542.jpeg,1,860
lungn2543.jpeg,1,860
lungn2544.jpeg,1,860
lungn2547.jpeg,1,847
lungn2549.jpeg,1,865
lungn2551.jpeg,1,761
lungn2552.jpeg,1,880
lungn2556.jpeg,1,789
lungn2557.jpeg,1,901
lungn256.jpeg,1,883
lungn2560.jpeg,1,918
lungn2561.jpeg,1,918
lungn2562.jpeg,1,762
lungn2564.jpeg,1,749
lungn2565.jpeg,1,791
lungn2567.jpeg,1,976
lungn2569.jpeg,1,753
lungn257.jpeg,1,954
lungn2570.jpeg,1,920
lungn2574.jpeg,1,942
lungn2576.jpeg,1,766
lungn2577.jpeg,1,905
lungn2578.jpeg,1,981
lungn2579.jpeg,1,981
lungn2580.jpeg,1,768
lungn2581.jpeg,1,768
lungn2582.jpeg,1,768
lungn2583.jpeg,1,836
lungn2587.jpeg,1,843
lungn2591.jpeg,1,970
lungn2592.jpeg,1,995
lungn2593.jpeg,1,891
lungn2594.jpeg,1,937
lungn2595.jpeg,1,751
lungn2596.jpeg,1,774
lungn2598.jpeg,1,844
lungn2599.jpeg,1,963
lungn260.jpeg,1,964
lungn2600.jpeg,1,827
lungn2603.jpeg,1,839
lungn2605.jpeg,1,761
lungn2606.jpeg,1,761
lungn2607.jpeg,1,790
lungn2608.jpeg,1,790
lungn2609.jpeg,1,925
lungn261.jpeg,1,920
lungn2610.jpeg,1,804
lungn2612.jpeg,1,846
lungn2613.jpeg,1,856
lungn2614.jpeg,1,830
lungn2617.jpeg,1,901
lungn2618.jpeg,1,854
lungn2619.jpeg,1,944
lungn2620.jpeg,1,798
lungn2621.jpeg,1,971
lungn2622.jpeg,1,971
lungn2623.jpeg,1,959
lungn2624.jpeg,1,876
lungn2626.jpeg,1,902
lungn2628.jpeg,1,957
lungn263.jpeg,1,861
lungn2631.jpeg,1,940
lungn2632.jpeg,1,753
lungn2634.jpeg,1,861
lungn2637.jpeg,1,862
lungn2638.jpeg,1,834
lungn2639.jpeg,1,905
lungn2640.jpeg,1,833
lungn2641.jpeg,1,981
lungn2644.jpeg,1,906
lungn2647.jpeg,1,931
lungn2648.jpeg,1,931
lungn2649.jpeg,1,995
lungn265.jpeg,1,977
lungn2650.jpeg,1,784
lungn2651.jpeg,1,917
lungn2652.jpeg,1,760
lungn2654.jpeg,1,941
lungn2655.jpeg,1,764
lungn2656.jpeg,1,795
lungn2657.jpeg,1,915
lungn2658.jpeg,1,758
lungn2659.jpeg,1,850
lungn266.jpeg,1,926
lungn2660.jpeg,1,827
lungn2662.jpeg,1,839
lungn2664.jpeg,1,822
lungn2665.jpeg,1,761
lungn2666.jpeg,1,956
lungn2667.jpeg,1,956
lungn2668.jpeg,1,894
lungn2669.jpeg,1,846
lungn267.jpeg,1,997
lungn2671.jpeg,1,830
lungn2672.jpeg,1,788
lungn2673.jpeg,1,789
lungn2674.jpeg,1,909
lungn2675.jpeg,1,909
lungn2677.jpeg,1,852
lungn2679.jpeg,1,966
lungn268.jpeg,1,820
lungn2680.jpeg,1,966
lungn2681.jpeg,1,944
lungn2682.jpeg,1,950
lungn2684.jpeg,1,749
lungn2685.jpeg,1,819
lungn2686.jpeg,1,975
lungn2688.jpeg,1,957
lungn2689.jpeg,1,775
lungn269.jpeg,1,820
lungn2691.jpeg,1,912
lungn2693.jpeg,1,883
lungn2694.jpeg,1,903
lungn2695.jpeg,1,753
lungn2696.jpeg,1,920
lungn2697.jpeg,1,952
lungn2698.jpeg,1,926
lungn27.jpeg,1,996
lungn270.jpeg,1,942
lungn2700.jpeg,1,907
lungn2701.jpeg,1,848
lungn2702.jpeg,1,848
lungn2703.jpeg,1,834
lungn2705.jpeg,1,933
lungn2706.jpeg,1,978
lungn2709.jpeg,1,803
lungn271.jpeg,1,942
lungn2712.jpeg,1,887
lungn2713.jpeg,1,995
lungn2714.jpeg,1,828
lungn2715.jpeg,1,828
lungn2717.jpeg,1,937
lungn2719.jpeg,1,853
lungn272.jpeg,1,772
lungn2720.jpeg,1,816
lungn2721.jpeg,1,929
lungn2726.jpeg,1,847
lungn2727.jpeg,1,822
lungn2729.jpeg,1,930
lungn273.jpeg,1,772
lungn2730.jpeg,1,801
lungn2731.jpeg,1,804
lungn2736.jpeg,1,776
lungn2737.jpeg,1,799
lungn2738.jpeg,1,901
lungn2739.jpeg,1,852
lungn274.jpeg,1,994
lungn2740.jpeg,1,996
lungn2741.jpeg,1,918
lungn2742.jpeg,1,871
lungn2744.jpeg,1,802
lungn2745.jpeg,1,908
lungn2747.jpeg,1,883
lungn2749.jpeg,1,817
lungn275.jpeg,1,833
lungn2750.jpeg,1,878
lungn2752.jpeg,1,964
lungn2754.jpeg,1,877
lungn2758.jpeg,1,977
lungn2759.jpeg,1,907
lungn276.jpeg,1,981
lungn2761.jpeg,1,927
lungn2766.jpeg,1,910
lungn2767.jpeg,1,836
lungn2769.jpeg,1,763
lungn277.jpeg,1,933
lungn2771.jpeg,1,828
lungn2772.jpeg,1,857
lungn2773.jpeg,1,891
lungn2774.jpeg,1,764
lungn2778.jpeg,1,844
lungn2779.jpeg,1,915
lungn278.jpeg,1,921
lungn2780.jpeg,1,915
lungn2781.jpeg,1,963
lungn2785.jpeg,1,847
lungn2786.jpeg,1,777
lungn2787.jpeg,1,777
lungn2788.jpeg,1,822
lungn2789.jpeg,1,761
lungn279.jpeg,1,763
lungn2790.jpeg,1,930
lungn2792.jpeg,1,790
lungn2793.jpeg,1,790
lungn2794.jpeg,1,925
lungn2795.jpeg,1,846
lungn2796.jpeg,1,815
lungn2797.jpeg,1,788
lungn2798.jpeg,1,781
lungn2799.jpeg,1,781
lungn28.jpeg,1,950
lungn280.jpeg,1,988
lungn2800.jpeg,1,778
lungn2801.jpeg,1,854
lungn2802.jpeg,1,966
lungn2803.jpeg,1,966
lungn2804.jpeg,1,944
lungn2805.jpeg,1,971
lungn2807.jpeg,1,975
lungn281.jpeg,1,988
lungn2812.jpeg,1,928
lungn2813.jpeg,1,793
lungn2814.jpeg,1,793
lungn2815.jpeg,1,897
lungn2816.jpeg,1,877
lungn2817.jpeg,1,980
lungn2821.jpeg,1,997
lungn2822.jpeg,1,820
lungn2823.jpeg,1,942
lungn2824.jpeg,1,942
lungn2825.jpeg,1,942
lungn2826.jpeg,1,942
lungn2827.jpeg,1,912
lungn2829.jpeg,1,875
lungn283.jpeg,1,831
lungn2830.jpeg,1,994
lungn2831.jpeg,1,919
lungn2832.jpeg,1,933
lungn2833.jpeg,1,989
lungn2834.jpeg,1,768
lungn2837.jpeg,1,831
lungn2839.jpeg,1,995
lungn284.jpeg,1,931
lungn2840.jpeg,1,828
lungn2841.jpeg,1,984
lungn2842.jpeg,1,857
lungn2843.jpeg,1,760
lungn2846.jpeg,1,853
lungn2847.jpeg,1,929
lungn2850.jpeg,1,863
lungn2851.jpeg,1,777
lungn2854.jpeg,1,930
lungn2855.jpeg,1,790
lungn2856.jpeg,1,790
lungn2857.jpeg,1,801
lungn2858.jpeg,1,804
lungn2859.jpeg,1,776
lungn286.jpeg,1,995
lungn2860.jpeg,1,909
lungn2861.jpeg,1,909
lungn2862.jpeg,1,901
lungn2863.jpeg,1,901
lungn2866.jpeg,1,996
lungn2867.jpeg,1,955
lungn2869.jpeg,1,819
lungn287.jpeg,1,828
lungn2870.jpeg,1,871
lungn2871.jpeg,1,871
lungn2872.jpeg,1,912
lungn2878.jpeg,1,787
lungn2879.jpeg,1,861
lungn288.jpeg,1,828
lungn2881.jpeg,1,875
lungn2882.jpeg,1,833
lungn2883.jpeg,1,981
lungn2884.jpeg,1,978
lungn2887.jpeg,1,784
lungn2888.jpeg,1,917
lungn2890.jpeg,1,755
lungn2892.jpeg,1,774
lungn2893.jpeg,1,929
lungn2895.jpeg,1,893
lungn2899.jpeg,1,777
lungn2900.jpeg,1,761
lungn2901.jpeg,1,974
lungn2902.jpeg,1,880
lungn2904.jpeg,1,769
lungn2906.jpeg,1,894
lungn2907.jpeg,1,894
lungn2908.jpeg,1,859
lungn2909.jpeg,1,859
lungn291.jpeg,1,760
lungn2911.jpeg,1,830
lungn2912.jpeg,1,830
lungn2914.jpeg,1,781
lungn2915.jpeg,1,811
lungn2916.jpeg,1,901
lungn2917.jpeg,1,901
lungn292.jpeg,1,914
lungn2921.jpeg,1,950
lungn2922.jpeg,1,955
lungn2923.jpeg,1,902
lungn2925.jpeg,1,975
lungn2926.jpeg,1,871
lungn2927.jpeg,1,913
lungn2928.jpeg,1,802
lungn2929.jpeg,1,883
lungn293.jpeg,1,795
lungn2932.jpeg,1,973
lungn2934.jpeg,1,861
lungn2937.jpeg,1,820
lungn2939.jpeg,1,942
lungn294.jpeg,1,795
lungn2940.jpeg,1,875
lungn2942.jpeg,1,905
lungn2943.jpeg,1,785
lungn2944.jpeg,1,785
lungn2945.jpeg,1,910
lungn2948.jpeg,1,763
lungn2949.jpeg,1,763
lungn295.jpeg,1,795
lungn2951.jpeg,1,962
lungn2952.jpeg,1,843
lungn2953.jpeg,1,843
lungn2954.jpeg,1,843
lungn2955.jpeg,1,803
lungn2956.jpeg,1,783
lungn2959.jpeg,1,891
lungn296.jpeg,1,751
lungn2960.jpeg,1,784
lungn2961.jpeg,1,941
lungn2963.jpeg,1,936
lungn2964.jpeg,1,816
lungn2966.jpeg,1,865
lungn2967.jpeg,1,761
lungn2968.jpeg,1,790
lungn2969.jpeg,1,801
lungn2970.jpeg,1,776
lungn2971.jpeg,1,990
lungn2972.jpeg,1,852
lungn2973.jpeg,1,852
lungn2976.jpeg,1,902
lungn2977.jpeg,1,902
lungn2978.jpeg,1,791
lungn2979.jpeg,1,791
lungn298.jpeg,1,893
lungn2980.jpeg,1,791
lungn2981.jpeg,1,871
lungn2982.jpeg,1,957
lungn2983.jpeg,1,878
lungn2984.jpeg,1,928
lungn2985.jpeg,1,793
lungn2986.jpeg,1,940
lungn2987.jpeg,1,940
lungn299.jpeg,1,782
lungn2993.jpeg,1,907
lungn2995.jpeg,1,942
lungn2997.jpeg,1,848
lungn2998.jpeg,1,771
lungn2999.jpeg,1,834
lungn3.jpeg,1,927
lungn30.jpeg,1,791
lungn3001.jpeg,1,933
lungn3002.jpeg,1,836
lungn3003.jpeg,1,763
lungn3004.jpeg,1,763
lungn3007.jpeg,1,803
lungn3008.jpeg,1,803
lungn3010.jpeg,1,984
lungn3011.jpeg,1,891
lungn3012.jpeg,1,923
lungn3013.jpeg,1,917
lungn3014.jpeg,1,917
lungn3017.jpeg,1,764
lungn3018.jpeg,1,853
lungn3019.jpeg,1,936
lungn302.jpeg,1,827
lungn3020.jpeg,1,816
lungn3021.jpeg,1,808
lungn3024.jpeg,1,847
lungn3025.jpeg,1,847
lungn3029.jpeg,1,961
lungn3030.jpeg,1,856
lungn3033.jpeg,1,792
lungn3034.jpeg,1,971
lungn3036.jpeg,1,876
lungn3039.jpeg,1,749
lungn304.jpeg,1,939
lungn3040.jpeg,1,775
lungn3041.jpeg,1,817
lungn3042.jpeg,1,976
lungn3043.jpeg,1,897
lungn3044.jpeg,1,753
lungn3047.jpeg,1,964
lungn3058.jpeg,1,823
lungn3059.jpeg,1,823
lungn306.jpeg,1,863
lungn3061.jpeg,1,831
lungn3062.jpeg,1,953
lungn3063.jpeg,1,803
lungn3064.jpeg,1,970
lungn3066.jpeg,1,857
lungn3067.jpeg,1,891
lungn3068.jpeg,1,923
lungn3069.jpeg,1,917
lungn307.jpeg,1,777
lungn3070.jpeg,1,914
lungn3072.jpeg,1,774
lungn3073.jpeg,1,868
lungn3074.jpeg,1,782
lungn3075.jpeg,1,898
lungn308.jpeg,1,974
lungn3083.jpeg,1,777
lungn3084.jpeg,1,822
lungn3086.jpeg,1,974
lungn3088.jpeg,1,846
lungn3091.jpeg,1,830
lungn3092.jpeg,1,792
lungn3093.jpeg,1,901
lungn3097.jpeg,1,854
lungn3098.jpeg,1,798
lungn3099.jpeg,1,798
lungn310.jpeg,1,882
lungn3100.jpeg,1,955
lungn3101.jpeg,1,902
lungn3102.jpeg,1,902
lungn3103.jpeg,1,908
lungn3105.jpeg,1,883
lungn3106.jpeg,1,878
lungn3108.jpeg,1,973
lungn3109.jpeg,1,940
lungn311.jpeg,1,792
lungn3111.jpeg,1,964
lungn3112.jpeg,1,877
lungn3113.jpeg,1,877
lungn3114.jpeg,1,813
lungn3115.jpeg,1,920
lungn3116.jpeg,1,820
lungn3117.jpeg,1,862
lungn3119.jpeg,1,766
lungn312.jpeg,1,909
lungn3120.jpeg,1,875
lungn3121.jpeg,1,771
lungn3122.jpeg,1,771
lungn3123.jpeg,1,919
lungn3124.jpeg,1,823
lungn3125.jpeg,1,933
lungn3126.jpeg,1,768
lungn3127.jpeg,1,836
lungn3128.jpeg,1,836
lungn3129.jpeg,1,836
lungn313.jpeg,1,811
lungn3130.jpeg,1,988
lungn3131.jpeg,1,831
lungn3132.jpeg,1,783
lungn3134.jpeg,1,784
lungn3135.jpeg,1,917
lungn3137.jpeg,1,914
lungn3138.jpeg,1,937
lungn3139.jpeg,1,941
lungn3140.jpeg,1,774
lungn3141.jpeg,1,774
lungn3142.jpeg,1,929
lungn3143.jpeg,1,898
lungn3145.jpeg,1,777
lungn3146.jpeg,1,974
lungn3147.jpeg,1,974
lungn3149.jpeg,1,894
lungn315.jpeg,1,854
lungn3150.jpeg,1,845
lungn3151.jpeg,1,856
lungn3152.jpeg,1,815
lungn3153.jpeg,1,781
lungn3154.jpeg,1,792
lungn3158.jpeg,1,799
lungn316.jpeg,1,798
lungn3160.jpeg,1,918
lungn3162.jpeg,1,902
lungn3163.jpeg,1,913
lungn3164.jpeg,1,802
lungn3165.jpeg,1,878
lungn3169.jpeg,1,793
lungn3170.jpeg,1,897
lungn3171.jpeg,1,920
lungn3172.jpeg,1,861
lungn3173.jpeg,1,952
lungn3175.jpeg,1,977
lungn3176.jpeg,1,820
lungn3177.jpeg,1,862
lungn318.jpeg,1,876
lungn3182.jpeg,1,823
lungn3184.jpeg,1,933
lungn3185.jpeg,1,921
lungn3186.jpeg,1,768
lungn319.jpeg,1,762
lungn3192.jpeg,1,843
lungn3193.jpeg,1,803
lungn3194.jpeg,1,783
lungn3195.jpeg,1,784
lungn3196.jpeg,1,923
lungn3197.jpeg,1,937
lungn320.jpeg,1,791
lungn3200.jpeg,1,929
lungn3201.jpeg,1,929
lungn3203.jpeg,1,939
lungn3205.jpeg,1,863
lungn3206.jpeg,1,761
lungn3207.jpeg,1,925
lungn3208.jpeg,1,925
lungn3209.jpeg,1,846
lungn321.jpeg,1,871
lungn3210.jpeg,1,830
lungn3211.jpeg,1,788
lungn3212.jpeg,1,789
lungn3213.jpeg,1,778
lungn3215.jpeg,1,765
lungn3216.jpeg,1,776
lungn3217.jpeg,1,990
lungn3218.jpeg,1,990
lungn3219.jpeg,1,966
lungn322.jpeg,1,913
lungn3220.jpeg,1,911
lungn3221.jpeg,1,762
lungn3224.jpeg,1,975
lungn3226.jpeg,1,775
lungn3227.jpeg,1,818
lungn3228.jpeg,1,954
lungn323.jpeg,1,888
lungn3230.jpeg,1,897
lungn3231.jpeg,1,877
lungn3233.jpeg,1,861
lungn3236.jpeg,1,771
lungn3237.jpeg,1,771
lungn3239.jpeg,1,919
lungn3243.jpeg,1,933
lungn3244.jpeg,1,933
lungn3249.jpeg,1,759
lungn3250.jpeg,1,783
lungn3251.jpeg,1,984
lungn3252.jpeg,1,784
lungn3253.jpeg,1,917
lungn3254.jpeg,1,985
lungn3255.jpeg,1,985
lungn3256.jpeg,1,915
lungn3257.jpeg,1,758
lungn3258.jpeg,1,850
lungn3259.jpeg,1,904
lungn326.jpeg,1,802
lungn3260.jpeg,1,847
lungn3262.jpeg,1,777
lungn3263.jpeg,1,777
lungn3265.jpeg,1,769
lungn3267.jpeg,1,882
lungn327.jpeg,1,802
lungn3271.jpeg,1,765
lungn3272.jpeg,1,776
lungn3273.jpeg,1,776
lungn3274.jpeg,1,990
lungn3275.jpeg,1,799
lungn3276.jpeg,1,901
lungn3277.jpeg,1,852
lungn3279.jpeg,1,950
lungn328.jpeg,1,903
lungn3280.jpeg,1,959
lungn3285.jpeg,1,975
lungn3286.jpeg,1,871
lungn3287.jpeg,1,913
lungn329.jpeg,1,793
lungn3291.jpeg,1,912
lungn3295.jpeg,1,753
lungn3296.jpeg,1,753
lungn3298.jpeg,1,858
lungn3299.jpeg,1,980
lungn330.jpeg,1,753
lungn3302.jpeg,1,942
lungn3303.jpeg,1,875
lungn3304.jpeg,1,994
lungn3305.jpeg,1,834
lungn3306.jpeg,1,833
lungn331.jpeg,1,861
lungn3313.jpeg,1,759
lungn3315.jpeg,1,760
lungn3318.jpeg,1,751
lungn332.jpeg,1,977
lungn3320.jpeg,1,963
lungn3321.jpeg,1,847
lungn3322.jpeg,1,847
lungn3323.jpeg,1,865
lungn3326.jpeg,1,761
lungn3327.jpeg,1,761
lungn3328.jpeg,1,974
lungn3329.jpeg,1,930
lungn333.jpeg,1,862
lungn3330.jpeg,1,925
lungn3331.jpeg,1,815
lungn3332.jpeg,1,932
lungn3333.jpeg,1,789
lungn3335.jpeg,1,776
lungn3336.jpeg,1,811
lungn3337.jpeg,1,854
lungn3338.jpeg,1,944
lungn334.jpeg,1,942
lungn3340.jpeg,1,911
lungn3341.jpeg,1,911
lungn3342.jpeg,1,762
lungn3343.jpeg,1,762
lungn3344.jpeg,1,819
lungn3347.jpeg,1,791
lungn3348.jpeg,1,791
lungn335.jpeg,1,912
lungn3350.jpeg,1,976
lungn3351.jpeg,1,878
lungn3352.jpeg,1,903
lungn3353.jpeg,1,793
lungn3354.jpeg,1,940
lungn3355.jpeg,1,858
lungn3358.jpeg,1,823
lungn3359.jpeg,1,768
lungn336.jpeg,1,834
lungn3361.jpeg,1,906
lungn3363.jpeg,1,953
lungn3364.jpeg,1,887
lungn3365.jpeg,1,783
lungn3367.jpeg,1,970
lungn3368.jpeg,1,923
lungn3369.jpeg,1,917
lungn337.jpeg,1,919
lungn3371.jpeg,1,816
lungn3373.jpeg,1,808
lungn3376.jpeg,1,850
lungn3378.jpeg,1,904
lungn3379.jpeg,1,847
lungn338.jpeg,1,919
lungn3381.jpeg,1,761
lungn3383.jpeg,1,769
lungn3384.jpeg,1,882
lungn3385.jpeg,1,788
lungn3386.jpeg,1,799
lungn3387.jpeg,1,852
lungn3392.jpeg,1,798
lungn3396.jpeg,1,750
lungn3398.jpeg,1,749
lungn3399.jpeg,1,871
lungn34.jpeg,1,770
lungn3400.jpeg,1,913
lungn3403.jpeg,1,908
lungn3406.jpeg,1,817
lungn3407.jpeg,1,817
lungn3408.jpeg,1,976
lungn341.jpeg,1,768
lungn3410.jpeg,1,973
lungn3411.jpeg,1,877
lungn3413.jpeg,1,858
lungn3414.jpeg,1,813
lungn3415.jpeg,1,920
lungn3417.jpeg,1,861
lungn3418.jpeg,1,766
lungn3419.jpeg,1,848
lungn342.jpeg,1,836
lungn3420.jpeg,1,900
lungn3422.jpeg,1,833
lungn3423.jpeg,1,921
lungn3424.jpeg,1,763
lungn3427.jpeg,1,831
lungn3428.jpeg,1,803
lungn3429.jpeg,1,887
lungn3430.jpeg,1,884
lungn3431.jpeg,1,884
lungn3432.jpeg,1,857
lungn3433.jpeg,1,784
lungn3434.jpeg,1,784
lungn3435.jpeg,1,914
lungn3436.jpeg,1,941
lungn3438.jpeg,1,816
lungn344.jpeg,1,831
lungn3441.jpeg,1,782
lungn3442.jpeg,1,758
lungn3443.jpeg,1,758
lungn3444.jpeg,1,827
lungn3447.jpeg,1,790
lungn3448.jpeg,1,769
lungn3449.jpeg,1,956
lungn345.jpeg,1,843
lungn3451.jpeg,1,815
lungn3452.jpeg,1,781
lungn3453.jpeg,1,778
lungn3454.jpeg,1,765
lungn3456.jpeg,1,854
lungn3458.jpeg,1,911
lungn3459.jpeg,1,918
lungn3461.jpeg,1,975
lungn3462.jpeg,1,871
lungn3463.jpeg,1,775
lungn3464.jpeg,1,775
lungn3466.jpeg,1,908
lungn3468.jpeg,1,973
lungn3469.jpeg,1,793
lungn347.jpeg,1,931
lungn3470.jpeg,1,770
lungn3471.jpeg,1,770
lungn3472.jpeg,1,770
lungn3473.jpeg,1,897
lungn3476.jpeg,1,920
lungn3478.jpeg,1,875
lungn3479.jpeg,1,772
lungn348.jpeg,1,891
lungn3480.jpeg,1,900
lungn3486.jpeg,1,962
lungn3488.jpeg,1,953
lungn349.jpeg,1,784
lungn3491.jpeg,1,891
lungn3492.jpeg,1,941
lungn3494.jpeg,1,853
lungn3495.jpeg,1,936
lungn3496.jpeg,1,816
lungn3497.jpeg,1,816
lungn3499.jpeg,1,774
lungn350.jpeg,1,923
lungn3500.jpeg,1,774
lungn3501.jpeg,1,929
lungn3502.jpeg,1,929
lungn3504.jpeg,1,808
lungn3506.jpeg,1,974
lungn3508.jpeg,1,769
lungn3509.jpeg,1,769
lungn351.jpeg,1,760
lungn3510.jpeg,1,925
lungn3513.jpeg,1,856
lungn3514.jpeg,1,765
lungn3515.jpeg,1,799
lungn3516.jpeg,1,966
lungn3517.jpeg,1,911
lungn3519.jpeg,1,959
lungn352.jpeg,1,937
lungn3520.jpeg,1,750
lungn3522.jpeg,1,975
lungn3523.jpeg,1,871
lungn3524.jpeg,1,888
lungn3526.jpeg,1,912
lungn3527.jpeg,1,912
lungn3528.jpeg,1,802
lungn353.jpeg,1,937
lungn3530.jpeg,1,976
lungn3533.jpeg,1,897
lungn3536.jpeg,1,861
lungn3538.jpeg,1,907
lungn3539.jpeg,1,862
lungn354.jpeg,1,853
lungn3540.jpeg,1,862
lungn3542.jpeg,1,875
lungn3546.jpeg,1,768
lungn3549.jpeg,1,763
lungn355.jpeg,1,853
lungn3551.jpeg,1,843
lungn3552.jpeg,1,931
lungn3554.jpeg,1,887
lungn3555.jpeg,1,783
lungn3556.jpeg,1,970
lungn3557.jpeg,1,855
lungn3558.jpeg,1,857
lungn3559.jpeg,1,917
lungn3561.jpeg,1,914
lungn3562.jpeg,1,937
lungn3563.jpeg,1,936
lungn3564.jpeg,1,893
lungn3565.jpeg,1,827
lungn3567.jpeg,1,847
lungn3569.jpeg,1,761
lungn3570.jpeg,1,882
lungn3573.jpeg,1,765
lungn3575.jpeg,1,776
lungn3576.jpeg,1,909
lungn3577.jpeg,1,811
lungn3578.jpeg,1,852
lungn358.jpeg,1,929
lungn3581.jpeg,1,971
lungn3582.jpeg,1,876
lungn3588.jpeg,1,819
lungn359.jpeg,1,898
lungn3590.jpeg,1,791
lungn3591.jpeg,1,871
lungn3592.jpeg,1,888
lungn3594.jpeg,1,883
lungn3595.jpeg,1,883
lungn3596.jpeg,1,793
lungn3597.jpeg,1,770
lungn3598.jpeg,1,964
lungn3599.jpeg,1,787
lungn36.jpeg,1,813
lungn3600.jpeg,1,861
lungn3601.jpeg,1,942
lungn3602.jpeg,1,771
lungn3603.jpeg,1,919
lungn3605.jpeg,1,833
lungn3607.jpeg,1,981
lungn3609.jpeg,1,823
lungn3610.jpeg,1,823
lungn3612.jpeg,1,931
lungn3614.jpeg,1,783
lungn3616.jpeg,1,884
lungn3617.jpeg,1,828
lungn3618.jpeg,1,828
lungn3620.jpeg,1,941
lungn3621.jpeg,1,936
lungn3622.jpeg,1,816
lungn3623.jpeg,1,868
lungn3624.jpeg,1,868
lungn3626.jpeg,1,827
lungn3627.jpeg,1,939
lungn3628.jpeg,1,880
lungn3629.jpeg,1,801
lungn363.jpeg,1,865
lungn3630.jpeg,1,845
lungn3632.jpeg,1,830
lungn3633.jpeg,1,788
lungn3634.jpeg,1,781
lungn3635.jpeg,1,789
lungn3637.jpeg,1,776
lungn3638.jpeg,1,799
lungn3639.jpeg,1,811
lungn364.jpeg,1,790
lungn3643.jpeg,1,959
lungn3644.jpeg,1,750
lungn3645.jpeg,1,902
lungn3647.jpeg,1,819
lungn365.jpeg,1,956
lungn3650.jpeg,1,813
lungn3651.jpeg,1,787
lungn3654.jpeg,1,912
lungn3655.jpeg,1,927
lungn3656.jpeg,1,900
lungn3657.jpeg,1,785
lungn3658.jpeg,1,785
lungn366.jpeg,1,845
lungn3661.jpeg,1,836
lungn3664.jpeg,1,887
lungn3665.jpeg,1,984
lungn3666.jpeg,1,984
lungn3668.jpeg,1,891
lungn3669.jpeg,1,917
lungn367.jpeg,1,859
lungn3670.jpeg,1,936
lungn3671.jpeg,1,816
lungn3672.jpeg,1,795
lungn3673.jpeg,1,893
lungn3674.jpeg,1,915
lungn3675.jpeg,1,898
lungn3677.jpeg,1,827
lungn368.jpeg,1,856
lungn3682.jpeg,1,880
lungn3684.jpeg,1,790
lungn3685.jpeg,1,769
lungn3687.jpeg,1,804
lungn3688.jpeg,1,956
lungn369.jpeg,1,781
lungn3691.jpeg,1,894
lungn3692.jpeg,1,961
lungn3694.jpeg,1,815
lungn3695.jpeg,1,815
lungn3696.jpeg,1,815
lungn3697.jpeg,1,789
lungn3699.jpeg,1,867
lungn37.jpeg,1,907
lungn370.jpeg,1,789
lungn3700.jpeg,1,776
lungn3701.jpeg,1,776
lungn3702.jpeg,1,996
lungn3703.jpeg,1,918
lungn3704.jpeg,1,750
lungn3705.jpeg,1,819
lungn3706.jpeg,1,913
lungn3707.jpeg,1,775
lungn3708.jpeg,1,908
lungn371.jpeg,1,792
lungn3710.jpeg,1,793
lungn3711.jpeg,1,897
lungn3712.jpeg,1,980
lungn3713.jpeg,1,787
lungn3717.jpeg,1,907
lungn3718.jpeg,1,862
lungn372.jpeg,1,778
lungn3720.jpeg,1,833
lungn3723.jpeg,1,933
lungn3724.jpeg,1,978
lungn3725.jpeg,1,906
lungn3728.jpeg,1,931
lungn3729.jpeg,1,828
lungn3733.jpeg,1,751
lungn3738.jpeg,1,868
lungn3739.jpeg,1,844
lungn374.jpeg,1,901
lungn3740.jpeg,1,808
lungn3741.jpeg,1,782
lungn3742.jpeg,1,850
lungn3745.jpeg,1,777
lungn3746.jpeg,1,777
lungn3747.jpeg,1,822
lungn3748.jpeg,1,822
lungn3749.jpeg,1,780
lungn375.jpeg,1,852
lungn3750.jpeg,1,780
lungn3753.jpeg,1,830
lungn3754.jpeg,1,781
lungn3755.jpeg,1,789
lungn3756.jpeg,1,792
lungn3757.jpeg,1,901
lungn3759.jpeg,1,911
lungn3760.jpeg,1,750
lungn3762.jpeg,1,791
lungn3764.jpeg,1,817
lungn3765.jpeg,1,954
lungn3767.jpeg,1,928
lungn3768.jpeg,1,928
lungn3769.jpeg,1,793
lungn3770.jpeg,1,770
lungn3771.jpeg,1,858
lungn3772.jpeg,1,980
lungn3773.jpeg,1,952
lungn3776.jpeg,1,820
lungn378.jpeg,1,762
lungn3781.jpeg,1,803
lungn3782.jpeg,1,803
lungn3785.jpeg,1,884
lungn3786.jpeg,1,828
lungn3789.jpeg,1,891
lungn3790.jpeg,1,760
lungn3791.jpeg,1,760
lungn3792.jpeg,1,914
lungn3793.jpeg,1,937
lungn3794.jpeg,1,937
lungn3795.jpeg,1,853
lungn3796.jpeg,1,816
lungn3797.jpeg,1,816
lungn3798.jpeg,1,755
lungn3799.jpeg,1,985
lungn38.jpeg,1,862
lungn380.jpeg,1,749
lungn3800.jpeg,1,893
lungn3801.jpeg,1,963
lungn3802.jpeg,1,826
lungn3803.jpeg,1,847
lungn3806.jpeg,1,865
lungn3807.jpeg,1,863
lungn3808.jpeg,1,777
lungn3809.jpeg,1,777
lungn381.jpeg,1,819
lungn3810.jpeg,1,761
lungn3811.jpeg,1,880
lungn3813.jpeg,1,956
lungn3814.jpeg,1,846
lungn3817.jpeg,1,830
lungn3818.jpeg,1,781
lungn3819.jpeg,1,789
lungn382.jpeg,1,775
lungn3822.jpeg,1,944
lungn3823.jpeg,1,911
lungn3824.jpeg,1,955
lungn3828.jpeg,1,818
lungn3829.jpeg,1,954
lungn3830.jpeg,1,976
lungn3831.jpeg,1,928
lungn3832.jpeg,1,897
lungn3835.jpeg,1,813
lungn3837.jpeg,1,927
lungn3838.jpeg,1,927
lungn3840.jpeg,1,905
lungn3841.jpeg,1,981
lungn3847.jpeg,1,831
lungn3848.jpeg,1,831
lungn3849.jpeg,1,843
lungn385.jpeg,1,878
lungn3851.jpeg,1,759
lungn3854.jpeg,1,853
lungn3855.jpeg,1,936
lungn3856.jpeg,1,816
lungn3857.jpeg,1,795
lungn3858.jpeg,1,795
lungn3859.jpeg,1,985
lungn386.jpeg,1,928
lungn3860.jpeg,1,893
lungn3861.jpeg,1,904
lungn3862.jpeg,1,860
lungn3863.jpeg,1,847
lungn3864.jpeg,1,839
lungn3865.jpeg,1,777
lungn3866.jpeg,1,777
lungn3867.jpeg,1,761
lungn3868.jpeg,1,780
lungn3869.jpeg,1,880
lungn387.jpeg,1,793
lungn3871.jpeg,1,801
lungn3872.jpeg,1,882
lungn3874.jpeg,1,781
lungn3875.jpeg,1,778
lungn3876.jpeg,1,778
lungn3877.jpeg,1,867
lungn3878.jpeg,1,765
lungn3879.jpeg,1,776
lungn3881.jpeg,1,799
lungn3882.jpeg,1,901
lungn3884.jpeg,1,854
lungn3885.jpeg,1,966
lungn3886.jpeg,1,966
lungn3887.jpeg,1,876
lungn3888.jpeg,1,750
lungn3889.jpeg,1,791
lungn389.jpeg,1,964
lungn3890.jpeg,1,818
lungn3891.jpeg,1,908
lungn3892.jpeg,1,928
lungn3893.jpeg,1,928
lungn3898.jpeg,1,862
lungn3899.jpeg,1,875
lungn39.jpeg,1,942
lungn390.jpeg,1,787
lungn3900.jpeg,1,772
lungn3901.jpeg,1,927
lungn3903.jpeg,1,921
lungn3905.jpeg,1,763
lungn3907.jpeg,1,988
lungn3909.jpeg,1,803
lungn391.jpeg,1,861
lungn3910.jpeg,1,803
lungn3912.jpeg,1,759
lungn3913.jpeg,1,855
lungn3915.jpeg,1,923
lungn3916.jpeg,1,760
lungn3917.jpeg,1,751
lungn3918.jpeg,1,751
lungn392.jpeg,1,861
lungn3921.jpeg,1,808
lungn3922.jpeg,1,963
lungn3923.jpeg,1,758
lungn3924.jpeg,1,847
lungn3927.jpeg,1,839
lungn393.jpeg,1,952
lungn3930.jpeg,1,815
lungn3931.jpeg,1,788
lungn3932.jpeg,1,788
lungn3937.jpeg,1,966
lungn3938.jpeg,1,944
lungn3939.jpeg,1,971
lungn394.jpeg,1,766
lungn3940.jpeg,1,971
lungn3942.jpeg,1,950
lungn3943.jpeg,1,918
lungn3946.jpeg,1,888
lungn3949.jpeg,1,912
lungn395.jpeg,1,766
lungn3950.jpeg,1,908
lungn3952.jpeg,1,954
lungn3954.jpeg,1,903
lungn3955.jpeg,1,793
lungn3956.jpeg,1,770
lungn3957.jpeg,1,770
lungn3958.jpeg,1,753
lungn3959.jpeg,1,952
lungn396.jpeg,1,875
lungn3961.jpeg,1,766
lungn3962.jpeg,1,875
lungn3963.jpeg,1,905
lungn3967.jpeg,1,933
lungn3968.jpeg,1,978
lungn397.jpeg,1,875
lungn3971.jpeg,1,803
lungn3972.jpeg,1,931
lungn3977.jpeg,1,941
lungn3979.jpeg,1,808
lungn398.jpeg,1,927
lungn3980.jpeg,1,915
lungn3981.jpeg,1,915
lungn3984.jpeg,1,801
lungn3985.jpeg,1,961
lungn3986.jpeg,1,846
lungn3987.jpeg,1,815
lungn3988.jpeg,1,815
lungn3989.jpeg,1,932
lungn399.jpeg,1,919
lungn3990.jpeg,1,789
lungn3991.jpeg,1,778
lungn3992.jpeg,1,867
lungn3993.jpeg,1,944
lungn3994.jpeg,1,911
lungn3996.jpeg,1,871
lungn3999.jpeg,1,802
lungn4.jpeg,1,900
lungn4001.jpeg,1,883
lungn4002.jpeg,1,883
lungn4003.jpeg,1,954
lungn4005.jpeg,1,903
lungn4006.jpeg,1,770
lungn4008.jpeg,1,787
lungn4011.jpeg,1,907
lungn4013.jpeg,1,766
lungn4014.jpeg,1,772
lungn4015.jpeg,1,848
lungn4016.jpeg,1,900
lungn4019.jpeg,1,833
lungn4020.jpeg,1,833
lungn4021.jpeg,1,823
lungn4024.jpeg,1,803
lungn4025.jpeg,1,931
lungn4028.jpeg,1,917
lungn403.jpeg,1,981
lungn4030.jpeg,1,937
lungn4032.jpeg,1,764
lungn4033.jpeg,1,853
lungn4034.jpeg,1,795
lungn4036.jpeg,1,782
lungn4038.jpeg,1,758
lungn404.jpeg,1,823
lungn4041.jpeg,1,847
lungn4043.jpeg,1,863
lungn4044.jpeg,1,761
lungn4045.jpeg,1,804
lungn4046.jpeg,1,961
lungn4047.jpeg,1,789
lungn4049.jpeg,1,867
lungn405.jpeg,1,989
lungn4051.jpeg,1,776
lungn4052.jpeg,1,799
lungn4053.jpeg,1,798
lungn4054.jpeg,1,971
lungn4057.jpeg,1,750
lungn4060.jpeg,1,913
lungn4061.jpeg,1,883
lungn4062.jpeg,1,770
lungn4063.jpeg,1,753
lungn4066.jpeg,1,952
lungn407.jpeg,1,843
lungn4070.jpeg,1,926
lungn4072.jpeg,1,766
lungn4073.jpeg,1,927
lungn4074.jpeg,1,771
lungn4075.jpeg,1,905
lungn4078.jpeg,1,921
lungn408.jpeg,1,931
lungn4081.jpeg,1,896
lungn4082.jpeg,1,906
lungn4083.jpeg,1,843
lungn4084.jpeg,1,759
lungn4085.jpeg,1,984
lungn4086.jpeg,1,855
lungn4087.jpeg,1,855
lungn4089.jpeg,1,923
lungn409.jpeg,1,884
lungn4091.jpeg,1,853
lungn4093.jpeg,1,963
lungn4094.jpeg,1,963
lungn4095.jpeg,1,826
lungn4096.jpeg,1,822
lungn4097.jpeg,1,761
lungn4098.jpeg,1,780
lungn41.jpeg,1,919
lungn410.jpeg,1,855
lungn4101.jpeg,1,801
lungn4102.jpeg,1,769
lungn4104.jpeg,1,788
lungn4105.jpeg,1,867
lungn4107.jpeg,1,799
lungn4108.jpeg,1,901
lungn4109.jpeg,1,852
lungn4112.jpeg,1,955
lungn4114.jpeg,1,912
lungn4115.jpeg,1,818
lungn4116.jpeg,1,908
lungn412.jpeg,1,923
lungn4120.jpeg,1,903
lungn4125.jpeg,1,820
lungn4126.jpeg,1,820
lungn4128.jpeg,1,927
lungn413.jpeg,1,914
lungn4130.jpeg,1,905
lungn4131.jpeg,1,905
lungn4133.jpeg,1,785
lungn4134.jpeg,1,833
lungn4137.jpeg,1,768
lungn4138.jpeg,1,763
lungn4139.jpeg,1,763
lungn414.jpeg,1,914
lungn4141.jpeg,1,906
lungn4142.jpeg,1,906
lungn4143.jpeg,1,906
lungn4146.jpeg,1,953
lungn4147.jpeg,1,783
lungn4148.jpeg,1,783
lungn4149.jpeg,1,923
lungn415.jpeg,1,914
lungn4150.jpeg,1,914
lungn4151.jpeg,1,941
lungn4152.jpeg,1,795
lungn4154.jpeg,1,868
lungn4155.jpeg,1,782
lungn4156.jpeg,1,782
lungn4158.jpeg,1,758
lungn416.jpeg,1,816
lungn4160.jpeg,1,904
lungn4161.jpeg,1,847
lungn4162.jpeg,1,839
lungn4163.jpeg,1,865
lungn4166.jpeg,1,790
lungn4169.jpeg,1,859
lungn4170.jpeg,1,815
lungn4171.jpeg,1,932
lungn4172.jpeg,1,789
lungn4173.jpeg,1,792
lungn4175.jpeg,1,867
lungn4176.jpeg,1,811
lungn4177.jpeg,1,852
lungn4178.jpeg,1,749
lungn4179.jpeg,1,913
lungn418.jpeg,1,868
lungn4180.jpeg,1,957
lungn4182.jpeg,1,878
lungn4183.jpeg,1,878
lungn4185.jpeg,1,903
lungn4187.jpeg,1,858
lungn4188.jpeg,1,813
lungn4189.jpeg,1,907
lungn4190.jpeg,1,907
lungn4192.jpeg,1,942
lungn4193.jpeg,1,766
lungn4194.jpeg,1,834
lungn4195.jpeg,1,919
lungn4196.jpeg,1,833
lungn4198.jpeg,1,823
lungn4199.jpeg,1,978
lungn4200.jpeg,1,910
lungn4204.jpeg,1,887
lungn4205.jpeg,1,995
lungn4206.jpeg,1,995
lungn4207.jpeg,1,855
lungn4208.jpeg,1,917
lungn4209.jpeg,1,760
lungn421.jpeg,1,850
lungn4210.jpeg,1,760
lungn4211.jpeg,1,853
lungn4213.jpeg,1,985
lungn4215.jpeg,1,844
lungn4216.jpeg,1,893
lungn4218.jpeg,1,963
lungn4219.jpeg,1,826
lungn4220.jpeg,1,860
lungn4221.jpeg,1,939
lungn4222.jpeg,1,777
lungn4224.jpeg,1,822
lungn4227.jpeg,1,780
lungn4228.jpeg,1,790
lungn4229.jpeg,1,846
lungn423.jpeg,1,939
lungn4230.jpeg,1,846
lungn4231.jpeg,1,788
lungn4233.jpeg,1,811
lungn4234.jpeg,1,798
lungn4235.jpeg,1,971
lungn4236.jpeg,1,911
lungn4239.jpeg,1,912
lungn424.jpeg,1,939
lungn4242.jpeg,1,818
lungn4243.jpeg,1,878
lungn4246.jpeg,1,858
lungn4247.jpeg,1,907
lungn4249.jpeg,1,942
lungn4250.jpeg,1,912
lungn4251.jpeg,1,772
lungn4252.jpeg,1,848
lungn4253.jpeg,1,833
lungn4254.jpeg,1,989
lungn4255.jpeg,1,988
lungn4256.jpeg,1,962
lungn4259.jpeg,1,931
lungn4260.jpeg,1,759
lungn4261.jpeg,1,783
lungn4262.jpeg,1,984
lungn4265.jpeg,1,891
lungn4267.jpeg,1,914
lungn4268.jpeg,1,755
lungn4269.jpeg,1,868
lungn427.jpeg,1,761
lungn4270.jpeg,1,844
lungn4271.jpeg,1,808
lungn4272.jpeg,1,782
lungn4275.jpeg,1,904
lungn4277.jpeg,1,777
lungn4279.jpeg,1,761
lungn428.jpeg,1,956
lungn4281.jpeg,1,974
lungn4282.jpeg,1,804
lungn4283.jpeg,1,845
lungn4284.jpeg,1,788
lungn4285.jpeg,1,765
lungn4287.jpeg,1,852
lungn4288.jpeg,1,852
lungn429.jpeg,1,932
lungn4291.jpeg,1,911
lungn4292.jpeg,1,959
lungn4293.jpeg,1,876
lungn4294.jpeg,1,762
lungn4295.jpeg,1,750
lungn4299.jpeg,1,975
lungn43.jpeg,1,905
lungn430.jpeg,1,932
lungn4300.jpeg,1,871
lungn4304.jpeg,1,878
lungn4305.jpeg,1,964
lungn4306.jpeg,1,980
lungn4307.jpeg,1,862
lungn4309.jpeg,1,766
lungn431.jpeg,1,778
lungn4310.jpeg,1,848
lungn4311.jpeg,1,771
lungn4314.jpeg,1,933
lungn4315.jpeg,1,933
lungn4316.jpeg,1,768
lungn4317.jpeg,1,978
lungn432.jpeg,1,909
lungn4320.jpeg,1,906
lungn4324.jpeg,1,995
lungn4325.jpeg,1,917
lungn4327.jpeg,1,760
lungn4328.jpeg,1,914
lungn4329.jpeg,1,914
lungn433.jpeg,1,901
lungn4330.jpeg,1,853
lungn4331.jpeg,1,795
lungn4334.jpeg,1,898
lungn4335.jpeg,1,758
lungn4336.jpeg,1,850
lungn4337.jpeg,1,839
lungn4338.jpeg,1,777
lungn4339.jpeg,1,822
lungn4340.jpeg,1,930
lungn4342.jpeg,1,792
lungn4343.jpeg,1,867
lungn4344.jpeg,1,776
lungn4345.jpeg,1,852
lungn4347.jpeg,1,966
lungn4348.jpeg,1,971
lungn4350.jpeg,1,918
lungn4351.jpeg,1,918
lungn4352.jpeg,1,749
lungn4353.jpeg,1,791
lungn4355.jpeg,1,913
lungn4356.jpeg,1,957
lungn4357.jpeg,1,957
lungn4358.jpeg,1,976
lungn4361.jpeg,1,964
lungn4362.jpeg,1,877
lungn4363.jpeg,1,813
lungn4364.jpeg,1,787
lungn4368.jpeg,1,926
lungn4369.jpeg,1,907
lungn437.jpeg,1,959
lungn4371.jpeg,1,900
lungn4376.jpeg,1,823
lungn4378.jpeg,1,906
lungn4379.jpeg,1,803
lungn438.jpeg,1,762
lungn4380.jpeg,1,759
lungn4381.jpeg,1,970
lungn4382.jpeg,1,995
lungn4383.jpeg,1,855
lungn4388.jpeg,1,868
lungn439.jpeg,1,749
lungn4390.jpeg,1,898
lungn4391.jpeg,1,898
lungn4393.jpeg,1,826
lungn4394.jpeg,1,904
lungn4395.jpeg,1,827
lungn4396.jpeg,1,860
lungn4397.jpeg,1,860
lungn4399.jpeg,1,847
lungn44.jpeg,1,833
lungn440.jpeg,1,802
lungn4400.jpeg,1,865
lungn4401.jpeg,1,863
lungn4402.jpeg,1,880
lungn4403.jpeg,1,769
lungn4406.jpeg,1,815
lungn4408.jpeg,1,765
lungn4409.jpeg,1,852
lungn441.jpeg,1,802
lungn4410.jpeg,1,852
lungn4414.jpeg,1,944
lungn4416.jpeg,1,996
lungn4417.jpeg,1,950
lungn4418.jpeg,1,918
lungn4419.jpeg,1,876
lungn4421.jpeg,1,749
lungn4422.jpeg,1,819
lungn4423.jpeg,1,819
lungn4424.jpeg,1,802
lungn4425.jpeg,1,908
lungn4426.jpeg,1,883
lungn4429.jpeg,1,862
lungn443.jpeg,1,908
lungn4430.jpeg,1,912
lungn4432.jpeg,1,994
lungn4435.jpeg,1,981
lungn4437.jpeg,1,921
lungn4438.jpeg,1,768
lungn4439.jpeg,1,978
lungn444.jpeg,1,908
lungn4440.jpeg,1,978
lungn4442.jpeg,1,763
lungn4443.jpeg,1,896
lungn4446.jpeg,1,843
lungn4447.jpeg,1,931
lungn4448.jpeg,1,931
lungn445.jpeg,1,878
lungn4450.jpeg,1,828
lungn4451.jpeg,1,784
lungn4452.jpeg,1,795
lungn4454.jpeg,1,751
lungn4457.jpeg,1,929
lungn4459.jpeg,1,963
lungn446.jpeg,1,980
lungn4460.jpeg,1,758
lungn4462.jpeg,1,860
lungn4463.jpeg,1,839
lungn4467.jpeg,1,804
lungn4469.jpeg,1,859
lungn447.jpeg,1,861
lungn4470.jpeg,1,882
lungn4471.jpeg,1,792
lungn4472.jpeg,1,778
lungn4473.jpeg,1,776
lungn4477.jpeg,1,876
lungn4480.jpeg,1,749
lungn4481.jpeg,1,888
lungn4482.jpeg,1,888
lungn4486.jpeg,1,861
lungn4487.jpeg,1,820
lungn4488.jpeg,1,766
lungn4489.jpeg,1,771
lungn4490.jpeg,1,919
lungn4491.jpeg,1,785
lungn4495.jpeg,1,933
lungn4496.jpeg,1,768
lungn4497.jpeg,1,910
lungn4498.jpeg,1,836
lungn4501.jpeg,1,962
lungn4503.jpeg,1,917
lungn4504.jpeg,1,937
lungn4505.jpeg,1,751
lungn4506.jpeg,1,774
lungn4507.jpeg,1,868
lungn4508.jpeg,1,929
lungn4510.jpeg,1,915
lungn4511.jpeg,1,826
lungn4512.jpeg,1,904
lungn4513.jpeg,1,904
lungn4517.jpeg,1,865
lungn4518.jpeg,1,930
lungn4520.jpeg,1,801
lungn4521.jpeg,1,925
lungn4522.jpeg,1,804
lungn4524.jpeg,1,792
lungn4527.jpeg,1,778
lungn4528.jpeg,1,776
lungn4529.jpeg,1,909
lungn453.jpeg,1,900
lungn4530.jpeg,1,909
lungn4531.jpeg,1,799
lungn4532.jpeg,1,798
lungn4533.jpeg,1,749
lungn4534.jpeg,1,888
lungn4536.jpeg,1,912
lungn4537.jpeg,1,818
lungn4539.jpeg,1,903
lungn4540.jpeg,1,928
lungn4543.jpeg,1,877
lungn4544.jpeg,1,858
lungn4545.jpeg,1,787
lungn4546.jpeg,1,820
lungn4548.jpeg,1,912
lungn4549.jpeg,1,912
lungn455.jpeg,1,989
lungn4550.jpeg,1,912
lungn4551.jpeg,1,848
lungn4552.jpeg,1,848
lungn4553.jpeg,1,848
lungn4554.jpeg,1,900
lungn4555.jpeg,1,771
lungn4556.jpeg,1,771
lungn4557.jpeg,1,771
lungn4559.jpeg,1,919
lungn4561.jpeg,1,768
lungn4562.jpeg,1,803
lungn4564.jpeg,1,828
lungn4565.jpeg,1,855
lungn4566.jpeg,1,855
lungn4567.jpeg,1,795
lungn4568.jpeg,1,795
lungn4569.jpeg,1,755
lungn4571.jpeg,1,782
lungn4573.jpeg,1,898
lungn4574.jpeg,1,860
lungn4576.jpeg,1,839
lungn4578.jpeg,1,974
lungn4579.jpeg,1,780
lungn4580.jpeg,1,801
lungn4581.jpeg,1,801
lungn4582.jpeg,1,769
lungn4584.jpeg,1,846
lungn4586.jpeg,1,788
lungn4587.jpeg,1,932
lungn4588.jpeg,1,781
lungn4589.jpeg,1,789
lungn459.jpeg,1,803
lungn4590.jpeg,1,792
lungn4592.jpeg,1,867
lungn4593.jpeg,1,765
lungn4594.jpeg,1,909
lungn4595.jpeg,1,990
lungn4597.jpeg,1,944
lungn4598.jpeg,1,971
lungn460.jpeg,1,931
lungn4601.jpeg,1,883
lungn4602.jpeg,1,817
lungn4603.jpeg,1,903
lungn4604.jpeg,1,770
lungn4606.jpeg,1,952
lungn4608.jpeg,1,997
lungn4609.jpeg,1,912
lungn461.jpeg,1,783
lungn4610.jpeg,1,912
lungn4611.jpeg,1,900
lungn4612.jpeg,1,994
lungn4614.jpeg,1,919
lungn4617.jpeg,1,785
lungn4618.jpeg,1,933
lungn4619.jpeg,1,896
lungn462.jpeg,1,760
lungn4620.jpeg,1,988
lungn4623.jpeg,1,803
lungn4625.jpeg,1,887
lungn4627.jpeg,1,995
lungn463.jpeg,1,764
lungn4630.jpeg,1,764
lungn4631.jpeg,1,795
lungn4632.jpeg,1,985
lungn4633.jpeg,1,774
lungn4634.jpeg,1,808
lungn4635.jpeg,1,963
lungn4637.jpeg,1,758
lungn4638.jpeg,1,826
lungn4639.jpeg,1,827
lungn4640.jpeg,1,847
lungn4641.jpeg,1,865
lungn4642.jpeg,1,865
lungn4643.jpeg,1,780
lungn4646.jpeg,1,925
lungn4647.jpeg,1,846
lungn4648.jpeg,1,781
lungn4649.jpeg,1,776
lungn4650.jpeg,1,852
lungn4653.jpeg,1,918
lungn4654.jpeg,1,918
lungn4656.jpeg,1,902
lungn4658.jpeg,1,912
lungn4659.jpeg,1,818
lungn4661.jpeg,1,976
lungn4663.jpeg,1,973
lungn4664.jpeg,1,770
lungn4666.jpeg,1,952
lungn4668.jpeg,1,834
lungn4670.jpeg,1,910
lungn4671.jpeg,1,836
lungn4672.jpeg,1,896
lungn4673.jpeg,1,843
lungn4674.jpeg,1,843
lungn4675.jpeg,1,970
lungn4677.jpeg,1,784
lungn4678.jpeg,1,760
lungn4679.jpeg,1,760
lungn468.jpeg,1,893
lungn4680.jpeg,1,816
lungn4682.jpeg,1,755
lungn4683.jpeg,1,751
lungn4685.jpeg,1,774
lungn4686.jpeg,1,808
lungn4687.jpeg,1,808
lungn4689.jpeg,1,963
lungn4690.jpeg,1,904
lungn4693.jpeg,1,780
lungn4694.jpeg,1,880
lungn4695.jpeg,1,880
lungn4696.jpeg,1,930
lungn4697.jpeg,1,769
lungn4698.jpeg,1,769
lungn47.jpeg,1,978
lungn470.jpeg,1,898
lungn4700.jpeg,1,961
lungn4702.jpeg,1,830
lungn4703.jpeg,1,932
lungn4704.jpeg,1,778
lungn4705.jpeg,1,799
lungn4706.jpeg,1,854
lungn4707.jpeg,1,966
lungn4708.jpeg,1,955
lungn471.jpeg,1,898
lungn4711.jpeg,1,818
lungn4712.jpeg,1,818
lungn4713.jpeg,1,818
lungn4714.jpeg,1,973
lungn4715.jpeg,1,973
lungn4719.jpeg,1,858
lungn4720.jpeg,1,813
lungn4722.jpeg,1,920
lungn4723.jpeg,1,920
lungn4726.jpeg,1,862
lungn4730.jpeg,1,981
lungn4731.jpeg,1,981
lungn4733.jpeg,1,836
lungn4734.jpeg,1,896
lungn4736.jpeg,1,884
lungn4737.jpeg,1,828
lungn4738.jpeg,1,984
lungn4739.jpeg,1,855
lungn474.jpeg,1,904
lungn4741.jpeg,1,937
lungn4743.jpeg,1,816
lungn4744.jpeg,1,755
lungn4745.jpeg,1,868
lungn4747.jpeg,1,963
lungn4748.jpeg,1,963
lungn4749.jpeg,1,963
lungn475.jpeg,1,839
lungn4750.jpeg,1,963
lungn4751.jpeg,1,898
lungn4755.jpeg,1,826
lungn4757.jpeg,1,847
lungn476.jpeg,1,865
lungn4762.jpeg,1,822
lungn4763.jpeg,1,930
lungn4764.jpeg,1,956
lungn4766.jpeg,1,961
lungn4767.jpeg,1,856
lungn4768.jpeg,1,815
lungn477.jpeg,1,863
lungn4770.jpeg,1,778
lungn4771.jpeg,1,944
lungn4773.jpeg,1,950
lungn4774.jpeg,1,959
lungn4776.jpeg,1,888
lungn4777.jpeg,1,775
lungn4778.jpeg,1,878
lungn4779.jpeg,1,878
lungn4783.jpeg,1,973
lungn4784.jpeg,1,770
lungn4785.jpeg,1,861
lungn4786.jpeg,1,820
lungn4787.jpeg,1,942
lungn4788.jpeg,1,848
lungn4789.jpeg,1,848
lungn479.jpeg,1,761
lungn4790.jpeg,1,994
lungn4791.jpeg,1,771
lungn4792.jpeg,1,921
lungn4793.jpeg,1,921
lungn4794.jpeg,1,768
lungn4795.jpeg,1,763
lungn4796.jpeg,1,896
lungn4797.jpeg,1,988
lungn4798.jpeg,1,962
lungn4799.jpeg,1,962
lungn48.jpeg,1,910
lungn4803.jpeg,1,857
lungn4806.jpeg,1,816
lungn4808.jpeg,1,844
lungn4809.jpeg,1,893
lungn481.jpeg,1,769
lungn4810.jpeg,1,893
lungn4811.jpeg,1,963
lungn4812.jpeg,1,758
lungn4813.jpeg,1,827
lungn4818.jpeg,1,822
lungn4819.jpeg,1,822
lungn482.jpeg,1,769
lungn4820.jpeg,1,804
lungn4821.jpeg,1,956
lungn4822.jpeg,1,894
lungn4824.jpeg,1,781
lungn4827.jpeg,1,867
lungn4828.jpeg,1,776
lungn4829.jpeg,1,901
lungn483.jpeg,1,804
lungn4830.jpeg,1,966
lungn4831.jpeg,1,944
lungn4832.jpeg,1,950
lungn4835.jpeg,1,957
lungn4836.jpeg,1,912
lungn4839.jpeg,1,908
lungn4840.jpeg,1,908
lungn4841.jpeg,1,908
lungn4842.jpeg,1,817
lungn4843.jpeg,1,964
lungn4844.jpeg,1,858
lungn4847.jpeg,1,977
lungn4848.jpeg,1,907
lungn485.jpeg,1,961
lungn4851.jpeg,1,848
lungn4852.jpeg,1,771
lungn4853.jpeg,1,833
lungn4855.jpeg,1,933
lungn4859.jpeg,1,831
lungn486.jpeg,1,845
lungn4860.jpeg,1,831
lungn4861.jpeg,1,931
lungn4864.jpeg,1,759
lungn4865.jpeg,1,759
lungn4869.jpeg,1,891
lungn487.jpeg,1,856
lungn4870.jpeg,1,784
lungn4871.jpeg,1,850
lungn4873.jpeg,1,826
lungn4875.jpeg,1,860
lungn4876.jpeg,1,860
lungn4878.jpeg,1,822
lungn4879.jpeg,1,761
lungn488.jpeg,1,856
lungn4880.jpeg,1,761
lungn4881.jpeg,1,761
lungn4882.jpeg,1,930
lungn4885.jpeg,1,956
lungn4886.jpeg,1,956
lungn4887.jpeg,1,894
lungn4888.jpeg,1,789
lungn4889.jpeg,1,867
lungn489.jpeg,1,932
lungn4890.jpeg,1,811
lungn4891.jpeg,1,852
lungn4893.jpeg,1,944
lungn4895.jpeg,1,762
lungn4896.jpeg,1,750
lungn4897.jpeg,1,902
lungn4899.jpeg,1,957
lungn490.jpeg,1,778
lungn4903.jpeg,1,928
lungn4904.jpeg,1,928
lungn4906.jpeg,1,964
lungn4907.jpeg,1,877
lungn4908.jpeg,1,920
lungn4909.jpeg,1,861
lungn491.jpeg,1,909
lungn4912.jpeg,1,820
lungn4914.jpeg,1,766
lungn4916.jpeg,1,772
lungn4917.jpeg,1,927
lungn4918.jpeg,1,927
lungn4919.jpeg,1,833
lungn4921.jpeg,1,981
lungn4923.jpeg,1,933
lungn4924.jpeg,1,988
lungn4925.jpeg,1,906
lungn4928.jpeg,1,884
lungn4929.jpeg,1,984
lungn4930.jpeg,1,984
lungn4932.jpeg,1,936
lungn4933.jpeg,1,936
lungn4935.jpeg,1,985
lungn4936.jpeg,1,985
lungn4937.jpeg,1,774
lungn4938.jpeg,1,774
lungn4939.jpeg,1,929
lungn4943.jpeg,1,865
lungn4944.jpeg,1,880
lungn4946.jpeg,1,769
lungn4948.jpeg,1,845
lungn4949.jpeg,1,845
lungn495.jpeg,1,854
lungn4950.jpeg,1,859
lungn4952.jpeg,1,882
lungn4954.jpeg,1,781
lungn4955.jpeg,1,778
lungn4956.jpeg,1,776
lungn4957.jpeg,1,950
lungn4959.jpeg,1,750
lungn496.jpeg,1,854
lungn4961.jpeg,1,775
lungn4962.jpeg,1,802
lungn4963.jpeg,1,883
lungn4964.jpeg,1,903
lungn4965.jpeg,1,793
lungn4966.jpeg,1,787
lungn4969.jpeg,1,861
lungn497.jpeg,1,996
lungn4972.jpeg,1,942
lungn4973.jpeg,1,978
lungn4974.jpeg,1,843
lungn4977.jpeg,1,857
lungn4978.jpeg,1,937
lungn4979.jpeg,1,816
lungn498.jpeg,1,911
lungn4980.jpeg,1,795
lungn4982.jpeg,1,868
lungn4984.jpeg,1,844
lungn4985.jpeg,1,782
lungn4987.jpeg,1,850
lungn499.jpeg,1,762
lungn4991.jpeg,1,894
lungn4993.jpeg,1,792
lungn4994.jpeg,1,799
lungn4995.jpeg,1,971
lungn4998.jpeg,1,749
lungn4999.jpeg,1,819
lungn5.jpeg,1,771
lungn50.jpeg,1,763
lungn500.jpeg,1,902
lungn5000.jpeg,1,957
lungn502.jpeg,1,871
lungn503.jpeg,1,888
lungn505.jpeg,1,957
lungn51.jpeg,1,896
lungn510.jpeg,1,861
lungn511.jpeg,1,952
lungn513.jpeg,1,997
lungn514.jpeg,1,942
lungn515.jpeg,1,848
lungn518.jpeg,1,785
lungn519.jpeg,1,785
lungn52.jpeg,1,931
lungn522.jpeg,1,823
lungn523.jpeg,1,933
lungn524.jpeg,1,962
lungn527.jpeg,1,803
lungn528.jpeg,1,970
lungn529.jpeg,1,828
lungn531.jpeg,1,857
lungn532.jpeg,1,917
lungn533.jpeg,1,760
lungn535.jpeg,1,751
lungn536.jpeg,1,868
lungn54.jpeg,1,759
lungn540.jpeg,1,777
lungn541.jpeg,1,974
lungn542.jpeg,1,780
lungn543.jpeg,1,880
lungn546.jpeg,1,956
lungn547.jpeg,1,894
lungn548.jpeg,1,961
lungn549.jpeg,1,859
lungn550.jpeg,1,859
lungn551.jpeg,1,859
lungn552.jpeg,1,859
lungn554.jpeg,1,882
lungn555.jpeg,1,815
lungn558.jpeg,1,776
lungn559.jpeg,1,811
lungn56.jpeg,1,970
lungn560.jpeg,1,901
lungn561.jpeg,1,966
lungn562.jpeg,1,944
lungn564.jpeg,1,975
lungn567.jpeg,1,818
lungn568.jpeg,1,940
lungn569.jpeg,1,753
lungn572.jpeg,1,813
lungn573.jpeg,1,980
lungn574.jpeg,1,977
lungn575.jpeg,1,907
lungn576.jpeg,1,912
lungn577.jpeg,1,912
lungn578.jpeg,1,900
lungn579.jpeg,1,771
lungn58.jpeg,1,914
lungn584.jpeg,1,981
lungn586.jpeg,1,962
lungn587.jpeg,1,962
lungn588.jpeg,1,887
lungn59.jpeg,1,941
lungn590.jpeg,1,828
lungn591.jpeg,1,855
lungn593.jpeg,1,941
lungn595.jpeg,1,764
lungn596.jpeg,1,816
lungn599.jpeg,1,929
lungn6.jpeg,1,834
lungn60.jpeg,1,941
lungn600.jpeg,1,893
lungn601.jpeg,1,808
lungn602.jpeg,1,782
lungn603.jpeg,1,782
lungn608.jpeg,1,847
lungn611.jpeg,1,822
lungn612.jpeg,1,780
lungn613.jpeg,1,801
lungn614.jpeg,1,801
lungn615.jpeg,1,956
lungn617.jpeg,1,894
lungn618.jpeg,1,788
lungn619.jpeg,1,788
lungn62.jpeg,1,850
lungn620.jpeg,1,778
lungn621.jpeg,1,776
lungn623.jpeg,1,971
lungn625.jpeg,1,819
lungn627.jpeg,1,802
lungn628.jpeg,1,883
lungn63.jpeg,1,826
lungn630.jpeg,1,973
lungn632.jpeg,1,770
lungn633.jpeg,1,980
lungn636.jpeg,1,912
lungn637.jpeg,1,994
lungn639.jpeg,1,834
lungn640.jpeg,1,919
lungn643.jpeg,1,989
lungn645.jpeg,1,906
lungn647.jpeg,1,843
lungn648.jpeg,1,887
lungn651.jpeg,1,816
lungn652.jpeg,1,795
lungn654.jpeg,1,755
lungn656.jpeg,1,985
lungn657.jpeg,1,844
lungn658.jpeg,1,893
lungn66.jpeg,1,761
lungn661.jpeg,1,826
lungn662.jpeg,1,826
lungn665.jpeg,1,839
lungn666.jpeg,1,777
lungn668.jpeg,1,769
lungn669.jpeg,1,769
lungn67.jpeg,1,974
lungn670.jpeg,1,925
lungn672.jpeg,1,894
lungn673.jpeg,1,932
lungn674.jpeg,1,792
lungn676.jpeg,1,867
lungn679.jpeg,1,854
lungn68.jpeg,1,974
lungn680.jpeg,1,944
lungn683.jpeg,1,749
lungn685.jpeg,1,858
lungn686.jpeg,1,787
lungn687.jpeg,1,920
lungn688.jpeg,1,926
lungn689.jpeg,1,820
lungn691.jpeg,1,772
lungn693.jpeg,1,905
lungn696.jpeg,1,921
lungn697.jpeg,1,910
lungn698.jpeg,1,910
lungn7.jpeg,1,834
lungn701.jpeg,1,831
lungn702.jpeg,1,831
lungn703.jpeg,1,831
lungn704.jpeg,1,803
lungn706.jpeg,1,759
lungn707.jpeg,1,828
lungn708.jpeg,1,917
lungn71.jpeg,1,961
lungn710.jpeg,1,853
lungn713.jpeg,1,774
lungn715.jpeg,1,758
lungn716.jpeg,1,860
lungn717.jpeg,1,847
lungn718.jpeg,1,839
lungn719.jpeg,1,865
lungn72.jpeg,1,846
lungn722.jpeg,1,780
lungn723.jpeg,1,790
lungn726.jpeg,1,901
lungn729.jpeg,1,959
lungn730.jpeg,1,750
lungn731.jpeg,1,819
lungn732.jpeg,1,791
lungn733.jpeg,1,913
lungn734.jpeg,1,913
lungn735.jpeg,1,957
lungn736.jpeg,1,775
lungn737.jpeg,1,912
lungn738.jpeg,1,883
lungn739.jpeg,1,883
lungn74.jpeg,1,788
lungn740.jpeg,1,976
lungn741.jpeg,1,878
lungn743.jpeg,1,897
lungn744.jpeg,1,952
lungn745.jpeg,1,977
lungn746.jpeg,1,997
lungn747.jpeg,1,862
lungn748.jpeg,1,766
lungn749.jpeg,1,766
lungn75.jpeg,1,867
lungn750.jpeg,1,927
lungn751.jpeg,1,919
lungn753.jpeg,1,768
lungn754.jpeg,1,768
lungn755.jpeg,1,763
lungn758.jpeg,1,953
lungn759.jpeg,1,887
lungn76.jpeg,1,867
lungn761.jpeg,1,884
lungn763.jpeg,1,857
lungn764.jpeg,1,760
lungn765.jpeg,1,937
lungn766.jpeg,1,853
lungn767.jpeg,1,853
lungn769.jpeg,1,985
lungn771.jpeg,1,826
lungn772.jpeg,1,904
lungn773.jpeg,1,860
lungn774.jpeg,1,939
lungn776.jpeg,1,974
lungn777.jpeg,1,961
lungn778.jpeg,1,845
lungn779.jpeg,1,830
lungn78.jpeg,1,765
lungn781.jpeg,1,932
lungn783.jpeg,1,852
lungn787.jpeg,1,854
lungn788.jpeg,1,959
lungn79.jpeg,1,776
lungn792.jpeg,1,957
lungn793.jpeg,1,775
lungn794.jpeg,1,912
lungn795.jpeg,1,883
lungn797.jpeg,1,793
lungn798.jpeg,1,940
lungn799.jpeg,1,897
lungn8.jpeg,1,910
lungn80.jpeg,1,811
lungn800.jpeg,1,753
lungn802.jpeg,1,858
lungn804.jpeg,1,920
lungn806.jpeg,1,861
lungn809.jpeg,1,862
lungn81.jpeg,1,901
lungn810.jpeg,1,942
lungn812.jpeg,1,772
lungn813.jpeg,1,771
lungn816.jpeg,1,933
lungn817.jpeg,1,768
lungn818.jpeg,1,910
lungn819.jpeg,1,836
lungn82.jpeg,1,902
lungn822.jpeg,1,843
lungn823.jpeg,1,995
lungn826.jpeg,1,941
lungn827.jpeg,1,764
lungn828.jpeg,1,936
lungn831.jpeg,1,893
lungn832.jpeg,1,839
lungn833.jpeg,1,822
lungn834.jpeg,1,761
lungn837.jpeg,1,974
lungn838.jpeg,1,974
lungn839.jpeg,1,801
lungn84.jpeg,1,957
lungn840.jpeg,1,801
lungn841.jpeg,1,925
lungn842.jpeg,1,925
lungn843.jpeg,1,804
lungn844.jpeg,1,859
lungn846.jpeg,1,815
lungn847.jpeg,1,932
lungn850.jpeg,1,867
lungn851.jpeg,1,901
lungn853.jpeg,1,852
lungn854.jpeg,1,798
lungn855.jpeg,1,911
lungn856.jpeg,1,959
lungn857.jpeg,1,876
lungn859.jpeg,1,775
lungn860.jpeg,1,817
lungn866.jpeg,1,920
lungn868.jpeg,1,926
lungn870.jpeg,1,907
lungn871.jpeg,1,907
lungn872.jpeg,1,912
lungn874.jpeg,1,785
lungn878.jpeg,1,836
lungn879.jpeg,1,836
lungn881.jpeg,1,896
lungn882.jpeg,1,906
lungn883.jpeg,1,843
lungn884.jpeg,1,931
lungn885.jpeg,1,937
lungn887.jpeg,1,795
lungn889.jpeg,1,929
lungn890.jpeg,1,844
lungn891.jpeg,1,893
lungn892.jpeg,1,893
lungn893.jpeg,1,915
lungn898.jpeg,1,939
lungn899.jpeg,1,822
lungn9.jpeg,1,931
lungn90.jpeg,1,770
lungn900.jpeg,1,761
lungn901.jpeg,1,761
lungn902.jpeg,1,880
lungn905.jpeg,1,799
lungn906.jpeg,1,811
lungn907.jpeg,1,901
lungn908.jpeg,1,901
lungn909.jpeg,1,852
lungn910.jpeg,1,852
lungn913.jpeg,1,971
lungn915.jpeg,1,950
lungn916.jpeg,1,959
lungn917.jpeg,1,918
lungn92.jpeg,1,858
lungn921.jpeg,1,818
lungn922.jpeg,1,908
lungn924.jpeg,1,976
lungn926.jpeg,1,928
lungn927.jpeg,1,793
lungn928.jpeg,1,793
lungn929.jpeg,1,770
lungn93.jpeg,1,980
lungn931.jpeg,1,858
lungn932.jpeg,1,813
lungn933.jpeg,1,787
lungn934.jpeg,1,920
lungn935.jpeg,1,820
lungn936.jpeg,1,942
lungn940.jpeg,1,785
lungn944.jpeg,1,921
lungn945.jpeg,1,768
lungn948.jpeg,1,953
lungn950.jpeg,1,759
lungn952.jpeg,1,764
lungn953.jpeg,1,764
lungn954.jpeg,1,853
lungn956.jpeg,1,868
lungn957.jpeg,1,844
lungn958.jpeg,1,898
lungn96.jpeg,1,848
lungn962.jpeg,1,761
lungn967.jpeg,1,801
lungn968.jpeg,1,801
lungn969.jpeg,1,769
lungn97.jpeg,1,834
lungn971.jpeg,1,894
lungn976.jpeg,1,944
lungn977.jpeg,1,798
lungn978.jpeg,1,798
lungn98.jpeg,1,905
lungn980.jpeg,1,911
lungn981.jpeg,1,959
lungn983.jpeg,1,902
lungn984.jpeg,1,791
lungn986.jpeg,1,802
lungn988.jpeg,1,878
lungn991.jpeg,1,813
lungn992.jpeg,1,861
lungn993.jpeg,1,861
lungn994.jpeg,1,952
lungn998.jpeg,1,905
lungscc1.jpeg,2,1202
lungscc10.jpeg,2,1023
lungscc100.jpeg,2,1091
lungscc1001.jpeg,2,1205
lungscc1002.jpeg,2,1072
lungscc1003.jpeg,2,998
lungscc1004.jpeg,2,998
lungscc1007.jpeg,2,1020
lungscc1008.jpeg,2,1212
lungscc101.jpeg,2,1010
lungscc1010.jpeg,2,1186
lungscc1012.jpeg,2,1117
lungscc1014.jpeg,2,1164
lungscc1015.jpeg,2,1235
lungscc1017.jpeg,2,1010
lungscc1019.jpeg,2,1012
lungscc1020.jpeg,2,1218
lungscc1021.jpeg,2,1086
lungscc1022.jpeg,2,1122
lungscc1024.jpeg,2,1089
lungscc1026.jpeg,2,1035
lungscc1027.jpeg,2,1035
lungscc1028.jpeg,2,1060
lungscc103.jpeg,2,1039
lungscc1030.jpeg,2,1069
lungscc1031.jpeg,2,1004
lungscc1032.jpeg,2,1225
lungscc1034.jpeg,2,1127
lungscc1036.jpeg,2,1183
lungscc1037.jpeg,2,1057
lungscc1038.jpeg,2,1057
lungscc1041.jpeg,2,1063
lungscc1042.jpeg,2,1038
lungscc1043.jpeg,2,1075
lungscc1044.jpeg,2,1203
lungscc1045.jpeg,2,1095
lungscc1048.jpeg,2,1022
lungscc1049.jpeg,2,1022
lungscc105.jpeg,2,1219
lungscc1050.jpeg,2,1066
lungscc1051.jpeg,2,1187
lungscc1052.jpeg,2,1056
lungscc1053.jpeg,2,1036
lungscc1054.jpeg,2,1202
lungscc1055.jpeg,2,1116
lungscc1056.jpeg,2,1029
lungscc1059.jpeg,2,1132
lungscc106.jpeg,2,1025
lungscc1060.jpeg,2,1174
lungscc1061.jpeg,2,1192
lungscc1062.jpeg,2,1144
lungscc1063.jpeg,2,1141
lungscc1064.jpeg,2,1215
lungscc1065.jpeg,2,1020
lungscc1066.jpeg,2,1023
lungscc1067.jpeg,2,1023
lungscc1068.jpeg,2,1023
lungscc1069.jpeg,2,1032
lungscc1071.jpeg,2,1093
lungscc1072.jpeg,2,1125
lungscc1073.jpeg,2,1137
lungscc1075.jpeg,2,1018
lungscc1076.jpeg,2,1235
lungscc1077.jpeg,2,1224
lungscc1079.jpeg,2,1010
lungscc108.jpeg,2,1000
lungscc1081.jpeg,2,1143
lungscc1082.jpeg,2,1218
lungscc1083.jpeg,2,1219
lungscc1084.jpeg,2,1237
lungscc1085.jpeg,2,1086
lungscc1086.jpeg,2,1086
lungscc1087.jpeg,2,1086
lungscc1088.jpeg,2,1121
lungscc109.jpeg,2,1000
lungscc1092.jpeg,2,1000
lungscc1093.jpeg,2,1135
lungscc1095.jpeg,2,1241
lungscc1096.jpeg,2,1026
lungscc1097.jpeg,2,1078
lungscc1098.jpeg,2,1209
lungscc1099.jpeg,2,1161
lungscc110.jpeg,2,1210
lungscc1100.jpeg,2,1161
lungscc1101.jpeg,2,1216
lungscc1102.jpeg,2,1057
lungscc1105.jpeg,2,1030
lungscc1106.jpeg,2,1178
lungscc1107.jpeg,2,1063
lungscc1109.jpeg,2,1075
lungscc111.jpeg,2,1135
lungscc1110.jpeg,2,1180
lungscc1111.jpeg,2,1201
lungscc1112.jpeg,2,1041
lungscc1113.jpeg,2,1203
lungscc1114.jpeg,2,999
lungscc1115.jpeg,2,1043
lungscc1116.jpeg,2,1087
lungscc1119.jpeg,2,1146
lungscc112.jpeg,2,1229
lungscc1121.jpeg,2,1192
lungscc1123.jpeg,2,1072
lungscc1125.jpeg,2,1168
lungscc1128.jpeg,2,1050
lungscc1129.jpeg,2,1019
lungscc113.jpeg,2,1004
lungscc1132.jpeg,2,1134
lungscc1133.jpeg,2,1137
lungscc1134.jpeg,2,1137
lungscc1135.jpeg,2,1102
lungscc1136.jpeg,2,1152
lungscc1137.jpeg,2,1164
lungscc1138.jpeg,2,1235
lungscc1139.jpeg,2,1224
lungscc114.jpeg,2,1155
lungscc1140.jpeg,2,1091
lungscc1141.jpeg,2,1091
lungscc1142.jpeg,2,1171
lungscc1143.jpeg,2,1171
lungscc1144.jpeg,2,1039
lungscc1145.jpeg,2,1039
lungscc1146.jpeg,2,1083
lungscc1147.jpeg,2,1083
lungscc1148.jpeg,2,1121
lungscc1151.jpeg,2,1210
lungscc1152.jpeg,2,1210
lungscc1153.jpeg,2,1008
lungscc1154.jpeg,2,1135
lungscc1155.jpeg,2,1009
lungscc1156.jpeg,2,1004
lungscc1157.jpeg,2,1225
lungscc1158.jpeg,2,1109
lungscc1159.jpeg,2,1109
lungscc116.jpeg,2,1078
lungscc1161.jpeg,2,1118
lungscc1162.jpeg,2,1172
lungscc1164.jpeg,2,1165
lungscc1165.jpeg,2,1165
lungscc1167.jpeg,2,1157
lungscc1169.jpeg,2,999
lungscc117.jpeg,2,1127
lungscc1170.jpeg,2,1095
lungscc1171.jpeg,2,1015
lungscc1172.jpeg,2,1022
lungscc1173.jpeg,2,1066
lungscc1174.jpeg,2,1056
lungscc1175.jpeg,2,1166
lungscc1176.jpeg,2,1166
lungscc1177.jpeg,2,1146
lungscc1178.jpeg,2,1105
lungscc1179.jpeg,2,1105
lungscc118.jpeg,2,1120
lungscc1180.jpeg,2,1105
lungscc1181.jpeg,2,1150
lungscc1182.jpeg,2,1006
lungscc1183.jpeg,2,1006
lungscc1185.jpeg,2,1049
lungscc1188.jpeg,2,1192
lungscc119.jpeg,2,1120
lungscc1190.jpeg,2,1129
lungscc1191.jpeg,2,1141
lungscc1192.jpeg,2,1141
lungscc1195.jpeg,2,1134
lungscc1196.jpeg,2,1188
lungscc1197.jpeg,2,1128
lungscc1198.jpeg,2,1148
lungscc1199.jpeg,2,1137
lungscc120.jpeg,2,1057
lungscc1201.jpeg,2,1024
lungscc1202.jpeg,2,1236
lungscc1204.jpeg,2,1076
lungscc1205.jpeg,2,1191
lungscc1206.jpeg,2,1191
lungscc1209.jpeg,2,1054
lungscc121.jpeg,2,1057
lungscc1212.jpeg,2,1004
lungscc1216.jpeg,2,1127
lungscc1217.jpeg,2,1120
lungscc1218.jpeg,2,1005
lungscc1219.jpeg,2,1177
lungscc122.jpeg,2,1057
lungscc1220.jpeg,2,1183
lungscc1222.jpeg,2,1055
lungscc1223.jpeg,2,1203
lungscc1224.jpeg,2,1203
lungscc1225.jpeg,2,1096
lungscc1226.jpeg,2,1240
lungscc1227.jpeg,2,1087
lungscc1228.jpeg,2,1022
lungscc1229.jpeg,2,1022
lungscc123.jpeg,2,1011
lungscc1230.jpeg,2,1056
lungscc1231.jpeg,2,1116
lungscc1232.jpeg,2,1071
lungscc1234.jpeg,2,1045
lungscc1236.jpeg,2,1233
lungscc1238.jpeg,2,1192
lungscc1239.jpeg,2,1197
lungscc124.jpeg,2,1011
lungscc1240.jpeg,2,1205
lungscc1241.jpeg,2,1170
lungscc1243.jpeg,2,1204
lungscc1244.jpeg,2,1138
lungscc1245.jpeg,2,998
lungscc1247.jpeg,2,1232
lungscc125.jpeg,2,1167
lungscc1250.jpeg,2,1188
lungscc1251.jpeg,2,1130
lungscc1252.jpeg,2,1130
lungscc1255.jpeg,2,1112
lungscc1256.jpeg,2,1236
lungscc1257.jpeg,2,1143
lungscc1258.jpeg,2,1092
lungscc1259.jpeg,2,1092
lungscc126.jpeg,2,1059
lungscc1260.jpeg,2,1111
lungscc1262.jpeg,2,1083
lungscc1263.jpeg,2,1195
lungscc1265.jpeg,2,1017
lungscc1266.jpeg,2,1086
lungscc1267.jpeg,2,1025
lungscc1268.jpeg,2,1131
lungscc1269.jpeg,2,1124
lungscc127.jpeg,2,1178
lungscc1271.jpeg,2,1054
lungscc1272.jpeg,2,1228
lungscc1273.jpeg,2,1151
lungscc1274.jpeg,2,1126
lungscc1275.jpeg,2,1181
lungscc1276.jpeg,2,1120
lungscc1277.jpeg,2,1109
lungscc1278.jpeg,2,1109
lungscc1279.jpeg,2,1172
lungscc1280.jpeg,2,1113
lungscc1282.jpeg,2,1030
lungscc1284.jpeg,2,1157
lungscc1285.jpeg,2,1038
lungscc1288.jpeg,2,1189
lungscc1289.jpeg,2,1189
lungscc129.jpeg,2,1157
lungscc1290.jpeg,2,1055
lungscc1291.jpeg,2,1095
lungscc1292.jpeg,2,1240
lungscc1293.jpeg,2,1240
lungscc1294.jpeg,2,1240
lungscc1298.jpeg,2,1202
lungscc1299.jpeg,2,1146
lungscc130.jpeg,2,1038
lungscc1301.jpeg,2,1049
lungscc1302.jpeg,2,1244
lungscc1304.jpeg,2,1072
lungscc1305.jpeg,2,1168
lungscc1306.jpeg,2,1140
lungscc1308.jpeg,2,1020
lungscc1309.jpeg,2,1212
lungscc131.jpeg,2,1075
lungscc1310.jpeg,2,1082
lungscc1313.jpeg,2,1032
lungscc1314.jpeg,2,1093
lungscc1315.jpeg,2,1148
lungscc1316.jpeg,2,1024
lungscc1317.jpeg,2,1024
lungscc1318.jpeg,2,1061
lungscc132.jpeg,2,1203
lungscc1320.jpeg,2,1218
lungscc1321.jpeg,2,1219
lungscc1322.jpeg,2,1017
lungscc1323.jpeg,2,1122
lungscc1324.jpeg,2,1121
lungscc1325.jpeg,2,1147
lungscc1327.jpeg,2,1000
lungscc1328.jpeg,2,1135
lungscc133.jpeg,2,1095
lungscc1330.jpeg,2,1069
lungscc1331.jpeg,2,1151
lungscc1332.jpeg,2,1151
lungscc1333.jpeg,2,1026
lungscc1336.jpeg,2,1005
lungscc1337.jpeg,2,1113
lungscc1338.jpeg,2,1057
lungscc1339.jpeg,2,1057
lungscc134.jpeg,2,1015
lungscc1340.jpeg,2,1057
lungscc1341.jpeg,2,1165
lungscc1342.jpeg,2,1038
lungscc1343.jpeg,2,1180
lungscc1344.jpeg,2,1201
lungscc1345.jpeg,2,1203
lungscc1347.jpeg,2,1015
lungscc1348.jpeg,2,1043
lungscc135.jpeg,2,1096
lungscc1356.jpeg,2,1132
lungscc1357.jpeg,2,1197
lungscc1358.jpeg,2,1197
lungscc1359.jpeg,2,1170
lungscc136.jpeg,2,1096
lungscc1360.jpeg,2,1170
lungscc1361.jpeg,2,1170
lungscc1362.jpeg,2,1044
lungscc1365.jpeg,2,1212
lungscc1366.jpeg,2,1032
lungscc1367.jpeg,2,1134
lungscc1369.jpeg,2,1024
lungscc137.jpeg,2,1240
lungscc1372.jpeg,2,1164
lungscc1375.jpeg,2,1092
lungscc1376.jpeg,2,1133
lungscc1377.jpeg,2,1083
lungscc1378.jpeg,2,1083
lungscc1379.jpeg,2,1195
lungscc138.jpeg,2,1043
lungscc1380.jpeg,2,1219
lungscc1381.jpeg,2,1122
lungscc1382.jpeg,2,1089
lungscc1383.jpeg,2,1068
lungscc1384.jpeg,2,1009
lungscc1385.jpeg,2,1151
lungscc1386.jpeg,2,1151
lungscc1387.jpeg,2,1085
lungscc1388.jpeg,2,1127
lungscc1389.jpeg,2,1005
lungscc1390.jpeg,2,1057
lungscc1392.jpeg,2,1059
lungscc1393.jpeg,2,1030
lungscc1394.jpeg,2,1178
lungscc1395.jpeg,2,1157
lungscc1396.jpeg,2,1157
lungscc1399.jpeg,2,1075
lungscc14.jpeg,2,1207
lungscc140.jpeg,2,1107
lungscc1400.jpeg,2,1189
lungscc1401.jpeg,2,1055
lungscc1402.jpeg,2,999
lungscc1403.jpeg,2,1107
lungscc1404.jpeg,2,1022
lungscc1405.jpeg,2,1145
lungscc1406.jpeg,2,1166
lungscc1407.jpeg,2,1166
lungscc1408.jpeg,2,1234
lungscc1409.jpeg,2,1146
lungscc141.jpeg,2,1087
lungscc1410.jpeg,2,1105
lungscc1411.jpeg,2,1049
lungscc1412.jpeg,2,1132
lungscc1413.jpeg,2,1174
lungscc1414.jpeg,2,1144
lungscc1415.jpeg,2,1197
lungscc1417.jpeg,2,1214
lungscc1419.jpeg,2,1013
lungscc142.jpeg,2,1022
lungscc1420.jpeg,2,1140
lungscc1422.jpeg,2,1138
lungscc1423.jpeg,2,1179
lungscc1424.jpeg,2,1179
lungscc1425.jpeg,2,1082
lungscc1427.jpeg,2,1232
lungscc1428.jpeg,2,1137
lungscc1431.jpeg,2,1102
lungscc1432.jpeg,2,1091
lungscc1433.jpeg,2,1010
lungscc1434.jpeg,2,1039
lungscc1435.jpeg,2,1111
lungscc1436.jpeg,2,1111
lungscc1438.jpeg,2,1133
lungscc1439.jpeg,2,1083
lungscc144.jpeg,2,1021
lungscc1440.jpeg,2,1195
lungscc1441.jpeg,2,1219
lungscc1442.jpeg,2,1237
lungscc1443.jpeg,2,1025
lungscc1447.jpeg,2,1060
lungscc1449.jpeg,2,1162
lungscc145.jpeg,2,1021
lungscc1451.jpeg,2,1209
lungscc1452.jpeg,2,1127
lungscc1453.jpeg,2,1200
lungscc1454.jpeg,2,1222
lungscc1455.jpeg,2,1011
lungscc1456.jpeg,2,1059
lungscc1457.jpeg,2,1165
lungscc1458.jpeg,2,1165
lungscc1459.jpeg,2,1178
lungscc1460.jpeg,2,1038
lungscc1461.jpeg,2,1058
lungscc1462.jpeg,2,999
lungscc1466.jpeg,2,1144
lungscc1467.jpeg,2,1163
lungscc1468.jpeg,2,1214
lungscc1469.jpeg,2,1168
lungscc147.jpeg,2,1116
lungscc1470.jpeg,2,1231
lungscc1472.jpeg,2,1050
lungscc1473.jpeg,2,998
lungscc1474.jpeg,2,998
lungscc1477.jpeg,2,1134
lungscc1478.jpeg,2,1125
lungscc148.jpeg,2,1029
lungscc1480.jpeg,2,1130
lungscc1481.jpeg,2,1152
lungscc1482.jpeg,2,1164
lungscc1483.jpeg,2,1235
lungscc1485.jpeg,2,1112
lungscc1487.jpeg,2,1092
lungscc1488.jpeg,2,1012
lungscc1489.jpeg,2,1133
lungscc1490.jpeg,2,1218
lungscc1491.jpeg,2,1017
lungscc1493.jpeg,2,1089
lungscc1494.jpeg,2,1089
lungscc1495.jpeg,2,1147
lungscc1496.jpeg,2,1124
lungscc150.jpeg,2,1045
lungscc1500.jpeg,2,1004
lungscc1501.jpeg,2,1155
lungscc1502.jpeg,2,1162
lungscc1503.jpeg,2,1126
lungscc1504.jpeg,2,1181
lungscc1505.jpeg,2,1005
lungscc1506.jpeg,2,1177
lungscc1507.jpeg,2,1057
lungscc1508.jpeg,2,1011
lungscc151.jpeg,2,1006
lungscc1510.jpeg,2,1180
lungscc1511.jpeg,2,1189
lungscc1512.jpeg,2,999
lungscc1513.jpeg,2,1095
lungscc1515.jpeg,2,1107
lungscc1516.jpeg,2,1107
lungscc1517.jpeg,2,1021
lungscc1519.jpeg,2,1132
lungscc1520.jpeg,2,1233
lungscc1522.jpeg,2,1197
lungscc1523.jpeg,2,1205
lungscc1524.jpeg,2,1231
lungscc1525.jpeg,2,1138
lungscc1526.jpeg,2,1050
lungscc1527.jpeg,2,1179
lungscc1528.jpeg,2,998
lungscc153.jpeg,2,1205
lungscc1530.jpeg,2,1019
lungscc1531.jpeg,2,1082
lungscc1533.jpeg,2,1176
lungscc1534.jpeg,2,1023
lungscc1535.jpeg,2,1186
lungscc1536.jpeg,2,1134
lungscc1537.jpeg,2,1117
lungscc1538.jpeg,2,1188
lungscc154.jpeg,2,1044
lungscc1540.jpeg,2,1018
lungscc1541.jpeg,2,1024
lungscc1542.jpeg,2,1024
lungscc1544.jpeg,2,1164
lungscc1545.jpeg,2,1236
lungscc1547.jpeg,2,1171
lungscc1548.jpeg,2,1143
lungscc155.jpeg,2,1163
lungscc1551.jpeg,2,1083
lungscc1552.jpeg,2,1218
lungscc1554.jpeg,2,1025
lungscc1555.jpeg,2,1025
lungscc1557.jpeg,2,1054
lungscc1558.jpeg,2,1060
lungscc1559.jpeg,2,1229
lungscc156.jpeg,2,1129
lungscc1560.jpeg,2,1155
lungscc1561.jpeg,2,1155
lungscc1563.jpeg,2,1162
lungscc1564.jpeg,2,1078
lungscc1565.jpeg,2,1209
lungscc1566.jpeg,2,1127
lungscc1568.jpeg,2,1113
lungscc157.jpeg,2,1231
lungscc1570.jpeg,2,1011
lungscc1571.jpeg,2,1059
lungscc1572.jpeg,2,1059
lungscc1573.jpeg,2,1030
lungscc1574.jpeg,2,1165
lungscc1575.jpeg,2,1063
lungscc1576.jpeg,2,1038
lungscc1578.jpeg,2,1075
lungscc1579.jpeg,2,1075
lungscc158.jpeg,2,1020
lungscc1580.jpeg,2,1055
lungscc1581.jpeg,2,1041
lungscc1583.jpeg,2,999
lungscc1584.jpeg,2,999
lungscc1585.jpeg,2,1043
lungscc1587.jpeg,2,1056
lungscc1588.jpeg,2,1234
lungscc159.jpeg,2,1232
lungscc1593.jpeg,2,1244
lungscc1594.jpeg,2,1233
lungscc1596.jpeg,2,1170
lungscc1597.jpeg,2,1044
lungscc1598.jpeg,2,1163
lungscc1599.jpeg,2,1168
lungscc1600.jpeg,2,1050
lungscc1601.jpeg,2,1215
lungscc1602.jpeg,2,1101
lungscc1603.jpeg,2,1176
lungscc1604.jpeg,2,1102
lungscc1605.jpeg,2,1102
lungscc1606.jpeg,2,1024
lungscc1608.jpeg,2,1112
lungscc1609.jpeg,2,1236
lungscc1610.jpeg,2,1207
lungscc1611.jpeg,2,1012
lungscc1614.jpeg,2,1017
lungscc1616.jpeg,2,1124
lungscc1617.jpeg,2,1124
lungscc1618.jpeg,2,1065
lungscc162.jpeg,2,1134
lungscc1620.jpeg,2,1210
lungscc1622.jpeg,2,1151
lungscc1624.jpeg,2,1127
lungscc1625.jpeg,2,1161
lungscc1626.jpeg,2,1161
lungscc1627.jpeg,2,1118
lungscc1628.jpeg,2,1183
lungscc1629.jpeg,2,1057
lungscc163.jpeg,2,1117
lungscc1630.jpeg,2,1005
lungscc1636.jpeg,2,1087
lungscc1639.jpeg,2,1036
lungscc164.jpeg,2,1093
lungscc1640.jpeg,2,1036
lungscc1641.jpeg,2,1071
lungscc1642.jpeg,2,1071
lungscc1644.jpeg,2,1105
lungscc1645.jpeg,2,1045
lungscc1646.jpeg,2,1045
lungscc1647.jpeg,2,1132
lungscc1648.jpeg,2,1132
lungscc1649.jpeg,2,1233
lungscc1650.jpeg,2,1174
lungscc1651.jpeg,2,1192
lungscc1653.jpeg,2,1170
lungscc1654.jpeg,2,1044
lungscc1657.jpeg,2,1204
lungscc1658.jpeg,2,1231
lungscc1659.jpeg,2,1179
lungscc1660.jpeg,2,1212
lungscc1663.jpeg,2,1137
lungscc1665.jpeg,2,1164
lungscc1666.jpeg,2,1061
lungscc1667.jpeg,2,1061
lungscc1668.jpeg,2,1236
lungscc167.jpeg,2,1102
lungscc1670.jpeg,2,1010
lungscc1671.jpeg,2,1207
lungscc1672.jpeg,2,1218
lungscc1674.jpeg,2,1237
lungscc1676.jpeg,2,1124
lungscc1677.jpeg,2,1065
lungscc1679.jpeg,2,1008
lungscc168.jpeg,2,1024
lungscc1680.jpeg,2,1060
lungscc1681.jpeg,2,1009
lungscc1682.jpeg,2,1155
lungscc1683.jpeg,2,1241
lungscc1684.jpeg,2,1126
lungscc1687.jpeg,2,1118
lungscc1688.jpeg,2,1183
lungscc1689.jpeg,2,1167
lungscc1691.jpeg,2,1063
lungscc1692.jpeg,2,1157
lungscc1693.jpeg,2,1038
lungscc1695.jpeg,2,1041
lungscc1696.jpeg,2,1041
lungscc1699.jpeg,2,999
lungscc1706.jpeg,2,1202
lungscc1707.jpeg,2,1116
lungscc1708.jpeg,2,1045
lungscc171.jpeg,2,1012
lungscc1710.jpeg,2,1150
lungscc1711.jpeg,2,1006
lungscc1713.jpeg,2,1175
lungscc1714.jpeg,2,1044
lungscc1716.jpeg,2,1129
lungscc172.jpeg,2,1133
lungscc1720.jpeg,2,1101
lungscc1721.jpeg,2,1117
lungscc1722.jpeg,2,1188
lungscc1723.jpeg,2,1188
lungscc1724.jpeg,2,1125
lungscc1727.jpeg,2,1171
lungscc1728.jpeg,2,1171
lungscc1729.jpeg,2,1076
lungscc173.jpeg,2,1195
lungscc1730.jpeg,2,1076
lungscc1731.jpeg,2,1092
lungscc1732.jpeg,2,1191
lungscc1736.jpeg,2,1035
lungscc1737.jpeg,2,1008
lungscc1739.jpeg,2,1155
lungscc1740.jpeg,2,1241
lungscc1741.jpeg,2,1241
lungscc1742.jpeg,2,1026
lungscc1743.jpeg,2,1085
lungscc1745.jpeg,2,1177
lungscc1746.jpeg,2,1177
lungscc1747.jpeg,2,1216
lungscc1748.jpeg,2,1172
lungscc1749.jpeg,2,1222
lungscc175.jpeg,2,1017
lungscc1750.jpeg,2,1057
lungscc1752.jpeg,2,1136
lungscc1754.jpeg,2,1189
lungscc1756.jpeg,2,1095
lungscc1757.jpeg,2,1043
lungscc1758.jpeg,2,1146
lungscc1759.jpeg,2,1045
lungscc176.jpeg,2,1237
lungscc1760.jpeg,2,1150
lungscc1763.jpeg,2,1132
lungscc1764.jpeg,2,1163
lungscc1766.jpeg,2,1168
lungscc1767.jpeg,2,1129
lungscc1769.jpeg,2,1050
lungscc177.jpeg,2,1086
lungscc1770.jpeg,2,1179
lungscc1772.jpeg,2,1082
lungscc1773.jpeg,2,1082
lungscc1775.jpeg,2,1186
lungscc1776.jpeg,2,1117
lungscc1777.jpeg,2,1117
lungscc1778.jpeg,2,1188
lungscc178.jpeg,2,1025
lungscc1780.jpeg,2,1130
lungscc1783.jpeg,2,1061
lungscc1784.jpeg,2,1143
lungscc1785.jpeg,2,1191
lungscc1787.jpeg,2,1133
lungscc1788.jpeg,2,1195
lungscc1789.jpeg,2,1017
lungscc1790.jpeg,2,1237
lungscc1791.jpeg,2,1237
lungscc1792.jpeg,2,1237
lungscc1793.jpeg,2,1122
lungscc1794.jpeg,2,1227
lungscc1795.jpeg,2,1227
lungscc1796.jpeg,2,1035
lungscc1797.jpeg,2,1068
lungscc1798.jpeg,2,1068
lungscc18.jpeg,2,1189
lungscc1800.jpeg,2,1004
lungscc1801.jpeg,2,1151
lungscc1802.jpeg,2,1126
lungscc1804.jpeg,2,1078
lungscc1805.jpeg,2,1109
lungscc1806.jpeg,2,1005
lungscc1808.jpeg,2,1177
lungscc1809.jpeg,2,1200
lungscc1811.jpeg,2,1011
lungscc1812.jpeg,2,1136
lungscc1814.jpeg,2,1038
lungscc1816.jpeg,2,1075
lungscc1819.jpeg,2,1021
lungscc182.jpeg,2,1008
lungscc1820.jpeg,2,1145
lungscc1821.jpeg,2,1056
lungscc1822.jpeg,2,1234
lungscc1823.jpeg,2,1245
lungscc1824.jpeg,2,1105
lungscc1826.jpeg,2,1049
lungscc1827.jpeg,2,1244
lungscc1828.jpeg,2,1132
lungscc1829.jpeg,2,1233
lungscc183.jpeg,2,1060
lungscc1830.jpeg,2,1175
lungscc1831.jpeg,2,1175
lungscc1832.jpeg,2,1205
lungscc1833.jpeg,2,1072
lungscc1834.jpeg,2,1214
lungscc1835.jpeg,2,1140
lungscc1836.jpeg,2,1231
lungscc1837.jpeg,2,1050
lungscc1838.jpeg,2,1179
lungscc1839.jpeg,2,1212
lungscc184.jpeg,2,1009
lungscc1841.jpeg,2,1101
lungscc1842.jpeg,2,1101
lungscc1843.jpeg,2,1032
lungscc1844.jpeg,2,1093
lungscc1845.jpeg,2,1137
lungscc1847.jpeg,2,1152
lungscc1848.jpeg,2,1152
lungscc185.jpeg,2,1069
lungscc1852.jpeg,2,1010
lungscc1853.jpeg,2,1191
lungscc1856.jpeg,2,1121
lungscc1857.jpeg,2,1121
lungscc1859.jpeg,2,1089
lungscc186.jpeg,2,1126
lungscc1861.jpeg,2,1068
lungscc1862.jpeg,2,1054
lungscc1863.jpeg,2,1008
lungscc1864.jpeg,2,1135
lungscc1865.jpeg,2,1009
lungscc1866.jpeg,2,1229
lungscc1869.jpeg,2,1127
lungscc1870.jpeg,2,1222
lungscc1871.jpeg,2,1222
lungscc1872.jpeg,2,1057
lungscc1873.jpeg,2,1136
lungscc1876.jpeg,2,1075
lungscc1877.jpeg,2,1015
lungscc1878.jpeg,2,1107
lungscc188.jpeg,2,1127
lungscc1880.jpeg,2,1066
lungscc1881.jpeg,2,1066
lungscc1882.jpeg,2,1036
lungscc1883.jpeg,2,1036
lungscc1884.jpeg,2,1202
lungscc1885.jpeg,2,1116
lungscc1886.jpeg,2,1029
lungscc1887.jpeg,2,1071
lungscc1889.jpeg,2,1150
lungscc189.jpeg,2,1109
lungscc1892.jpeg,2,1244
lungscc1893.jpeg,2,1233
lungscc1894.jpeg,2,1197
lungscc1895.jpeg,2,1072
lungscc1896.jpeg,2,1163
lungscc1897.jpeg,2,1231
lungscc1898.jpeg,2,1138
lungscc1899.jpeg,2,1179
lungscc190.jpeg,2,1005
lungscc1901.jpeg,2,1020
lungscc1903.jpeg,2,1023
lungscc1905.jpeg,2,1032
lungscc1906.jpeg,2,1032
lungscc1907.jpeg,2,1134
lungscc1909.jpeg,2,1137
lungscc191.jpeg,2,1183
lungscc1910.jpeg,2,1137
lungscc1911.jpeg,2,1018
lungscc1913.jpeg,2,1152
lungscc1914.jpeg,2,1152
lungscc1917.jpeg,2,1039
lungscc1918.jpeg,2,1076
lungscc1920.jpeg,2,1065
lungscc1922.jpeg,2,1068
lungscc1923.jpeg,2,1210
lungscc1925.jpeg,2,1151
lungscc193.jpeg,2,1165
lungscc1930.jpeg,2,1209
lungscc1931.jpeg,2,1005
lungscc1933.jpeg,2,1177
lungscc1934.jpeg,2,1222
lungscc1935.jpeg,2,1011
lungscc1938.jpeg,2,1189
lungscc1939.jpeg,2,1055
lungscc1941.jpeg,2,1096
lungscc1942.jpeg,2,1043
lungscc1946.jpeg,2,1145
lungscc1947.jpeg,2,1245
lungscc1948.jpeg,2,1116
lungscc1949.jpeg,2,1116
lungscc1950.jpeg,2,1150
lungscc1951.jpeg,2,1006
lungscc1953.jpeg,2,1132
lungscc1954.jpeg,2,1233
lungscc1955.jpeg,2,1233
lungscc1958.jpeg,2,1168
lungscc1959.jpeg,2,1129
lungscc196.jpeg,2,1055
lungscc1960.jpeg,2,1140
lungscc1961.jpeg,2,1140
lungscc1962.jpeg,2,1231
lungscc1964.jpeg,2,1212
lungscc1965.jpeg,2,1212
lungscc1966.jpeg,2,1232
lungscc1967.jpeg,2,1176
lungscc1968.jpeg,2,1176
lungscc197.jpeg,2,1041
lungscc1970.jpeg,2,1137
lungscc1971.jpeg,2,1104
lungscc1973.jpeg,2,1236
lungscc1974.jpeg,2,1236
lungscc1975.jpeg,2,1039
lungscc1978.jpeg,2,1133
lungscc1979.jpeg,2,1147
lungscc198.jpeg,2,999
lungscc1980.jpeg,2,1147
lungscc1981.jpeg,2,1124
lungscc1982.jpeg,2,1068
lungscc1983.jpeg,2,1210
lungscc1985.jpeg,2,1069
lungscc1986.jpeg,2,1155
lungscc1987.jpeg,2,1151
lungscc1988.jpeg,2,1151
lungscc1989.jpeg,2,1078
lungscc199.jpeg,2,1015
lungscc1992.jpeg,2,1167
lungscc1993.jpeg,2,1059
lungscc1995.jpeg,2,1058
lungscc1996.jpeg,2,1201
lungscc1998.jpeg,2,1022
lungscc2.jpeg,2,1116
lungscc2000.jpeg,2,1187
lungscc2003.jpeg,2,1045
lungscc2004.jpeg,2,1006
lungscc2007.jpeg,2,1049
lungscc2009.jpeg,2,1205
lungscc201.jpeg,2,1107
lungscc2010.jpeg,2,1205
lungscc2011.jpeg,2,1163
lungscc2013.jpeg,2,1140
lungscc2014.jpeg,2,1141
lungscc2015.jpeg,2,1138
lungscc2019.jpeg,2,1082
lungscc2020.jpeg,2,1232
lungscc2021.jpeg,2,1186
lungscc2025.jpeg,2,1091
lungscc2026.jpeg,2,1112
lungscc2028.jpeg,2,1076
lungscc2029.jpeg,2,1143
lungscc2030.jpeg,2,1143
lungscc2031.jpeg,2,1143
lungscc2032.jpeg,2,1111
lungscc2034.jpeg,2,1133
lungscc2035.jpeg,2,1124
lungscc2036.jpeg,2,1054
lungscc2037.jpeg,2,1008
lungscc2038.jpeg,2,1008
lungscc2039.jpeg,2,1228
lungscc204.jpeg,2,1021
lungscc2043.jpeg,2,1078
lungscc2044.jpeg,2,1085
lungscc2045.jpeg,2,1005
lungscc2046.jpeg,2,1005
lungscc2047.jpeg,2,1030
lungscc205.jpeg,2,1021
lungscc2050.jpeg,2,1075
lungscc2051.jpeg,2,1058
lungscc2052.jpeg,2,1201
lungscc2054.jpeg,2,999
lungscc2055.jpeg,2,1095
lungscc2056.jpeg,2,1087
lungscc2059.jpeg,2,1021
lungscc2060.jpeg,2,1187
lungscc2063.jpeg,2,1244
lungscc2065.jpeg,2,1175
lungscc2069.jpeg,2,1138
lungscc207.jpeg,2,1245
lungscc2074.jpeg,2,1215
lungscc2075.jpeg,2,1215
lungscc2076.jpeg,2,1020
lungscc2077.jpeg,2,1232
lungscc2078.jpeg,2,1023
lungscc2079.jpeg,2,1032
lungscc2080.jpeg,2,1032
lungscc2081.jpeg,2,1134
lungscc2082.jpeg,2,1188
lungscc2083.jpeg,2,1125
lungscc2084.jpeg,2,1148
lungscc2085.jpeg,2,1104
lungscc2090.jpeg,2,1039
lungscc2091.jpeg,2,1039
lungscc2093.jpeg,2,1083
lungscc2094.jpeg,2,1237
lungscc2096.jpeg,2,1089
lungscc2099.jpeg,2,1069
lungscc21.jpeg,2,1021
lungscc210.jpeg,2,1233
lungscc2100.jpeg,2,1126
lungscc2102.jpeg,2,1161
lungscc2103.jpeg,2,1177
lungscc2104.jpeg,2,1113
lungscc2108.jpeg,2,1178
lungscc211.jpeg,2,1144
lungscc2110.jpeg,2,1038
lungscc2111.jpeg,2,999
lungscc2113.jpeg,2,1015
lungscc2114.jpeg,2,1015
lungscc2115.jpeg,2,1043
lungscc2116.jpeg,2,1107
lungscc2117.jpeg,2,1087
lungscc2118.jpeg,2,1022
lungscc212.jpeg,2,1205
lungscc2120.jpeg,2,1056
lungscc2121.jpeg,2,1234
lungscc2124.jpeg,2,1144
lungscc2125.jpeg,2,1044
lungscc2126.jpeg,2,1044
lungscc2127.jpeg,2,1163
lungscc2129.jpeg,2,1168
lungscc213.jpeg,2,1163
lungscc2130.jpeg,2,1141
lungscc2133.jpeg,2,1215
lungscc2135.jpeg,2,1101
lungscc2136.jpeg,2,1023
lungscc2138.jpeg,2,1102
lungscc214.jpeg,2,1013
lungscc2140.jpeg,2,1235
lungscc2141.jpeg,2,1010
lungscc2144.jpeg,2,1012
lungscc2146.jpeg,2,1089
lungscc2147.jpeg,2,1131
lungscc2148.jpeg,2,1035
lungscc2149.jpeg,2,1060
lungscc215.jpeg,2,1141
lungscc2152.jpeg,2,1069
lungscc2153.jpeg,2,1155
lungscc2155.jpeg,2,1184
lungscc2156.jpeg,2,1126
lungscc2157.jpeg,2,1225
lungscc2158.jpeg,2,1078
lungscc2159.jpeg,2,1209
lungscc2160.jpeg,2,1127
lungscc2161.jpeg,2,1109
lungscc2163.jpeg,2,1118
lungscc2164.jpeg,2,1118
lungscc2165.jpeg,2,1216
lungscc2167.jpeg,2,1167
lungscc2170.jpeg,2,1157
lungscc2174.jpeg,2,1075
lungscc2175.jpeg,2,1201
lungscc2176.jpeg,2,1095
lungscc2178.jpeg,2,1107
lungscc2179.jpeg,2,1107
lungscc2180.jpeg,2,1107
lungscc2181.jpeg,2,1022
lungscc2183.jpeg,2,1021
lungscc2184.jpeg,2,1056
lungscc2186.jpeg,2,1174
lungscc2187.jpeg,2,1192
lungscc2189.jpeg,2,1072
lungscc2190.jpeg,2,1044
lungscc2192.jpeg,2,998
lungscc2193.jpeg,2,1019
lungscc2194.jpeg,2,1215
lungscc2195.jpeg,2,1082
lungscc2199.jpeg,2,1176
lungscc22.jpeg,2,1021
lungscc220.jpeg,2,1023
lungscc2201.jpeg,2,1134
lungscc2202.jpeg,2,1117
lungscc2203.jpeg,2,1188
lungscc2204.jpeg,2,1188
lungscc2208.jpeg,2,1024
lungscc2209.jpeg,2,1024
lungscc2210.jpeg,2,1091
lungscc2212.jpeg,2,1061
lungscc2213.jpeg,2,1061
lungscc2214.jpeg,2,1236
lungscc2215.jpeg,2,1236
lungscc2218.jpeg,2,1154
lungscc2219.jpeg,2,1092
lungscc2220.jpeg,2,1191
lungscc2221.jpeg,2,1207
lungscc2223.jpeg,2,1195
lungscc2225.jpeg,2,1025
lungscc2226.jpeg,2,1121
lungscc2228.jpeg,2,1210
lungscc2229.jpeg,2,1184
lungscc2230.jpeg,2,1026
lungscc2231.jpeg,2,1200
lungscc2233.jpeg,2,1011
lungscc2234.jpeg,2,1059
lungscc2235.jpeg,2,1038
lungscc2238.jpeg,2,1203
lungscc224.jpeg,2,1235
lungscc2241.jpeg,2,1056
lungscc2242.jpeg,2,1056
lungscc2245.jpeg,2,1202
lungscc2246.jpeg,2,1029
lungscc2249.jpeg,2,1049
lungscc2250.jpeg,2,1174
lungscc2251.jpeg,2,1175
lungscc2252.jpeg,2,1175
lungscc2253.jpeg,2,1205
lungscc2255.jpeg,2,1013
lungscc2256.jpeg,2,1204
lungscc2258.jpeg,2,1023
lungscc2259.jpeg,2,1023
lungscc2260.jpeg,2,1032
lungscc2261.jpeg,2,1117
lungscc2262.jpeg,2,1130
lungscc2263.jpeg,2,1018
lungscc2264.jpeg,2,1235
lungscc2266.jpeg,2,1039
lungscc2267.jpeg,2,1092
lungscc2268.jpeg,2,1111
lungscc2269.jpeg,2,1012
lungscc227.jpeg,2,1171
lungscc2271.jpeg,2,1124
lungscc2272.jpeg,2,1065
lungscc2274.jpeg,2,1068
lungscc2275.jpeg,2,1054
lungscc2276.jpeg,2,1008
lungscc2278.jpeg,2,1009
lungscc2279.jpeg,2,1229
lungscc228.jpeg,2,1154
lungscc2280.jpeg,2,1155
lungscc2281.jpeg,2,1085
lungscc2282.jpeg,2,1120
lungscc2283.jpeg,2,1005
lungscc2284.jpeg,2,1161
lungscc2285.jpeg,2,1216
lungscc2286.jpeg,2,1167
lungscc2287.jpeg,2,1059
lungscc2288.jpeg,2,1178
lungscc229.jpeg,2,1154
lungscc2290.jpeg,2,1075
lungscc2292.jpeg,2,1107
lungscc2294.jpeg,2,1087
lungscc2296.jpeg,2,1187
lungscc2297.jpeg,2,1056
lungscc230.jpeg,2,1154
lungscc2300.jpeg,2,1244
lungscc2301.jpeg,2,1233
lungscc2302.jpeg,2,1174
lungscc2303.jpeg,2,1144
lungscc2304.jpeg,2,1144
lungscc2305.jpeg,2,1205
lungscc2306.jpeg,2,1072
lungscc2307.jpeg,2,1214
lungscc231.jpeg,2,1143
lungscc2311.jpeg,2,1176
lungscc2314.jpeg,2,1130
lungscc2315.jpeg,2,1152
lungscc2318.jpeg,2,1091
lungscc2319.jpeg,2,1236
lungscc232.jpeg,2,1111
lungscc2321.jpeg,2,1092
lungscc2322.jpeg,2,1191
lungscc2324.jpeg,2,1237
lungscc2325.jpeg,2,1086
lungscc2326.jpeg,2,1147
lungscc2327.jpeg,2,1124
lungscc2328.jpeg,2,1035
lungscc2329.jpeg,2,1210
lungscc2330.jpeg,2,1009
lungscc2332.jpeg,2,1069
lungscc2333.jpeg,2,1069
lungscc2334.jpeg,2,1151
lungscc2335.jpeg,2,1151
lungscc2336.jpeg,2,1162
lungscc2337.jpeg,2,1026
lungscc2339.jpeg,2,1127
lungscc2340.jpeg,2,1127
lungscc2341.jpeg,2,1109
lungscc2345.jpeg,2,1216
lungscc2346.jpeg,2,1183
lungscc2349.jpeg,2,1178
lungscc235.jpeg,2,1207
lungscc2351.jpeg,2,1063
lungscc2353.jpeg,2,1075
lungscc2354.jpeg,2,1041
lungscc2356.jpeg,2,1240
lungscc2357.jpeg,2,1043
lungscc2359.jpeg,2,1066
lungscc236.jpeg,2,1237
lungscc2360.jpeg,2,1145
lungscc2361.jpeg,2,1071
lungscc2363.jpeg,2,1105
lungscc2365.jpeg,2,1150
lungscc2367.jpeg,2,1129
lungscc2368.jpeg,2,1140
lungscc237.jpeg,2,1086
lungscc2371.jpeg,2,998
lungscc2373.jpeg,2,1020
lungscc2374.jpeg,2,1232
lungscc2375.jpeg,2,1188
lungscc2376.jpeg,2,1104
lungscc2378.jpeg,2,1018
lungscc2379.jpeg,2,1235
lungscc238.jpeg,2,1122
lungscc2380.jpeg,2,1076
lungscc2383.jpeg,2,1207
lungscc2385.jpeg,2,1219
lungscc2390.jpeg,2,1227
lungscc2391.jpeg,2,1065
lungscc2392.jpeg,2,1008
lungscc2394.jpeg,2,1004
lungscc2395.jpeg,2,1155
lungscc2397.jpeg,2,1184
lungscc2398.jpeg,2,1127
lungscc2399.jpeg,2,1200
lungscc2400.jpeg,2,1165
lungscc2403.jpeg,2,1075
lungscc2405.jpeg,2,1180
lungscc2406.jpeg,2,1058
lungscc2408.jpeg,2,1189
lungscc2409.jpeg,2,1203
lungscc241.jpeg,2,1147
lungscc2410.jpeg,2,999
lungscc2411.jpeg,2,1095
lungscc2412.jpeg,2,1096
lungscc2413.jpeg,2,1107
lungscc2415.jpeg,2,1021
lungscc2416.jpeg,2,1202
lungscc2417.jpeg,2,1234
lungscc2418.jpeg,2,1029
lungscc2420.jpeg,2,1150
lungscc2421.jpeg,2,1174
lungscc2422.jpeg,2,1175
lungscc2423.jpeg,2,1197
lungscc2424.jpeg,2,1072
lungscc2427.jpeg,2,1019
lungscc2428.jpeg,2,1020
lungscc2429.jpeg,2,1020
lungscc243.jpeg,2,1210
lungscc2431.jpeg,2,1176
lungscc2432.jpeg,2,1023
lungscc2433.jpeg,2,1032
lungscc2435.jpeg,2,1125
lungscc2436.jpeg,2,1125
lungscc2437.jpeg,2,1128
lungscc2438.jpeg,2,1104
lungscc244.jpeg,2,1135
lungscc2441.jpeg,2,1130
lungscc2442.jpeg,2,1018
lungscc2446.jpeg,2,1143
lungscc2447.jpeg,2,1092
lungscc2448.jpeg,2,1092
lungscc2449.jpeg,2,1092
lungscc245.jpeg,2,1135
lungscc2451.jpeg,2,1195
lungscc2452.jpeg,2,1086
lungscc2453.jpeg,2,1122
lungscc2456.jpeg,2,1124
lungscc2457.jpeg,2,1068
lungscc2459.jpeg,2,1184
lungscc246.jpeg,2,1026
lungscc2460.jpeg,2,1078
lungscc2461.jpeg,2,1085
lungscc2462.jpeg,2,1005
lungscc2464.jpeg,2,1136
lungscc2465.jpeg,2,1136
lungscc2466.jpeg,2,1157
lungscc2467.jpeg,2,1041
lungscc2468.jpeg,2,1041
lungscc2469.jpeg,2,1240
lungscc247.jpeg,2,1078
lungscc2475.jpeg,2,1166
lungscc2476.jpeg,2,1234
lungscc2479.jpeg,2,1244
lungscc2481.jpeg,2,1197
lungscc2482.jpeg,2,1205
lungscc2483.jpeg,2,1205
lungscc2484.jpeg,2,1072
lungscc2485.jpeg,2,1170
lungscc2487.jpeg,2,1138
lungscc2489.jpeg,2,1179
lungscc249.jpeg,2,1167
lungscc2490.jpeg,2,1212
lungscc2491.jpeg,2,1082
lungscc2492.jpeg,2,1082
lungscc2494.jpeg,2,1134
lungscc2495.jpeg,2,1117
lungscc2498.jpeg,2,1102
lungscc2499.jpeg,2,1018
lungscc250.jpeg,2,1157
lungscc2505.jpeg,2,1039
lungscc2506.jpeg,2,1154
lungscc2507.jpeg,2,1154
lungscc2509.jpeg,2,1012
lungscc251.jpeg,2,1038
lungscc2513.jpeg,2,1065
lungscc2514.jpeg,2,1068
lungscc2515.jpeg,2,1000
lungscc2516.jpeg,2,1054
lungscc2517.jpeg,2,1228
lungscc2518.jpeg,2,1135
lungscc252.jpeg,2,1015
lungscc2520.jpeg,2,1184
lungscc2521.jpeg,2,1162
lungscc2522.jpeg,2,1005
lungscc2524.jpeg,2,1177
lungscc2525.jpeg,2,1172
lungscc2526.jpeg,2,1057
lungscc2527.jpeg,2,1167
lungscc253.jpeg,2,1107
lungscc2530.jpeg,2,1075
lungscc2531.jpeg,2,1201
lungscc2532.jpeg,2,1095
lungscc2533.jpeg,2,1015
lungscc2534.jpeg,2,1015
lungscc2535.jpeg,2,1107
lungscc2538.jpeg,2,1187
lungscc2539.jpeg,2,1036
lungscc254.jpeg,2,1087
lungscc2540.jpeg,2,1116
lungscc2541.jpeg,2,1146
lungscc2542.jpeg,2,1045
lungscc2543.jpeg,2,1006
lungscc2545.jpeg,2,1174
lungscc2546.jpeg,2,1192
lungscc2548.jpeg,2,1163
lungscc2549.jpeg,2,1231
lungscc2552.jpeg,2,998
lungscc2553.jpeg,2,1019
lungscc2554.jpeg,2,1082
lungscc2555.jpeg,2,1101
lungscc2556.jpeg,2,1023
lungscc2557.jpeg,2,1125
lungscc2558.jpeg,2,1125
lungscc256.jpeg,2,1056
lungscc2561.jpeg,2,1224
lungscc2562.jpeg,2,1236
lungscc2566.jpeg,2,1076
lungscc2568.jpeg,2,1133
lungscc2569.jpeg,2,1083
lungscc257.jpeg,2,1166
lungscc2570.jpeg,2,1218
lungscc2571.jpeg,2,1218
lungscc2572.jpeg,2,1131
lungscc2573.jpeg,2,1131
lungscc2574.jpeg,2,1000
lungscc2575.jpeg,2,1000
lungscc258.jpeg,2,1029
lungscc2580.jpeg,2,1184
lungscc2581.jpeg,2,1026
lungscc2582.jpeg,2,1181
lungscc2583.jpeg,2,1085
lungscc2584.jpeg,2,1120
lungscc2585.jpeg,2,1120
lungscc2586.jpeg,2,1161
lungscc2588.jpeg,2,1165
lungscc259.jpeg,2,1105
lungscc2592.jpeg,2,1180
lungscc2593.jpeg,2,1201
lungscc2594.jpeg,2,1055
lungscc2595.jpeg,2,1041
lungscc2596.jpeg,2,1107
lungscc2597.jpeg,2,1087
lungscc2598.jpeg,2,1145
lungscc2599.jpeg,2,1036
lungscc26.jpeg,2,1056
lungscc2601.jpeg,2,1049
lungscc2603.jpeg,2,1192
lungscc2604.jpeg,2,1175
lungscc2605.jpeg,2,1072
lungscc2607.jpeg,2,1163
lungscc2608.jpeg,2,1214
lungscc261.jpeg,2,1045
lungscc2610.jpeg,2,1140
lungscc2612.jpeg,2,1231
lungscc2615.jpeg,2,1082
lungscc2616.jpeg,2,1176
lungscc2618.jpeg,2,1186
lungscc2619.jpeg,2,1186
lungscc2620.jpeg,2,1134
lungscc2621.jpeg,2,1152
lungscc2622.jpeg,2,1061
lungscc2623.jpeg,2,1171
lungscc2626.jpeg,2,1017
lungscc2627.jpeg,2,1237
lungscc2629.jpeg,2,1121
lungscc2630.jpeg,2,1121
lungscc2631.jpeg,2,1121
lungscc2634.jpeg,2,1089
lungscc2635.jpeg,2,1089
lungscc2636.jpeg,2,1000
lungscc2637.jpeg,2,1000
lungscc2638.jpeg,2,1135
lungscc2639.jpeg,2,1135
lungscc264.jpeg,2,1132
lungscc2640.jpeg,2,1151
lungscc2642.jpeg,2,1162
lungscc2644.jpeg,2,1085
lungscc2645.jpeg,2,1127
lungscc2646.jpeg,2,1120
lungscc2647.jpeg,2,1005
lungscc2648.jpeg,2,1177
lungscc2649.jpeg,2,1057
lungscc2652.jpeg,2,1005
lungscc2653.jpeg,2,1165
lungscc2655.jpeg,2,1157
lungscc2656.jpeg,2,1058
lungscc2657.jpeg,2,1058
lungscc2658.jpeg,2,1189
lungscc2659.jpeg,2,1201
lungscc2660.jpeg,2,1055
lungscc2661.jpeg,2,1015
lungscc2662.jpeg,2,1087
lungscc2665.jpeg,2,1021
lungscc2666.jpeg,2,1187
lungscc2667.jpeg,2,1036
lungscc2668.jpeg,2,1036
lungscc2669.jpeg,2,1029
lungscc2670.jpeg,2,1105
lungscc2671.jpeg,2,1045
lungscc2673.jpeg,2,1049
lungscc2675.jpeg,2,1197
lungscc2676.jpeg,2,1205
lungscc2679.jpeg,2,1013
lungscc268.jpeg,2,1168
lungscc2680.jpeg,2,1140
lungscc2681.jpeg,2,1141
lungscc2683.jpeg,2,998
lungscc2684.jpeg,2,998
lungscc2687.jpeg,2,1101
lungscc2688.jpeg,2,1186
lungscc269.jpeg,2,1013
lungscc2690.jpeg,2,1148
lungscc2691.jpeg,2,1104
lungscc2693.jpeg,2,1018
lungscc2694.jpeg,2,1152
lungscc2695.jpeg,2,1111
lungscc2696.jpeg,2,1218
lungscc2697.jpeg,2,1218
lungscc2698.jpeg,2,1237
lungscc2699.jpeg,2,1147
lungscc270.jpeg,2,1129
lungscc2700.jpeg,2,1035
lungscc2702.jpeg,2,1181
lungscc2703.jpeg,2,1109
lungscc2704.jpeg,2,1005
lungscc2705.jpeg,2,1118
lungscc2707.jpeg,2,1057
lungscc2708.jpeg,2,1059
lungscc2709.jpeg,2,1059
lungscc2710.jpeg,2,1136
lungscc2711.jpeg,2,1136
lungscc2713.jpeg,2,1178
lungscc2714.jpeg,2,1178
lungscc2716.jpeg,2,1038
lungscc2717.jpeg,2,1075
lungscc2718.jpeg,2,1189
lungscc2719.jpeg,2,1189
lungscc2720.jpeg,2,1201
lungscc2728.jpeg,2,1021
lungscc2729.jpeg,2,1145
lungscc2730.jpeg,2,1036
lungscc2731.jpeg,2,1146
lungscc2734.jpeg,2,1175
lungscc2735.jpeg,2,1144
lungscc2739.jpeg,2,1212
lungscc2740.jpeg,2,1232
lungscc2741.jpeg,2,1101
lungscc2743.jpeg,2,1137
lungscc2744.jpeg,2,1104
lungscc2745.jpeg,2,1104
lungscc2746.jpeg,2,1224
lungscc2747.jpeg,2,1092
lungscc2748.jpeg,2,1111
lungscc2750.jpeg,2,1012
lungscc2753.jpeg,2,1121
lungscc2754.jpeg,2,1121
lungscc2756.jpeg,2,1131
lungscc2758.jpeg,2,1068
lungscc2760.jpeg,2,1054
lungscc2761.jpeg,2,1085
lungscc2762.jpeg,2,1109
lungscc2763.jpeg,2,1005
lungscc2764.jpeg,2,1200
lungscc2768.jpeg,2,1059
lungscc2769.jpeg,2,1005
lungscc2770.jpeg,2,1038
lungscc2771.jpeg,2,1201
lungscc2772.jpeg,2,1055
lungscc2774.jpeg,2,1087
lungscc278.jpeg,2,1101
lungscc2781.jpeg,2,1174
lungscc2782.jpeg,2,1174
lungscc2785.jpeg,2,1072
lungscc2787.jpeg,2,1163
lungscc2788.jpeg,2,1129
lungscc2789.jpeg,2,1138
lungscc279.jpeg,2,1117
lungscc2791.jpeg,2,1176
lungscc2792.jpeg,2,1186
lungscc2794.jpeg,2,1117
lungscc2795.jpeg,2,1117
lungscc2796.jpeg,2,1128
lungscc2797.jpeg,2,1148
lungscc2798.jpeg,2,1137
lungscc2799.jpeg,2,1137
lungscc28.jpeg,2,1116
lungscc280.jpeg,2,1188
lungscc2802.jpeg,2,1164
lungscc281.jpeg,2,1102
lungscc2810.jpeg,2,1147
lungscc2812.jpeg,2,1060
lungscc2813.jpeg,2,1060
lungscc2814.jpeg,2,1009
lungscc2818.jpeg,2,1151
lungscc282.jpeg,2,1102
lungscc2820.jpeg,2,1172
lungscc2821.jpeg,2,1113
lungscc2822.jpeg,2,1183
lungscc2823.jpeg,2,1011
lungscc2825.jpeg,2,1059
lungscc2826.jpeg,2,1063
lungscc2827.jpeg,2,1055
lungscc2828.jpeg,2,1095
lungscc2829.jpeg,2,1240
lungscc283.jpeg,2,1102
lungscc2830.jpeg,2,1043
lungscc2832.jpeg,2,1107
lungscc2833.jpeg,2,1087
lungscc2836.jpeg,2,1187
lungscc2837.jpeg,2,1166
lungscc2838.jpeg,2,1045
lungscc2839.jpeg,2,1150
lungscc284.jpeg,2,1130
lungscc2840.jpeg,2,1049
lungscc2842.jpeg,2,1205
lungscc2843.jpeg,2,1129
lungscc2845.jpeg,2,1212
lungscc2847.jpeg,2,1101
lungscc2848.jpeg,2,1186
lungscc285.jpeg,2,1130
lungscc2854.jpeg,2,1235
lungscc2855.jpeg,2,1091
lungscc2858.jpeg,2,1076
lungscc2859.jpeg,2,1191
lungscc286.jpeg,2,1224
lungscc2860.jpeg,2,1191
lungscc2861.jpeg,2,1207
lungscc2862.jpeg,2,1207
lungscc2863.jpeg,2,1017
lungscc2864.jpeg,2,1017
lungscc2865.jpeg,2,1017
lungscc2866.jpeg,2,1237
lungscc2867.jpeg,2,1025
lungscc2869.jpeg,2,1000
lungscc2871.jpeg,2,1210
lungscc2873.jpeg,2,1069
lungscc2875.jpeg,2,1241
lungscc2876.jpeg,2,1126
lungscc2877.jpeg,2,1026
lungscc2879.jpeg,2,1078
lungscc288.jpeg,2,1010
lungscc2881.jpeg,2,1222
lungscc2882.jpeg,2,1057
lungscc2883.jpeg,2,1059
lungscc2884.jpeg,2,1005
lungscc2886.jpeg,2,1063
lungscc2887.jpeg,2,1201
lungscc2888.jpeg,2,1096
lungscc289.jpeg,2,1010
lungscc2891.jpeg,2,1107
lungscc2892.jpeg,2,1107
lungscc2893.jpeg,2,1022
lungscc2894.jpeg,2,1022
lungscc2895.jpeg,2,1202
lungscc29.jpeg,2,1146
lungscc290.jpeg,2,1154
lungscc2900.jpeg,2,1049
lungscc2901.jpeg,2,1244
lungscc2902.jpeg,2,1132
lungscc2903.jpeg,2,1174
lungscc2904.jpeg,2,1174
lungscc2906.jpeg,2,1192
lungscc2907.jpeg,2,1072
lungscc2908.jpeg,2,1138
lungscc2909.jpeg,2,1215
lungscc2912.jpeg,2,1101
lungscc2913.jpeg,2,1023
lungscc2915.jpeg,2,1134
lungscc2917.jpeg,2,1117
lungscc2918.jpeg,2,1188
lungscc2919.jpeg,2,1125
lungscc292.jpeg,2,1083
lungscc2920.jpeg,2,1125
lungscc2923.jpeg,2,1152
lungscc2924.jpeg,2,1152
lungscc2925.jpeg,2,1152
lungscc2926.jpeg,2,1164
lungscc2928.jpeg,2,1039
lungscc2929.jpeg,2,1092
lungscc293.jpeg,2,1122
lungscc2930.jpeg,2,1195
lungscc2932.jpeg,2,1147
lungscc2933.jpeg,2,1210
lungscc2934.jpeg,2,1078
lungscc2935.jpeg,2,1078
lungscc2936.jpeg,2,1127
lungscc2938.jpeg,2,1161
lungscc2940.jpeg,2,1222
lungscc2941.jpeg,2,1057
lungscc2942.jpeg,2,1011
lungscc2943.jpeg,2,1136
lungscc2945.jpeg,2,1189
lungscc2946.jpeg,2,1201
lungscc2947.jpeg,2,1096
lungscc2948.jpeg,2,1240
lungscc2949.jpeg,2,1107
lungscc295.jpeg,2,1131
lungscc2950.jpeg,2,1107
lungscc2952.jpeg,2,1066
lungscc2955.jpeg,2,1105
lungscc296.jpeg,2,1068
lungscc2961.jpeg,2,1192
lungscc2963.jpeg,2,1072
lungscc2965.jpeg,2,1204
lungscc2969.jpeg,2,1023
lungscc297.jpeg,2,1210
lungscc2970.jpeg,2,1134
lungscc2972.jpeg,2,1125
lungscc2973.jpeg,2,1018
lungscc2976.jpeg,2,1091
lungscc2977.jpeg,2,1112
lungscc2978.jpeg,2,1171
lungscc2979.jpeg,2,1010
lungscc2980.jpeg,2,1010
lungscc2981.jpeg,2,1154
lungscc2982.jpeg,2,1092
lungscc2983.jpeg,2,1191
lungscc2984.jpeg,2,1191
lungscc2986.jpeg,2,1012
lungscc2987.jpeg,2,1121
lungscc2989.jpeg,2,1227
lungscc2991.jpeg,2,1131
lungscc2992.jpeg,2,1131
lungscc2993.jpeg,2,1124
lungscc2994.jpeg,2,1065
lungscc2997.jpeg,2,1135
lungscc2998.jpeg,2,1069
lungscc30.jpeg,2,1049
lungscc3000.jpeg,2,1184
lungscc3001.jpeg,2,1126
lungscc3002.jpeg,2,1126
lungscc3003.jpeg,2,1078
lungscc3004.jpeg,2,1161
lungscc3005.jpeg,2,1118
lungscc3006.jpeg,2,1118
lungscc3007.jpeg,2,1172
lungscc3009.jpeg,2,1222
lungscc301.jpeg,2,1181
lungscc3010.jpeg,2,1059
lungscc3012.jpeg,2,1201
lungscc3013.jpeg,2,1107
lungscc3016.jpeg,2,1066
lungscc3017.jpeg,2,1166
lungscc3018.jpeg,2,1234
lungscc3021.jpeg,2,1006
lungscc3023.jpeg,2,1049
lungscc3024.jpeg,2,1233
lungscc3025.jpeg,2,1192
lungscc3026.jpeg,2,1044
lungscc3027.jpeg,2,1163
lungscc3028.jpeg,2,1013
lungscc3029.jpeg,2,1141
lungscc303.jpeg,2,1161
lungscc3031.jpeg,2,1019
lungscc3032.jpeg,2,1215
lungscc3033.jpeg,2,1082
lungscc3035.jpeg,2,1032
lungscc3036.jpeg,2,1134
lungscc3038.jpeg,2,1024
lungscc304.jpeg,2,1222
lungscc3044.jpeg,2,1143
lungscc3045.jpeg,2,1191
lungscc305.jpeg,2,1057
lungscc3050.jpeg,2,1017
lungscc3053.jpeg,2,1054
lungscc3054.jpeg,2,1210
lungscc3055.jpeg,2,1008
lungscc3056.jpeg,2,1008
lungscc3057.jpeg,2,1135
lungscc3058.jpeg,2,1229
lungscc3059.jpeg,2,1004
lungscc3060.jpeg,2,1162
lungscc3061.jpeg,2,1118
lungscc3062.jpeg,2,1011
lungscc3063.jpeg,2,1011
lungscc3064.jpeg,2,1167
lungscc3065.jpeg,2,1059
lungscc3066.jpeg,2,1005
lungscc3067.jpeg,2,1165
lungscc3068.jpeg,2,1157
lungscc3069.jpeg,2,1038
lungscc307.jpeg,2,1165
lungscc3070.jpeg,2,1095
lungscc3074.jpeg,2,1145
lungscc3076.jpeg,2,1146
lungscc3080.jpeg,2,1150
lungscc3081.jpeg,2,1192
lungscc3082.jpeg,2,1144
lungscc3083.jpeg,2,1197
lungscc3084.jpeg,2,1044
lungscc3086.jpeg,2,1163
lungscc3087.jpeg,2,1214
lungscc3088.jpeg,2,1013
lungscc3090.jpeg,2,1020
lungscc3091.jpeg,2,1023
lungscc3092.jpeg,2,1137
lungscc3094.jpeg,2,1091
lungscc3096.jpeg,2,1061
lungscc31.jpeg,2,1049
lungscc3100.jpeg,2,1111
lungscc3101.jpeg,2,1111
lungscc3103.jpeg,2,1207
lungscc3104.jpeg,2,1207
lungscc3105.jpeg,2,1012
lungscc3107.jpeg,2,1237
lungscc3108.jpeg,2,1086
lungscc3109.jpeg,2,1122
lungscc311.jpeg,2,1180
lungscc3112.jpeg,2,1227
lungscc3114.jpeg,2,1000
lungscc3115.jpeg,2,1054
lungscc3117.jpeg,2,1228
lungscc3119.jpeg,2,1155
lungscc312.jpeg,2,1041
lungscc3120.jpeg,2,1120
lungscc3121.jpeg,2,1118
lungscc3122.jpeg,2,1177
lungscc3123.jpeg,2,1177
lungscc3124.jpeg,2,1216
lungscc3125.jpeg,2,1200
lungscc3126.jpeg,2,1200
lungscc3127.jpeg,2,1200
lungscc3128.jpeg,2,1113
lungscc3129.jpeg,2,1057
lungscc3131.jpeg,2,1011
lungscc3134.jpeg,2,1075
lungscc3135.jpeg,2,1058
lungscc3136.jpeg,2,1201
lungscc3138.jpeg,2,999
lungscc3140.jpeg,2,1022
lungscc3141.jpeg,2,1145
lungscc3142.jpeg,2,1056
lungscc3144.jpeg,2,1146
lungscc3145.jpeg,2,1029
lungscc3146.jpeg,2,1029
lungscc3150.jpeg,2,1233
lungscc3151.jpeg,2,1205
lungscc3153.jpeg,2,1170
lungscc3154.jpeg,2,1163
lungscc3155.jpeg,2,1013
lungscc3156.jpeg,2,1129
lungscc3157.jpeg,2,1231
lungscc316.jpeg,2,1066
lungscc3160.jpeg,2,1215
lungscc3163.jpeg,2,1134
lungscc3164.jpeg,2,1117
lungscc3165.jpeg,2,1148
lungscc3166.jpeg,2,1102
lungscc3168.jpeg,2,1143
lungscc3170.jpeg,2,1133
lungscc3172.jpeg,2,1089
lungscc3175.jpeg,2,1068
lungscc3176.jpeg,2,1155
lungscc3178.jpeg,2,1181
lungscc3179.jpeg,2,1181
lungscc318.jpeg,2,1187
lungscc3180.jpeg,2,1078
lungscc3181.jpeg,2,1127
lungscc3182.jpeg,2,1120
lungscc3185.jpeg,2,1118
lungscc3186.jpeg,2,1216
lungscc3187.jpeg,2,1172
lungscc3189.jpeg,2,1038
lungscc319.jpeg,2,1116
lungscc3190.jpeg,2,1038
lungscc3191.jpeg,2,1075
lungscc3192.jpeg,2,1041
lungscc3193.jpeg,2,1015
lungscc3198.jpeg,2,1066
lungscc3199.jpeg,2,1071
lungscc320.jpeg,2,1170
lungscc3200.jpeg,2,1105
lungscc3201.jpeg,2,1132
lungscc3202.jpeg,2,1174
lungscc3205.jpeg,2,1168
lungscc3206.jpeg,2,1013
lungscc3207.jpeg,2,1013
lungscc3208.jpeg,2,1231
lungscc3212.jpeg,2,1179
lungscc3213.jpeg,2,998
lungscc3214.jpeg,2,1215
lungscc3215.jpeg,2,1082
lungscc3216.jpeg,2,1082
lungscc3218.jpeg,2,1032
lungscc3219.jpeg,2,1186
lungscc3220.jpeg,2,1125
lungscc3221.jpeg,2,1137
lungscc3224.jpeg,2,1018
lungscc3225.jpeg,2,1091
lungscc3226.jpeg,2,1171
lungscc3227.jpeg,2,1092
lungscc323.jpeg,2,1138
lungscc3231.jpeg,2,1083
lungscc3232.jpeg,2,1086
lungscc3233.jpeg,2,1086
lungscc3235.jpeg,2,1065
lungscc3237.jpeg,2,1008
lungscc3238.jpeg,2,1060
lungscc3239.jpeg,2,1004
lungscc3240.jpeg,2,1181
lungscc3241.jpeg,2,1181
lungscc3242.jpeg,2,1209
lungscc3243.jpeg,2,1127
lungscc3244.jpeg,2,1200
lungscc3245.jpeg,2,1059
lungscc3246.jpeg,2,1059
lungscc325.jpeg,2,1050
lungscc3250.jpeg,2,1058
lungscc3251.jpeg,2,1058
lungscc3252.jpeg,2,1055
lungscc3253.jpeg,2,1041
lungscc3254.jpeg,2,1043
lungscc3255.jpeg,2,1066
lungscc3258.jpeg,2,1036
lungscc3259.jpeg,2,1029
lungscc326.jpeg,2,998
lungscc3263.jpeg,2,1205
lungscc3265.jpeg,2,1141
lungscc3266.jpeg,2,1179
lungscc3268.jpeg,2,1019
lungscc3270.jpeg,2,1186
lungscc3271.jpeg,2,1137
lungscc3272.jpeg,2,1104
lungscc3273.jpeg,2,1018
lungscc3274.jpeg,2,1061
lungscc3275.jpeg,2,1061
lungscc3276.jpeg,2,1010
lungscc328.jpeg,2,1019
lungscc3280.jpeg,2,1219
lungscc3282.jpeg,2,1237
lungscc3283.jpeg,2,1121
lungscc3285.jpeg,2,1089
lungscc3286.jpeg,2,1089
lungscc3287.jpeg,2,1089
lungscc3288.jpeg,2,1147
lungscc3289.jpeg,2,1147
lungscc329.jpeg,2,1020
lungscc3290.jpeg,2,1131
lungscc3291.jpeg,2,1035
lungscc3292.jpeg,2,1035
lungscc3293.jpeg,2,1065
lungscc3297.jpeg,2,1210
lungscc3298.jpeg,2,1008
lungscc3299.jpeg,2,1228
lungscc33.jpeg,2,1170
lungscc3300.jpeg,2,1151
lungscc3301.jpeg,2,1151
lungscc3302.jpeg,2,1184
lungscc3303.jpeg,2,1026
lungscc3307.jpeg,2,1005
lungscc3308.jpeg,2,1165
lungscc3309.jpeg,2,1178
lungscc3316.jpeg,2,1058
lungscc3317.jpeg,2,1095
lungscc3320.jpeg,2,1022
lungscc3322.jpeg,2,1187
lungscc3324.jpeg,2,1166
lungscc3325.jpeg,2,1234
lungscc3326.jpeg,2,1245
lungscc3328.jpeg,2,1049
lungscc333.jpeg,2,1101
lungscc3330.jpeg,2,1233
lungscc3331.jpeg,2,1175
lungscc3332.jpeg,2,1205
lungscc3333.jpeg,2,1170
lungscc3335.jpeg,2,1214
lungscc3338.jpeg,2,1013
lungscc3339.jpeg,2,1140
lungscc334.jpeg,2,1032
lungscc3341.jpeg,2,1082
lungscc3344.jpeg,2,1023
lungscc3346.jpeg,2,1032
lungscc3347.jpeg,2,1188
lungscc3351.jpeg,2,1024
lungscc3352.jpeg,2,1152
lungscc3355.jpeg,2,1091
lungscc3357.jpeg,2,1171
lungscc3359.jpeg,2,1039
lungscc336.jpeg,2,1093
lungscc3360.jpeg,2,1195
lungscc3361.jpeg,2,1218
lungscc3362.jpeg,2,1086
lungscc3363.jpeg,2,1000
lungscc3364.jpeg,2,1054
lungscc3365.jpeg,2,1008
lungscc3366.jpeg,2,1008
lungscc3367.jpeg,2,1155
lungscc3368.jpeg,2,1157
lungscc3369.jpeg,2,1041
lungscc337.jpeg,2,1137
lungscc3370.jpeg,2,1203
lungscc3371.jpeg,2,1043
lungscc3374.jpeg,2,1107
lungscc3378.jpeg,2,1022
lungscc3379.jpeg,2,1021
lungscc3381.jpeg,2,1056
lungscc3383.jpeg,2,1036
lungscc3384.jpeg,2,1202
lungscc3387.jpeg,2,1214
lungscc3389.jpeg,2,1168
lungscc3390.jpeg,2,1138
lungscc3392.jpeg,2,1050
lungscc3393.jpeg,2,1019
lungscc3394.jpeg,2,1215
lungscc3396.jpeg,2,1148
lungscc3399.jpeg,2,1102
lungscc34.jpeg,2,1170
lungscc340.jpeg,2,1164
lungscc3400.jpeg,2,1164
lungscc3402.jpeg,2,1236
lungscc3404.jpeg,2,1076
lungscc3405.jpeg,2,1092
lungscc3406.jpeg,2,1092
lungscc3407.jpeg,2,1207
lungscc3408.jpeg,2,1133
lungscc3409.jpeg,2,1083
lungscc341.jpeg,2,1235
lungscc3410.jpeg,2,1025
lungscc3411.jpeg,2,1147
lungscc3412.jpeg,2,1131
lungscc3413.jpeg,2,1035
lungscc3414.jpeg,2,1060
lungscc3415.jpeg,2,1135
lungscc3416.jpeg,2,1085
lungscc3417.jpeg,2,1127
lungscc3418.jpeg,2,1109
lungscc3419.jpeg,2,1109
lungscc342.jpeg,2,1112
lungscc3420.jpeg,2,1030
lungscc3421.jpeg,2,1178
lungscc3423.jpeg,2,1063
lungscc3425.jpeg,2,1038
lungscc3426.jpeg,2,1189
lungscc3428.jpeg,2,1203
lungscc3429.jpeg,2,1203
lungscc343.jpeg,2,1112
lungscc3431.jpeg,2,1146
lungscc3432.jpeg,2,1071
lungscc3433.jpeg,2,1006
lungscc3435.jpeg,2,1174
lungscc3436.jpeg,2,1144
lungscc3437.jpeg,2,1214
lungscc3439.jpeg,2,1138
lungscc344.jpeg,2,1111
lungscc3441.jpeg,2,1019
lungscc3443.jpeg,2,1148
lungscc3444.jpeg,2,1104
lungscc3446.jpeg,2,1102
lungscc3447.jpeg,2,1018
lungscc3448.jpeg,2,1224
lungscc3449.jpeg,2,1224
lungscc3451.jpeg,2,1091
lungscc3453.jpeg,2,1171
lungscc3454.jpeg,2,1076
lungscc3456.jpeg,2,1133
lungscc3457.jpeg,2,1086
lungscc3458.jpeg,2,1122
lungscc346.jpeg,2,1133
lungscc3460.jpeg,2,1147
lungscc3463.jpeg,2,1181
lungscc3465.jpeg,2,1078
lungscc3466.jpeg,2,1127
lungscc3467.jpeg,2,1127
lungscc347.jpeg,2,1017
lungscc3470.jpeg,2,1161
lungscc3471.jpeg,2,1118
lungscc3473.jpeg,2,1172
lungscc3474.jpeg,2,1222
lungscc3475.jpeg,2,1057
lungscc3476.jpeg,2,1057
lungscc3479.jpeg,2,1178
lungscc348.jpeg,2,1122
lungscc3481.jpeg,2,1055
lungscc3482.jpeg,2,1041
lungscc3483.jpeg,2,1096
lungscc3484.jpeg,2,1240
lungscc3488.jpeg,2,1036
lungscc3489.jpeg,2,1245
lungscc3490.jpeg,2,1116
lungscc3492.jpeg,2,1045
lungscc3493.jpeg,2,1150
lungscc3494.jpeg,2,1006
lungscc3498.jpeg,2,1205
lungscc3499.jpeg,2,1072
lungscc35.jpeg,2,1044
lungscc3500.jpeg,2,1168
lungscc3502.jpeg,2,1141
lungscc3508.jpeg,2,1102
lungscc3509.jpeg,2,1130
lungscc351.jpeg,2,1227
lungscc3510.jpeg,2,1152
lungscc3512.jpeg,2,1010
lungscc3513.jpeg,2,1010
lungscc3514.jpeg,2,1039
lungscc3515.jpeg,2,1143
lungscc3516.jpeg,2,1012
lungscc3518.jpeg,2,1219
lungscc3519.jpeg,2,1017
lungscc352.jpeg,2,1035
lungscc3520.jpeg,2,1025
lungscc3521.jpeg,2,1121
lungscc3523.jpeg,2,1227
lungscc3525.jpeg,2,1147
lungscc3526.jpeg,2,1065
lungscc3527.jpeg,2,1210
lungscc3529.jpeg,2,1060
lungscc353.jpeg,2,1068
lungscc3531.jpeg,2,1228
lungscc3532.jpeg,2,1009
lungscc3533.jpeg,2,1155
lungscc3534.jpeg,2,1026
lungscc3535.jpeg,2,1026
lungscc3536.jpeg,2,1181
lungscc3538.jpeg,2,1161
lungscc3539.jpeg,2,1113
lungscc3540.jpeg,2,1222
lungscc3541.jpeg,2,1178
lungscc3546.jpeg,2,1189
lungscc3547.jpeg,2,1201
lungscc3548.jpeg,2,999
lungscc3549.jpeg,2,999
lungscc355.jpeg,2,1210
lungscc3551.jpeg,2,1087
lungscc3552.jpeg,2,1145
lungscc3553.jpeg,2,1202
lungscc3554.jpeg,2,1166
lungscc3555.jpeg,2,1234
lungscc3559.jpeg,2,1244
lungscc356.jpeg,2,1210
lungscc3561.jpeg,2,1197
lungscc3562.jpeg,2,1170
lungscc3563.jpeg,2,1044
lungscc3567.jpeg,2,998
lungscc3568.jpeg,2,1101
lungscc357.jpeg,2,1184
lungscc3570.jpeg,2,1093
lungscc3573.jpeg,2,1102
lungscc3574.jpeg,2,1130
lungscc3575.jpeg,2,1224
lungscc3576.jpeg,2,1010
lungscc3577.jpeg,2,1154
lungscc3579.jpeg,2,1012
lungscc358.jpeg,2,1113
lungscc3580.jpeg,2,1133
lungscc3581.jpeg,2,1083
lungscc3582.jpeg,2,1195
lungscc3583.jpeg,2,1219
lungscc3584.jpeg,2,1025
lungscc3585.jpeg,2,1122
lungscc3587.jpeg,2,1089
lungscc3589.jpeg,2,1147
lungscc359.jpeg,2,1113
lungscc3590.jpeg,2,1009
lungscc3591.jpeg,2,1155
lungscc3593.jpeg,2,1162
lungscc3594.jpeg,2,1026
lungscc3595.jpeg,2,1225
lungscc3597.jpeg,2,1005
lungscc3598.jpeg,2,1005
lungscc3599.jpeg,2,1172
lungscc3600.jpeg,2,1113
lungscc3602.jpeg,2,1167
lungscc3603.jpeg,2,1165
lungscc3604.jpeg,2,1178
lungscc3605.jpeg,2,999
lungscc3606.jpeg,2,1095
lungscc3607.jpeg,2,1015
lungscc3608.jpeg,2,1043
lungscc361.jpeg,2,1057
lungscc3612.jpeg,2,1166
lungscc3613.jpeg,2,1234
lungscc3614.jpeg,2,1116
lungscc3617.jpeg,2,1244
lungscc3618.jpeg,2,1132
lungscc3619.jpeg,2,1197
lungscc362.jpeg,2,1167
lungscc3620.jpeg,2,1163
lungscc3622.jpeg,2,1168
lungscc3623.jpeg,2,1168
lungscc3625.jpeg,2,1050
lungscc3627.jpeg,2,1019
lungscc3628.jpeg,2,1212
lungscc3630.jpeg,2,1188
lungscc3634.jpeg,2,1235
lungscc3635.jpeg,2,1236
lungscc3636.jpeg,2,1236
lungscc3639.jpeg,2,1076
lungscc364.jpeg,2,1059
lungscc3641.jpeg,2,1207
lungscc3642.jpeg,2,1012
lungscc3643.jpeg,2,1083
lungscc3644.jpeg,2,1195
lungscc3645.jpeg,2,1086
lungscc3646.jpeg,2,1147
lungscc3647.jpeg,2,1131
lungscc3648.jpeg,2,1035
lungscc365.jpeg,2,1005
lungscc3651.jpeg,2,1229
lungscc3652.jpeg,2,1004
lungscc3653.jpeg,2,1155
lungscc3655.jpeg,2,1120
lungscc3657.jpeg,2,1161
lungscc3658.jpeg,2,1177
lungscc3659.jpeg,2,1172
lungscc366.jpeg,2,1136
lungscc3660.jpeg,2,1200
lungscc3661.jpeg,2,1011
lungscc3662.jpeg,2,1063
lungscc3667.jpeg,2,1056
lungscc3668.jpeg,2,1056
lungscc3669.jpeg,2,1234
lungscc3670.jpeg,2,1116
lungscc3671.jpeg,2,1146
lungscc3674.jpeg,2,1045
lungscc3676.jpeg,2,1233
lungscc3677.jpeg,2,1144
lungscc3678.jpeg,2,1044
lungscc3679.jpeg,2,1168
lungscc368.jpeg,2,1038
lungscc3680.jpeg,2,1168
lungscc3682.jpeg,2,1179
lungscc3683.jpeg,2,998
lungscc3684.jpeg,2,1215
lungscc3685.jpeg,2,1020
lungscc3687.jpeg,2,1023
lungscc3689.jpeg,2,1032
lungscc369.jpeg,2,1075
lungscc3690.jpeg,2,1186
lungscc3691.jpeg,2,1117
lungscc3694.jpeg,2,1010
lungscc3695.jpeg,2,1076
lungscc3697.jpeg,2,1219
lungscc3698.jpeg,2,1237
lungscc3699.jpeg,2,1086
lungscc370.jpeg,2,1058
lungscc3700.jpeg,2,1121
lungscc3704.jpeg,2,1068
lungscc3707.jpeg,2,1151
lungscc3709.jpeg,2,1078
lungscc371.jpeg,2,999
lungscc3710.jpeg,2,1120
lungscc3711.jpeg,2,1109
lungscc3712.jpeg,2,1005
lungscc3713.jpeg,2,1118
lungscc3714.jpeg,2,1177
lungscc3717.jpeg,2,1059
lungscc3718.jpeg,2,1030
lungscc3719.jpeg,2,1136
lungscc372.jpeg,2,1015
lungscc3720.jpeg,2,1075
lungscc3721.jpeg,2,1041
lungscc3722.jpeg,2,1095
lungscc3723.jpeg,2,1043
lungscc3727.jpeg,2,1022
lungscc3729.jpeg,2,1021
lungscc373.jpeg,2,1107
lungscc3730.jpeg,2,1166
lungscc3731.jpeg,2,1029
lungscc3732.jpeg,2,1071
lungscc3733.jpeg,2,1105
lungscc3734.jpeg,2,1045
lungscc3738.jpeg,2,1168
lungscc3739.jpeg,2,1204
lungscc374.jpeg,2,1107
lungscc3740.jpeg,2,1231
lungscc3741.jpeg,2,1138
lungscc3744.jpeg,2,1050
lungscc3745.jpeg,2,1050
lungscc3746.jpeg,2,998
lungscc3747.jpeg,2,1023
lungscc3748.jpeg,2,1186
lungscc3750.jpeg,2,1137
lungscc3755.jpeg,2,1018
lungscc3756.jpeg,2,1024
lungscc376.jpeg,2,1066
lungscc3760.jpeg,2,1236
lungscc3764.jpeg,2,1076
lungscc3765.jpeg,2,1092
lungscc3768.jpeg,2,1083
lungscc3769.jpeg,2,1017
lungscc377.jpeg,2,1066
lungscc3770.jpeg,2,1025
lungscc3771.jpeg,2,1122
lungscc3773.jpeg,2,1121
lungscc3778.jpeg,2,1210
lungscc3780.jpeg,2,1078
lungscc3781.jpeg,2,1005
lungscc3783.jpeg,2,1118
lungscc3784.jpeg,2,1177
lungscc3785.jpeg,2,1216
lungscc3786.jpeg,2,1005
lungscc3787.jpeg,2,1030
lungscc3788.jpeg,2,1030
lungscc379.jpeg,2,1187
lungscc3790.jpeg,2,1075
lungscc3791.jpeg,2,1095
lungscc3795.jpeg,2,1036
lungscc3799.jpeg,2,1105
lungscc38.jpeg,2,1168
lungscc380.jpeg,2,1029
lungscc3800.jpeg,2,1105
lungscc3802.jpeg,2,1129
lungscc3803.jpeg,2,1231
lungscc3805.jpeg,2,1212
lungscc3809.jpeg,2,1023
lungscc3810.jpeg,2,1032
lungscc3812.jpeg,2,1117
lungscc3813.jpeg,2,1117
lungscc3817.jpeg,2,1010
lungscc3818.jpeg,2,1010
lungscc3819.jpeg,2,1154
lungscc382.jpeg,2,1045
lungscc3820.jpeg,2,1154
lungscc3821.jpeg,2,1143
lungscc3822.jpeg,2,1092
lungscc3827.jpeg,2,1086
lungscc3829.jpeg,2,1122
lungscc383.jpeg,2,1006
lungscc3831.jpeg,2,1089
lungscc3834.jpeg,2,1035
lungscc3835.jpeg,2,1210
lungscc3836.jpeg,2,1184
lungscc3837.jpeg,2,1209
lungscc3838.jpeg,2,1120
lungscc3840.jpeg,2,1161
lungscc3841.jpeg,2,1118
lungscc3842.jpeg,2,1200
lungscc3843.jpeg,2,1011
lungscc3846.jpeg,2,1075
lungscc3848.jpeg,2,1095
lungscc3849.jpeg,2,1096
lungscc3852.jpeg,2,1087
lungscc3857.jpeg,2,1145
lungscc386.jpeg,2,1049
lungscc3860.jpeg,2,1163
lungscc3861.jpeg,2,1013
lungscc3862.jpeg,2,1013
lungscc3863.jpeg,2,1129
lungscc3864.jpeg,2,1129
lungscc3865.jpeg,2,1140
lungscc3866.jpeg,2,1231
lungscc3868.jpeg,2,1082
lungscc3869.jpeg,2,1176
lungscc3871.jpeg,2,1186
lungscc3872.jpeg,2,1093
lungscc3873.jpeg,2,1093
lungscc3874.jpeg,2,1128
lungscc3876.jpeg,2,1130
lungscc3879.jpeg,2,1164
lungscc388.jpeg,2,1175
lungscc3880.jpeg,2,1235
lungscc3881.jpeg,2,1224
lungscc3882.jpeg,2,1061
lungscc3884.jpeg,2,1039
lungscc3885.jpeg,2,1076
lungscc3886.jpeg,2,1111
lungscc3887.jpeg,2,1111
lungscc389.jpeg,2,1170
lungscc3890.jpeg,2,1122
lungscc3892.jpeg,2,1089
lungscc3893.jpeg,2,1147
lungscc3894.jpeg,2,1068
lungscc3898.jpeg,2,1126
lungscc3899.jpeg,2,1167
lungscc39.jpeg,2,1020
lungscc390.jpeg,2,1013
lungscc3912.jpeg,2,1105
lungscc3918.jpeg,2,1214
lungscc392.jpeg,2,1138
lungscc3920.jpeg,2,1231
lungscc3921.jpeg,2,1215
lungscc3922.jpeg,2,1237
lungscc3926.jpeg,2,1023
lungscc3927.jpeg,2,1186
lungscc3928.jpeg,2,1128
lungscc3929.jpeg,2,1018
lungscc3930.jpeg,2,1024
lungscc3931.jpeg,2,1152
lungscc3933.jpeg,2,1039
lungscc3934.jpeg,2,1076
lungscc3935.jpeg,2,1092
lungscc3938.jpeg,2,1035
lungscc3939.jpeg,2,1210
lungscc3940.jpeg,2,1060
lungscc3941.jpeg,2,1135
lungscc3942.jpeg,2,1241
lungscc3943.jpeg,2,1026
lungscc3945.jpeg,2,1127
lungscc3946.jpeg,2,1120
lungscc3947.jpeg,2,1109
lungscc3949.jpeg,2,1161
lungscc3950.jpeg,2,1161
lungscc3951.jpeg,2,1177
lungscc3952.jpeg,2,1113
lungscc3954.jpeg,2,1011
lungscc3955.jpeg,2,1165
lungscc3956.jpeg,2,1165
lungscc3958.jpeg,2,1063
lungscc3959.jpeg,2,1038
lungscc396.jpeg,2,1179
lungscc3960.jpeg,2,1038
lungscc3962.jpeg,2,1180
lungscc3963.jpeg,2,1055
lungscc3967.jpeg,2,1145
lungscc3969.jpeg,2,1036
lungscc397.jpeg,2,1082
lungscc3970.jpeg,2,1036
lungscc3971.jpeg,2,1146
lungscc3972.jpeg,2,1029
lungscc3973.jpeg,2,1071
lungscc3977.jpeg,2,1197
lungscc398.jpeg,2,1128
lungscc3980.jpeg,2,1141
lungscc3985.jpeg,2,1019
lungscc3986.jpeg,2,1232
lungscc3987.jpeg,2,1101
lungscc3988.jpeg,2,1134
lungscc3989.jpeg,2,1128
lungscc399.jpeg,2,1148
lungscc3990.jpeg,2,1148
lungscc3991.jpeg,2,1104
lungscc3993.jpeg,2,1024
lungscc3994.jpeg,2,1024
lungscc3995.jpeg,2,1235
lungscc3996.jpeg,2,1224
lungscc3997.jpeg,2,1224
lungscc3998.jpeg,2,1091
lungscc3999.jpeg,2,1112
lungscc400.jpeg,2,1104
lungscc4001.jpeg,2,1010
lungscc4004.jpeg,2,1121
lungscc4007.jpeg,2,1069
lungscc4008.jpeg,2,1229
lungscc401.jpeg,2,1104
lungscc4010.jpeg,2,1162
lungscc4011.jpeg,2,1225
lungscc4014.jpeg,2,1161
lungscc4015.jpeg,2,1172
lungscc4016.jpeg,2,1222
lungscc4019.jpeg,2,1165
lungscc402.jpeg,2,1130
lungscc4021.jpeg,2,1075
lungscc4022.jpeg,2,1075
lungscc4023.jpeg,2,1189
lungscc4024.jpeg,2,1041
lungscc4025.jpeg,2,1107
lungscc4027.jpeg,2,1166
lungscc4028.jpeg,2,1116
lungscc4030.jpeg,2,1045
lungscc4033.jpeg,2,1197
lungscc4034.jpeg,2,1205
lungscc4037.jpeg,2,1204
lungscc4038.jpeg,2,1204
lungscc404.jpeg,2,1164
lungscc4040.jpeg,2,1179
lungscc4041.jpeg,2,1020
lungscc4042.jpeg,2,1237
lungscc4043.jpeg,2,1082
lungscc4045.jpeg,2,1188
lungscc4046.jpeg,2,1148
lungscc4049.jpeg,2,1224
lungscc405.jpeg,2,1235
lungscc4051.jpeg,2,1091
lungscc4053.jpeg,2,1171
lungscc4054.jpeg,2,1039
lungscc4056.jpeg,2,1089
lungscc4058.jpeg,2,1124
lungscc4059.jpeg,2,1124
lungscc4060.jpeg,2,1068
lungscc4061.jpeg,2,1228
lungscc4062.jpeg,2,1009
lungscc4063.jpeg,2,1069
lungscc4064.jpeg,2,1241
lungscc4065.jpeg,2,1225
lungscc4066.jpeg,2,1225
lungscc4067.jpeg,2,1078
lungscc4068.jpeg,2,1078
lungscc4069.jpeg,2,1085
lungscc407.jpeg,2,1061
lungscc4070.jpeg,2,1085
lungscc4072.jpeg,2,1118
lungscc4073.jpeg,2,1059
lungscc4074.jpeg,2,1136
lungscc4079.jpeg,2,1075
lungscc408.jpeg,2,1010
lungscc4080.jpeg,2,1180
lungscc4081.jpeg,2,1058
lungscc4082.jpeg,2,1041
lungscc4083.jpeg,2,1043
lungscc4086.jpeg,2,1066
lungscc4088.jpeg,2,1116
lungscc4089.jpeg,2,1146
lungscc409.jpeg,2,1010
lungscc4091.jpeg,2,1071
lungscc4093.jpeg,2,1150
lungscc4094.jpeg,2,1150
lungscc4097.jpeg,2,1132
lungscc4098.jpeg,2,1072
lungscc4099.jpeg,2,1168
lungscc41.jpeg,2,1020
lungscc410.jpeg,2,1092
lungscc4100.jpeg,2,1013
lungscc4101.jpeg,2,1129
lungscc4103.jpeg,2,1176
lungscc4104.jpeg,2,1023
lungscc4105.jpeg,2,1134
lungscc4106.jpeg,2,1117
lungscc4107.jpeg,2,1188
lungscc4108.jpeg,2,1104
lungscc411.jpeg,2,1111
lungscc4111.jpeg,2,1039
lungscc4112.jpeg,2,1076
lungscc4113.jpeg,2,1076
lungscc4115.jpeg,2,1218
lungscc4116.jpeg,2,1237
lungscc4119.jpeg,2,1124
lungscc4120.jpeg,2,1000
lungscc4122.jpeg,2,1210
lungscc4123.jpeg,2,1228
lungscc4124.jpeg,2,1009
lungscc4125.jpeg,2,1151
lungscc4126.jpeg,2,1151
lungscc4127.jpeg,2,1126
lungscc4128.jpeg,2,1126
lungscc4129.jpeg,2,1225
lungscc413.jpeg,2,1012
lungscc4131.jpeg,2,1209
lungscc4132.jpeg,2,1085
lungscc4133.jpeg,2,1109
lungscc4135.jpeg,2,1216
lungscc4136.jpeg,2,1011
lungscc4137.jpeg,2,1167
lungscc4138.jpeg,2,1136
lungscc414.jpeg,2,1133
lungscc4140.jpeg,2,1178
lungscc4141.jpeg,2,1063
lungscc4142.jpeg,2,1180
lungscc4143.jpeg,2,1041
lungscc4144.jpeg,2,1095
lungscc4145.jpeg,2,1107
lungscc4148.jpeg,2,1145
lungscc4149.jpeg,2,1234
lungscc415.jpeg,2,1083
lungscc4150.jpeg,2,1146
lungscc4152.jpeg,2,1105
lungscc4153.jpeg,2,1045
lungscc4156.jpeg,2,1132
lungscc4157.jpeg,2,1044
lungscc4158.jpeg,2,1163
lungscc4159.jpeg,2,1163
lungscc4160.jpeg,2,1214
lungscc4162.jpeg,2,1013
lungscc4163.jpeg,2,1129
lungscc4165.jpeg,2,1138
lungscc4166.jpeg,2,1232
lungscc4168.jpeg,2,1134
lungscc4169.jpeg,2,1188
lungscc417.jpeg,2,1237
lungscc4170.jpeg,2,1188
lungscc4171.jpeg,2,1104
lungscc4174.jpeg,2,1171
lungscc4175.jpeg,2,1039
lungscc4178.jpeg,2,1133
lungscc4180.jpeg,2,1195
lungscc4185.jpeg,2,1009
lungscc4186.jpeg,2,1009
lungscc4187.jpeg,2,1069
lungscc4188.jpeg,2,1181
lungscc4189.jpeg,2,1225
lungscc4190.jpeg,2,1109
lungscc4193.jpeg,2,1011
lungscc4194.jpeg,2,1005
lungscc4195.jpeg,2,1063
lungscc4196.jpeg,2,1058
lungscc4197.jpeg,2,1201
lungscc4198.jpeg,2,1055
lungscc4199.jpeg,2,999
lungscc42.jpeg,2,1117
lungscc4200.jpeg,2,1095
lungscc4201.jpeg,2,1015
lungscc4202.jpeg,2,1240
lungscc4204.jpeg,2,1107
lungscc4206.jpeg,2,1056
lungscc4207.jpeg,2,1056
lungscc4208.jpeg,2,1056
lungscc4209.jpeg,2,1166
lungscc421.jpeg,2,1124
lungscc4210.jpeg,2,1006
lungscc4212.jpeg,2,1144
lungscc4213.jpeg,2,1197
lungscc4214.jpeg,2,1170
lungscc4215.jpeg,2,1044
lungscc4216.jpeg,2,1163
lungscc4219.jpeg,2,1179
lungscc422.jpeg,2,1068
lungscc4220.jpeg,2,998
lungscc4222.jpeg,2,1019
lungscc4223.jpeg,2,1020
lungscc4226.jpeg,2,1176
lungscc4228.jpeg,2,1093
lungscc423.jpeg,2,1210
lungscc4232.jpeg,2,1164
lungscc4233.jpeg,2,1164
lungscc4235.jpeg,2,1154
lungscc4237.jpeg,2,1122
lungscc4238.jpeg,2,1122
lungscc424.jpeg,2,1135
lungscc4240.jpeg,2,1008
lungscc4242.jpeg,2,1228
lungscc4243.jpeg,2,1241
lungscc4244.jpeg,2,1184
lungscc4245.jpeg,2,1126
lungscc4246.jpeg,2,1181
lungscc4247.jpeg,2,1225
lungscc4248.jpeg,2,1109
lungscc4249.jpeg,2,1161
lungscc425.jpeg,2,1004
lungscc4251.jpeg,2,1183
lungscc4252.jpeg,2,1011
lungscc4253.jpeg,2,1030
lungscc4254.jpeg,2,1030
lungscc4255.jpeg,2,1136
lungscc4257.jpeg,2,1055
lungscc4258.jpeg,2,1041
lungscc4259.jpeg,2,1095
lungscc426.jpeg,2,1184
lungscc4264.jpeg,2,1145
lungscc4265.jpeg,2,1056
lungscc4266.jpeg,2,1056
lungscc4267.jpeg,2,1036
lungscc4268.jpeg,2,1166
lungscc4269.jpeg,2,1071
lungscc427.jpeg,2,1184
lungscc4272.jpeg,2,1192
lungscc4273.jpeg,2,1163
lungscc4275.jpeg,2,1141
lungscc4277.jpeg,2,998
lungscc4278.jpeg,2,1019
lungscc428.jpeg,2,1162
lungscc4280.jpeg,2,1032
lungscc4281.jpeg,2,1117
lungscc4286.jpeg,2,1061
lungscc4287.jpeg,2,1061
lungscc4289.jpeg,2,1171
lungscc4290.jpeg,2,1039
lungscc4291.jpeg,2,1092
lungscc4292.jpeg,2,1111
lungscc4296.jpeg,2,1121
lungscc4297.jpeg,2,1131
lungscc4298.jpeg,2,1000
lungscc4299.jpeg,2,1228
lungscc43.jpeg,2,1148
lungscc4300.jpeg,2,1229
lungscc4301.jpeg,2,1155
lungscc4302.jpeg,2,1184
lungscc4303.jpeg,2,1162
lungscc4304.jpeg,2,1162
lungscc4305.jpeg,2,1026
lungscc4307.jpeg,2,1209
lungscc4308.jpeg,2,1216
lungscc4309.jpeg,2,1011
lungscc431.jpeg,2,1177
lungscc4310.jpeg,2,1167
lungscc4311.jpeg,2,1059
lungscc4312.jpeg,2,1136
lungscc4314.jpeg,2,1055
lungscc4317.jpeg,2,1022
lungscc432.jpeg,2,1183
lungscc4320.jpeg,2,1187
lungscc4322.jpeg,2,1056
lungscc4323.jpeg,2,1036
lungscc4324.jpeg,2,1036
lungscc4325.jpeg,2,1071
lungscc4326.jpeg,2,1071
lungscc4328.jpeg,2,1045
lungscc4329.jpeg,2,1132
lungscc433.jpeg,2,1011
lungscc4332.jpeg,2,1197
lungscc4334.jpeg,2,1168
lungscc4335.jpeg,2,1168
lungscc4337.jpeg,2,1179
lungscc4339.jpeg,2,1020
lungscc434.jpeg,2,1167
lungscc4340.jpeg,2,1023
lungscc4341.jpeg,2,1023
lungscc4342.jpeg,2,1093
lungscc4343.jpeg,2,1148
lungscc4346.jpeg,2,1024
lungscc4349.jpeg,2,1171
lungscc435.jpeg,2,1178
lungscc4350.jpeg,2,1010
lungscc4352.jpeg,2,1191
lungscc4355.jpeg,2,1086
lungscc4356.jpeg,2,1122
lungscc4357.jpeg,2,1122
lungscc4359.jpeg,2,1065
lungscc436.jpeg,2,1189
lungscc4360.jpeg,2,1000
lungscc4362.jpeg,2,1009
lungscc4363.jpeg,2,1026
lungscc4364.jpeg,2,1172
lungscc4365.jpeg,2,1005
lungscc4369.jpeg,2,1058
lungscc437.jpeg,2,999
lungscc4370.jpeg,2,1096
lungscc4375.jpeg,2,1166
lungscc4377.jpeg,2,1029
lungscc4378.jpeg,2,1150
lungscc438.jpeg,2,1096
lungscc4380.jpeg,2,1132
lungscc4381.jpeg,2,1132
lungscc4382.jpeg,2,1233
lungscc4383.jpeg,2,1174
lungscc4384.jpeg,2,1192
lungscc4385.jpeg,2,1205
lungscc4388.jpeg,2,1214
lungscc439.jpeg,2,1043
lungscc4390.jpeg,2,1129
lungscc4391.jpeg,2,1204
lungscc4395.jpeg,2,1019
lungscc4396.jpeg,2,1212
lungscc440.jpeg,2,1107
lungscc4400.jpeg,2,1176
lungscc4402.jpeg,2,1117
lungscc4403.jpeg,2,1102
lungscc4405.jpeg,2,1092
lungscc4408.jpeg,2,1237
lungscc4409.jpeg,2,1086
lungscc4410.jpeg,2,1025
lungscc4412.jpeg,2,1065
lungscc4413.jpeg,2,1000
lungscc4414.jpeg,2,1135
lungscc4417.jpeg,2,1009
lungscc4419.jpeg,2,1162
lungscc442.jpeg,2,1022
lungscc4420.jpeg,2,1126
lungscc4422.jpeg,2,1161
lungscc4424.jpeg,2,1057
lungscc4426.jpeg,2,1038
lungscc4427.jpeg,2,1038
lungscc4432.jpeg,2,1055
lungscc4433.jpeg,2,999
lungscc4435.jpeg,2,1029
lungscc4438.jpeg,2,1045
lungscc444.jpeg,2,1145
lungscc4441.jpeg,2,1174
lungscc4444.jpeg,2,1140
lungscc4445.jpeg,2,1140
lungscc4446.jpeg,2,1204
lungscc4447.jpeg,2,1231
lungscc4449.jpeg,2,1050
lungscc445.jpeg,2,1036
lungscc4450.jpeg,2,1179
lungscc4452.jpeg,2,1176
lungscc4453.jpeg,2,1023
lungscc4454.jpeg,2,1023
lungscc4456.jpeg,2,1130
lungscc4457.jpeg,2,1235
lungscc4458.jpeg,2,1061
lungscc4459.jpeg,2,1010
lungscc446.jpeg,2,1029
lungscc4460.jpeg,2,1143
lungscc4461.jpeg,2,1191
lungscc4462.jpeg,2,1111
lungscc4465.jpeg,2,1012
lungscc4468.jpeg,2,1083
lungscc4469.jpeg,2,1025
lungscc447.jpeg,2,1045
lungscc4473.jpeg,2,1035
lungscc4474.jpeg,2,1035
lungscc4476.jpeg,2,1229
lungscc4477.jpeg,2,1155
lungscc4478.jpeg,2,1184
lungscc4479.jpeg,2,1126
lungscc448.jpeg,2,1045
lungscc4480.jpeg,2,1209
lungscc4481.jpeg,2,1172
lungscc4482.jpeg,2,1200
lungscc4486.jpeg,2,1157
lungscc4487.jpeg,2,1038
lungscc4488.jpeg,2,1055
lungscc4489.jpeg,2,1041
lungscc449.jpeg,2,1045
lungscc4491.jpeg,2,1043
lungscc4494.jpeg,2,1022
lungscc4499.jpeg,2,1234
lungscc450.jpeg,2,1049
lungscc4500.jpeg,2,1245
lungscc4501.jpeg,2,1105
lungscc4502.jpeg,2,1049
lungscc4503.jpeg,2,1205
lungscc4504.jpeg,2,1170
lungscc4505.jpeg,2,1179
lungscc4506.jpeg,2,1019
lungscc4509.jpeg,2,1186
lungscc451.jpeg,2,1244
lungscc4511.jpeg,2,1188
lungscc4513.jpeg,2,1102
lungscc4514.jpeg,2,1024
lungscc4516.jpeg,2,1152
lungscc4517.jpeg,2,1224
lungscc452.jpeg,2,1174
lungscc4522.jpeg,2,1076
lungscc4523.jpeg,2,1143
lungscc4524.jpeg,2,1218
lungscc4525.jpeg,2,1237
lungscc4529.jpeg,2,1035
lungscc453.jpeg,2,1144
lungscc4530.jpeg,2,1068
lungscc4531.jpeg,2,1054
lungscc4533.jpeg,2,1151
lungscc4534.jpeg,2,1209
lungscc4535.jpeg,2,1085
lungscc4536.jpeg,2,1005
lungscc4540.jpeg,2,1118
lungscc4541.jpeg,2,1177
lungscc4542.jpeg,2,1216
lungscc4543.jpeg,2,999
lungscc4544.jpeg,2,1095
lungscc4545.jpeg,2,1021
lungscc4546.jpeg,2,1145
lungscc4547.jpeg,2,1145
lungscc4548.jpeg,2,1056
lungscc4549.jpeg,2,1036
lungscc4551.jpeg,2,1166
lungscc4554.jpeg,2,1205
lungscc4555.jpeg,2,1138
lungscc4556.jpeg,2,1179
lungscc4557.jpeg,2,998
lungscc4559.jpeg,2,1232
lungscc456.jpeg,2,1168
lungscc4560.jpeg,2,1176
lungscc4561.jpeg,2,1023
lungscc4564.jpeg,2,1186
lungscc4566.jpeg,2,1134
lungscc4567.jpeg,2,1117
lungscc4568.jpeg,2,1125
lungscc457.jpeg,2,1231
lungscc4573.jpeg,2,1164
lungscc4574.jpeg,2,1091
lungscc4575.jpeg,2,1112
lungscc4576.jpeg,2,1010
lungscc4577.jpeg,2,1111
lungscc4578.jpeg,2,1111
lungscc4579.jpeg,2,1207
lungscc4581.jpeg,2,1133
lungscc4582.jpeg,2,1218
lungscc4583.jpeg,2,1219
lungscc4588.jpeg,2,1131
lungscc459.jpeg,2,1020
lungscc4590.jpeg,2,1228
lungscc4591.jpeg,2,1228
lungscc4592.jpeg,2,1135
lungscc4593.jpeg,2,1135
lungscc4594.jpeg,2,1009
lungscc4595.jpeg,2,1026
lungscc4596.jpeg,2,1181
lungscc4597.jpeg,2,1127
lungscc4599.jpeg,2,1177
lungscc46.jpeg,2,1039
lungscc460.jpeg,2,1082
lungscc4600.jpeg,2,1165
lungscc4601.jpeg,2,1038
lungscc4602.jpeg,2,1038
lungscc4603.jpeg,2,1055
lungscc4604.jpeg,2,1095
lungscc4605.jpeg,2,1095
lungscc4606.jpeg,2,1095
lungscc4607.jpeg,2,1087
lungscc4610.jpeg,2,1036
lungscc4611.jpeg,2,1036
lungscc4612.jpeg,2,1036
lungscc4613.jpeg,2,1245
lungscc4614.jpeg,2,1116
lungscc4615.jpeg,2,1049
lungscc4616.jpeg,2,1049
lungscc4619.jpeg,2,1231
lungscc462.jpeg,2,1176
lungscc4621.jpeg,2,1179
lungscc4624.jpeg,2,1024
lungscc4627.jpeg,2,1076
lungscc4628.jpeg,2,1092
lungscc4629.jpeg,2,1092
lungscc4632.jpeg,2,1133
lungscc4633.jpeg,2,1237
lungscc4634.jpeg,2,1122
lungscc4637.jpeg,2,1089
lungscc4638.jpeg,2,1147
lungscc4639.jpeg,2,1124
lungscc464.jpeg,2,1125
lungscc4641.jpeg,2,1069
lungscc4642.jpeg,2,1229
lungscc4643.jpeg,2,1155
lungscc4647.jpeg,2,1181
lungscc4649.jpeg,2,1109
lungscc4651.jpeg,2,1118
lungscc4652.jpeg,2,1216
lungscc4653.jpeg,2,1222
lungscc4657.jpeg,2,1055
lungscc4659.jpeg,2,1015
lungscc4660.jpeg,2,1096
lungscc4661.jpeg,2,1043
lungscc4668.jpeg,2,1036
lungscc4669.jpeg,2,1245
lungscc467.jpeg,2,1018
lungscc4673.jpeg,2,1105
lungscc4675.jpeg,2,1150
lungscc4679.jpeg,2,1204
lungscc468.jpeg,2,1235
lungscc4680.jpeg,2,1019
lungscc4681.jpeg,2,1215
lungscc4683.jpeg,2,1176
lungscc4684.jpeg,2,1134
lungscc4685.jpeg,2,1128
lungscc4686.jpeg,2,1128
lungscc4687.jpeg,2,1148
lungscc4689.jpeg,2,1091
lungscc4690.jpeg,2,1112
lungscc4693.jpeg,2,1171
lungscc4694.jpeg,2,1039
lungscc4695.jpeg,2,1219
lungscc4696.jpeg,2,1237
lungscc4697.jpeg,2,1147
lungscc4699.jpeg,2,1210
lungscc47.jpeg,2,1207
lungscc470.jpeg,2,1112
lungscc4700.jpeg,2,1008
lungscc4701.jpeg,2,1135
lungscc4702.jpeg,2,1009
lungscc4703.jpeg,2,1069
lungscc4705.jpeg,2,1225
lungscc4706.jpeg,2,1078
lungscc4707.jpeg,2,1209
lungscc4709.jpeg,2,1183
lungscc4710.jpeg,2,1167
lungscc4711.jpeg,2,1167
lungscc4712.jpeg,2,1005
lungscc4713.jpeg,2,1030
lungscc4716.jpeg,2,1058
lungscc4717.jpeg,2,1043
lungscc4722.jpeg,2,1166
lungscc4725.jpeg,2,1049
lungscc4726.jpeg,2,1132
lungscc4727.jpeg,2,1192
lungscc4728.jpeg,2,1205
lungscc4729.jpeg,2,1044
lungscc4730.jpeg,2,1168
lungscc4731.jpeg,2,1129
lungscc4732.jpeg,2,1140
lungscc4733.jpeg,2,1204
lungscc4735.jpeg,2,1020
lungscc4736.jpeg,2,1020
lungscc4739.jpeg,2,1125
lungscc474.jpeg,2,1017
lungscc4740.jpeg,2,1137
lungscc4741.jpeg,2,1104
lungscc4742.jpeg,2,1102
lungscc4743.jpeg,2,1102
lungscc4746.jpeg,2,1018
lungscc4748.jpeg,2,1236
lungscc475.jpeg,2,1086
lungscc4750.jpeg,2,1143
lungscc4751.jpeg,2,1207
lungscc4752.jpeg,2,1195
lungscc4753.jpeg,2,1218
lungscc4754.jpeg,2,1025
lungscc4756.jpeg,2,1147
lungscc4757.jpeg,2,1065
lungscc4758.jpeg,2,1008
lungscc476.jpeg,2,1121
lungscc4760.jpeg,2,1069
lungscc4762.jpeg,2,1181
lungscc4763.jpeg,2,1181
lungscc4764.jpeg,2,1127
lungscc4766.jpeg,2,1183
lungscc4767.jpeg,2,1011
lungscc4768.jpeg,2,1167
lungscc477.jpeg,2,1089
lungscc4771.jpeg,2,1180
lungscc4772.jpeg,2,1055
lungscc4774.jpeg,2,999
lungscc4775.jpeg,2,1043
lungscc4777.jpeg,2,1066
lungscc4778.jpeg,2,1166
lungscc4779.jpeg,2,1116
lungscc478.jpeg,2,1227
lungscc4780.jpeg,2,1116
lungscc4781.jpeg,2,1049
lungscc4782.jpeg,2,1233
lungscc4783.jpeg,2,1197
lungscc4784.jpeg,2,1072
lungscc4786.jpeg,2,1231
lungscc4788.jpeg,2,1138
lungscc479.jpeg,2,1035
lungscc4790.jpeg,2,1215
lungscc4793.jpeg,2,1232
lungscc4797.jpeg,2,1032
lungscc48.jpeg,2,1083
lungscc480.jpeg,2,1065
lungscc4805.jpeg,2,1039
lungscc4806.jpeg,2,1191
lungscc4807.jpeg,2,1111
lungscc481.jpeg,2,1000
lungscc4810.jpeg,2,1237
lungscc4811.jpeg,2,1122
lungscc4812.jpeg,2,1089
lungscc4815.jpeg,2,1054
lungscc4816.jpeg,2,1008
lungscc4818.jpeg,2,1004
lungscc482.jpeg,2,1008
lungscc4821.jpeg,2,1085
lungscc4822.jpeg,2,1085
lungscc4823.jpeg,2,1177
lungscc4824.jpeg,2,1172
lungscc4825.jpeg,2,1113
lungscc4827.jpeg,2,1011
lungscc4828.jpeg,2,1167
lungscc4829.jpeg,2,1030
lungscc4831.jpeg,2,1063
lungscc4832.jpeg,2,1157
lungscc4833.jpeg,2,1180
lungscc4834.jpeg,2,1189
lungscc4835.jpeg,2,1201
lungscc4836.jpeg,2,1201
lungscc4837.jpeg,2,1041
lungscc4838.jpeg,2,1096
lungscc4839.jpeg,2,1043
lungscc4841.jpeg,2,1087
lungscc4843.jpeg,2,1022
lungscc4845.jpeg,2,1187
lungscc4847.jpeg,2,1245
lungscc4848.jpeg,2,1245
lungscc4851.jpeg,2,1045
lungscc4852.jpeg,2,1150
lungscc4853.jpeg,2,1006
lungscc4855.jpeg,2,1049
lungscc4856.jpeg,2,1049
lungscc4857.jpeg,2,1205
lungscc4858.jpeg,2,1170
lungscc4859.jpeg,2,1168
lungscc4860.jpeg,2,1013
lungscc4861.jpeg,2,1019
lungscc4862.jpeg,2,1212
lungscc4865.jpeg,2,1186
lungscc4867.jpeg,2,1093
lungscc4868.jpeg,2,1104
lungscc487.jpeg,2,1155
lungscc4870.jpeg,2,1024
lungscc4872.jpeg,2,1091
lungscc4873.jpeg,2,1010
lungscc4874.jpeg,2,1076
lungscc4875.jpeg,2,1111
lungscc4877.jpeg,2,1012
lungscc4878.jpeg,2,1195
lungscc4879.jpeg,2,1122
lungscc488.jpeg,2,1026
lungscc4880.jpeg,2,1124
lungscc4882.jpeg,2,1069
lungscc4883.jpeg,2,1209
lungscc4884.jpeg,2,1209
lungscc4886.jpeg,2,1057
lungscc489.jpeg,2,1085
lungscc4890.jpeg,2,1005
lungscc4893.jpeg,2,1041
lungscc4895.jpeg,2,1043
lungscc4899.jpeg,2,1087
lungscc490.jpeg,2,1005
lungscc4900.jpeg,2,1087
lungscc4905.jpeg,2,1145
lungscc4906.jpeg,2,1187
lungscc4907.jpeg,2,1036
lungscc4908.jpeg,2,1006
lungscc491.jpeg,2,1057
lungscc4911.jpeg,2,1214
lungscc4912.jpeg,2,1129
lungscc4913.jpeg,2,1204
lungscc4914.jpeg,2,1138
lungscc4917.jpeg,2,1101
lungscc4918.jpeg,2,1176
lungscc4921.jpeg,2,1125
lungscc4923.jpeg,2,1018
lungscc4924.jpeg,2,1152
lungscc4925.jpeg,2,1164
lungscc4926.jpeg,2,1091
lungscc4927.jpeg,2,1061
lungscc4928.jpeg,2,1112
lungscc4929.jpeg,2,1092
lungscc4930.jpeg,2,1191
lungscc4931.jpeg,2,1111
lungscc4933.jpeg,2,1089
lungscc4934.jpeg,2,1227
lungscc4936.jpeg,2,1131
lungscc4939.jpeg,2,1008
lungscc4942.jpeg,2,1162
lungscc4943.jpeg,2,1127
lungscc4944.jpeg,2,1161
lungscc4947.jpeg,2,1005
lungscc4948.jpeg,2,1063
lungscc4949.jpeg,2,1038
lungscc495.jpeg,2,1075
lungscc4951.jpeg,2,1180
lungscc4952.jpeg,2,1041
lungscc4954.jpeg,2,1043
lungscc4956.jpeg,2,1087
lungscc4958.jpeg,2,1066
lungscc4959.jpeg,2,1187
lungscc496.jpeg,2,1075
lungscc4960.jpeg,2,1187
lungscc4961.jpeg,2,1166
lungscc4962.jpeg,2,1116
lungscc4964.jpeg,2,1244
lungscc4965.jpeg,2,1197
lungscc4966.jpeg,2,1163
lungscc4967.jpeg,2,1204
lungscc4969.jpeg,2,1215
lungscc497.jpeg,2,1180
lungscc4971.jpeg,2,1232
lungscc4972.jpeg,2,1032
lungscc4973.jpeg,2,1186
lungscc4974.jpeg,2,1186
lungscc4975.jpeg,2,1117
lungscc498.jpeg,2,1058
lungscc4980.jpeg,2,1195
lungscc4981.jpeg,2,1218
lungscc4982.jpeg,2,1219
lungscc4983.jpeg,2,1237
lungscc4984.jpeg,2,1025
lungscc4985.jpeg,2,1025
lungscc499.jpeg,2,1201
lungscc4991.jpeg,2,1060
lungscc4992.jpeg,2,1060
lungscc4993.jpeg,2,1228
lungscc4996.jpeg,2,1127
lungscc4997.jpeg,2,1127
lungscc4998.jpeg,2,1109
lungscc4999.jpeg,2,1200
lungscc5.jpeg,2,1144
lungscc50.jpeg,2,1237
lungscc500.jpeg,2,1055
lungscc5000.jpeg,2,1011
lungscc501.jpeg,2,1203
lungscc502.jpeg,2,1240
lungscc507.jpeg,2,1021
lungscc509.jpeg,2,1145
lungscc51.jpeg,2,1086
lungscc513.jpeg,2,1132
lungscc514.jpeg,2,1174
lungscc515.jpeg,2,1144
lungscc516.jpeg,2,1170
lungscc517.jpeg,2,1170
lungscc518.jpeg,2,1163
lungscc519.jpeg,2,1129
lungscc52.jpeg,2,1035
lungscc520.jpeg,2,1129
lungscc521.jpeg,2,1231
lungscc523.jpeg,2,1138
lungscc524.jpeg,2,998
lungscc528.jpeg,2,1148
lungscc53.jpeg,2,1000
lungscc533.jpeg,2,1236
lungscc534.jpeg,2,1092
lungscc535.jpeg,2,1195
lungscc536.jpeg,2,1121
lungscc538.jpeg,2,1227
lungscc54.jpeg,2,1210
lungscc540.jpeg,2,1147
lungscc541.jpeg,2,1131
lungscc542.jpeg,2,1035
lungscc544.jpeg,2,1069
lungscc545.jpeg,2,1229
lungscc546.jpeg,2,1184
lungscc547.jpeg,2,1085
lungscc549.jpeg,2,1005
lungscc55.jpeg,2,1135
lungscc550.jpeg,2,1201
lungscc551.jpeg,2,1055
lungscc552.jpeg,2,1240
lungscc556.jpeg,2,1056
lungscc557.jpeg,2,1166
lungscc558.jpeg,2,1071
lungscc560.jpeg,2,1049
lungscc562.jpeg,2,1244
lungscc563.jpeg,2,1132
lungscc564.jpeg,2,1132
lungscc565.jpeg,2,1174
lungscc566.jpeg,2,1163
lungscc567.jpeg,2,1013
lungscc568.jpeg,2,1013
lungscc569.jpeg,2,1141
lungscc570.jpeg,2,1141
lungscc571.jpeg,2,1204
lungscc572.jpeg,2,1215
lungscc573.jpeg,2,1215
lungscc577.jpeg,2,1023
lungscc578.jpeg,2,1023
lungscc579.jpeg,2,1186
lungscc58.jpeg,2,1155
lungscc581.jpeg,2,1117
lungscc582.jpeg,2,1148
lungscc583.jpeg,2,1104
lungscc585.jpeg,2,1102
lungscc588.jpeg,2,1112
lungscc59.jpeg,2,1026
lungscc590.jpeg,2,1111
lungscc591.jpeg,2,1012
lungscc594.jpeg,2,1017
lungscc596.jpeg,2,1237
lungscc597.jpeg,2,1086
lungscc598.jpeg,2,1089
lungscc599.jpeg,2,1131
lungscc6.jpeg,2,1019
lungscc600.jpeg,2,1124
lungscc601.jpeg,2,1065
lungscc602.jpeg,2,1054
lungscc603.jpeg,2,1008
lungscc605.jpeg,2,1069
lungscc606.jpeg,2,1151
lungscc609.jpeg,2,1209
lungscc61.jpeg,2,1085
lungscc610.jpeg,2,1209
lungscc611.jpeg,2,1209
lungscc612.jpeg,2,1085
lungscc613.jpeg,2,1118
lungscc614.jpeg,2,1222
lungscc615.jpeg,2,1183
lungscc616.jpeg,2,1005
lungscc617.jpeg,2,1030
lungscc618.jpeg,2,1030
lungscc62.jpeg,2,1005
lungscc621.jpeg,2,1063
lungscc625.jpeg,2,1201
lungscc626.jpeg,2,1203
lungscc63.jpeg,2,1161
lungscc630.jpeg,2,1045
lungscc632.jpeg,2,1132
lungscc633.jpeg,2,1174
lungscc634.jpeg,2,1141
lungscc635.jpeg,2,1231
lungscc637.jpeg,2,1082
lungscc64.jpeg,2,1161
lungscc640.jpeg,2,1188
lungscc641.jpeg,2,1188
lungscc642.jpeg,2,1093
lungscc643.jpeg,2,1093
lungscc645.jpeg,2,1102
lungscc647.jpeg,2,1018
lungscc648.jpeg,2,1018
lungscc65.jpeg,2,1113
lungscc651.jpeg,2,1154
lungscc652.jpeg,2,1092
lungscc653.jpeg,2,1111
lungscc655.jpeg,2,1086
lungscc656.jpeg,2,1086
lungscc658.jpeg,2,1035
lungscc659.jpeg,2,1065
lungscc66.jpeg,2,1030
lungscc660.jpeg,2,1068
lungscc661.jpeg,2,1000
lungscc663.jpeg,2,1135
lungscc664.jpeg,2,1135
lungscc665.jpeg,2,1009
lungscc666.jpeg,2,1069
lungscc667.jpeg,2,1078
lungscc668.jpeg,2,1127
lungscc669.jpeg,2,1200
lungscc67.jpeg,2,1030
lungscc671.jpeg,2,1136
lungscc672.jpeg,2,1136
lungscc673.jpeg,2,1136
lungscc675.jpeg,2,1075
lungscc676.jpeg,2,1041
lungscc68.jpeg,2,1157
lungscc680.jpeg,2,1166
lungscc681.jpeg,2,1245
lungscc682.jpeg,2,1146
lungscc684.jpeg,2,1006
lungscc685.jpeg,2,1049
lungscc686.jpeg,2,1144
lungscc687.jpeg,2,1144
lungscc689.jpeg,2,1214
lungscc69.jpeg,2,1157
lungscc690.jpeg,2,1168
lungscc691.jpeg,2,1231
lungscc692.jpeg,2,1231
lungscc695.jpeg,2,1050
lungscc696.jpeg,2,1019
lungscc697.jpeg,2,1019
lungscc698.jpeg,2,1020
lungscc699.jpeg,2,1082
lungscc7.jpeg,2,1082
lungscc700.jpeg,2,1082
lungscc701.jpeg,2,1101
lungscc702.jpeg,2,1101
lungscc703.jpeg,2,1186
lungscc704.jpeg,2,1134
lungscc707.jpeg,2,1188
lungscc708.jpeg,2,1093
lungscc709.jpeg,2,1093
lungscc71.jpeg,2,1075
lungscc712.jpeg,2,1152
lungscc714.jpeg,2,1171
lungscc715.jpeg,2,1111
lungscc716.jpeg,2,1012
lungscc717.jpeg,2,1133
lungscc718.jpeg,2,1025
lungscc719.jpeg,2,1025
lungscc72.jpeg,2,1180
lungscc721.jpeg,2,1124
lungscc722.jpeg,2,1124
lungscc723.jpeg,2,1065
lungscc725.jpeg,2,1000
lungscc727.jpeg,2,1135
lungscc728.jpeg,2,1184
lungscc729.jpeg,2,1184
lungscc73.jpeg,2,1041
lungscc730.jpeg,2,1026
lungscc731.jpeg,2,1181
lungscc732.jpeg,2,1225
lungscc733.jpeg,2,1225
lungscc734.jpeg,2,1005
lungscc735.jpeg,2,1118
lungscc736.jpeg,2,1216
lungscc737.jpeg,2,1183
lungscc738.jpeg,2,1005
lungscc739.jpeg,2,1136
lungscc74.jpeg,2,1041
lungscc741.jpeg,2,1063
lungscc743.jpeg,2,1015
lungscc744.jpeg,2,1096
lungscc745.jpeg,2,1096
lungscc749.jpeg,2,1056
lungscc75.jpeg,2,1041
lungscc751.jpeg,2,1150
lungscc752.jpeg,2,1049
lungscc753.jpeg,2,1170
lungscc755.jpeg,2,1013
lungscc759.jpeg,2,1050
lungscc762.jpeg,2,1232
lungscc765.jpeg,2,1125
lungscc766.jpeg,2,1018
lungscc767.jpeg,2,1152
lungscc768.jpeg,2,1112
lungscc769.jpeg,2,1092
lungscc770.jpeg,2,1191
lungscc772.jpeg,2,1017
lungscc773.jpeg,2,1237
lungscc775.jpeg,2,1089
lungscc776.jpeg,2,1124
lungscc777.jpeg,2,1068
lungscc778.jpeg,2,1068
lungscc779.jpeg,2,1060
lungscc780.jpeg,2,1228
lungscc782.jpeg,2,1155
lungscc783.jpeg,2,1151
lungscc785.jpeg,2,1184
lungscc786.jpeg,2,1126
lungscc787.jpeg,2,1181
lungscc790.jpeg,2,1118
lungscc791.jpeg,2,1177
lungscc793.jpeg,2,1011
lungscc794.jpeg,2,1059
lungscc795.jpeg,2,1005
lungscc796.jpeg,2,1063
lungscc797.jpeg,2,1063
lungscc798.jpeg,2,1157
lungscc799.jpeg,2,1075
lungscc8.jpeg,2,1101
lungscc800.jpeg,2,1055
lungscc802.jpeg,2,1203
lungscc803.jpeg,2,1015
lungscc804.jpeg,2,1015
lungscc807.jpeg,2,1145
lungscc808.jpeg,2,1056
lungscc809.jpeg,2,1036
lungscc810.jpeg,2,1202
lungscc812.jpeg,2,1045
lungscc817.jpeg,2,1175
lungscc818.jpeg,2,1197
lungscc819.jpeg,2,1214
lungscc82.jpeg,2,1166
lungscc820.jpeg,2,1013
lungscc821.jpeg,2,998
lungscc822.jpeg,2,1020
lungscc823.jpeg,2,1212
lungscc824.jpeg,2,1232
lungscc825.jpeg,2,1176
lungscc826.jpeg,2,1134
lungscc828.jpeg,2,1128
lungscc83.jpeg,2,1245
lungscc830.jpeg,2,1104
lungscc837.jpeg,2,1164
lungscc838.jpeg,2,1061
lungscc839.jpeg,2,1025
lungscc84.jpeg,2,1105
lungscc842.jpeg,2,1147
lungscc843.jpeg,2,1035
lungscc844.jpeg,2,1065
lungscc846.jpeg,2,1135
lungscc847.jpeg,2,1135
lungscc849.jpeg,2,1026
lungscc85.jpeg,2,1197
lungscc850.jpeg,2,1181
lungscc853.jpeg,2,1057
lungscc854.jpeg,2,1167
lungscc856.jpeg,2,1136
lungscc857.jpeg,2,1157
lungscc858.jpeg,2,1157
lungscc86.jpeg,2,1197
lungscc861.jpeg,2,1180
lungscc862.jpeg,2,1058
lungscc863.jpeg,2,999
lungscc864.jpeg,2,999
lungscc865.jpeg,2,1095
lungscc867.jpeg,2,1043
lungscc869.jpeg,2,1029
lungscc87.jpeg,2,1044
lungscc870.jpeg,2,1071
lungscc872.jpeg,2,1006
lungscc873.jpeg,2,1233
lungscc875.jpeg,2,1175
lungscc877.jpeg,2,1023
lungscc878.jpeg,2,1134
lungscc879.jpeg,2,1134
lungscc88.jpeg,2,1168
lungscc880.jpeg,2,1093
lungscc882.jpeg,2,1148
lungscc883.jpeg,2,1137
lungscc884.jpeg,2,1102
lungscc886.jpeg,2,1018
lungscc887.jpeg,2,1164
lungscc888.jpeg,2,1061
lungscc890.jpeg,2,1112
lungscc892.jpeg,2,1039
lungscc893.jpeg,2,1076
lungscc894.jpeg,2,1143
lungscc9.jpeg,2,1023
lungscc903.jpeg,2,1035
lungscc906.jpeg,2,1054
lungscc907.jpeg,2,1009
lungscc909.jpeg,2,1009
lungscc91.jpeg,2,998
lungscc910.jpeg,2,1069
lungscc911.jpeg,2,1004
lungscc913.jpeg,2,1162
lungscc914.jpeg,2,1120
lungscc915.jpeg,2,1161
lungscc917.jpeg,2,1161
lungscc918.jpeg,2,1177
lungscc919.jpeg,2,1177
lungscc921.jpeg,2,1059
lungscc924.jpeg,2,1075
lungscc925.jpeg,2,1201
lungscc926.jpeg,2,1055
lungscc927.jpeg,2,1041
lungscc93.jpeg,2,1020
lungscc931.jpeg,2,1203
lungscc935.jpeg,2,1202
lungscc936.jpeg,2,1146
lungscc938.jpeg,2,1105
lungscc94.jpeg,2,1101
lungscc943.jpeg,2,1049
lungscc945.jpeg,2,1197
lungscc946.jpeg,2,1072
lungscc947.jpeg,2,1214
lungscc949.jpeg,2,1129
lungscc951.jpeg,2,1050
lungscc952.jpeg,2,998
lungscc953.jpeg,2,1176
lungscc956.jpeg,2,1186
lungscc957.jpeg,2,1093
lungscc959.jpeg,2,1224
lungscc96.jpeg,2,1093
lungscc960.jpeg,2,1091
lungscc961.jpeg,2,1112
lungscc962.jpeg,2,1171
lungscc963.jpeg,2,1171
lungscc964.jpeg,2,1195
lungscc965.jpeg,2,1086
lungscc969.jpeg,2,1147
lungscc97.jpeg,2,1018
lungscc970.jpeg,2,1147
lungscc971.jpeg,2,1131
lungscc972.jpeg,2,1060
lungscc973.jpeg,2,1009
lungscc974.jpeg,2,1229
lungscc975.jpeg,2,1229
lungscc976.jpeg,2,1151
lungscc977.jpeg,2,1078
lungscc978.jpeg,2,1078
lungscc979.jpeg,2,1005
lungscc98.jpeg,2,1018
lungscc981.jpeg,2,1161
lungscc982.jpeg,2,1183
lungscc983.jpeg,2,1201
lungscc984.jpeg,2,1055
lungscc985.jpeg,2,1095
lungscc986.jpeg,2,1015
lungscc99.jpeg,2,1164
lungscc991.jpeg,2,1166
lungscc992.jpeg,2,1245
lungscc993.jpeg,2,1029
lungscc997.jpeg,2,1175
lungscc998.jpeg,2,1175
