filename,label,group_id
lungn1383.jpeg,1,937
lungscc4337.jpeg,2,1179
lungscc1012.jpeg,2,1117
lungaca2707.jpeg,0,726
lungaca4535.jpeg,0,661
lungscc3436.jpeg,2,1144
lungn1333.jpeg,1,867
lungscc2103.jpeg,2,1177
lungn2627.jpeg,1,924
lungn473.jpeg,1,806
lungn3432.jpeg,1,857
lungaca4603.jpeg,0,608
lungaca3089.jpeg,0,603
lungn1088.jpeg,1,774
lungaca978.jpeg,0,701
lungscc652.jpeg,2,1092
lungaca116.jpeg,0,573
lungscc1794.jpeg,2,1227
lungn2598.jpeg,1,844
lungaca3239.jpeg,0,526
lungscc4046.jpeg,2,1148
lungaca2889.jpeg,0,582
lungaca3431.jpeg,0,694
lungaca3826.jpeg,0,654
lungscc451.jpeg,2,1244
lungn4925.jpeg,1,906
lungscc3389.jpeg,2,1168
lungscc2506.jpeg,2,1154
lungaca4429.jpeg,0,522
lungn124.jpeg,1,845
lungscc521.jpeg,2,1231
lungscc1185.jpeg,2,1049
lungaca1636.jpeg,0,598
lungn1122.jpeg,1,905
lungaca1006.jpeg,0,734
lungscc2983.jpeg,2,1191
lungscc1389.jpeg,2,1005
lungscc721.jpeg,2,1124
lungaca985.jpeg,0,668
lungscc2250.jpeg,2,1174
lungn3517.jpeg,1,911
lungscc2943.jpeg,2,1136
lungscc435.jpeg,2,1178
lungn1547.jpeg,1,836
lungaca2241.jpeg,0,530
lungscc3697.jpeg,2,1219
lungn3791.jpeg,1,760
lungn1026.jpeg,1,840
lungn281.jpeg,1,988
lungscc3022.jpeg,2,1220
lungaca157.jpeg,0,572
lungaca2142.jpeg,0,682
lungscc3193.jpeg,2,1015
lungn1432.jpeg,1,906
lungn3246.jpeg,1,832
lungscc3660.jpeg,2,1200
lungaca1745.jpeg,0,647
lungaca3425.jpeg,0,675
lungscc1489.jpeg,2,1133
lungscc3899.jpeg,2,1167
lungscc206.jpeg,2,1099
lungscc3484.jpeg,2,1240
lungscc4033.jpeg,2,1197
lungscc4591.jpeg,2,1228
lungn371.jpeg,1,792
lungscc1481.jpeg,2,1152
lungscc1050.jpeg,2,1066
lungn572.jpeg,1,813
lungn4054.jpeg,1,971
lungn1090.jpeg,1,949
lungscc4958.jpeg,2,1066
lungn2343.jpeg,1,953
lungscc3471.jpeg,2,1118
lungscc1819.jpeg,2,1021
lungn4968.jpeg,1,824
lungscc51.jpeg,2,1086
lungaca2081.jpeg,0,621
lungn3361.jpeg,1,906
lungaca840.jpeg,0,683
lungscc2314.jpeg,2,1130
lungaca3134.jpeg,0,555
lungn1988.jpeg,1,891
lungn4537.jpeg,1,818
lungn14.jpeg,1,949
lungaca3940.jpeg,0,657
lungscc2355.jpeg,2,1160
lungn1528.jpeg,1,918
lungscc2523.jpeg,2,1108
lungn2302.jpeg,1,780
lungn1194.jpeg,1,783
lungscc3848.jpeg,2,1095
lungn2275.jpeg,1,919
lungscc2310.jpeg,2,1077
lungscc4768.jpeg,2,1167
lungaca4121.jpeg,0,572
lungaca186.jpeg,0,626
lungaca682.jpeg,0,676
lungn2671.jpeg,1,830
lungaca1229.jpeg,0,569
lungn2850.jpeg,1,863
lungaca4963.jpeg,0,580
lungscc2492.jpeg,2,1082
lungscc2619.jpeg,2,1186
lungaca3545.jpeg,0,507
lungaca3267.jpeg,0,537
lungscc926.jpeg,2,1055
lungaca3629.jpeg,0,728
lungscc3935.jpeg,2,1092
lungaca3166.jpeg,0,513
lungscc2333.jpeg,2,1069
lungaca692.jpeg,0,518
lungaca4627.jpeg,0,516
lungaca2781.jpeg,0,635
lungscc147.jpeg,2,1116
lungscc4858.jpeg,2,1170
lungn1637.jpeg,1,781
lungscc1084.jpeg,2,1237
lungn3667.jpeg,1,889
lungaca586.jpeg,0,609
lungn3322.jpeg,1,847
lungscc2484.jpeg,2,1072
lungaca2479.jpeg,0,699
lungscc2644.jpeg,2,1085
lungscc3725.jpeg,2,1031
lungaca3231.jpeg,0,665
lungscc2041.jpeg,2,1097
lungscc4819.jpeg,2,1062
lungn4615.jpeg,1,821
lungn833.jpeg,1,822
lungn163.jpeg,1,763
lungn3601.jpeg,1,942
lungscc328.jpeg,2,1019
lungscc62.jpeg,2,1005
lungn608.jpeg,1,847
lungaca2157.jpeg,0,687
lungaca4080.jpeg,0,526
lungaca1529.jpeg,0,637
lungn1830.jpeg,1,975
lungaca736.jpeg,0,618
lungscc1773.jpeg,2,1082
lungaca3389.jpeg,0,625
lungn1023.jpeg,1,782
lungn338.jpeg,1,919
lungaca4550.jpeg,0,628
lungaca2110.jpeg,0,607
lungn490.jpeg,1,778
lungn4484.jpeg,1,810
lungaca3167.jpeg,0,665
lungaca4918.jpeg,0,515
lungn282.jpeg,1,851
lungn3814.jpeg,1,846
lungscc1526.jpeg,2,1050
lungaca103.jpeg,0,608
lungn1786.jpeg,1,952
lungscc2467.jpeg,2,1041
lungscc453.jpeg,2,1144
lungaca2818.jpeg,0,605
lungscc3066.jpeg,2,1005
lungscc731.jpeg,2,1181
lungaca3665.jpeg,0,515
lungaca2145.jpeg,0,597
lungaca1909.jpeg,0,686
lungn220.jpeg,1,784
lungaca455.jpeg,0,661
lungn3596.jpeg,1,793
lungaca4332.jpeg,0,683
lungscc3200.jpeg,2,1105
lungn2795.jpeg,1,846
lungscc1610.jpeg,2,1207
lungn4070.jpeg,1,926
lungn2649.jpeg,1,995
lungaca3158.jpeg,0,657
lungscc4749.jpeg,2,1159
lungaca722.jpeg,0,584
lungaca206.jpeg,0,556
lungscc56.jpeg,2,1199
lungscc4719.jpeg,2,1198
lungaca36.jpeg,0,637
lungn3761.jpeg,1,835
lungscc1446.jpeg,2,1080
lungn1890.jpeg,1,913
lungscc3275.jpeg,2,1061
lungscc506.jpeg,2,1042
lungaca3170.jpeg,0,658
lungn2778.jpeg,1,844
lungaca1017.jpeg,0,568
lungaca975.jpeg,0,657
lungscc107.jpeg,2,1139
lungn224.jpeg,1,929
lungaca4165.jpeg,0,740
lungaca3642.jpeg,0,704
lungscc1573.jpeg,2,1030
lungaca4851.jpeg,0,544
lungscc4979.jpeg,2,1051
lungscc683.jpeg,2,1226
lungn1410.jpeg,1,971
lungaca4635.jpeg,0,669
lungaca854.jpeg,0,564
lungn2232.jpeg,1,782
lungscc3754.jpeg,2,1073
lungaca3633.jpeg,0,533
lungscc3517.jpeg,2,1051
lungscc1518.jpeg,2,1046
lungscc2532.jpeg,2,1095
lungn3449.jpeg,1,956
lungn3358.jpeg,1,823
lungscc3469.jpeg,2,1103
lungscc1449.jpeg,2,1162
lungn552.jpeg,1,859
lungaca1094.jpeg,0,573
lungn1963.jpeg,1,958
lungaca2801.jpeg,0,660
lungaca2673.jpeg,0,599
lungaca2698.jpeg,0,641
lungaca3406.jpeg,0,517
lungaca1412.jpeg,0,684
lungscc3710.jpeg,2,1120
lungaca4767.jpeg,0,705
lungn174.jpeg,1,840
lungaca612.jpeg,0,652
lungn2997.jpeg,1,848
lungscc567.jpeg,2,1013
lungscc158.jpeg,2,1020
lungscc1584.jpeg,2,999
lungaca2463.jpeg,0,687
lungn4857.jpeg,1,841
lungn3787.jpeg,1,889
lungscc2125.jpeg,2,1044
lungaca530.jpeg,0,560
lungscc1472.jpeg,2,1050
lungaca4085.jpeg,0,582
lungn965.jpeg,1,825
lungaca4294.jpeg,0,575
lungn558.jpeg,1,776
lungaca3006.jpeg,0,653
lungn4701.jpeg,1,895
lungscc4047.jpeg,2,1090
lungn3173.jpeg,1,952
lungscc1341.jpeg,2,1165
lungaca2356.jpeg,0,588
lungn249.jpeg,1,819
lungscc2964.jpeg,2,1106
lungaca731.jpeg,0,558
lungaca3578.jpeg,0,509
lungn201.jpeg,1,883
lungscc3592.jpeg,2,1062
lungscc2945.jpeg,2,1189
lungaca2749.jpeg,0,554
lungaca3456.jpeg,0,631
lungscc877.jpeg,2,1023
lungn4163.jpeg,1,865
lungn4232.jpeg,1,972
lungscc203.jpeg,2,1156
lungn3516.jpeg,1,966
lungaca2137.jpeg,0,603
lungn2282.jpeg,1,962
lungn541.jpeg,1,974
lungn3660.jpeg,1,837
lungscc1450.jpeg,2,1097
lungaca2333.jpeg,0,638
lungn3912.jpeg,1,759
lungaca4717.jpeg,0,511
lungn2993.jpeg,1,907
lungn1579.jpeg,1,839
lungaca2423.jpeg,0,539
lungn1274.jpeg,1,869
lungscc3909.jpeg,2,1046
lungaca65.jpeg,0,646
lungscc1188.jpeg,2,1192
lungn3769.jpeg,1,793
lungn1028.jpeg,1,839
lungscc1650.jpeg,2,1174
lungaca3208.jpeg,0,588
lungn1421.jpeg,1,861
lungscc3621.jpeg,2,1106
lungn3421.jpeg,1,821
lungaca2681.jpeg,0,546
lungaca4495.jpeg,0,560
lungaca2276.jpeg,0,507
lungn1527.jpeg,1,807
lungscc1284.jpeg,2,1157
lungn3216.jpeg,1,776
lungaca3963.jpeg,0,666
lungn664.jpeg,1,886
lungn4871.jpeg,1,850
lungaca4593.jpeg,0,564
lungaca1046.jpeg,0,560
lungaca4813.jpeg,0,623
lungaca3261.jpeg,0,669
lungaca4538.jpeg,0,509
lungaca3295.jpeg,0,574
lungaca3482.jpeg,0,532
lungn4368.jpeg,1,926
lungscc2938.jpeg,2,1161
lungscc663.jpeg,2,1135
lungscc4724.jpeg,2,1217
lungscc2763.jpeg,2,1005
lungn3607.jpeg,1,981
lungscc338.jpeg,2,1090
lungaca4623.jpeg,0,666
lungn4608.jpeg,1,997
lungn689.jpeg,1,820
lungaca562.jpeg,0,552
lungaca1299.jpeg,0,730
lungn3883.jpeg,1,869
lungscc2773.jpeg,2,1098
lungaca4191.jpeg,0,651
lungn3780.jpeg,1,752
lungaca4236.jpeg,0,602
lungn3758.jpeg,1,890
lungn4400.jpeg,1,865
lungscc2526.jpeg,2,1057
lungaca4164.jpeg,0,581
lungaca2455.jpeg,0,554
lungn4376.jpeg,1,823
lungn3925.jpeg,1,992
lungn2865.jpeg,1,946
lungscc4155.jpeg,2,1001
lungn1169.jpeg,1,877
lungaca4873.jpeg,0,739
lungn845.jpeg,1,945
lungscc245.jpeg,2,1135
lungscc396.jpeg,2,1179
lungn154.jpeg,1,942
lungaca1151.jpeg,0,655
lungscc1294.jpeg,2,1240
lungn4770.jpeg,1,778
lungn2938.jpeg,1,987
lungscc3989.jpeg,2,1128
lungaca2097.jpeg,0,514
lungscc58.jpeg,2,1155
lungn3789.jpeg,1,891
lungaca856.jpeg,0,506
lungscc2896.jpeg,2,1046
lungn1564.jpeg,1,755
lungscc2757.jpeg,2,1080
lungaca3530.jpeg,0,738
lungaca1232.jpeg,0,577
lungscc3976.jpeg,2,1001
lungn4398.jpeg,1,872
lungaca344.jpeg,0,744
lungaca2977.jpeg,0,621
lungaca4447.jpeg,0,607
lungn1168.jpeg,1,964
lungn3897.jpeg,1,987
lungn3514.jpeg,1,765
lungaca2130.jpeg,0,688
lungn4169.jpeg,1,859
lungscc1308.jpeg,2,1020
lungaca1208.jpeg,0,655
lungn2777.jpeg,1,814
lungscc1831.jpeg,2,1175
lungn1966.jpeg,1,862
lungn1700.jpeg,1,894
lungscc267.jpeg,2,1149
lungscc4145.jpeg,2,1107
lungn3679.jpeg,1,767
lungn3260.jpeg,1,847
lungn3009.jpeg,1,881
lungn1717.jpeg,1,993
lungn947.jpeg,1,866
lungaca4766.jpeg,0,705
lungn2444.jpeg,1,912
lungscc2109.jpeg,2,1094
lungscc2432.jpeg,2,1023
lungscc2378.jpeg,2,1018
lungaca3353.jpeg,0,544
lungscc3341.jpeg,2,1082
lungscc1227.jpeg,2,1087
lungaca601.jpeg,0,607
lungaca4097.jpeg,0,669
lungscc3337.jpeg,2,1028
lungaca1786.jpeg,0,642
lungscc2604.jpeg,2,1175
lungaca3958.jpeg,0,663
lungscc2663.jpeg,2,1031
lungaca1888.jpeg,0,553
lungn2228.jpeg,1,969
lungn4189.jpeg,1,907
lungn3348.jpeg,1,791
lungaca4399.jpeg,0,535
lungscc629.jpeg,2,1198
lungn4850.jpeg,1,922
lungn2826.jpeg,1,942
lungaca1811.jpeg,0,539
lungn2752.jpeg,1,964
lungaca902.jpeg,0,552
lungn1941.jpeg,1,830
lungscc1592.jpeg,2,1001
lungn4456.jpeg,1,757
lungaca1523.jpeg,0,568
lungn3357.jpeg,1,938
lungaca3396.jpeg,0,587
lungaca496.jpeg,0,558
lungscc2440.jpeg,2,1090
lungscc1173.jpeg,2,1066
lungscc1013.jpeg,2,1047
lungn2958.jpeg,1,889
lungn2240.jpeg,1,992
lungscc3205.jpeg,2,1168
lungaca3118.jpeg,0,584
lungaca3549.jpeg,0,695
lungaca1522.jpeg,0,530
lungscc4493.jpeg,2,1098
lungaca2267.jpeg,0,559
lungaca1207.jpeg,0,573
lungaca839.jpeg,0,524
lungscc4483.jpeg,2,1002
lungn2986.jpeg,1,940
lungaca4449.jpeg,0,709
lungn537.jpeg,1,934
lungn1847.jpeg,1,922
lungscc2606.jpeg,2,1033
lungscc4660.jpeg,2,1096
lungscc2319.jpeg,2,1236
lungaca1519.jpeg,0,567
lungn2680.jpeg,1,966
lungn967.jpeg,1,801
lungaca1568.jpeg,0,693
lungn4628.jpeg,1,889
lungaca444.jpeg,0,599
lungscc603.jpeg,2,1008
lungscc29.jpeg,2,1146
lungn1219.jpeg,1,946
lungscc3779.jpeg,2,1153
lungaca3317.jpeg,0,610
lungscc3480.jpeg,2,1070
lungn1747.jpeg,1,855
lungn4818.jpeg,1,822
lungn2465.jpeg,1,841
lungn2249.jpeg,1,792
lungscc1583.jpeg,2,999
lungaca2574.jpeg,0,686
lungn1310.jpeg,1,884
lungn679.jpeg,1,854
lungn3070.jpeg,1,914
lungaca588.jpeg,0,611
lungn4567.jpeg,1,795
lungn1755.jpeg,1,782
lungscc860.jpeg,2,1142
lungaca1542.jpeg,0,730
lungn3488.jpeg,1,953
lungaca3707.jpeg,0,674
lungaca1354.jpeg,0,511
lungaca4049.jpeg,0,617
lungn4513.jpeg,1,904
lungscc261.jpeg,2,1045
lungaca1143.jpeg,0,594
lungscc47.jpeg,2,1207
lungn1539.jpeg,1,903
lungn4757.jpeg,1,847
lungaca3868.jpeg,0,740
lungn2485.jpeg,1,886
lungn4038.jpeg,1,758
lungaca3675.jpeg,0,739
lungscc2957.jpeg,2,1239
lungscc4168.jpeg,2,1134
lungn1273.jpeg,1,901
lungn2566.jpeg,1,885
lungaca3096.jpeg,0,612
lungaca3918.jpeg,0,598
lungscc3552.jpeg,2,1145
lungn2402.jpeg,1,832
lungscc3762.jpeg,2,1159
lungscc1156.jpeg,2,1004
lungscc3005.jpeg,2,1118
lungscc1292.jpeg,2,1240
lungn1254.jpeg,1,838
lungn2843.jpeg,1,760
lungscc4391.jpeg,2,1204
lungn115.jpeg,1,827
lungn275.jpeg,1,833
lungn230.jpeg,1,779
lungn4190.jpeg,1,907
lungaca1594.jpeg,0,711
lungn3445.jpeg,1,872
lungscc1230.jpeg,2,1056
lungaca3893.jpeg,0,559
lungaca3154.jpeg,0,506
lungaca2437.jpeg,0,673
lungn796.jpeg,1,849
lungscc3369.jpeg,2,1041
lungaca3176.jpeg,0,528
lungaca3234.jpeg,0,698
lungscc271.jpeg,2,1221
lungscc2908.jpeg,2,1138
lungscc1954.jpeg,2,1233
lungaca1433.jpeg,0,605
lungscc4427.jpeg,2,1038
lungn4673.jpeg,1,843
lungscc19.jpeg,2,1031
lungscc2804.jpeg,2,1027
lungn1642.jpeg,1,901
lungaca1443.jpeg,0,573
lungn1900.jpeg,1,858
lungscc1180.jpeg,2,1105
lungaca4672.jpeg,0,517
lungscc1090.jpeg,2,1139
lungscc3277.jpeg,2,1193
lungn4812.jpeg,1,758
lungscc4517.jpeg,2,1224
lungaca1916.jpeg,0,585
lungaca1025.jpeg,0,711
lungaca4661.jpeg,0,597
lungscc212.jpeg,2,1205
lungaca2400.jpeg,0,551
lungn2666.jpeg,1,956
lungn2358.jpeg,1,822
lungn1623.jpeg,1,843
lungn514.jpeg,1,942
lungn2771.jpeg,1,828
lungn3354.jpeg,1,940
lungn1304.jpeg,1,763
lungscc2727.jpeg,2,1156
lungn3914.jpeg,1,794
lungscc548.jpeg,2,1002
lungscc3230.jpeg,2,1051
lungscc1970.jpeg,2,1137
lungaca2367.jpeg,0,568
lungaca1557.jpeg,0,548
lungscc2374.jpeg,2,1232
lungn966.jpeg,1,825
lungn88.jpeg,1,773
lungn4911.jpeg,1,983
lungn378.jpeg,1,762
lungscc1026.jpeg,2,1035
lungscc3731.jpeg,2,1029
lungaca1424.jpeg,0,701
lungscc575.jpeg,2,1084
lungaca4410.jpeg,0,741
lungn3170.jpeg,1,897
lungn1466.jpeg,1,971
lungn1852.jpeg,1,823
lungaca753.jpeg,0,681
lungaca2207.jpeg,0,736
lungn2923.jpeg,1,902
lungscc2322.jpeg,2,1191
lungscc2706.jpeg,2,1002
lungn1552.jpeg,1,831
lungscc1476.jpeg,2,1003
lungaca3270.jpeg,0,538
lungaca701.jpeg,0,738
lungn917.jpeg,1,918
lungscc1988.jpeg,2,1151
lungn4792.jpeg,1,921
lungaca3943.jpeg,0,712
lungscc207.jpeg,2,1245
lungaca4862.jpeg,0,604
lungaca3697.jpeg,0,509
lungn528.jpeg,1,970
lungn868.jpeg,1,926
lungaca1700.jpeg,0,694
lungn4892.jpeg,1,892
lungaca2993.jpeg,0,536
lungn4927.jpeg,1,881
lungn853.jpeg,1,852
lungn2687.jpeg,1,885
lungn948.jpeg,1,953
lungn681.jpeg,1,807
lungscc2215.jpeg,2,1236
lungscc2223.jpeg,2,1195
lungaca4793.jpeg,0,668
lungn1727.jpeg,1,820
lungn1548.jpeg,1,763
lungaca2565.jpeg,0,534
lungscc601.jpeg,2,1065
lungn1773.jpeg,1,809
lungaca3607.jpeg,0,590
lungaca2616.jpeg,0,660
lungscc1431.jpeg,2,1102
lungn4685.jpeg,1,774
lungscc444.jpeg,2,1145
lungn665.jpeg,1,839
lungscc1186.jpeg,2,1208
lungn749.jpeg,1,766
lungscc743.jpeg,2,1015
lungaca3114.jpeg,0,589
lungscc3748.jpeg,2,1186
lungaca1429.jpeg,0,609
lungn4091.jpeg,1,853
lungn3406.jpeg,1,817
lungn4201.jpeg,1,752
lungn90.jpeg,1,770
lungn1878.jpeg,1,809
lungaca4054.jpeg,0,546
lungscc718.jpeg,2,1025
lungaca971.jpeg,0,508
lungn1431.jpeg,1,752
lungn748.jpeg,1,766
lungscc4247.jpeg,2,1225
lungn2719.jpeg,1,853
lungaca4794.jpeg,0,544
lungaca2203.jpeg,0,534
lungaca3813.jpeg,0,702
lungaca2653.jpeg,0,545
lungn2373.jpeg,1,809
lungn4680.jpeg,1,816
lungn671.jpeg,1,829
lungaca1135.jpeg,0,559
lungscc702.jpeg,2,1101
lungaca87.jpeg,0,511
lungscc219.jpeg,2,1048
lungscc1668.jpeg,2,1236
lungaca2925.jpeg,0,681
lungaca3309.jpeg,0,734
lungn2538.jpeg,1,985
lungaca4245.jpeg,0,697
lungscc1007.jpeg,2,1020
lungn2586.jpeg,1,979
lungscc826.jpeg,2,1134
lungscc1010.jpeg,2,1186
lungaca4014.jpeg,0,514
lungn1922.jpeg,1,795
lungaca3181.jpeg,0,532
lungaca2199.jpeg,0,557
lungaca2180.jpeg,0,542
lungn1530.jpeg,1,924
lungscc1176.jpeg,2,1166
lungscc2129.jpeg,2,1168
lungaca314.jpeg,0,652
lungn1566.jpeg,1,893
lungaca158.jpeg,0,704
lungn906.jpeg,1,811
lungn4142.jpeg,1,906
lungaca4441.jpeg,0,620
lungaca2495.jpeg,0,506
lungscc4753.jpeg,2,1218
lungscc3045.jpeg,2,1191
lungaca4610.jpeg,0,561
lungn2342.jpeg,1,962
lungscc412.jpeg,2,1064
lungn4502.jpeg,1,832
lungscc241.jpeg,2,1147
lungaca3361.jpeg,0,512
lungaca4649.jpeg,0,746
lungscc1687.jpeg,2,1118
lungscc2906.jpeg,2,1192
lungn3065.jpeg,1,794
lungn186.jpeg,1,895
lungaca2227.jpeg,0,524
lungn1352.jpeg,1,864
lungscc2043.jpeg,2,1078
lungn1382.jpeg,1,838
lungn3279.jpeg,1,950
lungscc4390.jpeg,2,1129
lungn2779.jpeg,1,915
lungaca4099.jpeg,0,588
lungscc3265.jpeg,2,1141
lungaca3018.jpeg,0,529
lungn1650.jpeg,1,888
lungscc1609.jpeg,2,1236
lungscc4788.jpeg,2,1138
lungn3959.jpeg,1,952
lungaca1911.jpeg,0,554
lungn3773.jpeg,1,952
lungn2917.jpeg,1,901
lungscc3430.jpeg,2,1156
lungscc65.jpeg,2,1113
lungscc3659.jpeg,2,1172
lungn1562.jpeg,1,923
lungaca3867.jpeg,0,740
lungaca3785.jpeg,0,566
lungn4030.jpeg,1,937
lungaca3358.jpeg,0,604
lungscc2847.jpeg,2,1101
lungaca3021.jpeg,0,549
lungaca4150.jpeg,0,666
lungn2541.jpeg,1,850
lungscc1085.jpeg,2,1086
lungaca1331.jpeg,0,549
lungaca4156.jpeg,0,632
lungaca2620.jpeg,0,649
lungscc2053.jpeg,2,1160
lungscc378.jpeg,2,1211
lungaca2221.jpeg,0,515
lungn3824.jpeg,1,955
lungaca4043.jpeg,0,624
lungaca2321.jpeg,0,592
lungaca4609.jpeg,0,522
lungn386.jpeg,1,928
lungn1658.jpeg,1,897
lungaca543.jpeg,0,632
lungn3696.jpeg,1,815
lungscc1348.jpeg,2,1043
lungscc3050.jpeg,2,1017
lungaca685.jpeg,0,741
lungn2280.jpeg,1,988
lungaca3983.jpeg,0,680
lungn3911.jpeg,1,881
lungaca3078.jpeg,0,577
lungn1887.jpeg,1,918
lungaca3411.jpeg,0,710
lungn3588.jpeg,1,819
lungn2106.jpeg,1,866
lungaca3759.jpeg,0,508
lungn3826.jpeg,1,842
lungscc3575.jpeg,2,1224
lungn4584.jpeg,1,846
lungscc1445.jpeg,2,1080
lungaca2858.jpeg,0,621
lungn926.jpeg,1,928
lungn4216.jpeg,1,893
lungaca1438.jpeg,0,528
lungscc454.jpeg,2,1033
lungscc2168.jpeg,2,1070
lungn2043.jpeg,1,828
lungscc2862.jpeg,2,1207
lungscc678.jpeg,2,1031
lungscc1521.jpeg,2,1230
lungscc186.jpeg,2,1126
lungn1064.jpeg,1,766
lungaca2347.jpeg,0,731
lungn3531.jpeg,1,810
lungscc4694.jpeg,2,1039
lungscc3393.jpeg,2,1019
lungaca4797.jpeg,0,687
lungaca73.jpeg,0,728
lungaca1644.jpeg,0,689
lungn3078.jpeg,1,872
lungn3563.jpeg,1,936
lungscc2560.jpeg,2,1090
lungscc2465.jpeg,2,1136
lungscc1738.jpeg,2,1199
lungn566.jpeg,1,885
lungaca4240.jpeg,0,603
lungaca4473.jpeg,0,546
lungaca2534.jpeg,0,549
lungn2347.jpeg,1,891
lungn4144.jpeg,1,832
lungscc2362.jpeg,2,1046
lungn3561.jpeg,1,914
lungaca4658.jpeg,0,622
lungscc976.jpeg,2,1151
lungn2040.jpeg,1,759
lungaca4848.jpeg,0,658
lungaca1329.jpeg,0,598
lungaca3738.jpeg,0,563
lungn1302.jpeg,1,943
lungn2530.jpeg,1,828
lungscc2267.jpeg,2,1092
lungn3895.jpeg,1,948
lungn4450.jpeg,1,828
lungscc2119.jpeg,2,1211
lungaca1315.jpeg,0,579
lungaca1712.jpeg,0,662
lungscc4115.jpeg,2,1218
lungscc641.jpeg,2,1188
lungn1099.jpeg,1,867
lungscc1971.jpeg,2,1104
lungaca3849.jpeg,0,725
lungscc4657.jpeg,2,1055
lungaca2877.jpeg,0,580
lungaca4421.jpeg,0,622
lungscc2803.jpeg,2,1037
lungaca790.jpeg,0,539
lungaca1857.jpeg,0,578
lungscc3505.jpeg,2,1014
lungscc643.jpeg,2,1093
lungscc4342.jpeg,2,1093
lungn1933.jpeg,1,812
lungaca1246.jpeg,0,572
lungn4726.jpeg,1,862
lungscc3928.jpeg,2,1128
lungn1269.jpeg,1,895
lungaca1220.jpeg,0,521
lungaca2121.jpeg,0,739
lungscc998.jpeg,2,1175
lungn2689.jpeg,1,775
lungn4453.jpeg,1,873
lungscc4701.jpeg,2,1135
lungaca1954.jpeg,0,562
lungscc3310.jpeg,2,1070
lungscc1193.jpeg,2,1084
lungaca1084.jpeg,0,665
lungscc4586.jpeg,2,1079
lungscc1786.jpeg,2,1064
lungscc297.jpeg,2,1210
lungscc2771.jpeg,2,1201
lungscc2830.jpeg,2,1043
lungscc273.jpeg,2,1053
lungaca4724.jpeg,0,612
lungscc2530.jpeg,2,1075
lungn3753.jpeg,1,830
lungaca4188.jpeg,0,591
lungscc91.jpeg,2,998
lungn2854.jpeg,1,930
lungscc1128.jpeg,2,1050
lungscc2516.jpeg,2,1054
lungn2237.jpeg,1,904
lungn3149.jpeg,1,894
lungn1344.jpeg,1,775
lungaca863.jpeg,0,681
lungaca983.jpeg,0,651
lungscc2045.jpeg,2,1005
lungscc3773.jpeg,2,1121
lungn3605.jpeg,1,833
lungaca2561.jpeg,0,591
lungn4821.jpeg,1,956
lungaca4105.jpeg,0,667
lungaca1379.jpeg,0,721
lungn434.jpeg,1,809
lungscc4448.jpeg,2,1123
lungscc2194.jpeg,2,1215
lungaca1996.jpeg,0,699
lungaca2492.jpeg,0,702
lungn3534.jpeg,1,982
lungscc1899.jpeg,2,1179
lungaca4122.jpeg,0,671
lungscc3586.jpeg,2,1119
lungn4406.jpeg,1,815
lungaca1219.jpeg,0,516
lungscc2388.jpeg,2,1139
lungaca262.jpeg,0,684
lungscc2710.jpeg,2,1136
lungn3832.jpeg,1,897
lungaca4749.jpeg,0,679
lungscc3705.jpeg,2,1182
lungn4708.jpeg,1,955
lungscc151.jpeg,2,1006
lungn3860.jpeg,1,893
lungscc3539.jpeg,2,1113
lungscc2544.jpeg,2,1001
lungscc486.jpeg,2,1153
lungscc2626.jpeg,2,1017
lungscc3814.jpeg,2,1243
lungaca664.jpeg,0,578
lungscc2936.jpeg,2,1127
lungaca2677.jpeg,0,702
lungscc2089.jpeg,2,1037
lungscc3708.jpeg,2,1097
lungscc3794.jpeg,2,1052
lungscc857.jpeg,2,1157
lungscc4593.jpeg,2,1135
lungn594.jpeg,1,969
lungaca2327.jpeg,0,668
lungn1255.jpeg,1,969
lungaca2548.jpeg,0,741
lungaca2385.jpeg,0,513
lungscc4725.jpeg,2,1049
lungaca604.jpeg,0,590
lungscc3279.jpeg,2,1081
lungscc1096.jpeg,2,1026
lungaca4115.jpeg,0,509
lungaca4288.jpeg,0,553
lungscc3387.jpeg,2,1214
lungn1043.jpeg,1,750
lungaca4377.jpeg,0,629
lungn1492.jpeg,1,866
lungaca618.jpeg,0,737
lungscc153.jpeg,2,1205
lungscc3676.jpeg,2,1233
lungscc2455.jpeg,2,1223
lungaca3551.jpeg,0,634
lungaca1588.jpeg,0,588
lungscc704.jpeg,2,1134
lungscc1242.jpeg,2,1028
lungscc4588.jpeg,2,1131
lungaca9.jpeg,0,609
lungn2657.jpeg,1,915
lungn3666.jpeg,1,984
lungscc3165.jpeg,2,1148
lungscc3955.jpeg,2,1165
lungaca371.jpeg,0,743
lungn2930.jpeg,1,810
lungaca1613.jpeg,0,579
lungscc4350.jpeg,2,1010
lungn2746.jpeg,1,773
lungscc2877.jpeg,2,1026
lungscc2327.jpeg,2,1124
lungaca2310.jpeg,0,723
lungaca3553.jpeg,0,633
lungn1512.jpeg,1,769
lungn2258.jpeg,1,885
lungscc1305.jpeg,2,1168
lungn2254.jpeg,1,852
lungn390.jpeg,1,787
lungaca3713.jpeg,0,528
lungn4304.jpeg,1,878
lungaca3591.jpeg,0,644
lungscc3355.jpeg,2,1091
lungaca1573.jpeg,0,545
lungn666.jpeg,1,777
lungaca208.jpeg,0,533
lungscc3688.jpeg,2,1114
lungn2638.jpeg,1,834
lungscc664.jpeg,2,1135
lungn1437.jpeg,1,984
lungn4781.jpeg,1,810
lungscc2498.jpeg,2,1102
lungn54.jpeg,1,759
lungscc740.jpeg,2,1070
lungaca3620.jpeg,0,600
lungaca2585.jpeg,0,708
lungn1765.jpeg,1,829
lungaca4915.jpeg,0,573
lungscc430.jpeg,2,1033
lungaca2103.jpeg,0,552
lungn3217.jpeg,1,990
lungn1508.jpeg,1,767
lungaca1839.jpeg,0,716
lungn508.jpeg,1,948
lungaca846.jpeg,0,737
lungn4798.jpeg,1,962
lungaca4044.jpeg,0,531
lungscc2115.jpeg,2,1043
lungn2387.jpeg,1,958
lungscc405.jpeg,2,1235
lungscc814.jpeg,2,1001
lungaca3194.jpeg,0,647
lungaca4219.jpeg,0,669
lungn4474.jpeg,1,892
lungaca1703.jpeg,0,683
lungscc1126.jpeg,2,1123
lungaca1995.jpeg,0,724
lungscc27.jpeg,2,1052
lungscc3307.jpeg,2,1005
lungaca168.jpeg,0,674
lungaca3540.jpeg,0,616
lungscc3903.jpeg,2,1088
lungaca669.jpeg,0,646
lungaca3974.jpeg,0,623
lungaca641.jpeg,0,682
lungn38.jpeg,1,862
lungaca121.jpeg,0,569
lungscc4987.jpeg,2,1119
lungscc1427.jpeg,2,1232
lungscc1660.jpeg,2,1212
lungn3939.jpeg,1,971
lungscc2298.jpeg,2,1046
lungaca1482.jpeg,0,716
lungaca3630.jpeg,0,617
lungscc3084.jpeg,2,1044
lungaca2481.jpeg,0,539
lungscc1134.jpeg,2,1137
lungn430.jpeg,1,932
lungaca4402.jpeg,0,640
lungn3218.jpeg,1,990
lungscc3420.jpeg,2,1030
lungscc348.jpeg,2,1122
lungscc3543.jpeg,2,1094
lungn77.jpeg,1,972
lungscc1425.jpeg,2,1082
lungaca517.jpeg,0,704
lungn155.jpeg,1,771
lungn994.jpeg,1,952
lungscc1949.jpeg,2,1116
lungaca282.jpeg,0,580
lungscc1302.jpeg,2,1244
lungscc3868.jpeg,2,1082
lungaca3088.jpeg,0,593
lungaca2200.jpeg,0,682
lungn3736.jpeg,1,814
lungaca156.jpeg,0,587
lungn2483.jpeg,1,939
lungaca1923.jpeg,0,512
lungn3152.jpeg,1,815
lungscc4363.jpeg,2,1026
lungscc3514.jpeg,2,1039
lungscc2874.jpeg,2,1062
lungscc1282.jpeg,2,1030
lungscc4259.jpeg,2,1095
lungscc447.jpeg,2,1045
lungaca4260.jpeg,0,560
lungscc408.jpeg,2,1010
lungscc3199.jpeg,2,1071
lungaca2820.jpeg,0,691
lungaca4382.jpeg,0,547
lungscc596.jpeg,2,1237
lungscc4912.jpeg,2,1129
lungn2802.jpeg,1,966
lungn193.jpeg,1,869
lungaca2283.jpeg,0,512
lungscc3270.jpeg,2,1186
lungn4568.jpeg,1,795
lungscc2545.jpeg,2,1174
lungn2690.jpeg,1,967
lungscc166.jpeg,2,1090
lungn1591.jpeg,1,798
lungn2309.jpeg,1,778
lungaca874.jpeg,0,551
lungn3377.jpeg,1,806
lungaca4084.jpeg,0,585
lungn745.jpeg,1,977
lungaca3278.jpeg,0,659
lungn1735.jpeg,1,935
lungscc2190.jpeg,2,1044
lungn4621.jpeg,1,832
lungaca2237.jpeg,0,550
lungn740.jpeg,1,976
lungn129.jpeg,1,892
lungscc1219.jpeg,2,1177
lungn4176.jpeg,1,811
lungscc1309.jpeg,2,1212
lungaca720.jpeg,0,708
lungn2960.jpeg,1,784
lungn3083.jpeg,1,777
lungscc1856.jpeg,2,1121
lungn4810.jpeg,1,893
lungaca4490.jpeg,0,554
lungaca4856.jpeg,0,710
lungaca4498.jpeg,0,594
lungaca50.jpeg,0,528
lungscc1872.jpeg,2,1057
lungn169.jpeg,1,814
lungscc366.jpeg,2,1136
lungaca2278.jpeg,0,566
lungaca2119.jpeg,0,600
lungaca4570.jpeg,0,584
lungn2209.jpeg,1,824
lungn1158.jpeg,1,879
lungscc1934.jpeg,2,1222
lungn2375.jpeg,1,944
lungscc4684.jpeg,2,1134
lungn3413.jpeg,1,858
lungn422.jpeg,1,872
lungn2418.jpeg,1,898
lungn3076.jpeg,1,840
lungscc2252.jpeg,2,1175
lungn143.jpeg,1,849
lungscc1558.jpeg,2,1060
lungscc4616.jpeg,2,1049
lungscc3236.jpeg,2,1206
lungaca648.jpeg,0,641
lungaca1741.jpeg,0,566
lungaca781.jpeg,0,650
lungscc4934.jpeg,2,1227
lungaca3558.jpeg,0,731
lungscc988.jpeg,2,1156
lungscc2058.jpeg,2,1198
lungaca4142.jpeg,0,713
lungscc3009.jpeg,2,1222
lungaca88.jpeg,0,511
lungn4128.jpeg,1,927
lungscc1985.jpeg,2,1069
lungscc3637.jpeg,2,1238
lungscc3720.jpeg,2,1075
lungaca3658.jpeg,0,551
lungscc3641.jpeg,2,1207
lungaca4637.jpeg,0,555
lungaca1887.jpeg,0,546
lungaca1161.jpeg,0,643
lungaca4157.jpeg,0,720
lungn4495.jpeg,1,933
lungn3057.jpeg,1,947
lungaca1595.jpeg,0,625
lungn2903.jpeg,1,825
lungn4497.jpeg,1,910
lungaca1191.jpeg,0,641
lungn3328.jpeg,1,974
lungscc2653.jpeg,2,1165
lungn3494.jpeg,1,853
lungscc980.jpeg,2,1108
lungn3391.jpeg,1,869
lungn4897.jpeg,1,902
lungscc3820.jpeg,2,1154
lungn2388.jpeg,1,864
lungscc2271.jpeg,2,1124
lungscc4014.jpeg,2,1161
lungscc259.jpeg,2,1105
lungscc3998.jpeg,2,1091
lungaca1899.jpeg,0,681
lungn1916.jpeg,1,855
lungaca4076.jpeg,0,668
lungn1580.jpeg,1,790
lungaca473.jpeg,0,586
lungscc2018.jpeg,2,1053
lungscc3595.jpeg,2,1225
lungn878.jpeg,1,836
lungn1818.jpeg,1,825
lungaca3716.jpeg,0,585
lungscc849.jpeg,2,1026
lungaca689.jpeg,0,564
lungn4921.jpeg,1,981
lungn289.jpeg,1,794
lungn213.jpeg,1,823
lungaca2419.jpeg,0,650
lungscc1299.jpeg,2,1146
lungn999.jpeg,1,935
lungn2529.jpeg,1,970
lungaca3381.jpeg,0,677
lungscc1201.jpeg,2,1024
lungaca1545.jpeg,0,665
lungaca2034.jpeg,0,629
lungn4427.jpeg,1,810
lungaca4412.jpeg,0,519
lungaca1461.jpeg,0,737
lungaca466.jpeg,0,701
lungn1471.jpeg,1,913
lungn4933.jpeg,1,936
lungn1472.jpeg,1,775
lungscc1734.jpeg,2,1081
lungaca1119.jpeg,0,533
lungaca793.jpeg,0,599
lungscc4615.jpeg,2,1049
lungn1430.jpeg,1,768
lungaca1628.jpeg,0,633
lungaca1650.jpeg,0,583
lungaca3685.jpeg,0,539
lungn3837.jpeg,1,927
lungaca4445.jpeg,0,606
lungscc2253.jpeg,2,1205
lungn3847.jpeg,1,831
lungscc4341.jpeg,2,1023
lungaca2226.jpeg,0,743
lungn4657.jpeg,1,842
lungaca4025.jpeg,0,584
lungaca2268.jpeg,0,736
lungaca4773.jpeg,0,662
lungaca1997.jpeg,0,714
lungaca2255.jpeg,0,615
lungn2504.jpeg,1,775
lungaca4337.jpeg,0,539
lungscc3580.jpeg,2,1133
lungaca4971.jpeg,0,685
lungn3884.jpeg,1,854
lungscc3827.jpeg,2,1086
lungn3308.jpeg,1,752
lungaca1250.jpeg,0,570
lungaca3311.jpeg,0,739
lungscc4973.jpeg,2,1186
lungscc4504.jpeg,2,1170
lungn2579.jpeg,1,981
lungaca945.jpeg,0,512
lungn4122.jpeg,1,824
lungscc2135.jpeg,2,1101
lungaca812.jpeg,0,651
lungn1183.jpeg,1,900
lungscc2681.jpeg,2,1141
lungscc2090.jpeg,2,1039
lungaca58.jpeg,0,512
lungaca1620.jpeg,0,566
lungn4733.jpeg,1,836
lungaca2943.jpeg,0,566
lungscc954.jpeg,2,1003
lungscc961.jpeg,2,1112
lungn4576.jpeg,1,839
lungscc2014.jpeg,2,1141
lungaca3512.jpeg,0,737
lungscc1261.jpeg,2,1051
lungn144.jpeg,1,753
lungaca468.jpeg,0,698
lungscc4007.jpeg,2,1069
lungaca3094.jpeg,0,572
lungn1596.jpeg,1,871
lungaca3508.jpeg,0,555
lungaca321.jpeg,0,599
lungaca521.jpeg,0,738
lungn4699.jpeg,1,829
lungscc4101.jpeg,2,1129
lungaca1794.jpeg,0,713
lungaca4455.jpeg,0,539
lungscc244.jpeg,2,1135
lungn1195.jpeg,1,884
lungscc3176.jpeg,2,1155
lungscc50.jpeg,2,1237
lungscc639.jpeg,2,1003
lungaca3060.jpeg,0,620
lungn1295.jpeg,1,824
lungn726.jpeg,1,901
lungaca143.jpeg,0,677
lungscc4531.jpeg,2,1054
lungaca2076.jpeg,0,533
lungn2425.jpeg,1,886
lungaca203.jpeg,0,576
lungaca1303.jpeg,0,654
lungscc2519.jpeg,2,1199
lungaca2015.jpeg,0,746
lungaca412.jpeg,0,561
lungaca3375.jpeg,0,571
lungn479.jpeg,1,761
lungaca1168.jpeg,0,542
lungn2563.jpeg,1,924
lungscc1850.jpeg,2,1027
lungaca4642.jpeg,0,568
lungaca2689.jpeg,0,591
lungscc1810.jpeg,2,1002
lungn1395.jpeg,1,880
lungscc909.jpeg,2,1009
lungn1035.jpeg,1,830
lungn4683.jpeg,1,751
lungn4299.jpeg,1,975
lungaca4353.jpeg,0,684
lungn4864.jpeg,1,759
lungaca189.jpeg,0,529
lungn4073.jpeg,1,927
lungscc2462.jpeg,2,1005
lungn4008.jpeg,1,787
lungn4904.jpeg,1,928
lungaca4397.jpeg,0,732
lungscc1540.jpeg,2,1018
lungn2974.jpeg,1,892
lungscc1133.jpeg,2,1137
lungn2163.jpeg,1,921
lungscc1532.jpeg,2,1084
lungaca2232.jpeg,0,600
lungaca2364.jpeg,0,618
lungscc2528.jpeg,2,1094
lungaca4275.jpeg,0,588
lungn4538.jpeg,1,849
lungscc3563.jpeg,2,1044
lungn214.jpeg,1,910
lungaca1638.jpeg,0,680
lungscc275.jpeg,2,1077
lungn4364.jpeg,1,787
lungaca732.jpeg,0,555
lungscc1999.jpeg,2,1042
lungaca18.jpeg,0,678
lungscc4366.jpeg,2,1070
lungn4184.jpeg,1,810
lungaca4493.jpeg,0,560
lungaca196.jpeg,0,724
lungscc1685.jpeg,2,1103
lungn830.jpeg,1,757
lungaca920.jpeg,0,575
lungn1119.jpeg,1,912
lungscc1475.jpeg,2,1007
lungscc464.jpeg,2,1125
lungn1822.jpeg,1,895
lungscc4044.jpeg,2,1114
lungaca2864.jpeg,0,572
lungn3415.jpeg,1,920
lungscc1273.jpeg,2,1151
lungaca3959.jpeg,0,532
lungn522.jpeg,1,823
lungaca3880.jpeg,0,508
lungscc1228.jpeg,2,1022
lungaca482.jpeg,0,695
lungn673.jpeg,1,932
lungaca4780.jpeg,0,704
lungn3268.jpeg,1,895
lungscc4015.jpeg,2,1172
lungscc2159.jpeg,2,1209
lungn1761.jpeg,1,886
lungaca3479.jpeg,0,656
lungaca1115.jpeg,0,610
lungn1390.jpeg,1,915
lungscc4476.jpeg,2,1229
lungaca2441.jpeg,0,509
lungaca4283.jpeg,0,533
lungn2710.jpeg,1,797
lungn2355.jpeg,1,886
lungscc3463.jpeg,2,1181
lungn3049.jpeg,1,958
lungaca3516.jpeg,0,556
lungaca1404.jpeg,0,539
lungn3342.jpeg,1,762
lungaca3922.jpeg,0,571
lungaca443.jpeg,0,568
lungscc1996.jpeg,2,1201
lungscc1926.jpeg,2,1062
lungn4949.jpeg,1,845
lungaca882.jpeg,0,606
lungn856.jpeg,1,959
lungscc2351.jpeg,2,1063
lungn1910.jpeg,1,833
lungscc2499.jpeg,2,1018
lungaca3029.jpeg,0,576
lungscc2940.jpeg,2,1222
lungscc3771.jpeg,2,1122
lungscc3353.jpeg,2,1037
lungn687.jpeg,1,920
lungscc127.jpeg,2,1178
lungaca2579.jpeg,0,653
lungn2708.jpeg,1,866
lungn3894.jpeg,1,948
lungn1327.jpeg,1,790
lungaca4761.jpeg,0,527
lungscc4073.jpeg,2,1059
lungscc1114.jpeg,2,999
lungn675.jpeg,1,991
lungn4288.jpeg,1,852
lungaca3535.jpeg,0,745
lungscc613.jpeg,2,1118
lungscc3042.jpeg,2,1238
lungn3399.jpeg,1,871
lungaca3121.jpeg,0,606
lungn4612.jpeg,1,994
lungn2614.jpeg,1,830
lungn3233.jpeg,1,861
lungn4872.jpeg,1,806
lungscc121.jpeg,2,1057
lungscc592.jpeg,2,1051
lungscc2201.jpeg,2,1134
lungaca1795.jpeg,0,604
lungn4848.jpeg,1,907
lungscc1120.jpeg,2,1242
lungscc2884.jpeg,2,1005
lungn2319.jpeg,1,885
lungn1331.jpeg,1,956
lungaca2381.jpeg,0,591
lungn3069.jpeg,1,917
lungscc837.jpeg,2,1164
lungaca4062.jpeg,0,697
lungscc420.jpeg,2,1139
lungaca4733.jpeg,0,672
lungaca4199.jpeg,0,620
lungn980.jpeg,1,911
lungaca3435.jpeg,0,540
lungn1739.jpeg,1,752
lungscc1750.jpeg,2,1057
lungaca2965.jpeg,0,576
lungaca1306.jpeg,0,648
lungscc4887.jpeg,2,1190
lungn4033.jpeg,1,853
lungscc1927.jpeg,2,1033
lungaca3752.jpeg,0,711
lungscc3212.jpeg,2,1179
lungscc4740.jpeg,2,1137
lungn4416.jpeg,1,996
lungaca4464.jpeg,0,601
lungn4480.jpeg,1,749
lungscc164.jpeg,2,1093
lungscc3073.jpeg,2,1088
lungscc1993.jpeg,2,1059
lungaca2297.jpeg,0,680
lungscc2673.jpeg,2,1049
lungaca426.jpeg,0,606
lungscc3053.jpeg,2,1054
lungn958.jpeg,1,898
lungn3727.jpeg,1,851
lungscc4335.jpeg,2,1168
lungaca3904.jpeg,0,589
lungaca721.jpeg,0,634
lungaca2769.jpeg,0,516
lungaca2699.jpeg,0,641
lungaca915.jpeg,0,506
lungaca2921.jpeg,0,518
lungaca1059.jpeg,0,733
lungn940.jpeg,1,785
lungaca1963.jpeg,0,682
lungn1998.jpeg,1,898
lungaca3515.jpeg,0,677
lungn2415.jpeg,1,893
lungn4434.jpeg,1,947
lungaca2894.jpeg,0,675
lungn2513.jpeg,1,824
lungn836.jpeg,1,968
lungscc2912.jpeg,2,1101
lungaca4839.jpeg,0,572
lungn1173.jpeg,1,864
lungn3265.jpeg,1,769
lungscc2312.jpeg,2,1014
lungaca4042.jpeg,0,680
lungn467.jpeg,1,899
lungn1573.jpeg,1,826
lungaca4420.jpeg,0,593
lungn2653.jpeg,1,838
lungaca2922.jpeg,0,591
lungaca1796.jpeg,0,604
lungaca4344.jpeg,0,531
lungscc605.jpeg,2,1069
lungaca658.jpeg,0,692
lungn4720.jpeg,1,813
lungscc4690.jpeg,2,1112
lungaca2357.jpeg,0,531
lungscc2525.jpeg,2,1172
lungn2451.jpeg,1,926
lungaca2125.jpeg,0,705
lungn3717.jpeg,1,907
lungscc1854.jpeg,2,1051
lungn1698.jpeg,1,956
lungn4730.jpeg,1,981
lungn4746.jpeg,1,934
lungscc4275.jpeg,2,1141
lungn3284.jpeg,1,879
lungaca547.jpeg,0,724
lungaca1621.jpeg,0,708
lungscc2225.jpeg,2,1025
lungscc917.jpeg,2,1161
lungscc1330.jpeg,2,1069
lungaca3618.jpeg,0,733
lungn4742.jpeg,1,969
lungn1726.jpeg,1,926
lungn4854.jpeg,1,943
lungaca1253.jpeg,0,658
lungn3647.jpeg,1,819
lungaca3684.jpeg,0,539
lungaca2793.jpeg,0,533
lungn4404.jpeg,1,829
lungscc2769.jpeg,2,1005
lungn1741.jpeg,1,979
lungscc3834.jpeg,2,1035
lungaca3843.jpeg,0,547
lungaca3455.jpeg,0,599
lungn1918.jpeg,1,857
lungn2940.jpeg,1,875
lungaca738.jpeg,0,662
lungscc1057.jpeg,2,1046
lungn1187.jpeg,1,752
lungaca2514.jpeg,0,547
lungaca1709.jpeg,0,618
lungscc3912.jpeg,2,1105
lungn310.jpeg,1,882
lungscc1327.jpeg,2,1000
lungn1724.jpeg,1,980
lungscc1539.jpeg,2,1090
lungaca32.jpeg,0,538
lungaca2980.jpeg,0,729
lungaca1411.jpeg,0,519
lungn307.jpeg,1,777
lungaca3947.jpeg,0,580
lungscc1008.jpeg,2,1212
lungaca4417.jpeg,0,661
lungn1558.jpeg,1,970
lungscc2741.jpeg,2,1101
lungscc4923.jpeg,2,1018
lungn2208.jpeg,1,948
lungn518.jpeg,1,785
lungn2365.jpeg,1,956
lungn3823.jpeg,1,911
lungn218.jpeg,1,984
lungaca470.jpeg,0,517
lungaca533.jpeg,0,678
lungaca1066.jpeg,0,640
lungscc3438.jpeg,2,1106
lungn1177.jpeg,1,926
lungscc4533.jpeg,2,1151
lungscc1519.jpeg,2,1132
lungaca2854.jpeg,0,533
lungaca123.jpeg,0,623
lungaca1320.jpeg,0,666
lungscc1530.jpeg,2,1019
lungn2147.jpeg,1,786
lungaca2008.jpeg,0,599
lungscc4499.jpeg,2,1234
lungn1381.jpeg,1,794
lungscc4102.jpeg,2,1158
lungn2851.jpeg,1,777
lungscc3012.jpeg,2,1201
lungn1946.jpeg,1,778
lungscc3482.jpeg,2,1041
lungscc224.jpeg,2,1235
lungscc1468.jpeg,2,1214
lungn2035.jpeg,1,841
lungscc2306.jpeg,2,1072
lungscc893.jpeg,2,1076
lungaca2539.jpeg,0,550
lungaca4350.jpeg,0,696
lungscc41.jpeg,2,1020
lungn2773.jpeg,1,891
lungaca3692.jpeg,0,662
lungscc4829.jpeg,2,1030
lungaca2175.jpeg,0,707
lungscc4417.jpeg,2,1009
lungn3474.jpeg,1,958
lungn3956.jpeg,1,770
lungaca3700.jpeg,0,587
lungaca3144.jpeg,0,627
lungn645.jpeg,1,906
lungscc1184.jpeg,2,1220
lungaca1822.jpeg,0,562
lungscc4086.jpeg,2,1066
lungn3867.jpeg,1,761
lungscc1373.jpeg,2,1238
lungaca2471.jpeg,0,632
lungaca4321.jpeg,0,634
lungn4341.jpeg,1,895
lungn4295.jpeg,1,750
lungscc4506.jpeg,2,1019
lungaca2052.jpeg,0,717
lungscc4935.jpeg,2,1223
lungscc3573.jpeg,2,1102
lungaca4981.jpeg,0,640
lungn1291.jpeg,1,948
lungscc4764.jpeg,2,1127
lungaca3201.jpeg,0,650
lungn4517.jpeg,1,865
lungaca1761.jpeg,0,737
lungscc3362.jpeg,2,1086
lungaca2323.jpeg,0,674
lungaca2742.jpeg,0,657
lungn2581.jpeg,1,768
lungaca1574.jpeg,0,590
lungn2157.jpeg,1,919
lungscc1642.jpeg,2,1071
lungscc3439.jpeg,2,1138
lungaca2193.jpeg,0,593
lungn1814.jpeg,1,780
lungaca2982.jpeg,0,715
lungaca1287.jpeg,0,688
lungscc2529.jpeg,2,1169
lungscc2581.jpeg,2,1026
lungscc1708.jpeg,2,1045
lungaca1421.jpeg,0,671
lungn351.jpeg,1,760
lungscc3206.jpeg,2,1013
lungn3417.jpeg,1,861
lungaca748.jpeg,0,587
lungscc1433.jpeg,2,1010
lungn4224.jpeg,1,822
lungaca1138.jpeg,0,514
lungscc2007.jpeg,2,1049
lungn1279.jpeg,1,756
lungscc2339.jpeg,2,1127
lungscc1560.jpeg,2,1155
lungscc2599.jpeg,2,1036
lungn2685.jpeg,1,819
lungn1663.jpeg,1,983
lungaca3421.jpeg,0,708
lungscc2891.jpeg,2,1107
lungscc745.jpeg,2,1096
lungaca993.jpeg,0,690
lungaca1785.jpeg,0,698
lungaca969.jpeg,0,723
lungn2995.jpeg,1,942
lungaca1881.jpeg,0,618
lungscc2010.jpeg,2,1205
lungn342.jpeg,1,836
lungn4592.jpeg,1,867
lungaca3117.jpeg,0,584
lungaca3061.jpeg,0,708
lungn4994.jpeg,1,799
lungscc4143.jpeg,2,1041
lungaca2661.jpeg,0,563
lungscc3409.jpeg,2,1083
lungscc2733.jpeg,2,1001
lungaca3135.jpeg,0,537
lungn2262.jpeg,1,908
lungaca238.jpeg,0,732
lungn3500.jpeg,1,774
lungn382.jpeg,1,775
lungscc4800.jpeg,2,1073
lungaca317.jpeg,0,588
lungscc3451.jpeg,2,1091
lungn2006.jpeg,1,846
lungn1404.jpeg,1,811
lungscc4900.jpeg,2,1087
lungaca2558.jpeg,0,511
lungn2300.jpeg,1,863
lungscc2929.jpeg,2,1092
lungn4097.jpeg,1,761
lungn3969.jpeg,1,752
lungn2337.jpeg,1,821
lungscc1004.jpeg,2,998
lungscc4215.jpeg,2,1044
lungscc1022.jpeg,2,1122
lungn1976.jpeg,1,943
lungaca2067.jpeg,0,624
lungaca360.jpeg,0,585
lungaca4116.jpeg,0,729
lungscc1920.jpeg,2,1065
lungn3630.jpeg,1,845
lungscc4038.jpeg,2,1204
lungaca3345.jpeg,0,614
lungn1969.jpeg,1,875
lungn1312.jpeg,1,914
lungscc508.jpeg,2,1099
lungscc1857.jpeg,2,1121
lungn3915.jpeg,1,923
lungn2227.jpeg,1,760
lungaca3680.jpeg,0,558
lungscc2959.jpeg,2,1001
lungn3949.jpeg,1,912
lungaca3942.jpeg,0,712
lungaca1750.jpeg,0,707
lungscc1102.jpeg,2,1057
lungaca3138.jpeg,0,631
lungscc4938.jpeg,2,1182
lungscc377.jpeg,2,1066
lungn1268.jpeg,1,961
lungn177.jpeg,1,761
lungn3288.jpeg,1,885
lungn3871.jpeg,1,801
lungaca2840.jpeg,0,714
lungaca1836.jpeg,0,649
lungaca676.jpeg,0,576
lungscc4349.jpeg,2,1171
lungn2949.jpeg,1,763
lungaca670.jpeg,0,683
lungscc3475.jpeg,2,1057
lungn1052.jpeg,1,770
lungscc1512.jpeg,2,999
lungscc4981.jpeg,2,1218
lungscc2005.jpeg,2,1217
lungscc1751.jpeg,2,1194
lungscc2028.jpeg,2,1076
lungscc3533.jpeg,2,1155
lungn1253.jpeg,1,891
lungscc2869.jpeg,2,1000
lungaca4056.jpeg,0,506
lungaca404.jpeg,0,704
lungscc4084.jpeg,2,1088
lungaca1120.jpeg,0,625
lungscc4949.jpeg,2,1038
lungscc3630.jpeg,2,1188
lungaca4392.jpeg,0,584
lungn2790.jpeg,1,930
lungscc3382.jpeg,2,1052
lungscc3682.jpeg,2,1179
lungaca1051.jpeg,0,690
lungn1702.jpeg,1,945
lungaca2688.jpeg,0,729
lungscc3875.jpeg,2,1016
lungaca2918.jpeg,0,621
lungscc3639.jpeg,2,1076
lungn3231.jpeg,1,877
lungaca2218.jpeg,0,708
lungaca4303.jpeg,0,658
lungaca2833.jpeg,0,545
lungaca4910.jpeg,0,594
lungscc4663.jpeg,2,1110
lungaca3480.jpeg,0,547
lungaca1625.jpeg,0,512
lungn337.jpeg,1,919
lungscc3944.jpeg,2,1033
lungscc68.jpeg,2,1157
lungscc168.jpeg,2,1024
lungaca2605.jpeg,0,618
lungscc1474.jpeg,2,998
lungaca3092.jpeg,0,587
lungn2749.jpeg,1,817
lungn787.jpeg,1,854
lungn3090.jpeg,1,895
lungaca3297.jpeg,0,656
lungscc1313.jpeg,2,1032
lungn4363.jpeg,1,813
lungaca142.jpeg,0,617
lungscc880.jpeg,2,1093
lungn3509.jpeg,1,769
lungscc4231.jpeg,2,1047
lungscc1515.jpeg,2,1107
lungn482.jpeg,1,769
lungaca478.jpeg,0,604
lungaca3506.jpeg,0,558
lungscc3360.jpeg,2,1195
lungaca1319.jpeg,0,695
lungscc1581.jpeg,2,1041
lungaca1267.jpeg,0,679
lungn2988.jpeg,1,948
lungaca3771.jpeg,0,674
lungaca1029.jpeg,0,508
lungaca3225.jpeg,0,682
lungscc2254.jpeg,2,1106
lungn604.jpeg,1,934
lungn3061.jpeg,1,831
lungscc337.jpeg,2,1137
lungn3032.jpeg,1,895
lungn475.jpeg,1,839
lungscc392.jpeg,2,1138
lungaca1071.jpeg,0,601
lungscc1005.jpeg,2,1077
lungn396.jpeg,1,875
lungaca4408.jpeg,0,662
lungn2421.jpeg,1,840
lungaca1396.jpeg,0,669
lungn424.jpeg,1,939
lungn3900.jpeg,1,772
lungscc17.jpeg,2,1067
lungaca508.jpeg,0,645
lungscc645.jpeg,2,1102
lungaca877.jpeg,0,695
lungn2139.jpeg,1,750
lungaca3093.jpeg,0,572
lungaca1708.jpeg,0,555
lungaca3666.jpeg,0,709
lungaca3238.jpeg,0,526
lungscc2238.jpeg,2,1203
lungscc2826.jpeg,2,1063
lungscc1234.jpeg,2,1045
lungn3836.jpeg,1,960
lungaca4551.jpeg,0,651
lungn413.jpeg,1,914
lungaca390.jpeg,0,562
lungscc1759.jpeg,2,1045
lungscc2765.jpeg,2,1002
lungn2362.jpeg,1,880
lungn4702.jpeg,1,830
lungn1902.jpeg,1,861
lungn2211.jpeg,1,862
lungscc4514.jpeg,2,1024
lungscc4528.jpeg,2,1223
lungaca3110.jpeg,0,638
lungaca4891.jpeg,0,587
lungaca4257.jpeg,0,514
lungaca201.jpeg,0,542
lungaca2951.jpeg,0,623
lungn3908.jpeg,1,832
lungscc440.jpeg,2,1107
lungaca3424.jpeg,0,679
lungaca2415.jpeg,0,529
lungn563.jpeg,1,879
lungaca4935.jpeg,0,555
lungaca2293.jpeg,0,650
lungaca334.jpeg,0,661
lungn3141.jpeg,1,774
lungscc2724.jpeg,2,1088
lungn3136.jpeg,1,838
lungn273.jpeg,1,772
lungn1635.jpeg,1,846
lungaca3664.jpeg,0,678
lungscc2423.jpeg,2,1197
lungaca2162.jpeg,0,565
lungn3830.jpeg,1,976
lungn3318.jpeg,1,751
lungn4078.jpeg,1,921
lungscc4389.jpeg,2,1028
lungaca4507.jpeg,0,679
lungscc3146.jpeg,2,1029
lungn204.jpeg,1,770
lungscc370.jpeg,2,1058
lungn2848.jpeg,1,899
lungn3306.jpeg,1,833
lungscc1424.jpeg,2,1179
lungaca1541.jpeg,0,730
lungn4796.jpeg,1,896
lungn3255.jpeg,1,985
lungaca3931.jpeg,0,583
lungscc4249.jpeg,2,1161
lungscc1361.jpeg,2,1170
lungn147.jpeg,1,861
lungaca3500.jpeg,0,734
lungscc1741.jpeg,2,1241
lungscc471.jpeg,2,1159
lungn309.jpeg,1,825
lungn2409.jpeg,1,857
lungscc4666.jpeg,2,1099
lungscc2486.jpeg,2,1106
lungscc3459.jpeg,2,1119
lungscc4598.jpeg,2,1103
lungaca4694.jpeg,0,623
lungaca1279.jpeg,0,700
lungaca830.jpeg,0,515
lungscc875.jpeg,2,1175
lungaca4239.jpeg,0,520
lungaca1540.jpeg,0,730
lungscc1383.jpeg,2,1068
lungaca3798.jpeg,0,734
lungaca4380.jpeg,0,594
lungscc4722.jpeg,2,1166
lungaca2339.jpeg,0,678
lungn590.jpeg,1,828
lungscc3007.jpeg,2,1172
lungn75.jpeg,1,867
lungn4303.jpeg,1,967
lungn2899.jpeg,1,777
lungscc234.jpeg,2,1064
lungscc2638.jpeg,2,1135
lungaca4249.jpeg,0,608
lungaca3339.jpeg,0,654
lungaca1600.jpeg,0,722
lungn1863.jpeg,1,795
lungaca2079.jpeg,0,625
lungn2368.jpeg,1,788
lungaca954.jpeg,0,563
lungn113.jpeg,1,806
lungn4661.jpeg,1,976
lungscc2566.jpeg,2,1076
lungn575.jpeg,1,907
lungn495.jpeg,1,854
lungaca3805.jpeg,0,539
lungaca2865.jpeg,0,572
lungn4137.jpeg,1,768
lungn4751.jpeg,1,898
lungscc2768.jpeg,2,1059
lungscc2805.jpeg,2,1238
lungn4470.jpeg,1,882
lungscc3790.jpeg,2,1075
lungscc612.jpeg,2,1085
lungn2601.jpeg,1,812
lungaca2445.jpeg,0,654
lungaca4702.jpeg,0,640
lungn2861.jpeg,1,909
lungscc2935.jpeg,2,1078
lungscc2354.jpeg,2,1041
lungscc1958.jpeg,2,1168
lungaca1230.jpeg,0,728
lungn4302.jpeg,1,842
lungaca2027.jpeg,0,614
lungn4115.jpeg,1,818
lungscc4110.jpeg,2,1090
lungscc1508.jpeg,2,1011
lungaca2308.jpeg,0,645
lungn1073.jpeg,1,836
lungscc1569.jpeg,2,1002
lungaca1817.jpeg,0,617
lungn3829.jpeg,1,954
lungn3892.jpeg,1,928
lungn2392.jpeg,1,907
lungscc2764.jpeg,2,1200
lungaca3994.jpeg,0,702
lungn1731.jpeg,1,834
lungn418.jpeg,1,868
lungn2654.jpeg,1,941
lungaca652.jpeg,0,554
lungscc4163.jpeg,2,1129
lungaca3705.jpeg,0,513
lungaca1602.jpeg,0,587
lungn1743.jpeg,1,797
lungaca3623.jpeg,0,542
lungn718.jpeg,1,839
lungscc3557.jpeg,2,1046
lungscc1694.jpeg,2,1115
lungscc2329.jpeg,2,1210
lungn621.jpeg,1,776
lungscc1058.jpeg,2,1046
lungscc13.jpeg,2,1173
lungn1470.jpeg,1,791
lungscc3062.jpeg,2,1011
lungscc3526.jpeg,2,1065
lungscc720.jpeg,2,1139
lungaca2056.jpeg,0,714
lungscc1562.jpeg,2,1062
lungn1097.jpeg,1,769
lungaca3126.jpeg,0,529
lungscc1730.jpeg,2,1076
lungn1365.jpeg,1,919
lungn4574.jpeg,1,860
lungn3186.jpeg,1,768
lungscc3026.jpeg,2,1044
lungaca2811.jpeg,0,510
lungscc4174.jpeg,2,1171
lungscc4049.jpeg,2,1224
lungn4071.jpeg,1,987
lungn4300.jpeg,1,871
lungn3194.jpeg,1,783
lungscc4410.jpeg,2,1025
lungn3098.jpeg,1,798
lungscc3605.jpeg,2,999
lungn246.jpeg,1,996
lungn3374.jpeg,1,840
lungscc1612.jpeg,2,1051
lungaca4220.jpeg,0,640
lungn1809.jpeg,1,949
lungn4027.jpeg,1,889
lungscc228.jpeg,2,1154
lungaca382.jpeg,0,567
lungscc432.jpeg,2,1183
lungaca2824.jpeg,0,695
lungaca3995.jpeg,0,667
lungn4111.jpeg,1,807
lungaca4361.jpeg,0,557
lungaca4913.jpeg,0,507
lungn1100.jpeg,1,901
lungaca3080.jpeg,0,676
lungn3839.jpeg,1,796
lungscc2652.jpeg,2,1005
lungaca3795.jpeg,0,720
lungn627.jpeg,1,802
lungscc2207.jpeg,2,1213
lungscc3857.jpeg,2,1145
lungaca4811.jpeg,0,720
lungscc3154.jpeg,2,1163
lungn2396.jpeg,1,947
lungaca4089.jpeg,0,719
lungscc1728.jpeg,2,1171
lungscc183.jpeg,2,1060
lungaca1993.jpeg,0,549
lungn3492.jpeg,1,941
lungn4199.jpeg,1,978
lungaca2518.jpeg,0,565
lungscc4432.jpeg,2,1055
lungn3981.jpeg,1,915
lungn358.jpeg,1,929
lungn1721.jpeg,1,897
lungaca4975.jpeg,0,529
lungn3543.jpeg,1,796
lungn2831.jpeg,1,919
lungscc4076.jpeg,2,1094
lungn1880.jpeg,1,966
lungscc1281.jpeg,2,1194
lungscc3327.jpeg,2,1242
lungn4562.jpeg,1,803
lungn3707.jpeg,1,775
lungscc1158.jpeg,2,1109
lungaca1906.jpeg,0,641
lungscc827.jpeg,2,1014
lungscc1550.jpeg,2,1051
lungn4552.jpeg,1,848
lungn4603.jpeg,1,903
lungscc2744.jpeg,2,1104
lungn4391.jpeg,1,898
lungaca1236.jpeg,0,613
lungscc4468.jpeg,2,1083
lungn345.jpeg,1,843
lungscc1256.jpeg,2,1236
lungaca1979.jpeg,0,604
lungn2036.jpeg,1,953
lungscc4993.jpeg,2,1228
lungn1660.jpeg,1,980
lungaca1335.jpeg,0,588
lungscc4715.jpeg,2,1115
lungn4946.jpeg,1,769
lungaca2571.jpeg,0,674
lungscc4739.jpeg,2,1125
lungscc1182.jpeg,2,1006
lungaca1441.jpeg,0,656
lungn2888.jpeg,1,917
lungscc2472.jpeg,2,1098
lungaca4413.jpeg,0,546
lungaca961.jpeg,0,737
lungn529.jpeg,1,828
lungscc1303.jpeg,2,1149
lungn2223.jpeg,1,916
lungaca2211.jpeg,0,616
lungscc3153.jpeg,2,1170
lungn503.jpeg,1,888
lungn51.jpeg,1,896
lungaca3349.jpeg,0,745
lungscc1141.jpeg,2,1091
lungn4573.jpeg,1,898
lungscc3598.jpeg,2,1005
lungaca374.jpeg,0,739
lungscc658.jpeg,2,1035
lungaca3227.jpeg,0,712
lungn4462.jpeg,1,860
lungn106.jpeg,1,857
lungaca181.jpeg,0,685
lungscc3837.jpeg,2,1209
lungn156.jpeg,1,834
lungaca1353.jpeg,0,524
lungscc1548.jpeg,2,1143
lungaca938.jpeg,0,589
lungscc1286.jpeg,2,1115
lungaca4834.jpeg,0,621
lungscc475.jpeg,2,1086
lungn3197.jpeg,1,937
lungaca3925.jpeg,0,531
lungaca3736.jpeg,0,699
lungn2659.jpeg,1,850
lungscc2925.jpeg,2,1152
lungaca226.jpeg,0,586
lungn2759.jpeg,1,907
lungaca2024.jpeg,0,738
lungaca1189.jpeg,0,510
lungn3622.jpeg,1,816
lungaca2546.jpeg,0,617
lungaca3205.jpeg,0,699
lungaca1572.jpeg,0,633
lungaca4489.jpeg,0,605
lungn3293.jpeg,1,810
lungaca3427.jpeg,0,742
lungscc931.jpeg,2,1203
lungaca1883.jpeg,0,601
lungn279.jpeg,1,763
lungn1059.jpeg,1,997
lungscc70.jpeg,2,1115
lungscc1168.jpeg,2,1142
lungn1817.jpeg,1,930
lungaca4255.jpeg,0,668
lungaca4747.jpeg,0,719
lungaca2086.jpeg,0,657
lungaca3793.jpeg,0,632
lungaca3810.jpeg,0,627
lungscc4581.jpeg,2,1133
lungscc3024.jpeg,2,1233
lungscc4765.jpeg,2,1002
lungaca2322.jpeg,0,648
lungn4734.jpeg,1,896
lungscc4107.jpeg,2,1188
lungaca2446.jpeg,0,644
lungn442.jpeg,1,951
lungscc4252.jpeg,2,1011
lungscc2590.jpeg,2,1115
lungaca3830.jpeg,0,614
lungn4208.jpeg,1,917
lungn3115.jpeg,1,920
lungaca111.jpeg,0,586
lungaca3555.jpeg,0,709
lungaca3812.jpeg,0,741
lungaca2497.jpeg,0,603
lungn1206.jpeg,1,812
lungaca3627.jpeg,0,530
lungn255.jpeg,1,773
lungaca3268.jpeg,0,523
lungn400.jpeg,1,797
lungn1677.jpeg,1,857
lungaca4387.jpeg,0,573
lungn62.jpeg,1,850
lungn2236.jpeg,1,904
lungn2276.jpeg,1,797
lungn1505.jpeg,1,840
lungn1840.jpeg,1,877
lungaca2493.jpeg,0,673
lungn2478.jpeg,1,929
lungn2181.jpeg,1,812
lungscc602.jpeg,2,1054
lungaca1316.jpeg,0,616
lungscc3819.jpeg,2,1154
lungn2019.jpeg,1,964
lungn4118.jpeg,1,849
lungscc1357.jpeg,2,1197
lungaca925.jpeg,0,614
lungscc2942.jpeg,2,1011
lungaca448.jpeg,0,546
lungn2818.jpeg,1,864
lungn1710.jpeg,1,876
lungaca3004.jpeg,0,629
lungn807.jpeg,1,870
lungn1487.jpeg,1,910
lungaca2182.jpeg,0,618
lungn3577.jpeg,1,811
lungn1044.jpeg,1,888
lungaca928.jpeg,0,745
lungscc559.jpeg,2,1239
lungscc3741.jpeg,2,1138
lungscc2554.jpeg,2,1082
lungn1202.jpeg,1,774
lungaca3727.jpeg,0,694
lungaca1146.jpeg,0,653
lungscc4879.jpeg,2,1122
lungn713.jpeg,1,774
lungn3537.jpeg,1,870
lungn1705.jpeg,1,809
lungn1491.jpeg,1,916
lungscc3802.jpeg,2,1129
lungaca582.jpeg,0,614
lungaca1192.jpeg,0,611
lungn887.jpeg,1,795
lungscc2248.jpeg,2,1040
lungn932.jpeg,1,813
lungscc3075.jpeg,2,1052
lungaca4734.jpeg,0,672
lungscc21.jpeg,2,1021
lungscc3732.jpeg,2,1071
lungn2589.jpeg,1,797
lungscc884.jpeg,2,1102
lungscc3877.jpeg,2,1073
lungaca2696.jpeg,0,698
lungaca4250.jpeg,0,744
lungn3219.jpeg,1,966
lungn1994.jpeg,1,929
lungaca616.jpeg,0,531
lungscc1119.jpeg,2,1146
lungscc2838.jpeg,2,1045
lungscc3594.jpeg,2,1026
lungn3612.jpeg,1,931
lungn3549.jpeg,1,763
lungscc1298.jpeg,2,1202
lungn1326.jpeg,1,880
lungscc3613.jpeg,2,1234
lungaca3873.jpeg,0,577
lungaca4624.jpeg,0,584
lungaca3045.jpeg,0,622
lungscc2171.jpeg,2,1169
lungn3849.jpeg,1,843
lungaca439.jpeg,0,567
lungn4687.jpeg,1,808
lungaca1846.jpeg,0,629
lungscc1391.jpeg,2,1194
lungn1869.jpeg,1,968
lungn2991.jpeg,1,960
lungscc3553.jpeg,2,1202
lungn2206.jpeg,1,928
lungn1510.jpeg,1,930
lungn3363.jpeg,1,953
lungaca4667.jpeg,0,641
lungaca2805.jpeg,0,597
lungn1486.jpeg,1,978
lungaca288.jpeg,0,726
lungscc1661.jpeg,2,1003
lungaca3469.jpeg,0,682
lungaca2880.jpeg,0,691
lungn450.jpeg,1,800
lungaca4543.jpeg,0,664
lungn283.jpeg,1,831
lungaca2611.jpeg,0,667
lungaca3254.jpeg,0,540
lungscc4832.jpeg,2,1157
lungn908.jpeg,1,901
lungscc4144.jpeg,2,1095
lungaca4791.jpeg,0,510
lungaca1297.jpeg,0,511
lungaca2844.jpeg,0,740
lungaca963.jpeg,0,618
lungn3948.jpeg,1,967
lungscc2013.jpeg,2,1140
lungscc4123.jpeg,2,1228
lungscc1795.jpeg,2,1227
lungn1696.jpeg,1,974
lungaca1126.jpeg,0,659
lungscc1851.jpeg,2,1238
lungscc4172.jpeg,2,1090
lungaca592.jpeg,0,586
lungscc3743.jpeg,2,1053
lungn2812.jpeg,1,928
lungaca4029.jpeg,0,709
lungscc2793.jpeg,2,1014
lungn2540.jpeg,1,840
lungaca3046.jpeg,0,715
lungscc4031.jpeg,2,1226
lungn137.jpeg,1,818
lungn295.jpeg,1,795
lungaca2014.jpeg,0,639
lungn3899.jpeg,1,875
lungaca1601.jpeg,0,587
lungscc369.jpeg,2,1075
lungscc2291.jpeg,2,1074
lungaca933.jpeg,0,690
lungaca2449.jpeg,0,536
lungscc2772.jpeg,2,1055
lungaca3062.jpeg,0,735
lungscc1732.jpeg,2,1191
lungaca4853.jpeg,0,554
lungaca4365.jpeg,0,619
lungn2984.jpeg,1,928
lungaca1471.jpeg,0,748
lungaca2360.jpeg,0,537
lungn2063.jpeg,1,863
lungaca3438.jpeg,0,733
lungscc165.jpeg,2,1243
lungaca3256.jpeg,0,646
lungn3842.jpeg,1,837
lungn1239.jpeg,1,900
lungscc2358.jpeg,2,1156
lungscc3027.jpeg,2,1163
lungaca2533.jpeg,0,643
lungn2009.jpeg,1,781
lungscc342.jpeg,2,1112
lungscc4113.jpeg,2,1076
lungn1665.jpeg,1,912
lungscc426.jpeg,2,1184
lungaca4604.jpeg,0,592
lungn4609.jpeg,1,912
lungaca3467.jpeg,0,730
lungn731.jpeg,1,819
lungscc692.jpeg,2,1231
lungaca498.jpeg,0,555
lungscc44.jpeg,2,1037
lungscc3220.jpeg,2,1125
lungn91.jpeg,1,786
lungn2694.jpeg,1,903
lungaca1041.jpeg,0,641
lungaca3403.jpeg,0,544
lungn3801.jpeg,1,963
lungn1581.jpeg,1,859
lungn343.jpeg,1,866
lungscc3679.jpeg,2,1168
lungaca1558.jpeg,0,691
lungscc3092.jpeg,2,1137
lungn3920.jpeg,1,899
lungaca3953.jpeg,0,638
lungaca912.jpeg,0,660
lungn1207.jpeg,1,777
lungscc423.jpeg,2,1210
lungn1787.jpeg,1,800
lungscc1238.jpeg,2,1192
lungn2058.jpeg,1,949
lungn2367.jpeg,1,895
lungscc2415.jpeg,2,1021
lungscc4656.jpeg,2,1142
lungn2509.jpeg,1,770
lungn126.jpeg,1,909
lungaca4765.jpeg,0,680
lungn551.jpeg,1,859
lungscc227.jpeg,2,1171
lungaca2095.jpeg,0,736
lungaca1095.jpeg,0,565
lungn2959.jpeg,1,891
lungscc4794.jpeg,2,1084
lungaca3226.jpeg,0,716
lungn4397.jpeg,1,860
lungaca2447.jpeg,0,513
lungaca1735.jpeg,0,616
lungscc723.jpeg,2,1065
lungscc1720.jpeg,2,1101
lungn3447.jpeg,1,790
lungaca2813.jpeg,0,609
lungscc1321.jpeg,2,1219
lungn3946.jpeg,1,888
lungn1911.jpeg,1,916
lungscc2035.jpeg,2,1124
lungscc3192.jpeg,2,1041
lungaca1311.jpeg,0,517
lungscc3782.jpeg,2,1103
lungn2217.jpeg,1,935
lungscc4306.jpeg,2,1033
lungscc2596.jpeg,2,1107
lungscc4809.jpeg,2,1064
lungaca698.jpeg,0,612
lungaca824.jpeg,0,551
lungn369.jpeg,1,781
lungscc2677.jpeg,2,1028
lungn2333.jpeg,1,977
lungn1247.jpeg,1,841
lungaca4709.jpeg,0,676
lungscc4289.jpeg,2,1171
lungscc2091.jpeg,2,1039
lungaca3391.jpeg,0,659
lungscc1365.jpeg,2,1212
lungscc330.jpeg,2,1048
lungaca1154.jpeg,0,512
lungscc1258.jpeg,2,1092
lungscc3711.jpeg,2,1109
lungn161.jpeg,1,836
lungn2954.jpeg,1,843
lungaca4902.jpeg,0,744
lungaca2873.jpeg,0,651
lungn2414.jpeg,1,868
lungscc1802.jpeg,2,1126
lungaca1228.jpeg,0,531
lungscc31.jpeg,2,1049
lungscc2006.jpeg,2,1220
lungn2597.jpeg,1,899
lungn683.jpeg,1,749
lungn80.jpeg,1,811
lungaca3652.jpeg,0,526
lungscc2239.jpeg,2,1074
lungn1426.jpeg,1,862
lungaca1460.jpeg,0,569
lungaca3862.jpeg,0,714
lungscc4242.jpeg,2,1228
lungaca3005.jpeg,0,541
lungscc1957.jpeg,2,1106
lungn1912.jpeg,1,962
lungscc4965.jpeg,2,1197
lungaca289.jpeg,0,585
lungaca1222.jpeg,0,643
lungscc634.jpeg,2,1141
lungaca523.jpeg,0,510
lungaca3582.jpeg,0,703
lungaca3393.jpeg,0,722
lungn297.jpeg,1,814
lungscc4323.jpeg,2,1036
lungscc1877.jpeg,2,1015
lungn4263.jpeg,1,889
lungn729.jpeg,1,959
lungn222.jpeg,1,985
lungn2230.jpeg,1,816
lungscc3636.jpeg,2,1236
lungn1995.jpeg,1,899
lungscc1358.jpeg,2,1197
lungaca1656.jpeg,0,660
lungn3557.jpeg,1,855
lungscc3718.jpeg,2,1030
lungscc2034.jpeg,2,1133
lungaca3422.jpeg,0,634
lungn4165.jpeg,1,779
lungaca1942.jpeg,0,555
lungaca2468.jpeg,0,692
lungscc1506.jpeg,2,1177
lungaca4427.jpeg,0,744
lungscc4516.jpeg,2,1152
lungscc2278.jpeg,2,1009
lungn4759.jpeg,1,886
lungn263.jpeg,1,861
lungaca2236.jpeg,0,563
lungaca3371.jpeg,0,699
lungaca1296.jpeg,0,723
lungscc1608.jpeg,2,1112
lungn2975.jpeg,1,756
lungscc4114.jpeg,2,1051
lungscc4601.jpeg,2,1038
lungscc4763.jpeg,2,1181
lungn1858.jpeg,1,832
lungscc4268.jpeg,2,1166
lungscc3577.jpeg,2,1154
lungscc3144.jpeg,2,1146
lungscc1225.jpeg,2,1096
lungn2821.jpeg,1,997
lungaca2537.jpeg,0,669
lungscc1197.jpeg,2,1128
lungscc4291.jpeg,2,1092
lungscc2044.jpeg,2,1085
lungscc4092.jpeg,2,1239
lungaca328.jpeg,0,645
lungaca1075.jpeg,0,684
lungaca101.jpeg,0,712
lungn3505.jpeg,1,767
lungn3372.jpeg,1,757
lungaca766.jpeg,0,526
lungscc3315.jpeg,2,1142
lungaca194.jpeg,0,598
lungaca4134.jpeg,0,609
lungn3151.jpeg,1,856
lungaca2803.jpeg,0,704
lungaca3706.jpeg,0,674
lungn1162.jpeg,1,773
lungaca1448.jpeg,0,626
lungaca1689.jpeg,0,687
lungn1335.jpeg,1,892
lungaca3157.jpeg,0,557
lungscc4165.jpeg,2,1138
lungaca4911.jpeg,0,713
lungaca4311.jpeg,0,594
lungn1711.jpeg,1,879
lungscc519.jpeg,2,1129
lungaca3105.jpeg,0,641
lungaca2608.jpeg,0,601
lungaca3016.jpeg,0,626
lungscc3896.jpeg,2,1182
lungaca2480.jpeg,0,652
lungaca3889.jpeg,0,648
lungn2539.jpeg,1,782
lungn4914.jpeg,1,766
lungn2892.jpeg,1,774
lungscc937.jpeg,2,1046
lungn1882.jpeg,1,966
lungscc74.jpeg,2,1041
lungaca2458.jpeg,0,574
lungn2512.jpeg,1,877
lungn393.jpeg,1,952
lungaca237.jpeg,0,675
lungn4099.jpeg,1,825
lungn2193.jpeg,1,972
lungscc2916.jpeg,2,1014
lungaca1975.jpeg,0,653
lungn4469.jpeg,1,859
lungaca2355.jpeg,0,571
lungn2423.jpeg,1,872
lungn2548.jpeg,1,992
lungscc1846.jpeg,2,1213
lungn593.jpeg,1,941
lungn320.jpeg,1,791
lungn2763.jpeg,1,796
lungn1078.jpeg,1,866
lungaca3145.jpeg,0,741
lungaca2477.jpeg,0,598
lungn4627.jpeg,1,995
lungaca2434.jpeg,0,696
lungn402.jpeg,1,947
lungscc3016.jpeg,2,1066
lungn2911.jpeg,1,830
lungn4100.jpeg,1,825
lungaca3962.jpeg,0,604
lungaca357.jpeg,0,579
lungaca2410.jpeg,0,607
lungn1161.jpeg,1,888
lungaca1757.jpeg,0,588
lungaca4432.jpeg,0,559
lungn1842.jpeg,1,813
lungscc462.jpeg,2,1176
lungscc2843.jpeg,2,1129
lungn2678.jpeg,1,869
lungscc3351.jpeg,2,1024
lungn1754.jpeg,1,808
lungscc775.jpeg,2,1089
lungaca3887.jpeg,0,597
lungaca129.jpeg,0,739
lungn3100.jpeg,1,955
lungscc1867.jpeg,2,1033
lungn4664.jpeg,1,770
lungscc1094.jpeg,2,1062
lungaca1512.jpeg,0,527
lungaca164.jpeg,0,513
lungn3028.jpeg,1,805
lungn3282.jpeg,1,756
lungaca2427.jpeg,0,610
lungscc3559.jpeg,2,1244
lungaca4922.jpeg,0,633
lungscc2100.jpeg,2,1126
lungaca3654.jpeg,0,560
lungscc4566.jpeg,2,1134
lungscc1887.jpeg,2,1071
lungaca1939.jpeg,0,705
lungn3204.jpeg,1,886
lungscc3956.jpeg,2,1165
lungaca2646.jpeg,0,573
lungscc2359.jpeg,2,1066
lungn3700.jpeg,1,776
lungaca3168.jpeg,0,614
lungscc3530.jpeg,2,1067
lungscc1083.jpeg,2,1219
lungscc2085.jpeg,2,1104
lungscc552.jpeg,2,1240
lungscc3187.jpeg,2,1172
lungaca3877.jpeg,0,613
lungn2808.jpeg,1,842
lungn844.jpeg,1,859
lungaca2087.jpeg,0,664
lungaca2789.jpeg,0,631
lungscc694.jpeg,2,1053
lungscc3919.jpeg,2,1106
lungn2675.jpeg,1,909
lungaca2612.jpeg,0,613
lungscc3198.jpeg,2,1066
lungscc2132.jpeg,2,1053
lungscc4245.jpeg,2,1126
lungaca1725.jpeg,0,698
lungaca3569.jpeg,0,662
lungscc1407.jpeg,2,1166
lungn3748.jpeg,1,822
lungscc3440.jpeg,2,1077
lungaca3364.jpeg,0,578
lungaca1575.jpeg,0,590
lungaca4662.jpeg,0,619
lungscc772.jpeg,2,1017
lungscc3493.jpeg,2,1150
lungn633.jpeg,1,980
lungaca4752.jpeg,0,545
lungn4560.jpeg,1,797
lungaca2080.jpeg,0,637
lungn4922.jpeg,1,837
lungaca1374.jpeg,0,541
lungn2052.jpeg,1,929
lungscc3460.jpeg,2,1147
lungn1127.jpeg,1,797
lungn1758.jpeg,1,898
lungscc2676.jpeg,2,1205
lungaca2870.jpeg,0,665
lungaca1198.jpeg,0,580
lungscc2479.jpeg,2,1244
lungscc809.jpeg,2,1036
lungn1006.jpeg,1,953
lungaca607.jpeg,0,521
lungscc1803.jpeg,2,1097
lungscc1820.jpeg,2,1145
lungaca2799.jpeg,0,673
lungaca2545.jpeg,0,530
lungscc2814.jpeg,2,1009
lungaca1524.jpeg,0,599
lungn4457.jpeg,1,929
lungaca3631.jpeg,0,677
lungn4333.jpeg,1,934
lungscc3582.jpeg,2,1195
lungn1002.jpeg,1,873
lungaca2765.jpeg,0,569
lungaca3788.jpeg,0,596
lungn4771.jpeg,1,944
lungaca1063.jpeg,0,563
lungaca2697.jpeg,0,561
lungaca1249.jpeg,0,664
lungaca152.jpeg,0,518
lungscc3963.jpeg,2,1055
lungn3367.jpeg,1,970
lungaca3385.jpeg,0,746
lungn794.jpeg,1,912
lungaca3622.jpeg,0,700
lungaca1011.jpeg,0,563
lungscc1486.jpeg,2,1238
lungn4607.jpeg,1,874
lungaca2703.jpeg,0,605
lungscc4386.jpeg,2,1033
lungaca1819.jpeg,0,538
lungaca3534.jpeg,0,698
lungn1497.jpeg,1,884
lungn3271.jpeg,1,765
lungscc640.jpeg,2,1188
lungn407.jpeg,1,843
lungn99.jpeg,1,947
lungscc3015.jpeg,2,1156
lungn2154.jpeg,1,766
lungaca273.jpeg,0,597
lungscc2700.jpeg,2,1035
lungscc1000.jpeg,2,1149
lungaca2532.jpeg,0,646
lungn3373.jpeg,1,808
lungn3241.jpeg,1,947
lungn1845.jpeg,1,987
lungscc3696.jpeg,2,1081
lungn4547.jpeg,1,800
lungscc2242.jpeg,2,1056
lungaca1079.jpeg,0,657
lungscc4187.jpeg,2,1069
lungscc134.jpeg,2,1015
lungscc3913.jpeg,2,1239
lungscc4799.jpeg,2,1243
lungscc3374.jpeg,2,1107
lungaca3732.jpeg,0,670
lungn1605.jpeg,1,983
lungscc4943.jpeg,2,1127
lungn4094.jpeg,1,963
lungn53.jpeg,1,881
lungscc4575.jpeg,2,1112
lungscc3349.jpeg,2,1213
lungn4110.jpeg,1,892
lungaca1196.jpeg,0,630
lungn4443.jpeg,1,896
lungaca4233.jpeg,0,613
lungaca2569.jpeg,0,536
lungscc4803.jpeg,2,1238
lungscc1894.jpeg,2,1197
lungaca3442.jpeg,0,707
lungscc4403.jpeg,2,1102
lungscc2061.jpeg,2,1046
lungscc4099.jpeg,2,1168
lungn1377.jpeg,1,965
lungscc562.jpeg,2,1244
lungaca4309.jpeg,0,718
lungscc6.jpeg,2,1019
lungscc4909.jpeg,2,1001
lungaca3859.jpeg,0,670
lungaca4787.jpeg,0,644
lungaca3285.jpeg,0,612
lungscc2513.jpeg,2,1065
lungn4089.jpeg,1,923
lungscc319.jpeg,2,1116
lungaca4024.jpeg,0,515
lungn890.jpeg,1,844
lungn3325.jpeg,1,779
lungscc4619.jpeg,2,1231
lungn3256.jpeg,1,915
lungaca717.jpeg,0,695
lungn2164.jpeg,1,768
lungaca2231.jpeg,0,650
lungaca4669.jpeg,0,745
lungn2934.jpeg,1,861
lungscc252.jpeg,2,1015
lungn1936.jpeg,1,961
lungscc4338.jpeg,2,1077
lungaca4544.jpeg,0,522
lungscc1138.jpeg,2,1235
lungn441.jpeg,1,802
lungn1685.jpeg,1,751
lungscc179.jpeg,2,1119
lungscc3001.jpeg,2,1126
lungscc1963.jpeg,2,1123
lungscc545.jpeg,2,1229
lungn3657.jpeg,1,785
lungaca2112.jpeg,0,549
lungscc898.jpeg,2,1196
lungscc3990.jpeg,2,1148
lungscc4394.jpeg,2,1053
lungn3113.jpeg,1,877
lungaca1334.jpeg,0,680
lungn942.jpeg,1,938
lungscc2487.jpeg,2,1138
lungn4394.jpeg,1,904
lungaca2802.jpeg,0,518
lungscc1190.jpeg,2,1129
lungscc2533.jpeg,2,1015
lungaca1103.jpeg,0,529
lungscc2245.jpeg,2,1202
lungaca2953.jpeg,0,670
lungaca2573.jpeg,0,642
lungscc4718.jpeg,2,1031
lungscc3367.jpeg,2,1155
lungaca476.jpeg,0,579
lungaca292.jpeg,0,589
lungn4361.jpeg,1,964
lungaca3417.jpeg,0,663
lungscc3898.jpeg,2,1126
lungscc237.jpeg,2,1086
lungscc2620.jpeg,2,1134
lungaca2422.jpeg,0,543
lungscc1109.jpeg,2,1075
lungaca3856.jpeg,0,717
lungaca19.jpeg,0,634
lungscc4596.jpeg,2,1181
lungn2511.jpeg,1,786
lungaca2600.jpeg,0,600
lungaca2826.jpeg,0,692
lungaca1690.jpeg,0,604
lungscc542.jpeg,2,1035
lungaca3392.jpeg,0,622
lungaca4170.jpeg,0,618
lungn1714.jpeg,1,842
lungn2235.jpeg,1,806
lungscc4146.jpeg,2,1098
lungscc1220.jpeg,2,1183
lungscc4069.jpeg,2,1085
lungaca4581.jpeg,0,662
lungn95.jpeg,1,922
lungn766.jpeg,1,853
lungn2070.jpeg,1,788
lungscc4669.jpeg,2,1245
lungaca772.jpeg,0,687
lungaca622.jpeg,0,533
lungscc2721.jpeg,2,1074
lungn1529.jpeg,1,876
lungscc157.jpeg,2,1231
lungaca4027.jpeg,0,735
lungscc4189.jpeg,2,1225
lungn1058.jpeg,1,926
lungscc3488.jpeg,2,1036
lungaca1617.jpeg,0,582
lungaca3829.jpeg,0,614
lungaca355.jpeg,0,586
lungn101.jpeg,1,851
lungscc126.jpeg,2,1059
lungn4633.jpeg,1,774
lungn3304.jpeg,1,994
lungn4908.jpeg,1,920
lungn4966.jpeg,1,787
lungaca1242.jpeg,0,703
lungscc4820.jpeg,2,1033
lungaca4869.jpeg,0,743
lungaca3769.jpeg,0,744
lungscc534.jpeg,2,1092
lungn2096.jpeg,1,770
lungn130.jpeg,1,798
lungn4498.jpeg,1,836
lungaca1532.jpeg,0,661
lungaca2135.jpeg,0,723
lungaca3082.jpeg,0,627
lungscc1879.jpeg,2,1098
lungscc1394.jpeg,2,1178
lungaca392.jpeg,0,625
lungn3195.jpeg,1,784
lungaca1209.jpeg,0,566
lungn653.jpeg,1,873
lungaca3957.jpeg,0,653
lungaca2908.jpeg,0,569
lungscc1749.jpeg,2,1222
lungaca3057.jpeg,0,638
lungscc2659.jpeg,2,1201
lungaca2149.jpeg,0,522
lungscc4002.jpeg,2,1193
lungaca2997.jpeg,0,642
lungaca3487.jpeg,0,634
lungscc4805.jpeg,2,1039
lungscc3119.jpeg,2,1155
lungscc1003.jpeg,2,998
lungn1516.jpeg,1,845
lungn3536.jpeg,1,861
lungn4700.jpeg,1,961
lungn3807.jpeg,1,863
lungaca2013.jpeg,0,639
lungn375.jpeg,1,852
lungscc4422.jpeg,2,1161
lungaca4414.jpeg,0,748
lungaca106.jpeg,0,641
lungscc547.jpeg,2,1085
lungn3422.jpeg,1,833
lungaca2527.jpeg,0,545
lungn4028.jpeg,1,917
lungn617.jpeg,1,894
lungaca595.jpeg,0,604
lungscc3602.jpeg,2,1167
lungn1079.jpeg,1,828
lungaca3484.jpeg,0,507
lungscc3722.jpeg,2,1095
lungscc4200.jpeg,2,1095
lungscc1469.jpeg,2,1168
lungaca1598.jpeg,0,524
lungscc2221.jpeg,2,1207
lungscc4758.jpeg,2,1008
lungscc561.jpeg,2,1208
lungn4967.jpeg,1,824
lungn2386.jpeg,1,877
lungn4471.jpeg,1,792
lungaca100.jpeg,0,697
lungscc4651.jpeg,2,1118
lungaca1559.jpeg,0,629
lungaca801.jpeg,0,661
lungaca1437.jpeg,0,710
lungn768.jpeg,1,757
lungn1405.jpeg,1,901
lungn3107.jpeg,1,810
lungscc4720.jpeg,2,1211
lungaca4889.jpeg,0,729
lungscc1623.jpeg,2,1033
lungscc4510.jpeg,2,1014
lungscc920.jpeg,2,1194
lungaca2643.jpeg,0,620
lungaca1359.jpeg,0,557
lungn1550.jpeg,1,979
lungscc1019.jpeg,2,1012
lungn440.jpeg,1,802
lungn4270.jpeg,1,844
lungn2731.jpeg,1,804
lungscc4112.jpeg,2,1076
lungscc215.jpeg,2,1141
lungaca3449.jpeg,0,567
lungaca3436.jpeg,0,717
lungaca3255.jpeg,0,595
lungscc3325.jpeg,2,1234
lungaca4676.jpeg,0,560
lungn60.jpeg,1,941
lungaca1182.jpeg,0,603
lungaca1550.jpeg,0,747
lungn776.jpeg,1,974
lungaca2893.jpeg,0,515
lungscc2232.jpeg,2,1190
lungn1070.jpeg,1,837
lungscc2820.jpeg,2,1172
lungn1139.jpeg,1,949
lungn2225.jpeg,1,803
lungaca4028.jpeg,0,709
lungn2443.jpeg,1,750
lungn1531.jpeg,1,842
lungaca1036.jpeg,0,738
lungscc2096.jpeg,2,1089
lungn2448.jpeg,1,920
lungaca4795.jpeg,0,580
lungn1563.jpeg,1,795
lungaca38.jpeg,0,730
lungscc3036.jpeg,2,1134
lungn881.jpeg,1,896
lungaca464.jpeg,0,712
lungscc4620.jpeg,2,1053
lungscc3889.jpeg,2,1081
lungscc4532.jpeg,2,1067
lungaca1653.jpeg,0,546
lungaca3262.jpeg,0,539
lungscc2489.jpeg,2,1179
lungn4436.jpeg,1,837
lungaca903.jpeg,0,728
lungaca4485.jpeg,0,570
lungaca460.jpeg,0,575
lungscc3507.jpeg,2,1016
lungaca917.jpeg,0,615
lungscc1224.jpeg,2,1203
lungn2390.jpeg,1,874
lungscc2202.jpeg,2,1117
lungn4080.jpeg,1,873
lungn2284.jpeg,1,965
lungscc3985.jpeg,2,1019
lungn2963.jpeg,1,936
lungscc829.jpeg,2,1243
lungaca661.jpeg,0,607
lungaca2817.jpeg,0,736
lungscc384.jpeg,2,1220
lungaca4977.jpeg,0,724
lungscc3219.jpeg,2,1186
lungscc579.jpeg,2,1186
lungscc768.jpeg,2,1112
lungn377.jpeg,1,807
lungn4807.jpeg,1,757
lungscc4478.jpeg,2,1184
lungscc4807.jpeg,2,1111
lungscc493.jpeg,2,1094
lungscc2182.jpeg,2,1042
lungscc1617.jpeg,2,1124
lungscc2853.jpeg,2,1047
lungaca3203.jpeg,0,600
lungscc325.jpeg,2,1050
lungaca4857.jpeg,0,551
lungscc4780.jpeg,2,1116
lungn1929.jpeg,1,808
lungaca1163.jpeg,0,683
lungscc418.jpeg,2,1196
lungn1691.jpeg,1,860
lungscc148.jpeg,2,1029
lungaca125.jpeg,0,733
lungn2248.jpeg,1,882
lungn4556.jpeg,1,771
lungn45.jpeg,1,938
lungn4982.jpeg,1,868
lungn4069.jpeg,1,870
lungaca2592.jpeg,0,731
lungscc4117.jpeg,2,1196
lungaca1183.jpeg,0,575
lungn1290.jpeg,1,940
lungn1038.jpeg,1,778
lungaca1589.jpeg,0,737
lungscc4266.jpeg,2,1056
lungscc3058.jpeg,2,1229
lungscc4167.jpeg,2,1084
lungscc4549.jpeg,2,1036
lungscc1500.jpeg,2,1004
lungscc799.jpeg,2,1075
lungaca4443.jpeg,0,678
lungscc1808.jpeg,2,1177
lungaca1102.jpeg,0,529
lungn2222.jpeg,1,910
lungn1439.jpeg,1,838
lungscc3709.jpeg,2,1078
lungscc1270.jpeg,2,1080
lungn2520.jpeg,1,785
lungn2604.jpeg,1,779
lungaca4242.jpeg,0,649
lungscc3321.jpeg,2,1211
lungn2715.jpeg,1,828
lungscc1207.jpeg,2,1223
lungscc3207.jpeg,2,1013
lungaca1901.jpeg,0,738
lungscc7.jpeg,2,1082
lungaca3866.jpeg,0,640
lungn2576.jpeg,1,766
lungn651.jpeg,1,816
lungscc2412.jpeg,2,1096
lungn3190.jpeg,1,851
lungscc4142.jpeg,2,1180
lungaca3842.jpeg,0,713
lungscc1054.jpeg,2,1202
lungaca931.jpeg,0,710
lungscc281.jpeg,2,1102
lungaca1892.jpeg,0,593
lungaca3182.jpeg,0,552
lungscc737.jpeg,2,1183
lungn4145.jpeg,1,979
lungaca3998.jpeg,0,637
lungscc2082.jpeg,2,1188
lungscc1179.jpeg,2,1105
lungscc1196.jpeg,2,1188
lungn2844.jpeg,1,969
lungscc3504.jpeg,2,1084
lungscc3627.jpeg,2,1019
lungscc2927.jpeg,2,1159
lungaca672.jpeg,0,600
lungaca2557.jpeg,0,508
lungn3979.jpeg,1,808
lungscc1632.jpeg,2,1160
lungscc1941.jpeg,2,1096
lungaca3723.jpeg,0,515
lungn1264.jpeg,1,872
lungn2507.jpeg,1,810
lungscc4034.jpeg,2,1205
lungscc4878.jpeg,2,1195
lungn1172.jpeg,1,980
lungscc4255.jpeg,2,1136
lungscc1034.jpeg,2,1127
lungaca3892.jpeg,0,611
lungn4018.jpeg,1,797
lungaca4262.jpeg,0,629
lungaca3562.jpeg,0,598
lungscc359.jpeg,2,1113
lungn647.jpeg,1,843
lungscc3457.jpeg,2,1086
lungscc3188.jpeg,2,1094
lungscc990.jpeg,2,1052
lungaca105.jpeg,0,674
lungn2283.jpeg,1,803
lungscc1023.jpeg,2,1079
lungscc131.jpeg,2,1075
lungn4766.jpeg,1,961
lungaca4934.jpeg,0,571
lungaca705.jpeg,0,641
lungn4096.jpeg,1,822
lungscc3101.jpeg,2,1111
lungn272.jpeg,1,772
lungaca4955.jpeg,0,644
lungn1722.jpeg,1,786
lungn4312.jpeg,1,797
lungscc2170.jpeg,2,1157
lungn4101.jpeg,1,801
lungscc4138.jpeg,2,1136
lungn354.jpeg,1,853
lungn636.jpeg,1,912
lungn3528.jpeg,1,802
lungn1216.jpeg,1,990
lungaca1929.jpeg,0,524
lungscc3574.jpeg,2,1130
lungaca2304.jpeg,0,631
lungaca2439.jpeg,0,660
lungscc4910.jpeg,2,1208
lungaca440.jpeg,0,635
lungn774.jpeg,1,939
lungn2560.jpeg,1,918
lungscc2823.jpeg,2,1011
lungn1071.jpeg,1,768
lungscc2861.jpeg,2,1207
lungscc3370.jpeg,2,1203
lungaca4059.jpeg,0,659
lungaca1106.jpeg,0,524
lungscc2276.jpeg,2,1008
lungaca4589.jpeg,0,546
lungscc2433.jpeg,2,1032
lungscc3284.jpeg,2,1119
lungaca3434.jpeg,0,623
lungscc2064.jpeg,2,1230
lungn3068.jpeg,1,923
lungscc2416.jpeg,2,1202
lungaca115.jpeg,0,685
lungaca4657.jpeg,0,729
lungn2582.jpeg,1,768
lungn708.jpeg,1,917
lungaca1131.jpeg,0,612
lungn1334.jpeg,1,990
lungaca511.jpeg,0,637
lungaca1255.jpeg,0,642
lungscc1043.jpeg,2,1075
lungscc1028.jpeg,2,1060
lungscc3622.jpeg,2,1168
lungscc1844.jpeg,2,1093
lungaca2041.jpeg,0,692
lungscc1991.jpeg,2,1190
lungaca410.jpeg,0,510
lungaca1764.jpeg,0,577
lungaca974.jpeg,0,722
lungn2377.jpeg,1,955
lungn1776.jpeg,1,876
lungscc2309.jpeg,2,1123
lungn733.jpeg,1,913
lungscc4364.jpeg,2,1172
lungaca1859.jpeg,0,632
lungn487.jpeg,1,856
lungn4718.jpeg,1,982
lungn3510.jpeg,1,925
lungn3654.jpeg,1,912
lungscc4600.jpeg,2,1165
lungaca1533.jpeg,0,520
lungscc4322.jpeg,2,1056
lungaca4680.jpeg,0,656
lungn4740.jpeg,1,838
lungscc1078.jpeg,2,1159
lungn2199.jpeg,1,924
lungscc4707.jpeg,2,1209
lungscc3028.jpeg,2,1013
lungscc3290.jpeg,2,1131
lungscc4264.jpeg,2,1145
lungscc2629.jpeg,2,1121
lungscc3716.jpeg,2,1194
lungaca3504.jpeg,0,680
lungscc2692.jpeg,2,1016
lungaca2958.jpeg,0,581
lungn3043.jpeg,1,897
lungn1967.jpeg,1,766
lungaca3169.jpeg,0,510
lungscc947.jpeg,2,1214
lungscc28.jpeg,2,1116
lungn4109.jpeg,1,852
lungn1841.jpeg,1,958
lungscc1900.jpeg,2,1077
lungaca4398.jpeg,0,549
lungscc4628.jpeg,2,1092
lungscc1210.jpeg,2,1153
lungn4969.jpeg,1,861
lungaca3570.jpeg,0,627
lungscc1565.jpeg,2,1209
lungn67.jpeg,1,974
lungscc1289.jpeg,2,1189
lungscc3851.jpeg,2,1074
lungscc1478.jpeg,2,1125
lungscc972.jpeg,2,1060
lungaca2046.jpeg,0,590
lungaca4615.jpeg,0,517
lungscc1462.jpeg,2,999
lungscc61.jpeg,2,1085
lungn781.jpeg,1,932
lungn397.jpeg,1,875
lungscc2742.jpeg,2,1014
lungn4016.jpeg,1,900
lungaca2628.jpeg,0,561
lungscc3029.jpeg,2,1141
lungscc2923.jpeg,2,1152
lungscc3378.jpeg,2,1022
lungaca2898.jpeg,0,743
lungn4440.jpeg,1,978
lungn339.jpeg,1,947
lungn2961.jpeg,1,941
lungn3239.jpeg,1,919
lungscc1841.jpeg,2,1101
lungscc3330.jpeg,2,1233
lungscc2389.jpeg,2,1139
lungscc2735.jpeg,2,1144
lungn4358.jpeg,1,976
lungn4541.jpeg,1,982
lungscc4122.jpeg,2,1210
lungscc4004.jpeg,2,1121
lungn4309.jpeg,1,766
lungn3783.jpeg,1,881
lungn1429.jpeg,1,834
lungaca3075.jpeg,0,635
lungscc1656.jpeg,2,1106
lungn1523.jpeg,1,778
lungscc2009.jpeg,2,1205
lungscc361.jpeg,2,1057
lungn2028.jpeg,1,943
lungn3673.jpeg,1,893
lungaca754.jpeg,0,614
lungn2002.jpeg,1,822
lungscc3470.jpeg,2,1161
lungscc850.jpeg,2,1181
lungn3200.jpeg,1,929
lungaca3373.jpeg,0,539
lungscc4126.jpeg,2,1151
lungn4017.jpeg,1,821
lungn1557.jpeg,1,759
lungn2703.jpeg,1,834
lungn1521.jpeg,1,788
lungaca4276.jpeg,0,588
lungaca3214.jpeg,0,538
lungscc1898.jpeg,2,1138
lungn2819.jpeg,1,864
lungn2952.jpeg,1,843
lungaca3781.jpeg,0,653
lungaca4744.jpeg,0,708
lungaca1624.jpeg,0,512
lungscc4693.jpeg,2,1171
lungn3095.jpeg,1,809
lungscc2386.jpeg,2,1079
lungscc1935.jpeg,2,1011
lungaca2289.jpeg,0,530
lungn1627.jpeg,1,826
lungn4468.jpeg,1,829
lungn806.jpeg,1,861
lungaca836.jpeg,0,717
lungaca1779.jpeg,0,704
lungn792.jpeg,1,957
lungn3138.jpeg,1,937
lungn697.jpeg,1,910
lungscc2195.jpeg,2,1082
lungscc4796.jpeg,2,1114
lungscc355.jpeg,2,1210
lungaca3324.jpeg,0,533
lungaca2454.jpeg,0,517
lungscc79.jpeg,2,1198
lungscc3103.jpeg,2,1207
lungn3571.jpeg,1,991
lungn4583.jpeg,1,829
lungscc3280.jpeg,2,1219
lungscc698.jpeg,2,1020
lungn1396.jpeg,1,829
lungscc1801.jpeg,2,1151
lungn4463.jpeg,1,839
lungscc2970.jpeg,2,1134
lungaca1885.jpeg,0,583
lungn18.jpeg,1,847
lungscc3509.jpeg,2,1130
lungscc1715.jpeg,2,1106
lungscc4426.jpeg,2,1038
lungaca4641.jpeg,0,552
lungn3711.jpeg,1,897
lungn399.jpeg,1,919
lungaca1999.jpeg,0,680
lungaca1603.jpeg,0,587
lungn1460.jpeg,1,765
lungaca4600.jpeg,0,612
lungn582.jpeg,1,821
lungn1138.jpeg,1,915
lungn3968.jpeg,1,978
lungn1757.jpeg,1,915
lungscc1557.jpeg,2,1054
lungn2629.jpeg,1,773
lungaca4541.jpeg,0,622
lungscc821.jpeg,2,998
lungaca1073.jpeg,0,583
lungscc2833.jpeg,2,1087
lungscc233.jpeg,2,1100
lungn4542.jpeg,1,982
lungscc3786.jpeg,2,1005
lungn3556.jpeg,1,970
lungscc1116.jpeg,2,1087
lungscc3638.jpeg,2,1159
lungscc633.jpeg,2,1174
lungaca998.jpeg,0,582
lungaca2929.jpeg,0,609
lungaca4549.jpeg,0,609
lungaca1453.jpeg,0,733
lungscc2030.jpeg,2,1143
lungaca1074.jpeg,0,702
lungaca2402.jpeg,0,721
lungscc3114.jpeg,2,1000
lungaca2733.jpeg,0,533
lungn2216.jpeg,1,785
lungscc1679.jpeg,2,1008
lungn3176.jpeg,1,820
lungscc2017.jpeg,2,1053
lungaca3595.jpeg,0,580
lungn578.jpeg,1,900
lungn1484.jpeg,1,834
lungn3975.jpeg,1,889
lungn4321.jpeg,1,841
lungaca955.jpeg,0,542
lungaca782.jpeg,0,724
lungaca1931.jpeg,0,598
lungaca2711.jpeg,0,620
lungscc782.jpeg,2,1155
lungaca4187.jpeg,0,615
lungscc3856.jpeg,2,1042
lungscc2162.jpeg,2,1108
lungaca2976.jpeg,0,660
lungn4860.jpeg,1,831
lungscc3104.jpeg,2,1207
lungscc4238.jpeg,2,1122
lungn519.jpeg,1,785
lungaca4829.jpeg,0,601
lungscc624.jpeg,2,1169
lungscc1882.jpeg,2,1036
lungscc2734.jpeg,2,1175
lungn2324.jpeg,1,773
lungn3052.jpeg,1,800
lungscc2579.jpeg,2,1153
lungn3270.jpeg,1,972
lungscc4223.jpeg,2,1020
lungn2522.jpeg,1,938
lungn1493.jpeg,1,866
lungn1095.jpeg,1,780
lungaca221.jpeg,0,745
lungscc1437.jpeg,2,1064
lungscc4273.jpeg,2,1163
lungscc4914.jpeg,2,1138
lungaca1107.jpeg,0,598
lungaca3012.jpeg,0,606
lungscc306.jpeg,2,1190
lungn355.jpeg,1,853
lungaca3514.jpeg,0,568
lungaca2848.jpeg,0,618
lungn897.jpeg,1,812
lungaca112.jpeg,0,629
lungscc3864.jpeg,2,1129
lungscc3930.jpeg,2,1024
lungaca1955.jpeg,0,553
lungaca1526.jpeg,0,684
lungscc3306.jpeg,2,1002
lungn524.jpeg,1,962
lungscc4773.jpeg,2,1160
lungn3157.jpeg,1,972
lungscc1275.jpeg,2,1181
lungscc684.jpeg,2,1006
lungscc1194.jpeg,2,1003
lungn598.jpeg,1,757
lungscc4361.jpeg,2,1199
lungscc4379.jpeg,2,1217
lungscc2543.jpeg,2,1006
lungn3226.jpeg,1,775
lungn2449.jpeg,1,861
lungaca3123.jpeg,0,569
lungn4806.jpeg,1,816
lungaca3302.jpeg,0,719
lungscc1787.jpeg,2,1133
lungscc3112.jpeg,2,1227
lungaca554.jpeg,0,624
lungaca502.jpeg,0,601
lungscc1736.jpeg,2,1035
lungaca4875.jpeg,0,669
lungscc1688.jpeg,2,1183
lungn4136.jpeg,1,943
lungaca885.jpeg,0,545
lungn1118.jpeg,1,920
lungn125.jpeg,1,788
lungaca4203.jpeg,0,719
lungn4500.jpeg,1,873
lungn1924.jpeg,1,985
lungaca1682.jpeg,0,629
lungn1799.jpeg,1,931
lungn383.jpeg,1,967
lungscc4037.jpeg,2,1204
lungn2858.jpeg,1,804
lungaca2033.jpeg,0,526
lungaca27.jpeg,0,740
lungn3798.jpeg,1,755
lungn1861.jpeg,1,828
lungaca765.jpeg,0,554
lungscc3258.jpeg,2,1036
lungaca1873.jpeg,0,555
lungscc184.jpeg,2,1009
lungscc280.jpeg,2,1188
lungn3335.jpeg,1,776
lungn4271.jpeg,1,808
lungscc1386.jpeg,2,1151
lungaca3637.jpeg,0,729
lungaca1949.jpeg,0,662
lungn1919.jpeg,1,923
lungaca2457.jpeg,0,528
lungscc4258.jpeg,2,1041
lungscc911.jpeg,2,1004
lungscc3140.jpeg,2,1022
lungscc2080.jpeg,2,1032
lungn1348.jpeg,1,940
lungaca2556.jpeg,0,508
lungaca3502.jpeg,0,527
lungscc3335.jpeg,2,1214
lungn1923.jpeg,1,757
lungaca4775.jpeg,0,702
lungaca2774.jpeg,0,652
lungaca1646.jpeg,0,556
lungn4566.jpeg,1,855
lungscc1148.jpeg,2,1121
lungscc2063.jpeg,2,1244
lungaca4012.jpeg,0,544
lungn1760.jpeg,1,812
lungaca4106.jpeg,0,746
lungaca733.jpeg,0,610
lungscc232.jpeg,2,1111
lungn1226.jpeg,1,818
lungaca2335.jpeg,0,713
lungaca2411.jpeg,0,626
lungn4765.jpeg,1,829
lungn2697.jpeg,1,952
lungscc4704.jpeg,2,1033
lungaca4536.jpeg,0,511
lungn1114.jpeg,1,982
lungn4816.jpeg,1,872
lungaca1853.jpeg,0,515
lungaca2202.jpeg,0,612
lungscc4066.jpeg,2,1225
lungscc1615.jpeg,2,1079
lungn3021.jpeg,1,808
lungaca1706.jpeg,0,669
lungscc628.jpeg,2,1088
lungn4258.jpeg,1,979
lungaca4208.jpeg,0,540
lungaca325.jpeg,0,538
lungscc4573.jpeg,2,1164
lungaca247.jpeg,0,600
lungn761.jpeg,1,884
lungn2724.jpeg,1,812
lungaca2777.jpeg,0,542
lungaca3470.jpeg,0,570
lungn2602.jpeg,1,992
lungaca4560.jpeg,0,687
lungscc2548.jpeg,2,1163
lungscc3121.jpeg,2,1118
lungscc4751.jpeg,2,1207
lungscc1191.jpeg,2,1141
lungaca573.jpeg,0,587
lungn3781.jpeg,1,803
lungn4247.jpeg,1,907
lungaca183.jpeg,0,679
lungscc2373.jpeg,2,1020
lungn3515.jpeg,1,799
lungn936.jpeg,1,942
lungaca951.jpeg,0,650
lungaca3935.jpeg,0,711
lungaca786.jpeg,0,567
lungn750.jpeg,1,927
lungscc1777.jpeg,2,1117
lungaca319.jpeg,0,635
lungaca2168.jpeg,0,720
lungn969.jpeg,1,769
lungn2722.jpeg,1,899
lungscc2.jpeg,2,1116
lungn2585.jpeg,1,841
lungscc1538.jpeg,2,1188
lungn1123.jpeg,1,836
lungscc217.jpeg,2,1158
lungscc3751.jpeg,2,1016
lungscc4784.jpeg,2,1072
lungn1553.jpeg,1,843
lungn142.jpeg,1,973
lungscc4295.jpeg,2,1064
lungscc2987.jpeg,2,1121
lungscc2106.jpeg,2,1194
lungn2440.jpeg,1,971
lungaca1325.jpeg,0,647
lungn176.jpeg,1,767
lungaca4753.jpeg,0,595
lungaca1820.jpeg,0,538
lungaca1872.jpeg,0,624
lungaca4802.jpeg,0,679
lungscc2438.jpeg,2,1104
lungaca2516.jpeg,0,620
lungaca324.jpeg,0,533
lungn3728.jpeg,1,931
lungn486.jpeg,1,845
lungn459.jpeg,1,803
lungscc2816.jpeg,2,1153
lungn3550.jpeg,1,832
lungn4900.jpeg,1,993
lungscc2474.jpeg,2,1099
lungn2150.jpeg,1,960
lungaca2637.jpeg,0,541
lungscc2081.jpeg,2,1134
lungn3309.jpeg,1,916
lungaca2737.jpeg,0,660
lungscc4589.jpeg,2,1080
lungaca2406.jpeg,0,666
lungn2574.jpeg,1,942
lungn1676.jpeg,1,889
lungn747.jpeg,1,862
lungn3404.jpeg,1,773
lungn2241.jpeg,1,863
lungn659.jpeg,1,949
lungn4425.jpeg,1,908
lungscc1785.jpeg,2,1191
lungn3810.jpeg,1,761
lungscc2972.jpeg,2,1125
lungaca1382.jpeg,0,679
lungscc4353.jpeg,2,1064
lungn4670.jpeg,1,910
lungn2595.jpeg,1,751
lungaca1345.jpeg,0,688
lungaca4046.jpeg,0,599
lungn2101.jpeg,1,943
lungscc174.jpeg,2,1081
lungscc2430.jpeg,2,1048
lungscc132.jpeg,2,1203
lungn1339.jpeg,1,762
lungscc2356.jpeg,2,1240
lungscc1430.jpeg,2,1213
lungaca4735.jpeg,0,718
lungscc2934.jpeg,2,1078
lungaca1894.jpeg,0,649
lungn1356.jpeg,1,870
lungscc1669.jpeg,2,1159
lungaca2140.jpeg,0,622
lungaca1062.jpeg,0,539
lungscc4388.jpeg,2,1214
lungaca1037.jpeg,0,536
lungscc2627.jpeg,2,1237
lungscc1607.jpeg,2,1027
lungscc3813.jpeg,2,1117
lungaca3615.jpeg,0,521
lungscc3634.jpeg,2,1235
lungscc4052.jpeg,2,1238
lungscc4823.jpeg,2,1177
lungscc4608.jpeg,2,1031
lungscc943.jpeg,2,1049
lungscc4830.jpeg,2,1070
lungscc4686.jpeg,2,1128
lungscc4637.jpeg,2,1089
lungn577.jpeg,1,912
lungaca4467.jpeg,0,533
lungscc3831.jpeg,2,1089
lungscc749.jpeg,2,1056
lungn306.jpeg,1,863
lungn1369.jpeg,1,933
lungscc4816.jpeg,2,1008
lungscc2273.jpeg,2,1080
lungscc460.jpeg,2,1082
lungn3964.jpeg,1,797
lungn3382.jpeg,1,968
lungaca3334.jpeg,0,722
lungaca4750.jpeg,0,679
lungscc3800.jpeg,2,1105
lungscc4513.jpeg,2,1102
lungscc948.jpeg,2,1028
lungscc3495.jpeg,2,1217
lungn2976.jpeg,1,902
lungscc3532.jpeg,2,1009
lungaca643.jpeg,0,654
lungaca2664.jpeg,0,588
lungscc2647.jpeg,2,1005
lungscc213.jpeg,2,1163
lungscc2645.jpeg,2,1127
lungscc1453.jpeg,2,1200
lungscc2837.jpeg,2,1166
lungaca3797.jpeg,0,717
lungaca3698.jpeg,0,703
lungaca3557.jpeg,0,516
lungscc4229.jpeg,2,1213
lungaca4419.jpeg,0,509
lungaca199.jpeg,0,740
lungscc2634.jpeg,2,1089
lungscc3063.jpeg,2,1011
lungn414.jpeg,1,914
lungn2626.jpeg,1,902
lungaca3741.jpeg,0,705
lungn4971.jpeg,1,800
lungscc1367.jpeg,2,1134
lungscc4960.jpeg,2,1187
lungaca4320.jpeg,0,695
lungn4624.jpeg,1,797
lungn471.jpeg,1,898
lungscc2457.jpeg,2,1068
lungscc783.jpeg,2,1151
lungaca1153.jpeg,0,512
lungn1021.jpeg,1,751
lungaca2587.jpeg,0,569
lungn2499.jpeg,1,955
lungn138.jpeg,1,817
lungn472.jpeg,1,840
lungscc3133.jpeg,2,1142
lungn1212.jpeg,1,846
lungscc3633.jpeg,2,1073
lungn4127.jpeg,1,922
lungaca606.jpeg,0,595
lungn3019.jpeg,1,936
lungaca2503.jpeg,0,716
lungn347.jpeg,1,931
lungn4786.jpeg,1,820
lungn2003.jpeg,1,822
lungaca1854.jpeg,0,584
lungn3014.jpeg,1,917
lungaca2405.jpeg,0,566
lungn2517.jpeg,1,942
lungscc3587.jpeg,2,1089
lungscc1860.jpeg,2,1139
lungn3852.jpeg,1,889
lungaca1845.jpeg,0,686
lungn3006.jpeg,1,873
lungscc2552.jpeg,2,998
lungn739.jpeg,1,883
lungaca2728.jpeg,0,624
lungn149.jpeg,1,952
lungaca1825.jpeg,0,602
lungaca54.jpeg,0,585
lungn2877.jpeg,1,786
lungaca3036.jpeg,0,556
lungaca560.jpeg,0,610
lungaca4446.jpeg,0,633
lungaca4329.jpeg,0,595
lungn4979.jpeg,1,816
lungscc1890.jpeg,2,1217
lungscc1682.jpeg,2,1155
lungscc1344.jpeg,2,1201
lungn252.jpeg,1,967
lungn4859.jpeg,1,831
lungaca3228.jpeg,0,570
lungscc2702.jpeg,2,1181
lungaca771.jpeg,0,687
lungn1504.jpeg,1,840
lungaca1913.jpeg,0,726
lungaca3596.jpeg,0,554
lungscc863.jpeg,2,999
lungscc2953.jpeg,2,1211
lungscc2494.jpeg,2,1134
lungn2061.jpeg,1,860
lungn4072.jpeg,1,766
lungaca1585.jpeg,0,581
lungn1561.jpeg,1,784
lungaca4117.jpeg,0,649
lungscc3555.jpeg,2,1234
lungn2587.jpeg,1,843
lungaca3171.jpeg,0,609
lungn2856.jpeg,1,790
lungaca2238.jpeg,0,571
lungaca1356.jpeg,0,659
lungn1789.jpeg,1,912
lungaca122.jpeg,0,569
lungscc2856.jpeg,2,1238
lungaca2006.jpeg,0,523
lungn3795.jpeg,1,853
lungaca4732.jpeg,0,642
lungaca1505.jpeg,0,590
lungn956.jpeg,1,868
lungscc4222.jpeg,2,1019
lungscc3422.jpeg,2,1070
lungscc2142.jpeg,2,1193
lungn412.jpeg,1,923
lungn3746.jpeg,1,777
lungaca3621.jpeg,0,563
lungn1191.jpeg,1,797
lungaca4653.jpeg,0,511
lungn3632.jpeg,1,830
lungaca2254.jpeg,0,659
lungscc4672.jpeg,2,1040
lungn3056.jpeg,1,947
lungscc1343.jpeg,2,1180
lungaca4859.jpeg,0,663
lungn974.jpeg,1,869
lungaca3526.jpeg,0,612
lungaca2851.jpeg,0,631
lungscc3071.jpeg,2,1074
lungaca1458.jpeg,0,624
lungscc2466.jpeg,2,1157
lungaca2931.jpeg,0,559
lungaca4374.jpeg,0,526
lungaca1394.jpeg,0,739
lungscc2380.jpeg,2,1076
lungscc3123.jpeg,2,1177
lungscc2749.jpeg,2,1185
lungn3873.jpeg,1,895
lungn4540.jpeg,1,928
lungn2584.jpeg,1,752
lungscc1925.jpeg,2,1151
lungscc2517.jpeg,2,1228
lungn4155.jpeg,1,782
lungaca1748.jpeg,0,595
lungaca3601.jpeg,0,695
lungscc739.jpeg,2,1136
lungaca353.jpeg,0,718
lungn4762.jpeg,1,822
lungscc4329.jpeg,2,1132
lungaca2531.jpeg,0,524
lungscc3134.jpeg,2,1075
lungscc4128.jpeg,2,1126
lungn1791.jpeg,1,875
lungaca853.jpeg,0,553
lungn226.jpeg,1,939
lungaca1244.jpeg,0,591
lungn4488.jpeg,1,766
lungn1260.jpeg,1,915
lungn4749.jpeg,1,963
lungaca3651.jpeg,0,580
lungscc1021.jpeg,2,1086
lungaca3408.jpeg,0,580
lungaca2568.jpeg,0,738
lungaca29.jpeg,0,568
lungn4345.jpeg,1,852
lungaca1127.jpeg,0,557
lungscc2762.jpeg,2,1109
lungaca330.jpeg,0,625
lungn4551.jpeg,1,848
lungaca438.jpeg,0,610
lungaca5.jpeg,0,614
lungscc372.jpeg,2,1015
lungaca4939.jpeg,0,677
lungscc3670.jpeg,2,1116
lungaca1668.jpeg,0,619
lungn4694.jpeg,1,880
lungn2298.jpeg,1,992
lungaca1645.jpeg,0,537
lungn1159.jpeg,1,975
lungscc2948.jpeg,2,1240
lungn3992.jpeg,1,867
lungscc2149.jpeg,2,1060
lungscc1065.jpeg,2,1020
lungn4319.jpeg,1,916
lungaca2043.jpeg,0,515
lungscc4416.jpeg,2,1199
lungn2925.jpeg,1,975
lungaca2398.jpeg,0,629
lungscc1696.jpeg,2,1041
lungn3774.jpeg,1,983
lungscc2425.jpeg,2,1033
lungscc162.jpeg,2,1134
lungaca2371.jpeg,0,676
lungn1536.jpeg,1,908
lungn2502.jpeg,1,924
lungn4387.jpeg,1,873
lungn1667.jpeg,1,947
lungaca3874.jpeg,0,631
lungn1907.jpeg,1,821
lungaca500.jpeg,0,576
lungn1992.jpeg,1,757
lungn2015.jpeg,1,762
lungn2441.jpeg,1,959
lungaca302.jpeg,0,647
lungaca4065.jpeg,0,644
lungscc11.jpeg,2,1090
lungaca779.jpeg,0,734
lungn3855.jpeg,1,936
lungaca4273.jpeg,0,600
lungn427.jpeg,1,761
lungaca2133.jpeg,0,583
lungn302.jpeg,1,827
lungscc2767.jpeg,2,1194
lungn1447.jpeg,1,806
lungaca2176.jpeg,0,563
lungaca358.jpeg,0,574
lungaca1409.jpeg,0,676
lungn1315.jpeg,1,757
lungaca4259.jpeg,0,560
lungaca3452.jpeg,0,530
lungaca3013.jpeg,0,596
lungn4415.jpeg,1,807
lungscc3927.jpeg,2,1186
lungn208.jpeg,1,874
lungscc1240.jpeg,2,1205
lungscc511.jpeg,2,1001
lungaca128.jpeg,0,643
lungscc4976.jpeg,2,1016
lungn4236.jpeg,1,911
lungn359.jpeg,1,898
lungscc2496.jpeg,2,1016
lungn1146.jpeg,1,769
lungaca3071.jpeg,0,539
lungscc1825.jpeg,2,1001
lungscc2535.jpeg,2,1107
lungn2397.jpeg,1,823
lungaca2903.jpeg,0,643
lungaca2594.jpeg,0,524
lungn916.jpeg,1,959
lungn4518.jpeg,1,930
lungn2900.jpeg,1,761
lungscc3775.jpeg,2,1196
lungaca3737.jpeg,0,669
lungscc4918.jpeg,2,1176
lungscc1567.jpeg,2,1108
lungn3547.jpeg,1,752
lungn2445.jpeg,1,993
lungscc3402.jpeg,2,1236
lungaca3067.jpeg,0,516
lungn183.jpeg,1,945
lungscc1198.jpeg,2,1148
lungscc2454.jpeg,2,1119
lungscc189.jpeg,2,1109
lungscc1929.jpeg,2,1097
lungaca2093.jpeg,0,544
lungaca1212.jpeg,0,708
lungaca984.jpeg,0,642
lungaca3982.jpeg,0,581
lungn1927.jpeg,1,844
lungscc4220.jpeg,2,998
lungaca3604.jpeg,0,607
lungaca3860.jpeg,0,524
lungn3337.jpeg,1,854
lungscc1092.jpeg,2,1000
lungn2635.jpeg,1,960
lungn1251.jpeg,1,783
lungscc122.jpeg,2,1057
lungscc2515.jpeg,2,1000
lungaca4336.jpeg,0,543
lungn1695.jpeg,1,865
lungaca879.jpeg,0,725
lungn2294.jpeg,1,985
lungscc3466.jpeg,2,1127
lungscc4181.jpeg,2,1139
lungn1029.jpeg,1,863
lungn1901.jpeg,1,864
lungscc4482.jpeg,2,1200
lungaca2642.jpeg,0,589
lungscc2488.jpeg,2,1123
lungn4744.jpeg,1,755
lungscc1501.jpeg,2,1155
lungscc1104.jpeg,2,1190
lungscc3124.jpeg,2,1216
lungaca4921.jpeg,0,606
lungaca3885.jpeg,0,657
lungscc4360.jpeg,2,1000
lungn79.jpeg,1,776
lungscc3632.jpeg,2,1016
lungscc4862.jpeg,2,1212
lungn1117.jpeg,1,787
lungaca2028.jpeg,0,522
lungn8.jpeg,1,910
lungscc4806.jpeg,2,1191
lungscc2122.jpeg,2,1226
lungscc841.jpeg,2,1196
lungn4222.jpeg,1,777
lungaca1414.jpeg,0,723
lungaca3823.jpeg,0,557
lungn4408.jpeg,1,765
lungaca3258.jpeg,0,643
lungn2446.jpeg,1,753
lungscc3588.jpeg,2,1139
lungscc269.jpeg,2,1013
lungn1275.jpeg,1,971
lungn1630.jpeg,1,767
lungaca4526.jpeg,0,523
lungscc1326.jpeg,2,1206
lungn3610.jpeg,1,823
lungaca4959.jpeg,0,698
lungaca1322.jpeg,0,596
lungscc3759.jpeg,2,1037
lungscc2173.jpeg,2,1142
lungaca107.jpeg,0,745
lungaca4529.jpeg,0,639
lungaca2009.jpeg,0,617
lungaca2940.jpeg,0,552
lungn4571.jpeg,1,782
lungaca1181.jpeg,0,660
lungaca869.jpeg,0,605
lungaca2772.jpeg,0,734
lungaca2647.jpeg,0,565
lungaca47.jpeg,0,630
lungscc1577.jpeg,2,1142
lungscc744.jpeg,2,1096
lungaca2669.jpeg,0,618
lungscc382.jpeg,2,1045
lungscc2911.jpeg,2,1007
lungscc4313.jpeg,2,1169
lungaca1736.jpeg,0,551
lungaca214.jpeg,0,621
lungn4977.jpeg,1,857
lungaca593.jpeg,0,579
lungaca1555.jpeg,0,554
lungaca4518.jpeg,0,669
lungaca266.jpeg,0,506
lungaca155.jpeg,0,649
lungn4422.jpeg,1,819
lungaca2591.jpeg,0,516
lungn4595.jpeg,1,990
lungn610.jpeg,1,779
lungn502.jpeg,1,871
lungscc4377.jpeg,2,1029
lungaca4316.jpeg,0,653
lungn946.jpeg,1,841
lungn1792.jpeg,1,875
lungscc4196.jpeg,2,1058
lungaca2235.jpeg,0,652
lungn150.jpeg,1,960
lungaca4393.jpeg,0,584
lungaca1419.jpeg,0,575
lungscc2557.jpeg,2,1125
lungn4255.jpeg,1,988
lungscc4396.jpeg,2,1212
lungaca1714.jpeg,0,746
lungn2269.jpeg,1,813
lungaca4469.jpeg,0,702
lungscc1117.jpeg,2,1042
lungaca3835.jpeg,0,630
lungscc3932.jpeg,2,1238
lungn3461.jpeg,1,975
lungaca1756.jpeg,0,624
lungn1054.jpeg,1,753
lungaca4965.jpeg,0,554
lungn2305.jpeg,1,769
lungn1893.jpeg,1,818
lungscc4054.jpeg,2,1039
lungn4296.jpeg,1,879
lungscc587.jpeg,2,1027
lungscc3388.jpeg,2,1028
lungn485.jpeg,1,961
lungscc3242.jpeg,2,1209
lungscc2224.jpeg,2,1081
lungn2327.jpeg,1,928
lungscc797.jpeg,2,1063
lungscc3780.jpeg,2,1078
lungscc1517.jpeg,2,1021
lungscc4577.jpeg,2,1111
lungaca2948.jpeg,0,596
lungscc1599.jpeg,2,1168
lungn1886.jpeg,1,918
lungn2288.jpeg,1,784
lungscc1980.jpeg,2,1147
lungscc1167.jpeg,2,1157
lungn4041.jpeg,1,847
lungscc2810.jpeg,2,1147
lungaca4477.jpeg,0,520
lungscc4919.jpeg,2,1114
lungscc1937.jpeg,2,1115
lungscc270.jpeg,2,1129
lungscc3100.jpeg,2,1111
lungaca3451.jpeg,0,576
lungaca3589.jpeg,0,712
lungaca888.jpeg,0,516
lungscc1507.jpeg,2,1057
lungscc953.jpeg,2,1176
lungn3465.jpeg,1,951
lungn4842.jpeg,1,817
lungscc4529.jpeg,2,1035
lungaca1773.jpeg,0,524
lungscc3113.jpeg,2,1080
lungscc283.jpeg,2,1102
lungaca639.jpeg,0,715
lungscc3056.jpeg,2,1008
lungscc4358.jpeg,2,1119
lungn329.jpeg,1,793
lungaca1410.jpeg,0,741
lungscc1149.jpeg,2,1139
lungn4531.jpeg,1,799
lungscc2022.jpeg,2,1014
lungn4830.jpeg,1,966
lungaca423.jpeg,0,655
lungaca4632.jpeg,0,739
lungn2607.jpeg,1,790
lungn3161.jpeg,1,756
lungscc3865.jpeg,2,1140
lungaca1531.jpeg,0,621
lungn805.jpeg,1,824
lungscc794.jpeg,2,1059
lungn4677.jpeg,1,784
lungn3669.jpeg,1,917
lungn4331.jpeg,1,795
lungn1574.jpeg,1,939
lungaca2920.jpeg,0,509
lungscc4710.jpeg,2,1167
lungn3891.jpeg,1,908
lungaca4737.jpeg,0,528
lungn3398.jpeg,1,749
lungscc4120.jpeg,2,1000
lungn3581.jpeg,1,971
lungaca2902.jpeg,0,646
lungaca4739.jpeg,0,638
lungn1188.jpeg,1,916
lungn1128.jpeg,1,783
lungscc1466.jpeg,2,1144
lungaca3410.jpeg,0,560
lungscc4534.jpeg,2,1209
lungscc1374.jpeg,2,1238
lungn2340.jpeg,1,833
lungscc230.jpeg,2,1154
lungn2827.jpeg,1,912
lungscc2062.jpeg,2,1208
lungn2238.jpeg,1,812
lungn4862.jpeg,1,881
lungn185.jpeg,1,882
lungscc1143.jpeg,2,1171
lungaca919.jpeg,0,587
lungn2013.jpeg,1,809
lungaca1629.jpeg,0,607
lungaca4950.jpeg,0,649
lungn4179.jpeg,1,913
lungn1305.jpeg,1,873
lungaca373.jpeg,0,739
lungscc331.jpeg,2,1007
lungn4530.jpeg,1,909
lungscc1644.jpeg,2,1105
lungn408.jpeg,1,931
lungscc1968.jpeg,2,1176
lungaca1403.jpeg,0,537
lungn3188.jpeg,1,916
lungscc3399.jpeg,2,1102
lungscc4996.jpeg,2,1127
lungscc1683.jpeg,2,1241
lungn2455.jpeg,1,922
lungscc1707.jpeg,2,1116
lungaca1043.jpeg,0,672
lungscc751.jpeg,2,1150
lungscc4486.jpeg,2,1157
lungaca1252.jpeg,0,510
lungn638.jpeg,1,796
lungscc958.jpeg,2,1073
lungn2345.jpeg,1,965
lungaca3222.jpeg,0,575
lungscc1559.jpeg,2,1229
lungn2849.jpeg,1,806
lungscc1527.jpeg,2,1179
lungscc1544.jpeg,2,1164
lungaca184.jpeg,0,735
lungaca680.jpeg,0,556
lungaca2640.jpeg,0,687
lungaca2288.jpeg,0,529
lungaca2739.jpeg,0,508
lungscc2569.jpeg,2,1083
lungscc345.jpeg,2,1051
lungscc4939.jpeg,2,1008
lungn284.jpeg,1,931
lungscc1686.jpeg,2,1103
lungscc1379.jpeg,2,1195
lungscc2665.jpeg,2,1021
lungscc2898.jpeg,2,1217
lungaca1586.jpeg,0,640
lungn4972.jpeg,1,942
lungn3346.jpeg,1,835
lungaca1680.jpeg,0,586
lungn4004.jpeg,1,849
lungn2863.jpeg,1,901
lungn3806.jpeg,1,865
lungn777.jpeg,1,961
lungscc4345.jpeg,2,1073
lungscc1272.jpeg,2,1228
lungn89.jpeg,1,849
lungscc3292.jpeg,2,1035
lungaca1238.jpeg,0,562
lungscc2593.jpeg,2,1201
lungaca1201.jpeg,0,579
lungn4196.jpeg,1,833
lungaca1417.jpeg,0,622
lungscc1002.jpeg,2,1072
lungn3102.jpeg,1,902
lungaca4537.jpeg,0,511
lungn1801.jpeg,1,828
lungscc3566.jpeg,2,1053
lungscc80.jpeg,2,1211
lungscc4320.jpeg,2,1187
lungscc1638.jpeg,2,1211
lungn3369.jpeg,1,917
lungaca4818.jpeg,0,524
lungn698.jpeg,1,910
lungaca2598.jpeg,0,683
lungscc2203.jpeg,2,1188
lungscc2878.jpeg,2,1033
lungscc1725.jpeg,2,1213
lungscc2164.jpeg,2,1118
lungn1899.jpeg,1,858
lungn4051.jpeg,1,776
lungn1265.jpeg,1,779
lungscc3784.jpeg,2,1177
lungscc4582.jpeg,2,1218
lungscc2509.jpeg,2,1012
lungscc4990.jpeg,2,1223
lungscc531.jpeg,2,1027
lungscc1130.jpeg,2,1007
lungaca2857.jpeg,0,636
lungaca741.jpeg,0,702
lungscc2370.jpeg,2,1158
lungaca4063.jpeg,0,534
lungn615.jpeg,1,956
lungn4841.jpeg,1,908
lungn3646.jpeg,1,924
lungaca2019.jpeg,0,509
lungaca1528.jpeg,0,546
lungscc630.jpeg,2,1045
lungscc1263.jpeg,2,1195
lungn3081.jpeg,1,886
lungscc4218.jpeg,2,1123
lungscc2623.jpeg,2,1171
lungscc3214.jpeg,2,1215
lungscc1142.jpeg,2,1171
lungscc1637.jpeg,2,1031
lungaca2387.jpeg,0,536
lungscc946.jpeg,2,1072
lungn1681.jpeg,1,853
lungn2403.jpeg,1,831
lungaca4854.jpeg,0,526
lungn744.jpeg,1,952
lungaca3355.jpeg,0,554
lungn3491.jpeg,1,891
lungaca4703.jpeg,0,705
lungscc4213.jpeg,2,1197
lungn1629.jpeg,1,872
lungaca3199.jpeg,0,643
lungaca1985.jpeg,0,679
lungscc3921.jpeg,2,1215
lungn736.jpeg,1,775
lungn4813.jpeg,1,827
lungaca878.jpeg,0,565
lungaca3050.jpeg,0,522
lungaca497.jpeg,0,705
lungn425.jpeg,1,886
lungaca1284.jpeg,0,568
lungaca4284.jpeg,0,741
lungn686.jpeg,1,787
lungn630.jpeg,1,973
lungscc2166.jpeg,2,1002
lungaca2966.jpeg,0,576
lungscc3824.jpeg,2,1051
lungscc3492.jpeg,2,1045
lungn4230.jpeg,1,846
lungn4861.jpeg,1,931
lungscc3004.jpeg,2,1161
lungscc851.jpeg,2,1097
lungscc2705.jpeg,2,1118
lungn934.jpeg,1,920
lungn1798.jpeg,1,841
lungscc3593.jpeg,2,1162
lungaca789.jpeg,0,635
lungscc3431.jpeg,2,1146
lungaca2134.jpeg,0,519
lungaca4338.jpeg,0,680
lungaca3847.jpeg,0,695
lungaca96.jpeg,0,587
lungscc1563.jpeg,2,1162
lungscc2933.jpeg,2,1210
lungn1347.jpeg,1,976
lungaca3327.jpeg,0,741
lungscc968.jpeg,2,1223
lungn4505.jpeg,1,751
lungaca4051.jpeg,0,662
lungn4148.jpeg,1,783
lungaca1195.jpeg,0,630
lungscc607.jpeg,2,1033
lungn3072.jpeg,1,774
lungn16.jpeg,1,806
lungaca1375.jpeg,0,690
lungaca1564.jpeg,0,663
lungscc178.jpeg,2,1025
lungn4748.jpeg,1,963
lungaca138.jpeg,0,523
lungaca2522.jpeg,0,719
lungscc695.jpeg,2,1050
lungn4548.jpeg,1,912
lungscc3614.jpeg,2,1116
lungscc3885.jpeg,2,1076
lungn1834.jpeg,1,903
lungn4011.jpeg,1,907
lungaca2251.jpeg,0,661
lungscc2269.jpeg,2,1012
lungaca3440.jpeg,0,549
lungn1730.jpeg,1,772
lungscc1068.jpeg,2,1023
lungn34.jpeg,1,770
lungaca4516.jpeg,0,643
lungn1804.jpeg,1,914
lungscc1796.jpeg,2,1035
lungscc977.jpeg,2,1078
lungaca2433.jpeg,0,706
lungn3214.jpeg,1,972
lungaca686.jpeg,0,702
lungscc35.jpeg,2,1044
lungaca2407.jpeg,0,678
lungn2025.jpeg,1,797
lungn4764.jpeg,1,956
lungscc2558.jpeg,2,1125
lungscc1269.jpeg,2,1124
lungn797.jpeg,1,793
lungn4104.jpeg,1,788
lungaca2245.jpeg,0,688
lungaca2978.jpeg,0,621
lungaca4532.jpeg,0,562
lungaca2623.jpeg,0,697
lungaca2328.jpeg,0,672
lungn268.jpeg,1,820
lungscc2790.jpeg,2,1123
lungscc4481.jpeg,2,1172
lungaca1256.jpeg,0,559
lungaca4764.jpeg,0,581
lungaca4573.jpeg,0,647
lungscc2434.jpeg,2,1014
lungn2660.jpeg,1,827
lungscc2237.jpeg,2,1160
lungaca31.jpeg,0,677
lungn2113.jpeg,1,774
lungscc2881.jpeg,2,1222
lungaca3863.jpeg,0,543
lungn3112.jpeg,1,877
lungscc1195.jpeg,2,1134
lungn2882.jpeg,1,833
lungaca173.jpeg,0,747
lungscc1703.jpeg,2,1088
lungaca2718.jpeg,0,540
lungn2464.jpeg,1,896
lungn2526.jpeg,1,831
lungn1205.jpeg,1,850
lungaca1065.jpeg,0,550
lungaca4646.jpeg,0,639
lungn3050.jpeg,1,864
lungn1140.jpeg,1,827
lungscc155.jpeg,2,1163
lungn4133.jpeg,1,785
lungscc3608.jpeg,2,1043
lungn920.jpeg,1,951
lungscc2892.jpeg,2,1107
lungscc3609.jpeg,2,1110
lungscc1296.jpeg,2,1099
lungn4188.jpeg,1,813
lungaca1038.jpeg,0,510
lungn895.jpeg,1,840
lungaca445.jpeg,0,631
lungn256.jpeg,1,883
lungscc105.jpeg,2,1219
lungn4643.jpeg,1,780
lungscc1132.jpeg,2,1134
lungaca3663.jpeg,0,678
lungscc606.jpeg,2,1151
lungscc2655.jpeg,2,1157
lungaca4561.jpeg,0,721
lungaca3541.jpeg,0,541
lungaca2896.jpeg,0,590
lungaca453.jpeg,0,621
lungn1371.jpeg,1,988
lungscc2795.jpeg,2,1117
lungn3439.jpeg,1,814
lungscc3969.jpeg,2,1036
lungaca927.jpeg,0,642
lungn3400.jpeg,1,913
lungaca25.jpeg,0,707
lungaca97.jpeg,0,557
lungaca4842.jpeg,0,612
lungaca3218.jpeg,0,615
lungscc1529.jpeg,2,1077
lungaca2909.jpeg,0,567
lungscc1859.jpeg,2,1089
lungaca381.jpeg,0,588
lungscc838.jpeg,2,1061
lungscc4661.jpeg,2,1043
lungaca4484.jpeg,0,570
lungaca1122.jpeg,0,603
lungaca37.jpeg,0,621
lungn2192.jpeg,1,867
lungaca1087.jpeg,0,630
lungaca1982.jpeg,0,565
lungn2167.jpeg,1,803
lungn464.jpeg,1,814
lungaca1863.jpeg,0,540
lungaca1753.jpeg,0,581
lungaca653.jpeg,0,514
lungn1362.jpeg,1,922
lungn857.jpeg,1,876
lungn918.jpeg,1,756
lungaca1270.jpeg,0,569
lungscc3497.jpeg,2,1230
lungaca2504.jpeg,0,744
lungn373.jpeg,1,972
lungn2057.jpeg,1,808
lungscc2788.jpeg,2,1129
lungaca3528.jpeg,0,644
lungscc3757.jpeg,2,1047
lungscc4995.jpeg,2,1062
lungscc2420.jpeg,2,1150
lungscc3345.jpeg,2,1114
lungscc1947.jpeg,2,1245
lungaca1133.jpeg,0,513
lungaca3524.jpeg,0,671
lungn304.jpeg,1,939
lungaca1480.jpeg,0,572
lungaca2554.jpeg,0,546
lungscc2828.jpeg,2,1095
lungscc381.jpeg,2,1046
lungn2475.jpeg,1,941
lungn118.jpeg,1,777
lungscc1268.jpeg,2,1131
lungscc1325.jpeg,2,1147
lungscc3238.jpeg,2,1060
lungn4010.jpeg,1,874
lungn4703.jpeg,1,932
lungscc4562.jpeg,2,1114
lungn1224.jpeg,1,957
lungscc2921.jpeg,2,1016
lungscc2732.jpeg,2,1242
lungn2116.jpeg,1,808
lungaca2123.jpeg,0,707
lungn4381.jpeg,1,970
lungscc2707.jpeg,2,1057
lungn1662.jpeg,1,787
lungscc2410.jpeg,2,999
lungn4205.jpeg,1,995
lungaca3119.jpeg,0,675
lungscc160.jpeg,2,1084
lungscc1959.jpeg,2,1129
lungscc1069.jpeg,2,1032
lungaca4841.jpeg,0,697
lungaca3775.jpeg,0,672
lungaca3215.jpeg,0,519
lungn971.jpeg,1,894
lungaca2055.jpeg,0,598
lungaca2066.jpeg,0,542
lungaca1704.jpeg,0,714
lungscc4852.jpeg,2,1150
lungaca2188.jpeg,0,636
lungscc3521.jpeg,2,1121
lungaca3853.jpeg,0,606
lungaca4123.jpeg,0,682
lungn773.jpeg,1,860
lungscc256.jpeg,2,1056
lungscc4149.jpeg,2,1234
lungaca3817.jpeg,0,636
lungn4025.jpeg,1,931
lungscc1493.jpeg,2,1089
lungaca897.jpeg,0,705
lungaca4492.jpeg,0,526
lungscc3428.jpeg,2,1203
lungn3441.jpeg,1,782
lungaca2001.jpeg,0,558
lungscc2384.jpeg,2,1081
lungaca3401.jpeg,0,513
lungaca3921.jpeg,0,699
lungn2600.jpeg,1,827
lungaca4960.jpeg,0,668
lungn2907.jpeg,1,894
lungscc4282.jpeg,2,1243
lungaca295.jpeg,0,735
lungscc3940.jpeg,2,1060
lungn2041.jpeg,1,759
lungn3777.jpeg,1,987
lungn2704.jpeg,1,837
lungn1482.jpeg,1,771
lungn4065.jpeg,1,864
lungscc391.jpeg,2,1158
lungaca3852.jpeg,0,675
lungaca1262.jpeg,0,594
lungscc1768.jpeg,2,1221
lungscc2595.jpeg,2,1041
lungaca397.jpeg,0,524
lungscc1163.jpeg,2,1190
lungaca908.jpeg,0,519
lungaca2829.jpeg,0,719
lungscc272.jpeg,2,1158
lungscc1471.jpeg,2,1123
lungn2683.jpeg,1,924
lungn717.jpeg,1,847
lungscc1821.jpeg,2,1056
lungscc1404.jpeg,2,1022
lungn3254.jpeg,1,985
lungn2328.jpeg,1,793
lungscc4757.jpeg,2,1065
lungscc2392.jpeg,2,1008
lungscc4762.jpeg,2,1181
lungn3454.jpeg,1,765
lungscc793.jpeg,2,1011
lungaca4817.jpeg,0,524
lungn2764.jpeg,1,797
lungaca1799.jpeg,0,708
lungn2104.jpeg,1,841
lungn4617.jpeg,1,785
lungaca3398.jpeg,0,730
lungn2947.jpeg,1,752
lungaca2979.jpeg,0,729
lungscc3048.jpeg,2,1081
lungaca2017.jpeg,0,637
lungaca2169.jpeg,0,598
lungscc1893.jpeg,2,1233
lungscc3293.jpeg,2,1065
lungscc4132.jpeg,2,1085
lungn240.jpeg,1,765
lungscc3245.jpeg,2,1059
lungscc956.jpeg,2,1186
lungaca2618.jpeg,0,748
lungaca2727.jpeg,0,624
lungaca3577.jpeg,0,602
lungaca1493.jpeg,0,586
lungaca4389.jpeg,0,708
lungaca3037.jpeg,0,662
lungn3989.jpeg,1,932
lungaca2756.jpeg,0,653
lungaca697.jpeg,0,704
lungaca1373.jpeg,0,528
lungn392.jpeg,1,861
lungaca1787.jpeg,0,745
lungn210.jpeg,1,821
lungaca2292.jpeg,0,643
lungscc1673.jpeg,2,1081
lungscc3991.jpeg,2,1104
lungn4084.jpeg,1,759
lungaca2206.jpeg,0,745
lungscc3625.jpeg,2,1050
lungn3263.jpeg,1,777
lungaca4924.jpeg,0,626
lungscc403.jpeg,2,1173
lungscc9.jpeg,2,1023
lungaca407.jpeg,0,534
lungscc3485.jpeg,2,1211
lungn1767.jpeg,1,846
lungscc37.jpeg,2,1106
lungaca435.jpeg,0,724
lungn3339.jpeg,1,946
lungaca1900.jpeg,0,608
lungaca179.jpeg,0,663
lungscc563.jpeg,2,1132
lungn3443.jpeg,1,758
lungaca4181.jpeg,0,508
lungn2876.jpeg,1,948
lungscc2971.jpeg,2,1014
lungscc110.jpeg,2,1210
lungaca3495.jpeg,0,590
lungaca3950.jpeg,0,586
lungscc3489.jpeg,2,1245
lungn854.jpeg,1,798
lungaca581.jpeg,0,648
lungaca4002.jpeg,0,520
lungscc1969.jpeg,2,1014
lungscc4629.jpeg,2,1092
lungn2119.jpeg,1,872
lungn2891.jpeg,1,757
lungn1340.jpeg,1,750
lungaca751.jpeg,0,697
lungn326.jpeg,1,802
lungaca3333.jpeg,0,729
lungscc4497.jpeg,2,1099
lungn3602.jpeg,1,771
lungn1106.jpeg,1,918
lungn4715.jpeg,1,973
lungn2267.jpeg,1,877
lungscc1217.jpeg,2,1120
lungscc3259.jpeg,2,1029
lungn4763.jpeg,1,930
lungn3763.jpeg,1,842
lungscc2687.jpeg,2,1101
lungscc4890.jpeg,2,1005
lungscc200.jpeg,2,1074
lungscc2621.jpeg,2,1152
lungaca1083.jpeg,0,648
lungscc85.jpeg,2,1197
lungscc2565.jpeg,2,1193
lungaca507.jpeg,0,613
lungaca2156.jpeg,0,663
lungaca4359.jpeg,0,622
lungn3356.jpeg,1,983
lungaca2759.jpeg,0,507
lungscc3649.jpeg,2,1206
lungscc4883.jpeg,2,1209
lungn527.jpeg,1,803
lungn554.jpeg,1,882
lungn3963.jpeg,1,905
lungaca2563.jpeg,0,697
lungscc4590.jpeg,2,1228
lungn1876.jpeg,1,792
lungaca656.jpeg,0,685
lungn4479.jpeg,1,756
lungaca1101.jpeg,0,545
lungscc4239.jpeg,2,1139
lungn2884.jpeg,1,978
lungn3175.jpeg,1,977
lungn1091.jpeg,1,806
lungaca4300.jpeg,0,608
lungaca2461.jpeg,0,585
lungaca297.jpeg,0,742
lungaca564.jpeg,0,728
lungn535.jpeg,1,751
lungaca1905.jpeg,0,641
lungaca556.jpeg,0,588
lungaca406.jpeg,0,534
lungn4193.jpeg,1,766
lungscc4489.jpeg,2,1041
lungscc4059.jpeg,2,1124
lungn3055.jpeg,1,821
lungaca958.jpeg,0,610
lungn455.jpeg,1,989
lungscc1513.jpeg,2,1095
lungscc1772.jpeg,2,1082
lungaca4090.jpeg,0,675
lungn108.jpeg,1,969
lungscc2208.jpeg,2,1024
lungaca1308.jpeg,0,525
lungn4107.jpeg,1,799
lungaca3590.jpeg,0,681
lungaca1205.jpeg,0,589
lungn1824.jpeg,1,867
lungscc4748.jpeg,2,1236
lungn1178.jpeg,1,912
lungaca3271.jpeg,0,546
lungscc42.jpeg,2,1117
lungscc3098.jpeg,2,1159
lungaca997.jpeg,0,604
lungaca2584.jpeg,0,708
lungscc278.jpeg,2,1101
lungn933.jpeg,1,787
lungaca2938.jpeg,0,713
lungn3802.jpeg,1,826
lungn3913.jpeg,1,855
lungaca393.jpeg,0,553
lungscc4365.jpeg,2,1005
lungscc354.jpeg,2,1206
lungn4032.jpeg,1,764
lungn4228.jpeg,1,790
lungscc2642.jpeg,2,1162
lungaca3251.jpeg,0,607
lungn4984.jpeg,1,844
lungscc3468.jpeg,2,1108
lungn3970.jpeg,1,841
lungscc844.jpeg,2,1065
lungscc1105.jpeg,2,1030
lungscc1646.jpeg,2,1045
lungaca1008.jpeg,0,652
lungscc3537.jpeg,2,1097
lungscc1695.jpeg,2,1041
lungaca1369.jpeg,0,580
lungn1764.jpeg,1,925
lungaca4665.jpeg,0,614
lungscc3364.jpeg,2,1054
lungaca2187.jpeg,0,673
lungscc1948.jpeg,2,1116
lungscc4770.jpeg,2,1142
lungn1481.jpeg,1,994
lungaca4742.jpeg,0,585
lungn3275.jpeg,1,799
lungaca4034.jpeg,0,734
lungscc1684.jpeg,2,1126
lungscc3926.jpeg,2,1023
lungn716.jpeg,1,860
lungn4672.jpeg,1,896
lungn2912.jpeg,1,830
lungaca198.jpeg,0,550
lungscc1199.jpeg,2,1137
lungn385.jpeg,1,878
lungn1551.jpeg,1,866
lungscc4024.jpeg,2,1041
lungscc2739.jpeg,2,1212
lungscc4811.jpeg,2,1122
lungaca35.jpeg,0,639
lungn3628.jpeg,1,880
lungaca1776.jpeg,0,591
lungscc855.jpeg,2,1194
lungaca3200.jpeg,0,683
lungn2357.jpeg,1,779
lungn2624.jpeg,1,876
lungscc2167.jpeg,2,1167
lungscc3693.jpeg,2,1027
lungn2467.jpeg,1,881
lungaca2198.jpeg,0,715
lungn1716.jpeg,1,810
lungaca4979.jpeg,0,543
lungaca4768.jpeg,0,689
lungaca3447.jpeg,0,555
lungaca2330.jpeg,0,554
lungaca4212.jpeg,0,521
lungaca934.jpeg,0,726
lungscc3933.jpeg,2,1039
lungn874.jpeg,1,785
lungscc1360.jpeg,2,1170
lungaca3944.jpeg,0,744
lungaca1874.jpeg,0,635
lungn3797.jpeg,1,816
lungaca2800.jpeg,0,625
lungaca994.jpeg,0,690
lungn2618.jpeg,1,854
lungscc1780.jpeg,2,1130
lungaca1169.jpeg,0,555
lungn4405.jpeg,1,895
lungscc4438.jpeg,2,1045
lungn695.jpeg,1,837
lungscc1922.jpeg,2,1068
lungaca2850.jpeg,0,577
lungn1389.jpeg,1,844
lungaca1399.jpeg,0,680
lungaca3855.jpeg,0,590
lungaca1686.jpeg,0,713
lungscc191.jpeg,2,1183
lungn1086.jpeg,1,755
lungn769.jpeg,1,985
lungaca1861.jpeg,0,529
lungscc395.jpeg,2,1053
lungaca2542.jpeg,0,531
lungn4452.jpeg,1,795
lungscc4752.jpeg,2,1195
lungn420.jpeg,1,840
lungn3147.jpeg,1,974
lungaca3027.jpeg,0,542
lungscc878.jpeg,2,1134
lungn4808.jpeg,1,844
lungaca2649.jpeg,0,584
lungaca1405.jpeg,0,530
lungaca2319.jpeg,0,671
lungscc3874.jpeg,2,1128
lungn2364.jpeg,1,804
lungn2864.jpeg,1,892
lungscc175.jpeg,2,1017
lungscc4474.jpeg,2,1035
lungaca1655.jpeg,0,636
lungscc276.jpeg,2,1077
lungscc2246.jpeg,2,1029
lungscc1618.jpeg,2,1065
lungaca4369.jpeg,0,522
lungn4191.jpeg,1,800
lungaca1500.jpeg,0,719
lungn4924.jpeg,1,988
lungn4888.jpeg,1,789
lungaca2882.jpeg,0,586
lungaca2841.jpeg,0,543
lungscc655.jpeg,2,1086
lungscc4152.jpeg,2,1105
lungaca120.jpeg,0,727
lungscc2262.jpeg,2,1130
lungscc1952.jpeg,2,1208
lungaca1301.jpeg,0,671
lungn3253.jpeg,1,917
lungn2072.jpeg,1,778
lungscc1602.jpeg,2,1101
lungscc2991.jpeg,2,1131
lungaca3113.jpeg,0,604
lungn513.jpeg,1,997
lungn2079.jpeg,1,971
lungscc3125.jpeg,2,1200
lungaca4698.jpeg,0,539
lungaca3661.jpeg,0,604
lungn4421.jpeg,1,749
lungaca4146.jpeg,0,693
lungn1057.jpeg,1,870
lungn587.jpeg,1,962
lungn1597.jpeg,1,775
lungaca4508.jpeg,0,578
lungaca3917.jpeg,0,524
lungaca2105.jpeg,0,685
lungscc3160.jpeg,2,1215
lungn648.jpeg,1,887
lungscc4316.jpeg,2,1088
lungscc2613.jpeg,2,1123
lungscc4916.jpeg,2,1084
lungscc1721.jpeg,2,1117
lungaca4903.jpeg,0,561
lungscc4569.jpeg,2,1243
lungscc3352.jpeg,2,1152
lungn3655.jpeg,1,927
lungn2380.jpeg,1,817
lungn199.jpeg,1,913
lungscc1254.jpeg,2,1037
lungaca4048.jpeg,0,601
lungn570.jpeg,1,982
lungscc3760.jpeg,2,1236
lungn2887.jpeg,1,784
lungaca1926.jpeg,0,623
lungn73.jpeg,1,945
lungn4684.jpeg,1,757
lungscc2185.jpeg,2,1239
lungscc1036.jpeg,2,1183
lungscc3185.jpeg,2,1118
lungscc2658.jpeg,2,1189
lungn2750.jpeg,1,878
lungscc2255.jpeg,2,1013
lungn1607.jpeg,1,800
lungaca4579.jpeg,0,577
lungaca3533.jpeg,0,522
lungaca4075.jpeg,0,642
lungscc2318.jpeg,2,1091
lungscc4609.jpeg,2,1211
lungaca1357.jpeg,0,622
lungscc2286.jpeg,2,1167
lungn2633.jpeg,1,824
lungaca1234.jpeg,0,741
lungn984.jpeg,1,791
lungscc3945.jpeg,2,1127
lungn1245.jpeg,1,832
lungscc4530.jpeg,2,1068
lungn341.jpeg,1,768
lungaca4282.jpeg,0,688
lungaca4987.jpeg,0,728
lungscc2654.jpeg,2,1094
lungaca818.jpeg,0,691
lungn2841.jpeg,1,984
lungaca1616.jpeg,0,620
lungn2608.jpeg,1,790
lungn3898.jpeg,1,862
lungaca4900.jpeg,0,592
lungn3997.jpeg,1,842
lungn254.jpeg,1,818
lungn2873.jpeg,1,773
lungaca1377.jpeg,0,547
lungaca283.jpeg,0,554
lungn1771.jpeg,1,778
lungscc600.jpeg,2,1124
lungaca134.jpeg,0,588
lungscc3264.jpeg,2,1033
lungaca503.jpeg,0,696
lungscc4408.jpeg,2,1237
lungn1147.jpeg,1,859
lungn3817.jpeg,1,830
lungscc201.jpeg,2,1107
lungscc1239.jpeg,2,1197
lungaca2944.jpeg,0,692
lungaca2307.jpeg,0,746
lungscc2510.jpeg,2,1079
lungn4223.jpeg,1,779
lungscc2247.jpeg,2,1046
lungn3247.jpeg,1,841
lungn2692.jpeg,1,773
lungscc614.jpeg,2,1222
lungaca1710.jpeg,0,677
lungn2187.jpeg,1,925
lungscc1842.jpeg,2,1101
lungn3064.jpeg,1,970
lungn1055.jpeg,1,958
lungaca4301.jpeg,0,510
lungn2008.jpeg,1,895
lungaca1400.jpeg,0,555
lungscc438.jpeg,2,1096
lungn3786.jpeg,1,828
lungscc4440.jpeg,2,1242
lungn2471.jpeg,1,794
lungn2107.jpeg,1,931
lungscc2901.jpeg,2,1244
lungn2287.jpeg,1,857
lungscc3091.jpeg,2,1023
lungaca3476.jpeg,0,736
lungscc433.jpeg,2,1011
lungscc654.jpeg,2,1185
lungn1318.jpeg,1,827
lungn2669.jpeg,1,846
lungscc1144.jpeg,2,1039
lungaca2950.jpeg,0,720
lungn4411.jpeg,1,890
lungaca411.jpeg,0,522
lungaca480.jpeg,0,620
lungaca2173.jpeg,0,527
lungaca1805.jpeg,0,527
lungn4533.jpeg,1,749
lungaca338.jpeg,0,603
lungn2611.jpeg,1,805
lungaca876.jpeg,0,573
lungscc719.jpeg,2,1025
lungaca960.jpeg,0,689
lungn331.jpeg,1,861
lungn4817.jpeg,1,767
lungaca2536.jpeg,0,669
lungn2794.jpeg,1,925
lungscc1052.jpeg,2,1056
lungn4909.jpeg,1,861
lungaca4296.jpeg,0,654
lungaca3854.jpeg,0,607
lungn4209.jpeg,1,760
lungn1986.jpeg,1,855
lungaca504.jpeg,0,741
lungn935.jpeg,1,820
lungaca3599.jpeg,0,507
lungaca2425.jpeg,0,680
lungn2883.jpeg,1,981
lungaca2784.jpeg,0,539
lungaca1257.jpeg,0,736
lungaca2743.jpeg,0,597
lungn196.jpeg,1,835
lungscc2612.jpeg,2,1231
lungscc2944.jpeg,2,1094
lungscc1652.jpeg,2,1149
lungn332.jpeg,1,977
lungscc3094.jpeg,2,1091
lungscc448.jpeg,2,1045
lungn3278.jpeg,1,890
lungaca1961.jpeg,0,587
lungaca3768.jpeg,0,592
lungaca4539.jpeg,0,518
lungscc2244.jpeg,2,1052
lungaca434.jpeg,0,733
lungscc3876.jpeg,2,1130
lungaca4980.jpeg,0,700
lungscc1745.jpeg,2,1177
lungaca3750.jpeg,0,613
lungscc3328.jpeg,2,1049
lungn4317.jpeg,1,978
lungn2048.jpeg,1,755
lungn1337.jpeg,1,911
lungscc2192.jpeg,2,998
lungn1428.jpeg,1,927
lungaca990.jpeg,0,517
lungscc3847.jpeg,2,1160
lungn3955.jpeg,1,793
lungn2394.jpeg,1,771
lungn1975.jpeg,1,947
lungaca1814.jpeg,0,599
lungscc2571.jpeg,2,1218
lungn178.jpeg,1,956
lungaca825.jpeg,0,532
lungscc4937.jpeg,2,1206
lungscc4297.jpeg,2,1131
lungscc2464.jpeg,2,1136
lungscc3201.jpeg,2,1132
lungscc4479.jpeg,2,1126
lungscc4526.jpeg,2,1079
lungscc2555.jpeg,2,1101
lungaca146.jpeg,0,637
lungscc4695.jpeg,2,1219
lungn3296.jpeg,1,753
lungscc1714.jpeg,2,1044
lungscc4940.jpeg,2,1067
lungscc1998.jpeg,2,1022
lungscc1276.jpeg,2,1120
lungaca1199.jpeg,0,605
lungn2902.jpeg,1,880
lungn2439.jpeg,1,966
lungaca1428.jpeg,0,609
lungaca1464.jpeg,0,552
lungn2049.jpeg,1,985
lungaca1507.jpeg,0,549
lungn842.jpeg,1,925
lungscc1412.jpeg,2,1132
lungscc1528.jpeg,2,998
lungaca3934.jpeg,0,684
lungscc4592.jpeg,2,1135
lungscc2899.jpeg,2,1220
lungn1620.jpeg,1,906
lungaca659.jpeg,0,679
lungn1750.jpeg,1,795
lungn3135.jpeg,1,917
lungaca3212.jpeg,0,728
lungaca4277.jpeg,0,705
lungn4941.jpeg,1,840
lungn3403.jpeg,1,908
lungscc578.jpeg,2,1023
lungscc4746.jpeg,2,1018
lungaca1972.jpeg,0,605
lungn3523.jpeg,1,871
lungaca2298.jpeg,0,624
lungn433.jpeg,1,901
lungn2631.jpeg,1,940
lungaca677.jpeg,0,737
lungscc2300.jpeg,2,1244
lungaca3457.jpeg,0,688
lungscc1029.jpeg,2,1067
lungscc3255.jpeg,2,1066
lungaca1834.jpeg,0,722
lungn900.jpeg,1,761
lungaca1157.jpeg,0,709
lungscc4961.jpeg,2,1166
lungn4356.jpeg,1,957
lungscc4421.jpeg,2,1097
lungscc242.jpeg,2,1206
lungn1208.jpeg,1,761
lungn4820.jpeg,1,804
lungscc2401.jpeg,2,1094
lungn200.jpeg,1,951
lungaca745.jpeg,0,520
lungscc3442.jpeg,2,1084
lungaca2452.jpeg,0,686
lungscc1791.jpeg,2,1237
lungn753.jpeg,1,768
lungn4126.jpeg,1,820
lungaca1970.jpeg,0,672
lungscc4161.jpeg,2,1028
lungaca1918.jpeg,0,589
lungaca1758.jpeg,0,569
lungaca1032.jpeg,0,664
lungscc1813.jpeg,2,1070
lungscc1871.jpeg,2,1222
lungn2705.jpeg,1,933
lungn3366.jpeg,1,965
lungn2024.jpeg,1,821
lungscc4285.jpeg,2,1037
lungn2739.jpeg,1,852
lungaca2663.jpeg,0,542
lungscc894.jpeg,2,1143
lungn3739.jpeg,1,844
lungscc536.jpeg,2,1121
lungn4352.jpeg,1,749
lungaca907.jpeg,0,702
lungaca922.jpeg,0,664
lungaca188.jpeg,0,590
lungaca970.jpeg,0,621
lungscc1586.jpeg,2,1098
lungaca1423.jpeg,0,570
lungaca1474.jpeg,0,602
lungaca4007.jpeg,0,681
lungscc2127.jpeg,2,1163
lungaca6.jpeg,0,561
lungscc4703.jpeg,2,1069
lungscc1494.jpeg,2,1089
lungaca3465.jpeg,0,715
lungscc4962.jpeg,2,1116
lungscc729.jpeg,2,1184
lungaca4252.jpeg,0,522
lungaca921.jpeg,0,657
lungaca1989.jpeg,0,623
lungaca4225.jpeg,0,610
lungaca2560.jpeg,0,622
lungn3720.jpeg,1,833
lungscc1372.jpeg,2,1164
lungaca3552.jpeg,0,584
lungaca2051.jpeg,0,647
lungscc696.jpeg,2,1019
lungaca4200.jpeg,0,692
lungn1647.jpeg,1,996
lungn3985.jpeg,1,961
lungn3560.jpeg,1,838
lungn3462.jpeg,1,871
lungn4580.jpeg,1,801
lungaca1096.jpeg,0,678
lungaca4457.jpeg,0,680
lungaca3485.jpeg,0,685
lungn2166.jpeg,1,916
lungaca4055.jpeg,0,645
lungscc4959.jpeg,2,1187
lungn3466.jpeg,1,908
lungaca987.jpeg,0,544
lungaca1418.jpeg,0,722
lungn1102.jpeg,1,852
lungaca1647.jpeg,0,627
lungn1744.jpeg,1,884
lungscc617.jpeg,2,1030
lungn4037.jpeg,1,934
lungaca1544.jpeg,0,697
lungn1732.jpeg,1,919
lungaca3967.jpeg,0,606
lungscc2154.jpeg,2,1062
lungn4187.jpeg,1,858
lungscc2328.jpeg,2,1035
lungaca1789.jpeg,0,691
lungn1316.jpeg,1,808
lungaca2050.jpeg,0,647
lungaca3971.jpeg,0,732
lungn2720.jpeg,1,816
lungn2469.jpeg,1,828
lungscc2737.jpeg,2,1106
lungaca1367.jpeg,0,517
lungscc657.jpeg,2,1223
lungaca904.jpeg,0,601
lungn3155.jpeg,1,991
lungscc3342.jpeg,2,1007
lungaca4908.jpeg,0,528
lungn3080.jpeg,1,992
lungscc4371.jpeg,2,1098
lungscc3643.jpeg,2,1083
lungscc1907.jpeg,2,1134
lungn1242.jpeg,1,905
lungaca1793.jpeg,0,594
lungn4221.jpeg,1,939
lungaca2949.jpeg,0,727
lungscc896.jpeg,2,1064
lungaca1567.jpeg,0,604
lungscc2066.jpeg,2,1149
lungscc2051.jpeg,2,1058
lungaca3250.jpeg,0,607
lungaca2822.jpeg,0,586
lungscc84.jpeg,2,1105
lungscc2251.jpeg,2,1175
lungscc2504.jpeg,2,1193
lungscc4954.jpeg,2,1043
lungn2050.jpeg,1,774
lungscc4884.jpeg,2,1209
lungscc802.jpeg,2,1203
lungaca2179.jpeg,0,680
lungscc3437.jpeg,2,1214
lungaca4223.jpeg,0,555
lungscc3208.jpeg,2,1231
lungaca1497.jpeg,0,713
lungscc3498.jpeg,2,1205
lungscc2641.jpeg,2,1062
lungaca4426.jpeg,0,619
lungn4066.jpeg,1,952
lungn1155.jpeg,1,955
lungn3828.jpeg,1,818
lungaca72.jpeg,0,576
lungscc3897.jpeg,2,1199
lungn3931.jpeg,1,788
lungscc1556.jpeg,2,1119
lungscc187.jpeg,2,1033
lungn880.jpeg,1,916
lungaca280.jpeg,0,736
lungaca2551.jpeg,0,711
lungn2744.jpeg,1,802
lungaca3571.jpeg,0,639
lungscc387.jpeg,2,1208
lungscc2614.jpeg,2,1053
lungn951.jpeg,1,969
lungaca2408.jpeg,0,719
lungaca2352.jpeg,0,714
lungn260.jpeg,1,964
lungaca1921.jpeg,0,678
lungaca2117.jpeg,0,731
lungscc4646.jpeg,2,1062
lungscc4186.jpeg,2,1009
lungn4283.jpeg,1,845
lungscc4087.jpeg,2,1099
lungscc3858.jpeg,2,1220
lungaca709.jpeg,0,585
lungscc86.jpeg,2,1197
lungn3729.jpeg,1,828
lungscc598.jpeg,2,1089
lungscc3336.jpeg,2,1028
lungn1287.jpeg,1,912
lungscc2616.jpeg,2,1176
lungscc4633.jpeg,2,1237
lungn3559.jpeg,1,917
lungscc4870.jpeg,2,1024
lungaca2485.jpeg,0,610
lungn1687.jpeg,1,808
lungaca1722.jpeg,0,614
lungaca911.jpeg,0,660
lungn2480.jpeg,1,782
lungn1391.jpeg,1,915
lungscc756.jpeg,2,1221
lungn837.jpeg,1,974
lungn884.jpeg,1,931
lungaca2847.jpeg,0,737
lungscc3434.jpeg,2,1208
lungaca1099.jpeg,0,633
lungn1451.jpeg,1,992
lungscc4473.jpeg,2,1035
lungn133.jpeg,1,911
lungscc2400.jpeg,2,1165
lungn688.jpeg,1,926
lungaca650.jpeg,0,544
lungscc3590.jpeg,2,1009
lungscc2806.jpeg,2,1100
lungscc3454.jpeg,2,1076
lungn3513.jpeg,1,856
lungn3885.jpeg,1,966
lungscc4294.jpeg,2,1185
lungscc1059.jpeg,2,1132
lungn1093.jpeg,1,904
lungn2132.jpeg,1,776
lungaca4067.jpeg,0,513
lungaca4970.jpeg,0,589
lungscc1582.jpeg,2,1160
lungn1690.jpeg,1,758
lungn1022.jpeg,1,751
lungn3103.jpeg,1,908
lungaca3653.jpeg,0,526
lungaca4451.jpeg,0,545
lungaca4476.jpeg,0,602
lungscc1710.jpeg,2,1150
lungn2754.jpeg,1,877
lungaca2491.jpeg,0,583
lungaca2852.jpeg,0,662
lungaca4515.jpeg,0,733
lungaca1962.jpeg,0,557
lungaca1596.jpeg,0,660
lungscc2879.jpeg,2,1078
lungaca3882.jpeg,0,659
lungn775.jpeg,1,968
lungaca3319.jpeg,0,530
lungscc2854.jpeg,2,1235
lungscc1287.jpeg,2,1142
lungaca2586.jpeg,0,727
lungaca2138.jpeg,0,603
lungscc4119.jpeg,2,1124
lungscc611.jpeg,2,1209
lungscc38.jpeg,2,1168
lungaca4001.jpeg,0,661
lungscc2848.jpeg,2,1186
lungscc1416.jpeg,2,1033
lungaca3878.jpeg,0,621
lungn4660.jpeg,1,773
lungscc307.jpeg,2,1165
lungscc109.jpeg,2,1000
lungaca3008.jpeg,0,663
lungaca1090.jpeg,0,574
lungaca3184.jpeg,0,582
lungscc161.jpeg,2,1003
lungscc3379.jpeg,2,1021
lungn4938.jpeg,1,774
lungaca2302.jpeg,0,568
lungaca1876.jpeg,0,537
lungscc2236.jpeg,2,1115
lungaca3572.jpeg,0,702
lungscc1319.jpeg,2,1064
lungaca1240.jpeg,0,625
lungaca4472.jpeg,0,673
lungscc1200.jpeg,2,1073
lungn778.jpeg,1,845
lungn1360.jpeg,1,942
lungn2532.jpeg,1,855
lungaca1579.jpeg,0,734
lungaca905.jpeg,0,538
lungscc1706.jpeg,2,1202
lungscc2217.jpeg,2,1193
lungaca1896.jpeg,0,534
lungscc1385.jpeg,2,1151
lungn2717.jpeg,1,937
lungscc2137.jpeg,2,1114
lungscc3978.jpeg,2,1106
lungaca506.jpeg,0,702
lungscc2589.jpeg,2,1094
lungn722.jpeg,1,780
lungaca865.jpeg,0,744
lungaca868.jpeg,0,668
lungscc1226.jpeg,2,1240
lungn4170.jpeg,1,815
lungscc1399.jpeg,2,1075
lungn4320.jpeg,1,906
lungscc4840.jpeg,2,1034
lungscc767.jpeg,2,1152
lungaca1069.jpeg,0,537
lungn1443.jpeg,1,873
lungscc1891.jpeg,2,1208
lungn432.jpeg,1,909
lungaca4961.jpeg,0,672
lungn1624.jpeg,1,953
lungn1720.jpeg,1,770
lungn1779.jpeg,1,885
lungn4250.jpeg,1,912
lungscc247.jpeg,2,1078
lungaca558.jpeg,0,569
lungaca176.jpeg,0,560
lungscc2038.jpeg,2,1008
lungaca4938.jpeg,0,523
lungn3383.jpeg,1,769
lungscc4854.jpeg,2,1217
lungaca3576.jpeg,0,645
lungn2894.jpeg,1,899
lungaca4094.jpeg,0,733
lungscc594.jpeg,2,1017
lungscc2121.jpeg,2,1234
lungscc2198.jpeg,2,1048
lungn2946.jpeg,1,752
lungn1087.jpeg,1,757
lungscc3405.jpeg,2,1092
lungscc673.jpeg,2,1136
lungscc4302.jpeg,2,1184
lungaca1383.jpeg,0,606
lungn771.jpeg,1,826
lungn276.jpeg,1,981
lungaca3192.jpeg,0,535
lungn3926.jpeg,1,992
lungscc3224.jpeg,2,1018
lungaca1797.jpeg,0,695
lungaca209.jpeg,0,583
lungn3683.jpeg,1,825
lungscc4847.jpeg,2,1245
lungaca537.jpeg,0,719
lungn2270.jpeg,1,787
lungn3668.jpeg,1,891
lungaca2394.jpeg,0,609
lungaca3430.jpeg,0,694
lungaca2619.jpeg,0,703
lungn3504.jpeg,1,808
lungscc1267.jpeg,2,1025
lungaca4109.jpeg,0,625
lungn3734.jpeg,1,814
lungaca1518.jpeg,0,640
lungn1737.jpeg,1,943
lungscc3322.jpeg,2,1187
lungn2065.jpeg,1,780
lungaca4636.jpeg,0,640
lungn4493.jpeg,1,935
lungaca4147.jpeg,0,565
lungscc3589.jpeg,2,1147
lungaca3151.jpeg,0,602
lungn2919.jpeg,1,892
lungn4472.jpeg,1,778
lungaca2720.jpeg,0,670
lungaca1463.jpeg,0,552
lungn2552.jpeg,1,880
lungaca2553.jpeg,0,546
lungaca2655.jpeg,0,632
lungaca706.jpeg,0,628
lungaca2837.jpeg,0,595
lungn4460.jpeg,1,758
lungn4656.jpeg,1,902
lungn4339.jpeg,1,822
lungscc1322.jpeg,2,1017
lungaca2521.jpeg,0,512
lungscc2047.jpeg,2,1030
lungn1036.jpeg,1,788
lungaca1021.jpeg,0,741
lungscc437.jpeg,2,999
lungaca4452.jpeg,0,623
lungscc3319.jpeg,2,1031
lungaca2021.jpeg,0,659
lungscc3766.jpeg,2,1064
lungn4709.jpeg,1,756
lungscc1629.jpeg,2,1057
lungaca832.jpeg,0,633
lungscc4083.jpeg,2,1043
lungn641.jpeg,1,935
lungn3475.jpeg,1,958
lungaca2766.jpeg,0,578
lungn1176.jpeg,1,926
lungaca1827.jpeg,0,602
lungaca1193.jpeg,0,642
lungn1985.jpeg,1,984
lungaca810.jpeg,0,648
lungaca3063.jpeg,0,626
lungn3485.jpeg,1,873
lungaca98.jpeg,0,657
lungaca3281.jpeg,0,730
lungscc303.jpeg,2,1161
lungscc4781.jpeg,2,1049
lungn1993.jpeg,1,985
lungn3788.jpeg,1,794
lungn2124.jpeg,1,761
lungaca422.jpeg,0,589
lungn954.jpeg,1,853
lungscc2553.jpeg,2,1019
lungn1345.jpeg,1,908
lungn1325.jpeg,1,880
lungaca4265.jpeg,0,604
lungscc2471.jpeg,2,1034
lungaca94.jpeg,0,703
lungscc4488.jpeg,2,1055
lungn3648.jpeg,1,842
lungaca162.jpeg,0,701
lungscc1093.jpeg,2,1135
lungaca2451.jpeg,0,628
lungscc4202.jpeg,2,1240
lungscc2104.jpeg,2,1113
lungaca4047.jpeg,0,577
lungn1805.jpeg,1,941
lungn248.jpeg,1,750
lungscc987.jpeg,2,1074
lungaca4213.jpeg,0,524
lungscc1955.jpeg,2,1233
lungaca2815.jpeg,0,745
lungscc1541.jpeg,2,1024
lungaca3363.jpeg,0,596
lungn2310.jpeg,1,754
lungn588.jpeg,1,887
lungn3593.jpeg,1,885
lungaca305.jpeg,0,521
lungn3203.jpeg,1,939
lungaca2383.jpeg,0,619
lungaca2228.jpeg,0,524
lungn3866.jpeg,1,777
lungaca3920.jpeg,0,527
lungn3703.jpeg,1,918
lungaca696.jpeg,0,575
lungscc2408.jpeg,2,1189
lungscc3128.jpeg,2,1113
lungaca279.jpeg,0,658
lungscc235.jpeg,2,1207
lungaca4368.jpeg,0,614
lungaca1002.jpeg,0,569
lungaca408.jpeg,0,644
lungscc4928.jpeg,2,1112
lungscc4314.jpeg,2,1055
lungn4310.jpeg,1,848
lungaca1643.jpeg,0,689
lungscc274.jpeg,2,1077
lungscc1032.jpeg,2,1225
lungaca2702.jpeg,0,736
lungn368.jpeg,1,856
lungaca916.jpeg,0,659
lungscc18.jpeg,2,1189
lungn2564.jpeg,1,749
lungscc3929.jpeg,2,1018
lungn4240.jpeg,1,951
lungn3482.jpeg,1,796
lungn4704.jpeg,1,778
lungaca4976.jpeg,0,647
lungscc3135.jpeg,2,1058
lungaca977.jpeg,0,570
lungaca2613.jpeg,0,746
lungaca3678.jpeg,0,581
lungscc4315.jpeg,2,1098
lungscc176.jpeg,2,1237
lungn3134.jpeg,1,784
lungscc3806.jpeg,2,1048
lungn2630.jpeg,1,810
lungaca4973.jpeg,0,578
lungn3434.jpeg,1,784
lungscc3547.jpeg,2,1201
lungn1608.jpeg,1,912
lungn2617.jpeg,1,901
lungscc4311.jpeg,2,1059
lungaca1040.jpeg,0,658
lungn1751.jpeg,1,751
lungaca1657.jpeg,0,593
lungscc4779.jpeg,2,1116
lungaca1217.jpeg,0,549
lungn2647.jpeg,1,931
lungscc1020.jpeg,2,1218
lungscc788.jpeg,2,1033
lungaca4214.jpeg,0,650
lungaca2047.jpeg,0,632
lungaca566.jpeg,0,599
lungaca244.jpeg,0,540
lungn4829.jpeg,1,901
lungn1955.jpeg,1,888
lungaca2031.jpeg,0,544
lungscc2241.jpeg,2,1056
lungn3990.jpeg,1,789
lungaca1432.jpeg,0,517
lungscc3855.jpeg,2,1088
lungaca3587.jpeg,0,697
lungaca2379.jpeg,0,518
lungscc4599.jpeg,2,1177
lungn2571.jpeg,1,824
lungscc2685.jpeg,2,1077
lungaca240.jpeg,0,535
lungscc3758.jpeg,2,1037
lungscc336.jpeg,2,1093
lungaca1136.jpeg,0,668
lungscc733.jpeg,2,1225
lungn3234.jpeg,1,874
lungn1957.jpeg,1,775
lungscc320.jpeg,2,1170
lungaca3428.jpeg,0,732
lungn2890.jpeg,1,755
lungscc2072.jpeg,2,1053
lungscc2722.jpeg,2,1034
lungscc1765.jpeg,2,1028
lungscc1503.jpeg,2,1126
lungaca1707.jpeg,0,571
lungn1053.jpeg,1,948
lungscc315.jpeg,2,1098
lungn3359.jpeg,1,768
lungscc2755.jpeg,2,1196
lungaca2229.jpeg,0,646
lungscc1774.jpeg,2,1084
lungaca3755.jpeg,0,660
lungscc2191.jpeg,2,1033
lungscc2914.jpeg,2,1114
lungaca4989.jpeg,0,631
lungscc966.jpeg,2,1196
lungscc1086.jpeg,2,1086
lungn2661.jpeg,1,886
lungn4905.jpeg,1,786
lungscc4673.jpeg,2,1105
lungn3564.jpeg,1,893
lungn3996.jpeg,1,871
lungn968.jpeg,1,801
lungaca320.jpeg,0,635
lungn2736.jpeg,1,776
lungscc518.jpeg,2,1163
lungscc3179.jpeg,2,1181
lungn1007.jpeg,1,931
lungn4410.jpeg,1,852
lungn765.jpeg,1,937
lungscc279.jpeg,2,1117
lungn4815.jpeg,1,812
lungscc3968.jpeg,2,1052
lungaca4638.jpeg,0,569
lungaca1247.jpeg,0,671
lungn2645.jpeg,1,841
lungscc4804.jpeg,2,1159
lungn478.jpeg,1,779
lungaca3588.jpeg,0,712
lungaca2712.jpeg,0,582
lungaca4838.jpeg,0,729
lungscc3550.jpeg,2,1074
lungaca895.jpeg,0,543
lungaca1754.jpeg,0,581
lungscc468.jpeg,2,1235
lungscc572.jpeg,2,1215
lungscc1290.jpeg,2,1055
lungn2359.jpeg,1,968
lungscc1347.jpeg,2,1015
lungscc4105.jpeg,2,1134
lungaca2627.jpeg,0,513
lungn3041.jpeg,1,817
lungn1674.jpeg,1,970
lungn1011.jpeg,1,984
lungaca959.jpeg,0,689
lungaca2745.jpeg,0,592
lungscc812.jpeg,2,1045
lungaca4634.jpeg,0,543
lungaca2078.jpeg,0,639
lungscc1189.jpeg,2,1106
lungaca4810.jpeg,0,549
lungn4912.jpeg,1,820
lungn1232.jpeg,1,787
lungscc3801.jpeg,2,1242
lungscc4383.jpeg,2,1174
lungaca349.jpeg,0,668
lungaca2578.jpeg,0,713
lungn1606.jpeg,1,800
lungn1246.jpeg,1,841
lungscc3394.jpeg,2,1215
lungaca4217.jpeg,0,739
lungn4120.jpeg,1,903
lungscc4449.jpeg,2,1050
lungaca1026.jpeg,0,645
lungscc3268.jpeg,2,1019
lungn2787.jpeg,1,777
lungaca3365.jpeg,0,632
lungn321.jpeg,1,871
lungaca2253.jpeg,0,603
lungaca630.jpeg,0,621
lungn1030.jpeg,1,779
lungaca1395.jpeg,0,714
lungn798.jpeg,1,940
lungn1446.jpeg,1,985
lungscc3060.jpeg,2,1162
lungn4896.jpeg,1,750
lungscc4576.jpeg,2,1010
lungscc3952.jpeg,2,1113
lungscc4697.jpeg,2,1147
lungscc4148.jpeg,2,1145
lungscc3742.jpeg,2,1123
lungaca2409.jpeg,0,607
lungn2758.jpeg,1,977
lungaca1847.jpeg,0,528
lungaca1611.jpeg,0,560
lungaca923.jpeg,0,664
lungaca4326.jpeg,0,545
lungaca4355.jpeg,0,660
lungaca1401.jpeg,0,689
lungn1143.jpeg,1,822
lungn2078.jpeg,1,798
lungscc3243.jpeg,2,1127
lungn1413.jpeg,1,959
lungn1121.jpeg,1,900
lungscc4327.jpeg,2,1040
lungn2774.jpeg,1,764
lungn4955.jpeg,1,778
lungn4327.jpeg,1,760
lungscc4742.jpeg,2,1102
lungn3799.jpeg,1,985
lungn2824.jpeg,1,942
lungscc4865.jpeg,2,1186
lungn1179.jpeg,1,875
lungn2757.jpeg,1,960
lungscc441.jpeg,2,1098
lungscc2381.jpeg,2,1100
lungscc3661.jpeg,2,1011
lungscc1056.jpeg,2,1029
lungaca347.jpeg,0,561
lungscc2988.jpeg,2,1079
lungn2742.jpeg,1,871
lungn1569.jpeg,1,782
lungaca2263.jpeg,0,510
lungscc2188.jpeg,2,1149
lungaca551.jpeg,0,680
lungn1915.jpeg,1,884
lungn4074.jpeg,1,771
lungaca2992.jpeg,0,648
lungn63.jpeg,1,826
lungn335.jpeg,1,912
lungscc2657.jpeg,2,1058
lungaca4038.jpeg,0,739
lungaca3230.jpeg,0,744
lungscc334.jpeg,2,1032
lungaca3198.jpeg,0,734
lungaca3635.jpeg,0,703
lungn349.jpeg,1,784
lungscc755.jpeg,2,1013
lungn3452.jpeg,1,781
lungn2905.jpeg,1,829
lungn3864.jpeg,1,839
lungscc3097.jpeg,2,1238
lungscc3467.jpeg,2,1127
lungscc2601.jpeg,2,1049
lungn3934.jpeg,1,754
lungaca538.jpeg,0,719
lungaca1274.jpeg,0,647
lungaca2003.jpeg,0,552
lungaca1599.jpeg,0,703
lungaca3243.jpeg,0,589
lungaca4877.jpeg,0,576
lungscc1038.jpeg,2,1057
lungn4750.jpeg,1,963
lungn885.jpeg,1,937
lungaca4933.jpeg,0,571
lungn1261.jpeg,1,898
lungaca3801.jpeg,0,624
lungaca4870.jpeg,0,521
lungscc2065.jpeg,2,1175
lungaca1684.jpeg,0,579
lungaca1701.jpeg,0,717
lungn1928.jpeg,1,893
lungscc4373.jpeg,2,1042
lungaca3148.jpeg,0,667
lungaca4354.jpeg,0,660
lungaca4360.jpeg,0,649
lungaca881.jpeg,0,512
lungscc1543.jpeg,2,1173
lungscc4617.jpeg,2,1208
lungn3844.jpeg,1,752
lungn3387.jpeg,1,852
lungaca2785.jpeg,0,552
lungn2901.jpeg,1,974
lungaca2810.jpeg,0,744
lungaca3084.jpeg,0,684
lungscc138.jpeg,2,1043
lungn1478.jpeg,1,964
lungscc779.jpeg,2,1060
lungn110.jpeg,1,868
lungn1124.jpeg,1,873
lungaca405.jpeg,0,682
lungaca1039.jpeg,0,658
lungaca2068.jpeg,0,588
lungaca528.jpeg,0,554
lungaca2746.jpeg,0,665
lungscc2285.jpeg,2,1216
lungscc3046.jpeg,2,1064
lungaca293.jpeg,0,515
lungn3714.jpeg,1,864
lungaca2892.jpeg,0,634
lungaca1496.jpeg,0,726
lungscc4975.jpeg,2,1117
lungaca2674.jpeg,0,676
lungscc1392.jpeg,2,1059
lungaca2923.jpeg,0,597
lungn41.jpeg,1,919
lungaca2354.jpeg,0,571
lungn3999.jpeg,1,802
lungscc1792.jpeg,2,1237
lungn3520.jpeg,1,750
lungaca1731.jpeg,0,528
lungscc2636.jpeg,2,1000
lungscc2690.jpeg,2,1148
lungn3649.jpeg,1,786
lungn646.jpeg,1,979
lungn3442.jpeg,1,758
lungn2682.jpeg,1,950
lungn3941.jpeg,1,946
lungn2339.jpeg,1,947
lungaca4611.jpeg,0,641
lungaca841.jpeg,0,550
lungn4579.jpeg,1,780
lungn1615.jpeg,1,989
lungn4340.jpeg,1,930
lungscc3262.jpeg,2,1242
lungn4917.jpeg,1,927
lungn701.jpeg,1,831
lungscc2163.jpeg,2,1118
lungn2430.jpeg,1,956
lungscc1048.jpeg,2,1022
lungscc4685.jpeg,2,1128
lungscc2313.jpeg,2,1014
lungaca665.jpeg,0,549
lungn2716.jpeg,1,889
lungaca2706.jpeg,0,594
lungaca1164.jpeg,0,714
lungn2182.jpeg,1,939
lungscc3714.jpeg,2,1177
lungn4238.jpeg,1,924
lungaca2694.jpeg,0,648
lungscc507.jpeg,2,1021
lungscc4398.jpeg,2,1048
lungn2583.jpeg,1,836
lungn2895.jpeg,1,893
lungscc3313.jpeg,2,1169
lungaca340.jpeg,0,657
lungn4108.jpeg,1,901
lungscc1909.jpeg,2,1137
lungn1220.jpeg,1,750
lungscc2821.jpeg,2,1113
lungn4290.jpeg,1,809
lungn640.jpeg,1,919
lungaca4307.jpeg,0,580
lungaca3794.jpeg,0,529
lungaca4460.jpeg,0,705
lungaca548.jpeg,0,669
lungn2867.jpeg,1,955
lungaca1716.jpeg,0,562
lungscc4135.jpeg,2,1216
lungn328.jpeg,1,903
lungscc39.jpeg,2,1020
lungscc2973.jpeg,2,1018
lungn2127.jpeg,1,804
lungaca4506.jpeg,0,692
lungaca4185.jpeg,0,593
lungaca1605.jpeg,0,697
lungaca1187.jpeg,0,513
lungaca4789.jpeg,0,738
lungn2765.jpeg,1,935
lungn2588.jpeg,1,797
lungn2219.jpeg,1,823
lungn4678.jpeg,1,760
lungaca1147.jpeg,0,663
lungscc4989.jpeg,2,1223
lungn290.jpeg,1,794
lungaca809.jpeg,0,648
lungn1602.jpeg,1,864
lungaca4712.jpeg,0,562
lungaca2505.jpeg,0,525
lungscc3081.jpeg,2,1192
lungscc1564.jpeg,2,1078
lungscc4339.jpeg,2,1020
lungscc3554.jpeg,2,1166
lungn2556.jpeg,1,789
lungaca1178.jpeg,0,627
lungn2431.jpeg,1,882
lungn3893.jpeg,1,928
lungscc286.jpeg,2,1224
lungaca2273.jpeg,0,547
lungaca1936.jpeg,0,550
lungscc4798.jpeg,2,1014
lungaca2830.jpeg,0,679
lungaca2735.jpeg,0,741
lungscc1767.jpeg,2,1129
lungscc501.jpeg,2,1203
lungaca3402.jpeg,0,698
lungn410.jpeg,1,855
lungscc1312.jpeg,2,1007
lungaca413.jpeg,0,745
lungscc2387.jpeg,2,1139
lungn1148.jpeg,1,781
lungaca1771.jpeg,0,602
lungn1856.jpeg,1,896
lungscc210.jpeg,2,1233
lungn4307.jpeg,1,862
lungscc3298.jpeg,2,1008
lungn3177.jpeg,1,862
lungscc497.jpeg,2,1180
lungscc2683.jpeg,2,998
lungaca1202.jpeg,0,541
lungscc2323.jpeg,2,1185
lungscc4855.jpeg,2,1049
lungn2045.jpeg,1,764
lungscc4472.jpeg,2,1079
lungn1403.jpeg,1,990
lungn1098.jpeg,1,805
lungscc2341.jpeg,2,1109
lungn271.jpeg,1,942
lungaca2719.jpeg,0,516
lungaca3532.jpeg,0,522
lungn4019.jpeg,1,833
lungn827.jpeg,1,764
lungscc472.jpeg,2,1064
lungaca1447.jpeg,0,742
lungaca4528.jpeg,0,533
lungaca3778.jpeg,0,710
lungn2508.jpeg,1,973
lungn2410.jpeg,1,891
lungn1797.jpeg,1,873
lungn3283.jpeg,1,879
lungaca3296.jpeg,0,690
lungn1024.jpeg,1,915
lungaca195.jpeg,0,683
lungn1292.jpeg,1,897
lungaca3703.jpeg,0,730
lungn1938.jpeg,1,846
lungn3326.jpeg,1,761
lungscc248.jpeg,2,1108
lungn241.jpeg,1,890
lungn760.jpeg,1,965
lungn3554.jpeg,1,887
lungaca3655.jpeg,0,718
lungscc373.jpeg,2,1107
lungn3678.jpeg,1,767
lungscc3959.jpeg,2,1038
lungscc2780.jpeg,2,1226
lungaca3221.jpeg,0,722
lungaca1488.jpeg,0,628
lungaca727.jpeg,0,724
lungaca2146.jpeg,0,619
lungaca3990.jpeg,0,556
lungn2168.jpeg,1,759
lungn1661.jpeg,1,787
lungscc1814.jpeg,2,1038
lungaca3066.jpeg,0,623
lungscc2391.jpeg,2,1065
lungaca823.jpeg,0,690
lungn4075.jpeg,1,905
lungscc431.jpeg,2,1177
lungn2405.jpeg,1,759
lungn4418.jpeg,1,918
lungscc231.jpeg,2,1143
lungscc4071.jpeg,2,1108
lungaca4805.jpeg,0,727
lungscc3776.jpeg,2,1223
lungaca811.jpeg,0,648
lungaca442.jpeg,0,618
lungn4348.jpeg,1,971
lungscc2027.jpeg,2,1159
lungscc4793.jpeg,2,1232
lungn3704.jpeg,1,750
lungn2194.jpeg,1,852
lungaca4607.jpeg,0,744
lungn4503.jpeg,1,917
lungscc1918.jpeg,2,1076
lungaca2564.jpeg,0,654
lungaca2472.jpeg,0,529
lungn1272.jpeg,1,972
lungscc1944.jpeg,2,1031
lungn4297.jpeg,1,924
lungn4494.jpeg,1,938
lungn1427.jpeg,1,772
lungaca3112.jpeg,0,713
lungn1468.jpeg,1,750
lungaca1941.jpeg,0,555
lungaca1282.jpeg,0,610
lungn2161.jpeg,1,823
lungn3598.jpeg,1,964
lungscc414.jpeg,2,1133
lungscc2540.jpeg,2,1116
lungaca2185.jpeg,0,538
lungn4114.jpeg,1,912
lungaca4612.jpeg,0,651
lungn3609.jpeg,1,823
lungn3097.jpeg,1,854
lungn1320.jpeg,1,863
lungaca4503.jpeg,0,693
lungaca2233.jpeg,0,652
lungn2506.jpeg,1,951
lungn955.jpeg,1,757
lungscc2802.jpeg,2,1164
lungaca831.jpeg,0,606
lungscc4027.jpeg,2,1166
lungscc4116.jpeg,2,1237
lungscc3849.jpeg,2,1096
lungscc3666.jpeg,2,1099
lungscc2527.jpeg,2,1167
lungscc4812.jpeg,2,1089
lungn1541.jpeg,1,980
lungscc2229.jpeg,2,1184
lungaca4322.jpeg,0,675
lungn2214.jpeg,1,900
lungaca4114.jpeg,0,524
lungn2909.jpeg,1,859
lungaca1610.jpeg,0,672
lungn388.jpeg,1,948
lungn4902.jpeg,1,849
lungn2470.jpeg,1,889
lungaca327.jpeg,0,673
lungscc1626.jpeg,2,1161
lungn2760.jpeg,1,800
lungaca1451.jpeg,0,540
lungaca3139.jpeg,0,556
lungaca3772.jpeg,0,651
lungscc136.jpeg,2,1096
lungaca2945.jpeg,0,692
lungaca291.jpeg,0,507
lungaca491.jpeg,0,650
lungaca1503.jpeg,0,596
lungaca2269.jpeg,0,560
lungn3379.jpeg,1,847
lungaca4271.jpeg,0,530
lungscc2334.jpeg,2,1151
lungscc2320.jpeg,2,1159
lungn4015.jpeg,1,848
lungaca780.jpeg,0,643
lungn1808.jpeg,1,893
lungaca1027.jpeg,0,723
lungaca1048.jpeg,0,528
lungaca1607.jpeg,0,592
lungaca30.jpeg,0,599
lungn3350.jpeg,1,976
lungscc2369.jpeg,2,1221
lungaca1652.jpeg,0,673
lungscc3644.jpeg,2,1195
lungscc2287.jpeg,2,1059
lungn4636.jpeg,1,949
lungaca860.jpeg,0,649
lungaca169.jpeg,0,609
lungscc429.jpeg,2,1033
lungaca1878.jpeg,0,539
lungaca2.jpeg,0,664
lungscc3534.jpeg,2,1026
lungaca4333.jpeg,0,650
lungaca3770.jpeg,0,525
lungn15.jpeg,1,850
lungn1056.jpeg,1,824
lungscc1440.jpeg,2,1195
lungscc2228.jpeg,2,1210
lungn3172.jpeg,1,861
lungscc1561.jpeg,2,1155
lungn3262.jpeg,1,777
lungscc2694.jpeg,2,1152
lungaca4852.jpeg,0,517
lungaca2332.jpeg,0,710
lungn2389.jpeg,1,870
lungscc2617.jpeg,2,1003
lungaca4310.jpeg,0,710
lungn4814.jpeg,1,812
lungaca4906.jpeg,0,672
lungaca2866.jpeg,0,716
lungaca2962.jpeg,0,689
lungn607.jpeg,1,806
lungscc4899.jpeg,2,1087
lungscc2452.jpeg,2,1086
lungaca4237.jpeg,0,564
lungscc3654.jpeg,2,1097
lungscc913.jpeg,2,1162
lungscc2760.jpeg,2,1054
lungscc3839.jpeg,2,1103
lungscc839.jpeg,2,1025
lungn952.jpeg,1,764
lungn3542.jpeg,1,875
lungaca3292.jpeg,0,605
lungaca2752.jpeg,0,574
lungaca1468.jpeg,0,627
lungaca3146.jpeg,0,639
lungaca1162.jpeg,0,683
lungn3300.jpeg,1,864
lungn2436.jpeg,1,990
lungaca2900.jpeg,0,670
lungscc1110.jpeg,2,1180
lungscc1055.jpeg,2,1116
lungn772.jpeg,1,904
lungaca1093.jpeg,0,551
lungn1393.jpeg,1,826
lungn1603.jpeg,1,824
lungaca3761.jpeg,0,572
lungscc3424.jpeg,2,1094
lungaca3019.jpeg,0,743
lungaca636.jpeg,0,622
lungn1746.jpeg,1,828
lungscc2131.jpeg,2,1221
lungaca4837.jpeg,0,729
lungn1476.jpeg,1,897
lungn4040.jpeg,1,872
lungscc282.jpeg,2,1102
lungaca3122.jpeg,0,569
lungaca1137.jpeg,0,580
lungscc1014.jpeg,2,1164
lungn1777.jpeg,1,749
lungaca2629.jpeg,0,609
lungscc515.jpeg,2,1144
lungn705.jpeg,1,797
lungscc728.jpeg,2,1184
lungscc1262.jpeg,2,1083
lungscc549.jpeg,2,1005
lungaca1835.jpeg,0,722
lungaca1292.jpeg,0,613
lungscc229.jpeg,2,1154
lungscc975.jpeg,2,1229
lungn2830.jpeg,1,994
lungaca2120.jpeg,0,739
lungscc2105.jpeg,2,1002
lungscc3011.jpeg,2,1115
lungscc712.jpeg,2,1152
lungaca4505.jpeg,0,634
lungn1654.jpeg,1,951
lungscc2365.jpeg,2,1150
lungaca909.jpeg,0,519
lungn2022.jpeg,1,912
lungn3094.jpeg,1,890
lungn1756.jpeg,1,915
lungn1399.jpeg,1,859
lungn661.jpeg,1,826
lungaca1118.jpeg,0,523
lungscc3829.jpeg,2,1122
lungscc985.jpeg,2,1095
lungaca4884.jpeg,0,637
lungscc2032.jpeg,2,1111
lungscc1769.jpeg,2,1050
lungn2474.jpeg,1,937
lungaca1912.jpeg,0,574
lungn2210.jpeg,1,874
lungn274.jpeg,1,994
lungscc3657.jpeg,2,1161
lungscc1919.jpeg,2,1196
lungscc240.jpeg,2,1079
lungn3620.jpeg,1,941
lungscc992.jpeg,2,1245
lungaca4108.jpeg,0,562
lungn1283.jpeg,1,902
lungaca4251.jpeg,0,614
lungscc2448.jpeg,2,1092
lungn867.jpeg,1,824
lungscc4699.jpeg,2,1210
lungn2871.jpeg,1,871
lungscc3010.jpeg,2,1059
lungn832.jpeg,1,839
lungscc554.jpeg,2,1156
lungscc3452.jpeg,2,1027
lungn997.jpeg,1,922
lungn4543.jpeg,1,877
lungaca2961.jpeg,0,558
lungaca3525.jpeg,0,682
lungscc1663.jpeg,2,1137
lungaca2417.jpeg,0,521
lungn1956.jpeg,1,888
lungscc4535.jpeg,2,1085
lungaca4496.jpeg,0,718
lungscc2939.jpeg,2,1002
lungscc344.jpeg,2,1111
lungn2111.jpeg,1,816
lungn1632.jpeg,1,930
lungn898.jpeg,1,939
lungn2642.jpeg,1,752
lungscc95.jpeg,2,1014
lungscc4235.jpeg,2,1154
lungn1485.jpeg,1,989
lungscc1154.jpeg,2,1135
lungn893.jpeg,1,915
lungn3715.jpeg,1,870
lungn2074.jpeg,1,811
lungn2639.jpeg,1,905
lungscc1848.jpeg,2,1152
lungn1905.jpeg,1,772
lungn3114.jpeg,1,813
lungn1825.jpeg,1,971
lungaca1566.jpeg,0,604
lungn4777.jpeg,1,775
lungscc846.jpeg,2,1135
lungaca3090.jpeg,0,622
lungn763.jpeg,1,857
lungaca2809.jpeg,0,536
lungscc4129.jpeg,2,1225
lungscc1886.jpeg,2,1029
lungscc1605.jpeg,2,1102
lungn4233.jpeg,1,811
lungaca3097.jpeg,0,534
lungscc3911.jpeg,2,1040
lungscc3202.jpeg,2,1174
lungn4903.jpeg,1,928
lungscc3303.jpeg,2,1026
lungscc2331.jpeg,2,1153
lungn47.jpeg,1,978
lungscc4359.jpeg,2,1065
lungaca2098.jpeg,0,586
lungaca4026.jpeg,0,512
lungaca2775.jpeg,0,581
lungn4372.jpeg,1,796
lungn2247.jpeg,1,856
lungn4180.jpeg,1,957
lungscc2469.jpeg,2,1240
lungscc1076.jpeg,2,1235
lungscc2268.jpeg,2,1111
lungaca4729.jpeg,0,609
lungaca2378.jpeg,0,520
lungscc268.jpeg,2,1168
lungn669.jpeg,1,769
lungaca3988.jpeg,0,523
lungaca3722.jpeg,0,692
lungscc4367.jpeg,2,1070
lungaca1218.jpeg,0,516
lungaca260.jpeg,0,613
lungn4281.jpeg,1,974
lungaca3318.jpeg,0,537
lungn4351.jpeg,1,918
lungscc3241.jpeg,2,1181
lungaca239.jpeg,0,578
lungn4090.jpeg,1,838
lungscc2437.jpeg,2,1128
lungn2447.jpeg,1,787
lungn1582.jpeg,1,856
lungscc2116.jpeg,2,1107
lungaca76.jpeg,0,631
lungscc1666.jpeg,2,1061
lungn3984.jpeg,1,801
lungn2012.jpeg,1,890
lungscc4000.jpeg,2,1159
lungscc3906.jpeg,2,1099
lungn3455.jpeg,1,809
lungn4349.jpeg,1,946
lungaca4888.jpeg,0,518
lungaca3150.jpeg,0,645
lungscc1223.jpeg,2,1203
lungn1329.jpeg,1,769
lungn3878.jpeg,1,765
lungn4119.jpeg,1,849
lungn928.jpeg,1,793
lungscc1713.jpeg,2,1175
lungscc1439.jpeg,2,1083
lungn1370.jpeg,1,916
lungn4879.jpeg,1,761
lungaca3108.jpeg,0,710
lungscc3324.jpeg,2,1166
lungn3991.jpeg,1,778
lungaca416.jpeg,0,629
lungn2239.jpeg,1,939
lungn2636.jpeg,1,874
lungn4052.jpeg,1,799
lungaca4112.jpeg,0,637
lungaca4890.jpeg,0,729
lungaca2498.jpeg,0,715
lungn3476.jpeg,1,920
lungn3770.jpeg,1,770
lungaca1368.jpeg,0,630
lungaca4931.jpeg,0,669
lungaca1935.jpeg,0,550
lungscc1590.jpeg,2,1046
lungn1544.jpeg,1,987
lungn4988.jpeg,1,872
lungscc1603.jpeg,2,1176
lungn3833.jpeg,1,786
lungscc2212.jpeg,2,1061
lungaca3033.jpeg,0,728
lungscc4787.jpeg,2,1158
lungscc2728.jpeg,2,1021
lungscc3999.jpeg,2,1112
lungn2516.jpeg,1,820
lungn2558.jpeg,1,892
lungscc1924.jpeg,2,1153
lungscc2219.jpeg,2,1092
lungscc1966.jpeg,2,1232
lungn3750.jpeg,1,780
lungn4020.jpeg,1,833
lungn1812.jpeg,1,779
lungaca1723.jpeg,0,525
lungaca2626.jpeg,0,597
lungn1725.jpeg,1,952
lungscc2459.jpeg,2,1184
lungscc4602.jpeg,2,1038
lungaca2196.jpeg,0,591
lungaca3965.jpeg,0,675
lungn2053.jpeg,1,899
lungaca2758.jpeg,0,721
lungn3974.jpeg,1,889
lungn4231.jpeg,1,788
lungn1164.jpeg,1,993
lungscc538.jpeg,2,1227
lungn4001.jpeg,1,883
lungn3983.jpeg,1,825
lungaca479.jpeg,0,620
lungn3386.jpeg,1,799
lungscc4623.jpeg,2,1014
lungn68.jpeg,1,974
lungscc984.jpeg,2,1055
lungaca2638.jpeg,0,594
lungaca4118.jpeg,0,587
lungaca268.jpeg,0,591
lungscc2390.jpeg,2,1227
lungn1802.jpeg,1,917
lungaca855.jpeg,0,661
lungaca3383.jpeg,0,662
lungaca3609.jpeg,0,623
lungaca83.jpeg,0,621
lungaca2634.jpeg,0,718
lungn1640.jpeg,1,909
lungaca4305.jpeg,0,642
lungn4357.jpeg,1,957
lungscc1834.jpeg,2,1214
lungn838.jpeg,1,974
lungscc1413.jpeg,2,1174
lungn2260.jpeg,1,818
lungaca1288.jpeg,0,533
lungn3269.jpeg,1,895
lungscc2383.jpeg,2,1207
lungaca3316.jpeg,0,558
lungscc301.jpeg,2,1181
lungn2412.jpeg,1,795
lungn483.jpeg,1,804
lungaca259.jpeg,0,613
lungn2121.jpeg,1,767
lungn3101.jpeg,1,902
lungaca1828.jpeg,0,564
lungscc2095.jpeg,2,1079
lungscc4303.jpeg,2,1162
lungscc94.jpeg,2,1101
lungscc3496.jpeg,2,1001
lungaca1967.jpeg,0,644
lungaca2249.jpeg,0,748
lungscc130.jpeg,2,1038
lungn2229.jpeg,1,936
lungn4379.jpeg,1,803
lungscc805.jpeg,2,1098
lungscc3511.jpeg,2,1037
lungaca4659.jpeg,0,657
lungn3320.jpeg,1,963
lungn2866.jpeg,1,996
lungn4754.jpeg,1,806
lungn2118.jpeg,1,904
lungaca1494.jpeg,0,579
lungn4499.jpeg,1,752
lungscc686.jpeg,2,1144
lungn1971.jpeg,1,771
lungscc4134.jpeg,2,1108
lungaca2054.jpeg,0,530
lungscc3365.jpeg,2,1008
lungscc621.jpeg,2,1063
lungn1614.jpeg,1,938
lungscc2924.jpeg,2,1152
lungn3145.jpeg,1,777
lungaca311.jpeg,0,707
lungn1823.jpeg,1,932
lungn4338.jpeg,1,777
lungn2835.jpeg,1,832
lungscc3233.jpeg,2,1086
lungscc243.jpeg,2,1210
lungn789.jpeg,1,879
lungaca4006.jpeg,0,671
lungn4553.jpeg,1,848
lungaca2313.jpeg,0,524
lungaca2972.jpeg,0,696
lungscc4300.jpeg,2,1229
lungaca1884.jpeg,0,627
lungscc3166.jpeg,2,1102
lungaca1050.jpeg,0,594
lungaca306.jpeg,0,524
lungn883.jpeg,1,843
lungscc3040.jpeg,2,1173
lungn3238.jpeg,1,796
lungn43.jpeg,1,905
lungn4342.jpeg,1,792
lungscc905.jpeg,2,1182
lungscc4243.jpeg,2,1241
lungaca1180.jpeg,0,625
lungn4251.jpeg,1,772
lungaca4111.jpeg,0,553
lungscc358.jpeg,2,1113
lungn3073.jpeg,1,868
lungaca3322.jpeg,0,556
lungn1570.jpeg,1,934
lungscc4260.jpeg,2,1110
lungaca1005.jpeg,0,530
lungaca2973.jpeg,0,639
lungaca2075.jpeg,0,631
lungn261.jpeg,1,920
lungaca2475.jpeg,0,731
lungn3042.jpeg,1,976
lungscc3003.jpeg,2,1078
lungn1571.jpeg,1,758
lungn4284.jpeg,1,788
lungn3130.jpeg,1,988
lungaca3815.jpeg,0,684
lungaca2511.jpeg,0,686
lungscc3106.jpeg,2,1081
lungn4753.jpeg,1,806
lungn2931.jpeg,1,810
lungn3251.jpeg,1,984
lungn972.jpeg,1,754
lungscc4334.jpeg,2,1168
lungaca1328.jpeg,0,733
lungn153.jpeg,1,800
lungscc1051.jpeg,2,1187
lungscc4385.jpeg,2,1205
lungn269.jpeg,1,820
lungscc4728.jpeg,2,1205
lungaca1953.jpeg,0,746
lungn676.jpeg,1,867
lungaca3164.jpeg,0,644
lungn4241.jpeg,1,951
lungaca4074.jpeg,0,628
lungscc376.jpeg,2,1066
lungaca3542.jpeg,0,713
lungaca1751.jpeg,0,539
lungscc2453.jpeg,2,1122
lungn4076.jpeg,1,797
lungn4886.jpeg,1,956
lungaca4041.jpeg,0,680
lungaca1766.jpeg,0,662
lungn3438.jpeg,1,816
lungn3919.jpeg,1,757
lungaca4198.jpeg,0,620
lungn644.jpeg,1,873
lungscc2980.jpeg,2,1010
lungn4402.jpeg,1,880
lungaca3628.jpeg,0,728
lungaca131.jpeg,0,700
lungaca2390.jpeg,0,665
lungn3024.jpeg,1,847
lungn4593.jpeg,1,765
lungscc3664.jpeg,2,1115
lungaca4423.jpeg,0,657
lungaca913.jpeg,0,602
lungn2461.jpeg,1,768
lungscc452.jpeg,2,1174
lungn1943.jpeg,1,788
lungscc1209.jpeg,2,1054
lungn821.jpeg,1,841
lungn1865.jpeg,1,915
lungaca4370.jpeg,0,628
lungscc352.jpeg,2,1035
lungn2404.jpeg,1,759
lungaca2026.jpeg,0,744
lungaca1440.jpeg,0,638
lungscc36.jpeg,2,1028
lungn4171.jpeg,1,932
lungscc2444.jpeg,2,1159
lungaca4656.jpeg,0,659
lungaca1149.jpeg,0,573
lungaca3647.jpeg,0,665
lungaca1013.jpeg,0,624
lungaca2641.jpeg,0,507
lungscc3651.jpeg,2,1229
lungscc3147.jpeg,2,1242
lungaca499.jpeg,0,537
lungaca3159.jpeg,0,671
lungaca3682.jpeg,0,624
lungscc238.jpeg,2,1122
lungscc798.jpeg,2,1157
lungaca544.jpeg,0,647
lungn4490.jpeg,1,919
lungn4782.jpeg,1,993
lungn4577.jpeg,1,968
lungn1917.jpeg,1,889
lungaca4261.jpeg,0,718
lungn2291.jpeg,1,853
lungscc123.jpeg,2,1011
lungscc4201.jpeg,2,1015
lungaca539.jpeg,0,596
lungscc4325.jpeg,2,1071
lungn4923.jpeg,1,933
lungscc1235.jpeg,2,1208
lungscc502.jpeg,2,1240
lungaca4953.jpeg,0,534
lungaca4231.jpeg,0,696
lungn2371.jpeg,1,776
lungaca3149.jpeg,0,546
lungn3341.jpeg,1,911
lungscc738.jpeg,2,1005
lungn2203.jpeg,1,908
lungscc2399.jpeg,2,1200
lungn3277.jpeg,1,852
lungscc4536.jpeg,2,1005
lungaca63.jpeg,0,623
lungaca137.jpeg,0,737
lungn3109.jpeg,1,940
lungscc4170.jpeg,2,1188
lungaca3273.jpeg,0,564
lungaca1606.jpeg,0,654
lungaca1816.jpeg,0,631
lungaca4640.jpeg,0,689
lungscc4974.jpeg,2,1186
lungscc1585.jpeg,2,1043
lungn1480.jpeg,1,922
lungn3470.jpeg,1,770
lungaca4530.jpeg,0,639
lungscc143.jpeg,2,1198
lungn4243.jpeg,1,878
lungaca1088.jpeg,0,526
lungscc4906.jpeg,2,1187
lungn2981.jpeg,1,871
lungaca1082.jpeg,0,738
lungaca271.jpeg,0,730
lungn394.jpeg,1,766
lungaca3838.jpeg,0,586
lungn3910.jpeg,1,803
lungaca3384.jpeg,0,613
lungscc4328.jpeg,2,1045
lungscc3671.jpeg,2,1146
lungaca4125.jpeg,0,612
lungaca614.jpeg,0,588
lungn1498.jpeg,1,857
lungaca81.jpeg,0,660
lungn365.jpeg,1,956
lungn4207.jpeg,1,855
lungn1978.jpeg,1,768
lungaca2158.jpeg,0,589
lungaca2538.jpeg,0,563
lungscc1913.jpeg,2,1152
lungn3661.jpeg,1,836
lungn1357.jpeg,1,874
lungscc2477.jpeg,2,1242
lungscc800.jpeg,2,1055
lungn2493.jpeg,1,895
lungaca3497.jpeg,0,694
lungaca1179.jpeg,0,702
lungaca2747.jpeg,0,651
lungn78.jpeg,1,765
lungn2712.jpeg,1,887
lungaca4804.jpeg,0,606
lungscc2186.jpeg,2,1174
lungscc3653.jpeg,2,1155
lungn489.jpeg,1,932
lungaca1366.jpeg,0,628
lungn674.jpeg,1,792
lungn2301.jpeg,1,777
lungaca3329.jpeg,0,637
lungscc2689.jpeg,2,1014
lungn1068.jpeg,1,785
lungaca2791.jpeg,0,696
lungaca4304.jpeg,0,651
lungscc3567.jpeg,2,998
lungaca3072.jpeg,0,571
lungn4429.jpeg,1,862
lungaca2526.jpeg,0,732
lungn4895.jpeg,1,762
lungn4929.jpeg,1,984
lungscc1880.jpeg,2,1066
lungaca132.jpeg,0,558
lungscc2602.jpeg,2,1208
lungscc3519.jpeg,2,1017
lungaca4821.jpeg,0,669
lungn723.jpeg,1,790
lungaca2414.jpeg,0,529
lungscc4745.jpeg,2,1073
lungn4141.jpeg,1,906
lungaca437.jpeg,0,652
lungscc3217.jpeg,2,1114
lungaca1944.jpeg,0,539
lungaca4272.jpeg,0,733
lungn1040.jpeg,1,971
lungscc1428.jpeg,2,1137
lungaca1537.jpeg,0,591
lungaca3397.jpeg,0,572
lungn1082.jpeg,1,937
lungaca2588.jpeg,0,626
lungn2141.jpeg,1,879
lungn2982.jpeg,1,957
lungscc4109.jpeg,2,1213
lungaca759.jpeg,0,642
lungn3340.jpeg,1,911
lungscc4917.jpeg,2,1101
lungaca218.jpeg,0,592
lungaca4568.jpeg,0,634
lungn3793.jpeg,1,937
lungaca852.jpeg,0,546
lungscc682.jpeg,2,1146
lungn1376.jpeg,1,783
lungaca1148.jpeg,0,552
lungn465.jpeg,1,757
lungn488.jpeg,1,856
lungn3624.jpeg,1,868
lungn463.jpeg,1,764
lungaca4395.jpeg,0,679
lungn1402.jpeg,1,867
lungaca4923.jpeg,0,742
lungscc4088.jpeg,2,1116
lungaca2625.jpeg,0,534
lungscc2117.jpeg,2,1087
lungn2289.jpeg,1,914
lungn4736.jpeg,1,884
lungn3901.jpeg,1,927
lungn3676.jpeg,1,949
lungn93.jpeg,1,980
lungaca4790.jpeg,0,744
lungscc1962.jpeg,2,1231
lungscc1616.jpeg,2,1124
lungn3401.jpeg,1,885
lungn4793.jpeg,1,921
lungaca1200.jpeg,0,554
lungscc2292.jpeg,2,1107
lungscc3617.jpeg,2,1244
lungaca2828.jpeg,0,512
lungn4346.jpeg,1,890
lungn3524.jpeg,1,888
lungn3768.jpeg,1,928
lungscc152.jpeg,2,1220
lungscc2592.jpeg,2,1180
lungaca3211.jpeg,0,737
lungaca1010.jpeg,0,669
lungaca4850.jpeg,0,611
lungscc4665.jpeg,2,1031
lungaca1744.jpeg,0,647
lungn4252.jpeg,1,848
lungscc2539.jpeg,2,1036
lungaca2194.jpeg,0,518
lungaca3520.jpeg,0,711
lungaca2106.jpeg,0,735
lungscc2393.jpeg,2,1199
lungn2060.jpeg,1,758
lungaca1928.jpeg,0,733
lungaca2509.jpeg,0,668
lungn3611.jpeg,1,841
lungaca4695.jpeg,0,733
lungn1185.jpeg,1,921
lungaca4434.jpeg,0,548
lungn1538.jpeg,1,903
lungaca2732.jpeg,0,601
lungaca4858.jpeg,0,653
lungscc202.jpeg,2,1098
lungscc790.jpeg,2,1118
lungaca258.jpeg,0,667
lungn1664.jpeg,1,926
lungn134.jpeg,1,871
lungn4987.jpeg,1,850
lungn2385.jpeg,1,786
lungn3132.jpeg,1,783
lungn13.jpeg,1,782
lungn2673.jpeg,1,789
lungn3211.jpeg,1,788
lungaca4815.jpeg,0,530
lungscc3481.jpeg,2,1055
lungn1549.jpeg,1,962
lungaca4022.jpeg,0,695
lungscc216.jpeg,2,1158
lungaca768.jpeg,0,579
lungn996.jpeg,1,800
lungaca2092.jpeg,0,544
lungn3453.jpeg,1,778
lungaca461.jpeg,0,704
lungaca3809.jpeg,0,617
lungn3148.jpeg,1,805
lungscc1878.jpeg,2,1107
lungscc818.jpeg,2,1197
lungn4962.jpeg,1,802
lungscc2025.jpeg,2,1091
lungn3119.jpeg,1,766
lungscc4951.jpeg,2,1180
lungscc3686.jpeg,2,1084
lungscc3059.jpeg,2,1004
lungaca4893.jpeg,0,715
lungscc4523.jpeg,2,1143
lungaca253.jpeg,0,618
lungn556.jpeg,1,991
lungscc4209.jpeg,2,1166
lungn3821.jpeg,1,809
lungn4373.jpeg,1,947
lungscc1062.jpeg,2,1144
lungscc1393.jpeg,2,1030
lungscc1112.jpeg,2,1041
lungn3058.jpeg,1,823
lungn4631.jpeg,1,795
lungscc4671.jpeg,2,1040
lungn209.jpeg,1,796
lungscc1939.jpeg,2,1055
lungn3034.jpeg,1,971
lungn2567.jpeg,1,976
lungaca2074.jpeg,0,599
lungaca1856.jpeg,0,727
lungaca3115.jpeg,0,565
lungn1568.jpeg,1,808
lungaca628.jpeg,0,711
lungscc3808.jpeg,2,1003
lungn2231.jpeg,1,795
lungscc4310.jpeg,2,1167
lungscc2743.jpeg,2,1137
lungaca4830.jpeg,0,617
lungn3385.jpeg,1,788
lungn1200.jpeg,1,751
lungaca1724.jpeg,0,674
lungscc4902.jpeg,2,1156
lungscc1064.jpeg,2,1215
lungn957.jpeg,1,844
lungaca3991.jpeg,0,556
lungaca4778.jpeg,0,625
lungn1051.jpeg,1,793
lungaca4983.jpeg,0,689
lungaca4052.jpeg,0,627
lungscc3167.jpeg,2,1238
lungn2492.jpeg,1,945
lungaca724.jpeg,0,535
lungn1742.jpeg,1,797
lungaca1951.jpeg,0,639
lungaca2968.jpeg,0,523
lungscc999.jpeg,2,1149
lungn1241.jpeg,1,834
lungaca175.jpeg,0,580
lungaca2763.jpeg,0,742
lungscc2349.jpeg,2,1178
lungscc1775.jpeg,2,1186
lungscc1157.jpeg,2,1225
lungaca1273.jpeg,0,590
lungaca4184.jpeg,0,509
lungaca3734.jpeg,0,527
lungn2010.jpeg,1,754
lungscc997.jpeg,2,1175
lungscc4288.jpeg,2,1159
lungaca4458.jpeg,0,558
lungaca546.jpeg,0,530
lungaca1054.jpeg,0,569
lungn3497.jpeg,1,816
lungscc3669.jpeg,2,1234
lungaca1486.jpeg,0,536
lungscc3408.jpeg,2,1133
lungn3202.jpeg,1,872
lungscc1522.jpeg,2,1197
lungscc2042.jpeg,2,1097
lungn2128.jpeg,1,894
lungaca3927.jpeg,0,537
lungn2612.jpeg,1,846
lungaca2122.jpeg,0,707
lungscc1041.jpeg,2,1063
lungaca4545.jpeg,0,522
lungscc853.jpeg,2,1057
lungaca2722.jpeg,0,549
lungaca1139.jpeg,0,691
lungscc3846.jpeg,2,1075
lungscc4257.jpeg,2,1055
lungn2805.jpeg,1,971
lungaca1580.jpeg,0,524
lungaca4292.jpeg,0,703
lungaca534.jpeg,0,515
lungaca2996.jpeg,0,609
lungscc2483.jpeg,2,1205
lungaca822.jpeg,0,579
lungn4446.jpeg,1,843
lungaca495.jpeg,0,640
lungaca1145.jpeg,0,726
lungscc2152.jpeg,2,1069
lungn2953.jpeg,1,843
lungn953.jpeg,1,764
lungscc1409.jpeg,2,1146
lungaca1177.jpeg,0,556
lungscc3734.jpeg,2,1045
lungaca233.jpeg,0,582
lungaca4328.jpeg,0,529
lungaca535.jpeg,0,584
lungscc4983.jpeg,2,1237
lungaca567.jpeg,0,677
lungaca4720.jpeg,0,587
lungscc4194.jpeg,2,1005
lungaca1763.jpeg,0,552
lungscc1675.jpeg,2,1139
lungn2110.jpeg,1,984
lungn1248.jpeg,1,831
lungn4625.jpeg,1,887
lungaca2486.jpeg,0,737
lungaca1966.jpeg,0,644
lungn2325.jpeg,1,817
lungaca3513.jpeg,0,618
lungscc263.jpeg,2,1001
lungaca4207.jpeg,0,647
lungaca3220.jpeg,0,729
lungscc2218.jpeg,2,1154
lungn3261.jpeg,1,992
lungaca352.jpeg,0,560
lungn1837.jpeg,1,940
lungscc4042.jpeg,2,1237
lungscc2446.jpeg,2,1143
lungscc3025.jpeg,2,1192
lungn592.jpeg,1,794
lungscc4731.jpeg,2,1129
lungn1319.jpeg,1,865
lungn3930.jpeg,1,815
lungscc2325.jpeg,2,1086
lungaca3776.jpeg,0,514
lungn1096.jpeg,1,801
lungscc2524.jpeg,2,1177
lungaca3634.jpeg,0,621
lungaca3229.jpeg,0,701
lungaca1248.jpeg,0,671
lungscc4402.jpeg,2,1117
lungn574.jpeg,1,977
lungaca3015.jpeg,0,569
lungscc1892.jpeg,2,1244
lungaca3956.jpeg,0,690
lungscc2989.jpeg,2,1227
lungaca4293.jpeg,0,649
lungscc3703.jpeg,2,1080
lungaca2754.jpeg,0,656
lungn4780.jpeg,1,810
lungscc142.jpeg,2,1022
lungaca472.jpeg,0,586
lungaca401.jpeg,0,575
lungn3521.jpeg,1,924
lungscc708.jpeg,2,1093
lungn4948.jpeg,1,845
lungscc2716.jpeg,2,1038
lungn1050.jpeg,1,878
lungaca2036.jpeg,0,579
lungscc3150.jpeg,2,1233
lungscc4080.jpeg,2,1180
lungn2005.jpeg,1,846
lungscc1423.jpeg,2,1179
lungscc891.jpeg,2,1159
lungscc573.jpeg,2,1215
lungaca4909.jpeg,0,638
lungaca2057.jpeg,0,652
lungscc4649.jpeg,2,1109
lungaca988.jpeg,0,686
lungn2734.jpeg,1,754
lungaca2675.jpeg,0,533
lungscc2574.jpeg,2,1000
lungscc1488.jpeg,2,1012
lungn3022.jpeg,1,840
lungn4679.jpeg,1,760
lungn3352.jpeg,1,903
lungn4337.jpeg,1,839
lungn1084.jpeg,1,936
lungscc1653.jpeg,2,1170
lungaca2082.jpeg,0,621
lungscc3044.jpeg,2,1143
lungscc2385.jpeg,2,1219
lungn4727.jpeg,1,800
lungaca4306.jpeg,0,668
lungscc4709.jpeg,2,1183
lungscc3229.jpeg,2,1185
lungaca2936.jpeg,0,726
lungaca4990.jpeg,0,631
lungaca2277.jpeg,0,565
lungscc3231.jpeg,2,1083
lungn1914.jpeg,1,881
lungaca4993.jpeg,0,519
lungn2133.jpeg,1,811
lungaca3464.jpeg,0,661
lungn2184.jpeg,1,779
lungaca1642.jpeg,0,542
lungn1524.jpeg,1,867
lungscc163.jpeg,2,1117
lungn1609.jpeg,1,772
lungaca2436.jpeg,0,538
lungscc2794.jpeg,2,1117
lungaca4030.jpeg,0,545
lungscc1337.jpeg,2,1113
lungscc1456.jpeg,2,1059
lungaca3816.jpeg,0,673
lungn2783.jpeg,1,949
lungn4183.jpeg,1,878
lungscc3545.jpeg,2,1115
lungn4311.jpeg,1,771
lungaca4809.jpeg,0,545
lungn2537.jpeg,1,757
lungaca345.jpeg,0,525
lungscc1574.jpeg,2,1165
lungscc2074.jpeg,2,1215
lungaca177.jpeg,0,594
lungscc3368.jpeg,2,1157
lungn469.jpeg,1,934
lungaca4418.jpeg,0,524
lungscc124.jpeg,2,1011
lungscc346.jpeg,2,1133
lungscc3873.jpeg,2,1093
lungaca3266.jpeg,0,610
lungn834.jpeg,1,761
lungscc4560.jpeg,2,1176
lungaca4352.jpeg,0,627
lungaca2204.jpeg,0,510
lungn3708.jpeg,1,908
lungn1846.jpeg,1,862
lungaca4940.jpeg,0,662
lungn3874.jpeg,1,781
lungaca4066.jpeg,0,592
lungn2840.jpeg,1,828
lungscc4869.jpeg,2,1213
lungaca41.jpeg,0,665
lungaca2601.jpeg,0,739
lungn4964.jpeg,1,903
lungaca1658.jpeg,0,593
lungaca1117.jpeg,0,523
lungscc3038.jpeg,2,1024
lungaca3133.jpeg,0,555
lungn165.jpeg,1,979
lungaca1498.jpeg,0,507
lungaca3049.jpeg,0,614
lungn4062.jpeg,1,770
lungaca4081.jpeg,0,718
lungaca2644.jpeg,0,685
lungaca2617.jpeg,0,660
lungscc4771.jpeg,2,1180
lungn4885.jpeg,1,956
lungaca2748.jpeg,0,554
lungscc526.jpeg,2,1077
lungn2458.jpeg,1,905
lungaca3065.jpeg,0,647
lungn2727.jpeg,1,822
lungaca1385.jpeg,0,632
lungscc2372.jpeg,2,1077
lungscc3334.jpeg,2,1033
lungaca784.jpeg,0,569
lungn4674.jpeg,1,843
lungn4539.jpeg,1,903
lungaca2914.jpeg,0,538
lungaca307.jpeg,0,646
lungscc180.jpeg,2,1223
lungn1297.jpeg,1,983
lungaca1442.jpeg,0,547
lungscc3287.jpeg,2,1089
lungaca2128.jpeg,0,631
lungn4963.jpeg,1,883
lungaca421.jpeg,0,547
lungaca4770.jpeg,0,635
lungn3408.jpeg,1,976
lungscc2868.jpeg,2,1223
lungscc2730.jpeg,2,1036
lungscc680.jpeg,2,1166
lungaca4807.jpeg,0,626
lungn788.jpeg,1,959
lungn730.jpeg,1,750
lungn3740.jpeg,1,808
lungn1794.jpeg,1,927
lungn2153.jpeg,1,942
lungn4619.jpeg,1,896
lungn3909.jpeg,1,803
lungscc2180.jpeg,2,1107
lungn4588.jpeg,1,781
lungn2160.jpeg,1,981
lungscc4445.jpeg,2,1140
lungscc4986.jpeg,2,1079
lungn2656.jpeg,1,795
lungaca3432.jpeg,0,549
lungscc3974.jpeg,2,1046
lungn583.jpeg,1,797
lungn2672.jpeg,1,788
lungaca3219.jpeg,0,615
lungn876.jpeg,1,837
lungn3153.jpeg,1,781
lungn902.jpeg,1,880
lungn3334.jpeg,1,754
lungscc935.jpeg,2,1202
lungn65.jpeg,1,767
lungaca4998.jpeg,0,715
lungscc822.jpeg,2,1020
lungscc3283.jpeg,2,1121
lungscc2966.jpeg,2,1221
lungaca522.jpeg,0,614
lungn1712.jpeg,1,819
lungn547.jpeg,1,894
lungscc2977.jpeg,2,1112
lungn603.jpeg,1,782
lungscc1496.jpeg,2,1124
lungaca1186.jpeg,0,592
lungaca3708.jpeg,0,611
lungn327.jpeg,1,802
lungaca4428.jpeg,0,525
lungn1706.jpeg,1,892
lungn2085.jpeg,1,879
lungn4809.jpeg,1,893
lungn1025.jpeg,1,898
lungaca2506.jpeg,0,674
lungaca56.jpeg,0,655
lungn340.jpeg,1,935
lungaca2350.jpeg,0,527
lungaca585.jpeg,0,561
lungn3303.jpeg,1,875
lungn3613.jpeg,1,797
lungaca1206.jpeg,0,582
lungn3084.jpeg,1,822
lungscc4610.jpeg,2,1036
lungn843.jpeg,1,804
lungn4666.jpeg,1,952
lungscc1257.jpeg,2,1143
lungaca3574.jpeg,0,673
lungscc3453.jpeg,2,1171
lungn4728.jpeg,1,922
lungscc119.jpeg,2,1120
lungn1483.jpeg,1,796
lungaca2315.jpeg,0,593
lungn764.jpeg,1,760
lungscc3920.jpeg,2,1231
lungn4173.jpeg,1,792
lungscc2123.jpeg,2,1208
lungn2696.jpeg,1,920
lungaca1259.jpeg,0,718
lungaca248.jpeg,0,527
lungaca2842.jpeg,0,652
lungscc2875.jpeg,2,1241
lungaca3986.jpeg,0,555
lungn4916.jpeg,1,772
lungaca3206.jpeg,0,581
lungscc1332.jpeg,2,1151
lungaca646.jpeg,0,738
lungaca4424.jpeg,0,534
lungscc4692.jpeg,2,1159
lungaca2942.jpeg,0,589
lungn3332.jpeg,1,932
lungscc401.jpeg,2,1104
lungscc854.jpeg,2,1167
lungaca3210.jpeg,0,569
lungaca332.jpeg,0,602
lungaca3247.jpeg,0,666
lungaca1386.jpeg,0,521
lungaca956.jpeg,0,542
lungscc2876.jpeg,2,1126
lungn2498.jpeg,1,909
lungn4285.jpeg,1,765
lungscc2857.jpeg,2,1193
lungaca884.jpeg,0,545
lungscc3525.jpeg,2,1147
lungscc2984.jpeg,2,1191
lungn3212.jpeg,1,789
lungn4756.jpeg,1,812
lungaca3474.jpeg,0,510
lungaca1009.jpeg,0,669
lungn4711.jpeg,1,818
lungn2459.jpeg,1,921
lungscc3975.jpeg,2,1040
lungn3075.jpeg,1,898
lungscc1847.jpeg,2,1152
lungaca3101.jpeg,0,536
lungn742.jpeg,1,849
lungscc3494.jpeg,2,1006
lungaca1810.jpeg,0,635
lungn2038.jpeg,1,953
lungn3045.jpeg,1,982
lungaca3379.jpeg,0,677
lungn735.jpeg,1,957
lungaca3245.jpeg,0,695
lungn253.jpeg,1,967
lungscc3795.jpeg,2,1036
lungn1973.jpeg,1,905
lungaca2065.jpeg,0,680
lungscc3216.jpeg,2,1082
lungscc170.jpeg,2,1185
lungscc3515.jpeg,2,1143
lungaca403.jpeg,0,575
lungaca4928.jpeg,0,646
lungn1017.jpeg,1,917
lungscc3412.jpeg,2,1131
lungscc1071.jpeg,2,1093
lungn97.jpeg,1,834
lungscc1536.jpeg,2,1134
lungaca2320.jpeg,0,716
lungscc4778.jpeg,2,1166
lungn2059.jpeg,1,758
lungn1926.jpeg,1,899
lungscc3244.jpeg,2,1200
lungaca4565.jpeg,0,655
lungaca4172.jpeg,0,601
lungn4717.jpeg,1,948
lungaca3529.jpeg,0,592
lungscc666.jpeg,2,1069
lungn4682.jpeg,1,755
lungaca3729.jpeg,0,623
lungscc3623.jpeg,2,1168
lungaca4572.jpeg,0,694
lungn1599.jpeg,1,954
lungaca1390.jpeg,0,598
lungaca2393.jpeg,0,561
lungscc318.jpeg,2,1187
lungscc945.jpeg,2,1197
lungn1103.jpeg,1,809
lungscc2798.jpeg,2,1137
lungn4870.jpeg,1,784
lungn3414.jpeg,1,813
lungaca3804.jpeg,0,635
lungn312.jpeg,1,909
lungn287.jpeg,1,828
lungscc2578.jpeg,2,1067
lungscc540.jpeg,2,1147
lungn3123.jpeg,1,919
lungaca4628.jpeg,0,595
lungscc3061.jpeg,2,1118
lungaca3024.jpeg,0,543
lungaca3869.jpeg,0,542
lungaca835.jpeg,0,590
lungscc3269.jpeg,2,1048
lungn2978.jpeg,1,791
lungn506.jpeg,1,967
lungscc757.jpeg,2,1221
lungscc1047.jpeg,2,1031
lungscc1231.jpeg,2,1116
lungaca1289.jpeg,0,741
lungn2637.jpeg,1,862
lungn3423.jpeg,1,921
lungn3932.jpeg,1,788
lungscc2441.jpeg,2,1130
lungscc3376.jpeg,2,1034
lungaca2377.jpeg,0,511
lungaca1061.jpeg,0,724
lungn4525.jpeg,1,991
lungn835.jpeg,1,968
lungn4287.jpeg,1,852
lungscc2056.jpeg,2,1087
lungaca3861.jpeg,0,549
lungn1459.jpeg,1,932
lungscc4454.jpeg,2,1023
lungscc1147.jpeg,2,1083
lungn2293.jpeg,1,814
lungscc3508.jpeg,2,1102
lungscc1495.jpeg,2,1147
lungscc1480.jpeg,2,1130
lungaca964.jpeg,0,568
lungn1259.jpeg,1,985
lungaca1427.jpeg,0,522
lungscc583.jpeg,2,1104
lungn4087.jpeg,1,855
lungn993.jpeg,1,861
lungscc2004.jpeg,2,1006
lungaca1176.jpeg,0,677
lungscc3122.jpeg,2,1177
lungaca222.jpeg,0,554
lungn4459.jpeg,1,963
lungscc1295.jpeg,2,1034
lungn4788.jpeg,1,848
lungaca4487.jpeg,0,745
lungn1944.jpeg,1,781
lungaca2596.jpeg,0,643
lungaca953.jpeg,0,669
lungscc66.jpeg,2,1030
lungscc4567.jpeg,2,1117
lungscc2348.jpeg,2,1190
lungscc1739.jpeg,2,1155
lungaca1667.jpeg,0,619
lungscc2809.jpeg,2,1119
lungaca4036.jpeg,0,524
lungscc2703.jpeg,2,1109
lungscc3914.jpeg,2,1226
lungn2518.jpeg,1,766
lungaca2372.jpeg,0,538
lungscc1910.jpeg,2,1137
lungaca1091.jpeg,0,616
lungaca2762.jpeg,0,633
lungn1515.jpeg,1,894
lungscc2057.jpeg,2,1031
lungscc2366.jpeg,2,1033
lungn1960.jpeg,1,954
lungn105.jpeg,1,984
lungaca3717.jpeg,0,552
lungaca462.jpeg,0,704
lungn1080.jpeg,1,984
lungaca2037.jpeg,0,656
lungscc5.jpeg,2,1144
lungscc4346.jpeg,2,1024
lungaca1649.jpeg,0,627
lungn2872.jpeg,1,912
lungscc2189.jpeg,2,1072
lungn3456.jpeg,1,854
lungn3730.jpeg,1,889
lungaca3246.jpeg,0,565
lungn1782.jpeg,1,773
lungaca2290.jpeg,0,524
lungaca4774.jpeg,0,538
lungaca277.jpeg,0,536
lungaca2946.jpeg,0,584
lungscc1965.jpeg,2,1212
lungn3122.jpeg,1,771
lungn406.jpeg,1,916
lungaca2316.jpeg,0,659
lungscc2708.jpeg,2,1059
lungaca1578.jpeg,0,516
lungscc1936.jpeg,2,1169
lungaca4668.jpeg,0,611
lungscc674.jpeg,2,1094
lungscc1135.jpeg,2,1102
lungaca436.jpeg,0,699
lungscc2234.jpeg,2,1059
lungaca4943.jpeg,0,660
lungaca642.jpeg,0,682
lungn1904.jpeg,1,874
lungaca3839.jpeg,0,638
lungscc4166.jpeg,2,1232
lungaca1108.jpeg,0,683
lungaca4100.jpeg,0,552
lungn1708.jpeg,1,996
lungn4565.jpeg,1,855
lungn944.jpeg,1,921
lungscc986.jpeg,2,1015
lungaca68.jpeg,0,539
lungn3139.jpeg,1,941
lungscc4362.jpeg,2,1009
lungn2577.jpeg,1,905
lungscc3610.jpeg,2,1088
lungscc4882.jpeg,2,1069
lungscc2930.jpeg,2,1195
lungaca3338.jpeg,0,664
lungn4454.jpeg,1,751
lungscc741.jpeg,2,1063
lungn2857.jpeg,1,801
lungaca2370.jpeg,0,556
lungn3125.jpeg,1,933
lungaca3848.jpeg,0,725
lungaca3992.jpeg,0,676
lungaca2088.jpeg,0,597
lungn3623.jpeg,1,868
lungn1033.jpeg,1,961
lungscc1497.jpeg,2,1080
lungaca192.jpeg,0,516
lungaca3374.jpeg,0,563
lungscc182.jpeg,2,1008
lungscc2482.jpeg,2,1205
lungaca1469.jpeg,0,741
lungscc2361.jpeg,2,1071
lungn3481.jpeg,1,796
lungscc4856.jpeg,2,1049
lungaca1000.jpeg,0,735
lungscc3232.jpeg,2,1086
lungaca4372.jpeg,0,554
lungscc4893.jpeg,2,1041
lungn573.jpeg,1,980
lungaca4880.jpeg,0,688
lungaca1452.jpeg,0,670
lungscc2656.jpeg,2,1058
lungscc2139.jpeg,2,1047
lungaca1740.jpeg,0,685
lungn100.jpeg,1,910
lungaca212.jpeg,0,562
lungaca2358.jpeg,0,569
lungn4943.jpeg,1,865
lungn4996.jpeg,1,807
lungn4254.jpeg,1,989
lungscc4734.jpeg,2,1158
lungaca4872.jpeg,0,598
lungaca2499.jpeg,0,557
lungscc2174.jpeg,2,1075
lungn4512.jpeg,1,904
lungscc870.jpeg,2,1071
lungn2004.jpeg,1,930
lungn2054.jpeg,1,844
lungaca1291.jpeg,0,702
lungn3576.jpeg,1,909
lungaca1302.jpeg,0,654
lungn2479.jpeg,1,782
lungaca178.jpeg,0,726
lungscc1463.jpeg,2,1239
lungscc2731.jpeg,2,1146
lungn3351.jpeg,1,878
lungaca1214.jpeg,0,675
lungn1729.jpeg,1,875
lungn1277.jpeg,1,807
lungscc4688.jpeg,2,1173
lungaca1534.jpeg,0,509
lungn1019.jpeg,1,838
lungn1866.jpeg,1,915
lungscc2870.jpeg,2,1182
lungscc1307.jpeg,2,1221
lungaca4209.jpeg,0,743
lungaca1449.jpeg,0,545
lungaca1152.jpeg,0,634
lungscc2429.jpeg,2,1020
lungaca1132.jpeg,0,534
lungscc1311.jpeg,2,1048
lungscc627.jpeg,2,1034
lungaca1587.jpeg,0,740
lungn2011.jpeg,1,990
lungscc3792.jpeg,2,1034
lungscc2480.jpeg,2,1230
lungscc2844.jpeg,2,1077
lungscc825.jpeg,2,1176
lungscc1323.jpeg,2,1122
lungscc1781.jpeg,2,1047
lungscc4621.jpeg,2,1179
lungaca3602.jpeg,0,606
lungn3128.jpeg,1,836
lungscc1095.jpeg,2,1241
lungn1436.jpeg,1,884
lungn3319.jpeg,1,757
lungaca1280.jpeg,0,550
lungscc3331.jpeg,2,1175
lungscc3931.jpeg,2,1152
lungn3670.jpeg,1,936
lungn600.jpeg,1,893
lungscc550.jpeg,2,1201
lungaca1767.jpeg,0,519
lungaca1067.jpeg,0,640
lungaca4819.jpeg,0,549
lungscc326.jpeg,2,998
lungscc3032.jpeg,2,1215
lungaca2924.jpeg,0,619
lungn4889.jpeg,1,867
lungscc776.jpeg,2,1124
lungn314.jpeg,1,890
lungn4135.jpeg,1,938
lungscc2093.jpeg,2,1083
lungaca1521.jpeg,0,552
lungaca3702.jpeg,0,557
lungscc4706.jpeg,2,1078
lungaca4005.jpeg,0,730
lungscc3256.jpeg,2,1211
lungn3541.jpeg,1,922
lungaca730.jpeg,0,571
lungscc4760.jpeg,2,1069
lungaca1160.jpeg,0,731
lungscc3117.jpeg,2,1228
lungn520.jpeg,1,935
lungscc347.jpeg,2,1017
lungaca2141.jpeg,0,575
lungn998.jpeg,1,905
lungscc1030.jpeg,2,1069
lungaca1830.jpeg,0,524
lungscc4732.jpeg,2,1140
lungscc3807.jpeg,2,1007
lungn663.jpeg,1,872
lungscc3904.jpeg,2,1088
lungscc2294.jpeg,2,1087
lungn1959.jpeg,1,818
lungaca4779.jpeg,0,730
lungn2494.jpeg,1,830
lungaca729.jpeg,0,714
lungaca2967.jpeg,0,737
lungn4414.jpeg,1,944
lungscc1061.jpeg,2,1192
lungaca1142.jpeg,0,616
lungaca3499.jpeg,0,516
lungscc72.jpeg,2,1180
lungaca2284.jpeg,0,719
lungn1289.jpeg,1,954
lungscc239.jpeg,2,1196
lungscc3462.jpeg,2,1067
lungn4899.jpeg,1,957
lungaca1674.jpeg,0,674
lungaca4189.jpeg,0,570
lungscc492.jpeg,2,1070
lungaca193.jpeg,0,595
lungscc2141.jpeg,2,1010
lungn680.jpeg,1,944
lungn4350.jpeg,1,918
lungscc1174.jpeg,2,1056
lungscc4234.jpeg,2,1037
lungaca2581.jpeg,0,552
lungn4601.jpeg,1,883
lungn2772.jpeg,1,857
lungn3030.jpeg,1,856
lungaca1337.jpeg,0,555
lungscc4221.jpeg,2,1077
lungaca2336.jpeg,0,547
lungscc3923.jpeg,2,1007
lungn2318.jpeg,1,835
lungaca4670.jpeg,0,559
lungaca687.jpeg,0,673
lungaca3357.jpeg,0,604
lungaca4995.jpeg,0,524
lungn3360.jpeg,1,752
lungn3764.jpeg,1,817
lungaca1952.jpeg,0,667
lungaca515.jpeg,0,520
lungn3000.jpeg,1,837
lungaca4130.jpeg,0,665
lungaca4569.jpeg,0,634
lungn2847.jpeg,1,929
lungaca4483.jpeg,0,657
lungscc1633.jpeg,2,1110
lungn4667.jpeg,1,796
lungscc2635.jpeg,2,1089
lungaca3896.jpeg,0,710
lungn1458.jpeg,1,815
lungscc1205.jpeg,2,1191
lungn4034.jpeg,1,795
lungn2797.jpeg,1,788
lungscc48.jpeg,2,1083
lungn2971.jpeg,1,990
lungaca4740.jpeg,0,726
lungn2.jpeg,1,922
lungscc93.jpeg,2,1020
lungn4647.jpeg,1,846
lungn894.jpeg,1,840
lungaca2839.jpeg,0,739
lungscc4444.jpeg,2,1140
lungaca4925.jpeg,0,694
lungscc1017.jpeg,2,1010
lungaca4885.jpeg,0,661
lungscc1492.jpeg,2,1119
lungaca2868.jpeg,0,570
lungn2693.jpeg,1,883
lungscc1264.jpeg,2,1081
lungscc2235.jpeg,2,1038
lungn758.jpeg,1,953
lungscc3253.jpeg,2,1041
lungaca4243.jpeg,0,730
lungn1585.jpeg,1,792
lungaca3128.jpeg,0,598
lungn1109.jpeg,1,802
lungscc4075.jpeg,2,1070
lungscc537.jpeg,2,1119
lungn4113.jpeg,1,842
lungn3713.jpeg,1,787
lungaca3597.jpeg,0,586
lungaca4814.jpeg,0,595
lungn4371.jpeg,1,900
lungaca153.jpeg,0,703
lungaca1880.jpeg,0,618
lungn4403.jpeg,1,769
lungscc3326.jpeg,2,1245
lungaca929.jpeg,0,668
lungn3658.jpeg,1,785
lungaca2919.jpeg,0,520
lungscc4822.jpeg,2,1085
lungaca296.jpeg,0,633
lungscc2001.jpeg,2,1046
lungaca3563.jpeg,0,549
lungscc2842.jpeg,2,1205
lungn3954.jpeg,1,903
lungn458.jpeg,1,979
lungaca2101.jpeg,0,541
lungscc4079.jpeg,2,1075
lungaca2201.jpeg,0,612
lungn4775.jpeg,1,924
lungscc1384.jpeg,2,1009
lungaca149.jpeg,0,511
lungscc1177.jpeg,2,1146
lungn2936.jpeg,1,874
lungscc3803.jpeg,2,1231
lungn1621.jpeg,1,841
lungaca524.jpeg,0,522
lungn4079.jpeg,1,916
lungaca1654.jpeg,0,562
lungn3694.jpeg,1,815
lungscc1645.jpeg,2,1045
lungn1513.jpeg,1,805
lungscc4494.jpeg,2,1022
lungaca4161.jpeg,0,669
lungaca4597.jpeg,0,603
lungscc4133.jpeg,2,1109
lungaca4171.jpeg,0,523
lungn3297.jpeg,1,982
lungscc496.jpeg,2,1075
lungn950.jpeg,1,759
lungscc3843.jpeg,2,1011
lungn3471.jpeg,1,770
lungscc1316.jpeg,2,1024
lungn1063.jpeg,1,912
lungscc2585.jpeg,2,1120
lungn3468.jpeg,1,973
lungaca2916.jpeg,0,636
lungn4140.jpeg,1,873
lungn3508.jpeg,1,769
lungscc4595.jpeg,2,1026
lungaca2897.jpeg,0,529
lungscc4767.jpeg,2,1011
lungn4668.jpeg,1,834
lungaca1057.jpeg,0,521
lungn1898.jpeg,1,770
lungn1003.jpeg,1,866
lungn4824.jpeg,1,781
lungn914.jpeg,1,807
lungn2590.jpeg,1,881
lungn3618.jpeg,1,828
lungn579.jpeg,1,771
lungscc4352.jpeg,2,1191
lungaca1251.jpeg,0,701
lungn286.jpeg,1,995
lungscc288.jpeg,2,1010
lungn2990.jpeg,1,864
lungscc1161.jpeg,2,1118
lungscc804.jpeg,2,1015
lungscc2704.jpeg,2,1005
lungscc3377.jpeg,2,1088
lungscc4766.jpeg,2,1183
lungaca241.jpeg,0,529
lungscc3317.jpeg,2,1095
lungn3209.jpeg,1,846
lungaca4400.jpeg,0,707
lungaca2016.jpeg,0,660
lungaca3688.jpeg,0,618
lungn2488.jpeg,1,804
lungaca1064.jpeg,0,550
lungn755.jpeg,1,763
lungscc417.jpeg,2,1237
lungaca1831.jpeg,0,508
lungaca1898.jpeg,0,597
lungaca2435.jpeg,0,662
lungaca4878.jpeg,0,568
lungscc1447.jpeg,2,1060
lungn1646.jpeg,1,854
lungscc4241.jpeg,2,1067
lungscc3079.jpeg,2,1226
lungn616.jpeg,1,829
lungn3111.jpeg,1,964
lungn1228.jpeg,1,928
lungn2914.jpeg,1,781
lungscc2729.jpeg,2,1145
lungscc1829.jpeg,2,1233
lungscc1600.jpeg,2,1050
lungn1659.jpeg,1,813
lungaca224.jpeg,0,514
lungscc3077.jpeg,2,1046
lungaca2280.jpeg,0,708
lungscc4952.jpeg,2,1041
lungn366.jpeg,1,845
lungaca1895.jpeg,0,575
lungaca1332.jpeg,0,600
lungn166.jpeg,1,760
lungaca2630.jpeg,0,641
lungscc514.jpeg,2,1174
lungscc4933.jpeg,2,1089
lungscc3512.jpeg,2,1010
lungaca501.jpeg,0,530
lungaca4843.jpeg,0,597
lungscc2859.jpeg,2,1191
lungscc3939.jpeg,2,1210
lungaca1669.jpeg,0,570
lungaca596.jpeg,0,693
lungscc2418.jpeg,2,1029
lungn2213.jpeg,1,848
lungscc1382.jpeg,2,1089
lungaca3102.jpeg,0,614
lungaca4376.jpeg,0,586
lungscc557.jpeg,2,1166
lungaca2413.jpeg,0,632
lungn3651.jpeg,1,787
lungscc2335.jpeg,2,1151
lungscc3797.jpeg,2,1040
lungn391.jpeg,1,861
lungaca281.jpeg,0,517
lungaca691.jpeg,0,593
lungscc3769.jpeg,2,1017
lungn2641.jpeg,1,981
lungscc3821.jpeg,2,1143
lungaca3669.jpeg,0,720
lungscc962.jpeg,2,1171
lungn1116.jpeg,1,877
lungaca45.jpeg,0,559
lungaca962.jpeg,0,552
lungaca1866.jpeg,0,707
lungscc4607.jpeg,2,1087
lungn2273.jpeg,1,848
lungscc1063.jpeg,2,1141
lungaca2430.jpeg,0,576
lungscc4613.jpeg,2,1245
lungaca104.jpeg,0,592
lungscc3529.jpeg,2,1060
lungaca3308.jpeg,0,529
lungn1230.jpeg,1,786
lungaca1007.jpeg,0,734
lungn1759.jpeg,1,850
lungn61.jpeg,1,899
lungscc3180.jpeg,2,1078
lungaca2396.jpeg,0,691
lungn3637.jpeg,1,776
lungaca342.jpeg,0,682
lungn995.jpeg,1,870
lungscc3699.jpeg,2,1086
lungaca3870.jpeg,0,689
lungscc324.jpeg,2,1123
lungaca3069.jpeg,0,650
lungaca4488.jpeg,0,745
lungaca313.jpeg,0,543
lungn2985.jpeg,1,793
lungaca3938.jpeg,0,637
lungn1896.jpeg,1,928
lungaca4124.jpeg,0,716
lungn3154.jpeg,1,792
lungscc4011.jpeg,2,1225
lungn1753.jpeg,1,808
lungscc3667.jpeg,2,1056
lungaca377.jpeg,0,669
lungaca3160.jpeg,0,671
lungn1921.jpeg,1,838
lungaca2528.jpeg,0,632
lungn3879.jpeg,1,776
lungn872.jpeg,1,912
lungn81.jpeg,1,901
lungaca4159.jpeg,0,734
lungaca4234.jpeg,0,519
lungaca3109.jpeg,0,528
lungscc4340.jpeg,2,1023
lungn1908.jpeg,1,797
lungscc2295.jpeg,2,1088
lungscc150.jpeg,2,1045
lungn3512.jpeg,1,829
lungscc3039.jpeg,2,1047
lungn1379.jpeg,1,889
lungn3160.jpeg,1,918
lungscc3464.jpeg,2,1033
lungn3276.jpeg,1,901
lungn4602.jpeg,1,817
lungn639.jpeg,1,834
lungscc949.jpeg,2,1129
lungaca861.jpeg,0,575
lungscc3047.jpeg,2,1064
lungn1211.jpeg,1,925
lungn82.jpeg,1,902
lungaca2671.jpeg,0,568
lungscc936.jpeg,2,1146
lungn1130.jpeg,1,923
lungscc2784.jpeg,2,1149
lungn2098.jpeg,1,848
lungn3749.jpeg,1,780
lungaca4378.jpeg,0,710
lungaca110.jpeg,0,718
lungscc3421.jpeg,2,1178
lungscc4696.jpeg,2,1237
lungaca3372.jpeg,0,714
lungn2677.jpeg,1,852
lungaca526.jpeg,0,668
lungscc5000.jpeg,2,1011
lungaca4937.jpeg,0,567
lungn4149.jpeg,1,923
lungaca3503.jpeg,0,652
lungscc3448.jpeg,2,1224
lungscc2951.jpeg,2,1098
lungaca1870.jpeg,0,740
lungn2926.jpeg,1,871
lungn2066.jpeg,1,769
lungscc2670.jpeg,2,1105
lungaca4409.jpeg,0,583
lungscc1387.jpeg,2,1085
lungscc1422.jpeg,2,1138
lungscc188.jpeg,2,1127
lungscc1502.jpeg,2,1162
lungscc1378.jpeg,2,1083
lungn3838.jpeg,1,927
lungaca1659.jpeg,0,722
lungn3307.jpeg,1,935
lungn555.jpeg,1,815
lungscc1928.jpeg,2,1097
lungscc4463.jpeg,2,1185
lungaca4194.jpeg,0,554
lungscc2717.jpeg,2,1075
lungn907.jpeg,1,901
lungscc1990.jpeg,2,1190
lungn910.jpeg,1,852
lungscc1665.jpeg,2,1164
lungscc671.jpeg,2,1136
lungaca4384.jpeg,0,552
lungscc3946.jpeg,2,1120
lungscc4886.jpeg,2,1057
lungn4229.jpeg,1,846
lungscc2456.jpeg,2,1124
lungn4773.jpeg,1,950
lungaca1227.jpeg,0,588
lungscc4415.jpeg,2,1199
lungn2457.jpeg,1,905
lungn497.jpeg,1,996
lungscc4191.jpeg,2,1002
lungaca1225.jpeg,0,714
lungscc2992.jpeg,2,1131
lungaca2258.jpeg,0,704
lungscc4872.jpeg,2,1091
lungaca4517.jpeg,0,643
lungn1154.jpeg,1,950
lungaca3420.jpeg,0,678
lungaca2318.jpeg,0,704
lungscc801.jpeg,2,1160
lungscc2646.jpeg,2,1120
lungaca213.jpeg,0,748
lungn139.jpeg,1,817
lungscc1208.jpeg,2,1080
lungaca1577.jpeg,0,743
lungscc2155.jpeg,2,1184
lungaca2214.jpeg,0,532
lungscc3948.jpeg,2,1103
lungscc1426.jpeg,2,1048
lungaca2603.jpeg,0,740
lungn1752.jpeg,1,929
lungscc635.jpeg,2,1231
lungn2091.jpeg,1,883
lungn157.jpeg,1,797
lungn4482.jpeg,1,888
lungscc3704.jpeg,2,1068
lungn2080.jpeg,1,946
lungn3664.jpeg,1,887
lungn4779.jpeg,1,878
lungscc2024.jpeg,2,1213
lungaca4342.jpeg,0,588
lungscc3361.jpeg,2,1218
lungscc3129.jpeg,2,1057
lungaca941.jpeg,0,565
lungscc3021.jpeg,2,1006
lungscc1088.jpeg,2,1121
lungscc934.jpeg,2,1088
lungscc3774.jpeg,2,1196
lungscc2999.jpeg,2,1062
lungscc2688.jpeg,2,1186
lungn3323.jpeg,1,865
lungaca2971.jpeg,0,696
lungscc856.jpeg,2,1136
lungaca12.jpeg,0,554
lungn567.jpeg,1,818
lungn4366.jpeg,1,960
lungscc113.jpeg,2,1004
lungn4046.jpeg,1,961
lungscc2036.jpeg,2,1054
lungn4067.jpeg,1,960
lungscc1123.jpeg,2,1072
lungn36.jpeg,1,813
lungaca4557.jpeg,0,690
lungaca1783.jpeg,0,592
lungn4369.jpeg,1,907
lungn4116.jpeg,1,908
lungn786.jpeg,1,869
lungaca2552.jpeg,0,546
lungn3811.jpeg,1,880
lungscc1183.jpeg,2,1006
lungaca4264.jpeg,0,653
lungaca660.jpeg,0,735
lungscc2996.jpeg,2,1182
lungaca4523.jpeg,0,537
lungn585.jpeg,1,916
lungn2046.jpeg,1,853
lungscc1328.jpeg,2,1135
lungaca1868.jpeg,0,563
lungscc2801.jpeg,2,1173
lungscc71.jpeg,2,1075
lungn2869.jpeg,1,819
lungscc867.jpeg,2,1043
lungn4866.jpeg,1,965
lungaca2821.jpeg,0,560
lungn4618.jpeg,1,933
lungscc2561.jpeg,2,1224
lungaca4479.jpeg,0,603
lungscc4487.jpeg,2,1038
lungaca615.jpeg,0,705
lungaca3413.jpeg,0,579
lungaca4128.jpeg,0,570
lungn3015.jpeg,1,838
lungn4273.jpeg,1,934
lungn311.jpeg,1,792
lungaca2891.jpeg,0,634
lungn1520.jpeg,1,815
lungaca4912.jpeg,0,532
lungscc824.jpeg,2,1232
lungn2992.jpeg,1,870
lungn1826.jpeg,1,946
lungscc568.jpeg,2,1013
lungscc4967.jpeg,2,1204
lungaca1089.jpeg,0,718
lungscc2975.jpeg,2,1037
lungaca4228.jpeg,0,530
lungn4725.jpeg,1,987
lungn2384.jpeg,1,753
lungn1671.jpeg,1,953
lungscc625.jpeg,2,1201
lungn3583.jpeg,1,756
lungscc2265.jpeg,2,1027
lungscc2664.jpeg,2,1088
lungscc4797.jpeg,2,1032
lungn2264.jpeg,1,810
lungn4689.jpeg,1,963
lungscc2146.jpeg,2,1089
lungscc3423.jpeg,2,1063
lungaca4926.jpeg,0,647
lungn2816.jpeg,1,877
lungscc3579.jpeg,2,1012
lungaca3140.jpeg,0,662
lungscc4509.jpeg,2,1186
lungn2051.jpeg,1,868
lungn715.jpeg,1,758
lungaca3291.jpeg,0,517
lungaca2874.jpeg,0,745
lungaca2678.jpeg,0,613
lungscc4457.jpeg,2,1235
lungscc4280.jpeg,2,1032
lungn3522.jpeg,1,975
lungn3502.jpeg,1,929
lungn1807.jpeg,1,929
lungaca999.jpeg,0,719
lungaca3670.jpeg,0,720
lungn1598.jpeg,1,818
lungscc3949.jpeg,2,1161
lungn3627.jpeg,1,939
lungscc3761.jpeg,2,1238
lungn4671.jpeg,1,836
lungn4210.jpeg,1,760
lungaca1514.jpeg,0,724
lungn3458.jpeg,1,911
lungn4789.jpeg,1,848
lungscc1746.jpeg,2,1177
lungn2278.jpeg,1,823
lungaca2701.jpeg,0,668
lungn2196.jpeg,1,946
lungscc1546.jpeg,2,1238
lungn452.jpeg,1,922
lungn1456.jpeg,1,882
lungaca2349.jpeg,0,646
lungaca1018.jpeg,0,631
lungscc2808.jpeg,2,1196
lungaca75.jpeg,0,577
lungscc780.jpeg,2,1228
lungaca2577.jpeg,0,574
lungscc1727.jpeg,2,1171
lungn3355.jpeg,1,858
lungn350.jpeg,1,923
lungn3877.jpeg,1,867
lungn3033.jpeg,1,792
lungaca4327.jpeg,0,549
lungaca1384.jpeg,0,694
lungn4395.jpeg,1,827
lungaca492.jpeg,0,739
lungaca1130.jpeg,0,664
lungn3142.jpeg,1,929
lungn2433.jpeg,1,754
lungaca901.jpeg,0,576
lungscc2012.jpeg,2,1028
lungn438.jpeg,1,762
lungn989.jpeg,1,810
lungaca3912.jpeg,0,549
lungn2183.jpeg,1,779
lungn819.jpeg,1,836
lungn3971.jpeg,1,803
lungn4878.jpeg,1,822
lungscc2079.jpeg,2,1032
lungaca662.jpeg,0,569
lungn1165.jpeg,1,928
lungaca3284.jpeg,0,716
lungn2670.jpeg,1,895
lungscc4792.jpeg,2,1007
lungaca2808.jpeg,0,644
lungscc4374.jpeg,2,1052
lungaca4728.jpeg,0,744
lungaca3009.jpeg,0,721
lungaca1818.jpeg,0,538
lungaca2862.jpeg,0,518
lungscc482.jpeg,2,1008
lungscc1370.jpeg,2,1047
lungscc1075.jpeg,2,1018
lungn889.jpeg,1,929
lungscc3706.jpeg,2,1199
lungaca3342.jpeg,0,513
lungscc1115.jpeg,2,1043
lungaca3305.jpeg,0,727
lungn1152.jpeg,1,807
lungscc969.jpeg,2,1147
lungn59.jpeg,1,941
lungscc1651.jpeg,2,1192
lungscc4382.jpeg,2,1233
lungn2945.jpeg,1,910
lungaca4135.jpeg,0,628
lungscc3607.jpeg,2,1015
lungn3818.jpeg,1,781
lungaca2926.jpeg,0,536
lungscc4063.jpeg,2,1069
lungscc883.jpeg,2,1137
lungaca364.jpeg,0,725
lungscc3721.jpeg,2,1041
lungn609.jpeg,1,767
lungscc4103.jpeg,2,1176
lungn4598.jpeg,1,971
lungaca2995.jpeg,0,658
lungscc4563.jpeg,2,1114
lungn1120.jpeg,1,912
lungn3384.jpeg,1,882
lungn3743.jpeg,1,992
lungscc3788.jpeg,2,1030
lungscc1523.jpeg,2,1205
lungscc1670.jpeg,2,1010
lungaca2602.jpeg,0,581
lungn1567.jpeg,1,808
lungscc2107.jpeg,2,1194
lungaca4096.jpeg,0,527
lungn3575.jpeg,1,776
lungn4435.jpeg,1,981
lungn2896.jpeg,1,949
lungaca2195.jpeg,0,722
lungaca2609.jpeg,0,617
lungaca1775.jpeg,0,615
lungn4181.jpeg,1,967
lungscc298.jpeg,2,1199
lungscc335.jpeg,2,1014
lungscc1317.jpeg,2,1024
lungaca4901.jpeg,0,513
lungn3986.jpeg,1,846
lungaca7.jpeg,0,561
lungn1221.jpeg,1,975
lungscc385.jpeg,2,1220
lungscc4287.jpeg,2,1061
lungn35.jpeg,1,786
lungn1321.jpeg,1,968
lungaca1278.jpeg,0,527
lungn2619.jpeg,1,944
lungn195.jpeg,1,996
lungscc1832.jpeg,2,1205
lungscc4228.jpeg,2,1093
lungaca3070.jpeg,0,652
lungaca1351.jpeg,0,660
lungscc2508.jpeg,2,1100
lungaca1156.jpeg,0,727
lungaca4682.jpeg,0,582
lungn866.jpeg,1,920
lungn1189.jpeg,1,803
lungscc4991.jpeg,2,1060
lungscc2073.jpeg,2,1053
lungaca2453.jpeg,0,517
lungaca842.jpeg,0,542
lungn4013.jpeg,1,766
lungn3280.jpeg,1,959
lungscc4040.jpeg,2,1179
lungscc1555.jpeg,2,1025
lungscc819.jpeg,2,1214
lungn4487.jpeg,1,820
lungn533.jpeg,1,760
lungscc1873.jpeg,2,1136
lungaca2416.jpeg,0,595
lungaca4227.jpeg,0,539
lungaca2012.jpeg,0,688
lungaca3076.jpeg,0,530
lungscc3702.jpeg,2,1139
lungn4475.jpeg,1,892
lungn1474.jpeg,1,976
lungscc3190.jpeg,2,1038
lungn3183.jpeg,1,837
lungaca2736.jpeg,0,625
lungscc1491.jpeg,2,1017
lungaca3871.jpeg,0,567
lungaca1049.jpeg,0,574
lungscc1806.jpeg,2,1005
lungn1077.jpeg,1,979
lungn2977.jpeg,1,902
lungscc78.jpeg,2,1088
lungscc766.jpeg,2,1018
lungn2609.jpeg,1,925
lungn961.jpeg,1,992
lungaca4972.jpeg,0,566
lungaca4555.jpeg,0,579
lungn1085.jpeg,1,795
lungscc304.jpeg,2,1222
lungn543.jpeg,1,880
lungn1704.jpeg,1,990
lungaca703.jpeg,0,510
lungaca3054.jpeg,0,611
lungscc2283.jpeg,2,1005
lungaca3055.jpeg,0,580
lungscc4495.jpeg,2,1156
lungn217.jpeg,1,783
lungn1136.jpeg,1,985
lungaca1398.jpeg,0,550
lungaca1462.jpeg,0,737
lungscc4636.jpeg,2,1119
lungaca78.jpeg,0,688
lungaca3001.jpeg,0,514
lungaca1677.jpeg,0,517
lungaca1743.jpeg,0,545
lungaca1141.jpeg,0,579
lungaca821.jpeg,0,579
lungscc3455.jpeg,2,1100
lungaca776.jpeg,0,607
lungscc2497.jpeg,2,1213
lungn1587.jpeg,1,776
lungaca621.jpeg,0,662
lungaca2517.jpeg,0,573
lungn4192.jpeg,1,942
lungn325.jpeg,1,842
lungn4055.jpeg,1,756
lungaca525.jpeg,0,674
lungscc820.jpeg,2,1013
lungscc2625.jpeg,2,1185
lungaca4917.jpeg,0,655
lungn4794.jpeg,1,768
lungaca2490.jpeg,0,627
lungn1066.jpeg,1,796
lungscc1304.jpeg,2,1072
lungn4085.jpeg,1,984
lungscc3338.jpeg,2,1013
lungn560.jpeg,1,901
lungaca1454.jpeg,0,683
lungscc2000.jpeg,2,1187
lungscc4193.jpeg,2,1011
lungscc505.jpeg,2,1088
lungn1249.jpeg,1,931
lungaca53.jpeg,0,594
lungn510.jpeg,1,861
lungscc3093.jpeg,2,1016
lungaca550.jpeg,0,680
lungscc1355.jpeg,2,1208
lungn2605.jpeg,1,761
lungaca4314.jpeg,0,547
lungscc4818.jpeg,2,1004
lungaca3028.jpeg,0,610
lungscc2568.jpeg,2,1133
lungscc2197.jpeg,2,1048
lungaca1536.jpeg,0,722
lungn1196.jpeg,1,995
lungaca3041.jpeg,0,667
lungaca1726.jpeg,0,609
lungaca3073.jpeg,0,555
lungaca4175.jpeg,0,556
lungscc2297.jpeg,2,1056
lungn2859.jpeg,1,776
lungscc2226.jpeg,2,1121
lungn709.jpeg,1,838
lungn135.jpeg,1,842
lungscc3223.jpeg,2,1090
lungn2668.jpeg,1,894
lungaca234.jpeg,0,655
lungaca629.jpeg,0,723
lungaca1806.jpeg,0,699
lungscc2301.jpeg,2,1233
lungaca2489.jpeg,0,577
lungscc3261.jpeg,2,1226
lungn3888.jpeg,1,750
lungscc173.jpeg,2,1195
lungscc2598.jpeg,2,1145
lungaca2734.jpeg,0,538
lungn2643.jpeg,1,752
lungscc2662.jpeg,2,1087
lungn2889.jpeg,1,873
lungscc1579.jpeg,2,1075
lungn2928.jpeg,1,802
lungn491.jpeg,1,909
lungn2921.jpeg,1,950
lungn4586.jpeg,1,788
lungaca3386.jpeg,0,546
lungn4117.jpeg,1,810
lungscc4863.jpeg,2,1048
lungaca3348.jpeg,0,611
lungn3330.jpeg,1,925
lungn4433.jpeg,1,797
lungaca509.jpeg,0,562
lungn1872.jpeg,1,845
lungn3174.jpeg,1,983
lungaca4358.jpeg,0,518
lungscc4319.jpeg,2,1099
lungaca1987.jpeg,0,632
lungn691.jpeg,1,772
lungaca2708.jpeg,0,656
lungscc1836.jpeg,2,1231
lungscc4409.jpeg,2,1086
lungscc289.jpeg,2,1010
lungaca3315.jpeg,0,640
lungn4244.jpeg,1,810
lungn4245.jpeg,1,948
lungn4139.jpeg,1,763
lungn2514.jpeg,1,960
lungn3312.jpeg,1,881
lungn2860.jpeg,1,909
lungscc2495.jpeg,2,1117
lungscc81.jpeg,2,1052
lungscc3936.jpeg,2,1100
lungscc3535.jpeg,2,1026
lungn4847.jpeg,1,977
lungscc1876.jpeg,2,1075
lungscc2622.jpeg,2,1061
lungaca4453.jpeg,0,540
lungn3040.jpeg,1,775
lungn164.jpeg,1,906
lungaca1397.jpeg,0,563
lungn1047.jpeg,1,951
lungn4659.jpeg,1,818
lungn2354.jpeg,1,850
lungaca3035.jpeg,0,601
lungscc1589.jpeg,2,1046
lungscc3523.jpeg,2,1227
lungn3171.jpeg,1,920
lungn1733.jpeg,1,947
lungn3029.jpeg,1,961
lungscc2986.jpeg,2,1012
lungaca3610.jpeg,0,540
lungscc2417.jpeg,2,1234
lungscc2746.jpeg,2,1224
lungscc1719.jpeg,2,1084
lungn170.jpeg,1,929
lungscc2668.jpeg,2,1036
lungn4747.jpeg,1,963
lungaca3865.jpeg,0,550
lungn4651.jpeg,1,807
lungaca952.jpeg,0,600
lungn3606.jpeg,1,938
lungscc1640.jpeg,2,1036
lungaca441.jpeg,0,737
lungaca1376.jpeg,0,551
lungaca1378.jpeg,0,687
lungscc753.jpeg,2,1170
lungscc942.jpeg,2,1001
lungscc1333.jpeg,2,1026
lungaca2147.jpeg,0,608
lungscc2360.jpeg,2,1145
lungscc1356.jpeg,2,1132
lungscc1881.jpeg,2,1066
lungn3952.jpeg,1,954
lungn2029.jpeg,1,978
lungaca1983.jpeg,0,565
lungscc4936.jpeg,2,1131
lungn2551.jpeg,1,761
lungscc3738.jpeg,2,1168
lungscc1171.jpeg,2,1015
lungaca4920.jpeg,0,679
lungn3725.jpeg,1,906
lungscc1212.jpeg,2,1004
lungn5000.jpeg,1,957
lungn4164.jpeg,1,767
lungscc1137.jpeg,2,1164
lungaca4367.jpeg,0,665
lungn1892.jpeg,1,775
lungscc4199.jpeg,2,999
lungscc1735.jpeg,2,1119
lungaca263.jpeg,0,723
lungaca4110.jpeg,0,625
lungscc1435.jpeg,2,1111
lungscc4153.jpeg,2,1045
lungn4095.jpeg,1,826
lungn175.jpeg,1,826
lungscc2863.jpeg,2,1017
lungn2316.jpeg,1,902
lungscc927.jpeg,2,1041
lungscc2070.jpeg,2,1123
lungscc3030.jpeg,2,1077
lungscc4594.jpeg,2,1009
lungscc2097.jpeg,2,1223
lungn4738.jpeg,1,984
lungn104.jpeg,1,995
lungn3060.jpeg,1,851
lungscc4470.jpeg,2,1196
lungscc2326.jpeg,2,1147
lungscc226.jpeg,2,1027
lungn4998.jpeg,1,749
lungaca1312.jpeg,0,580
lungn3572.jpeg,1,754
lungscc2624.jpeg,2,1100
lungscc3294.jpeg,2,1206
lungaca3517.jpeg,0,688
lungn3390.jpeg,1,869
lungaca4.jpeg,0,665
lungaca4132.jpeg,0,561
lungaca2994.jpeg,0,698
lungn2964.jpeg,1,816
lungscc4924.jpeg,2,1152
lungscc100.jpeg,2,1091
lungscc565.jpeg,2,1174
lungscc2902.jpeg,2,1132
lungn300.jpeg,1,806
lungscc3890.jpeg,2,1122
lungn83.jpeg,1,885
lungn1881.jpeg,1,966
lungscc2696.jpeg,2,1218
lungaca655.jpeg,0,594
lungaca1128.jpeg,0,697
lungscc1336.jpeg,2,1005
lungn4663.jpeg,1,973
lungaca2487.jpeg,0,552
lungscc4085.jpeg,2,1198
lungaca561.jpeg,0,737
lungaca4379.jpeg,0,579
lungscc2302.jpeg,2,1174
lungscc2556.jpeg,2,1023
lungaca378.jpeg,0,563
lungaca4868.jpeg,0,647
lungaca1077.jpeg,0,636
lungn232.jpeg,1,780
lungscc3712.jpeg,2,1005
lungscc2776.jpeg,2,1099
lungscc2451.jpeg,2,1195
lungscc3984.jpeg,2,1053
lungaca2177.jpeg,0,563
lungn1565.jpeg,1,868
lungaca3676.jpeg,0,707
lungaca1560.jpeg,0,629
lungscc3400.jpeg,2,1164
lungaca4786.jpeg,0,681
lungn3800.jpeg,1,893
lungaca256.jpeg,0,627
lungaca4077.jpeg,0,548
lungaca1333.jpeg,0,700
lungscc1129.jpeg,2,1019
lungn4877.jpeg,1,767
lungaca681.jpeg,0,688
lungn4313.jpeg,1,797
lungscc1552.jpeg,2,1218
lungscc1776.jpeg,2,1117
lungaca3414.jpeg,0,574
lungn1170.jpeg,1,858
lungscc3020.jpeg,2,1040
lungn1588.jpeg,1,901
lungn3477.jpeg,1,987
lungn1424.jpeg,1,874
lungscc944.jpeg,2,1230
lungn1445.jpeg,1,985
lungn983.jpeg,1,902
lungaca4141.jpeg,0,554
lungaca4588.jpeg,0,711
lungaca2975.jpeg,0,684
lungn2791.jpeg,1,825
lungaca598.jpeg,0,735
lungaca150.jpeg,0,520
lungscc3983.jpeg,2,1053
lungn4959.jpeg,1,750
lungaca1042.jpeg,0,651
lungaca1360.jpeg,0,682
lungaca3195.jpeg,0,595
lungscc2605.jpeg,2,1072
lungaca4596.jpeg,0,508
lungscc722.jpeg,2,1124
lungn4316.jpeg,1,768
lungscc1455.jpeg,2,1011
lungaca1593.jpeg,0,702
lungaca1.jpeg,0,664
lungaca1590.jpeg,0,617
lungaca519.jpeg,0,570
lungn1243.jpeg,1,785
lungn3144.jpeg,1,949
lungaca1100.jpeg,0,607
lungaca3213.jpeg,0,556
lungscc960.jpeg,2,1091
lungn4343.jpeg,1,867
lungn2442.jpeg,1,876
lungn71.jpeg,1,961
lungscc3687.jpeg,2,1023
lungaca3172.jpeg,0,641
lungn1965.jpeg,1,920
lungn3961.jpeg,1,766
lungn1285.jpeg,1,885
lungn839.jpeg,1,801
lungscc449.jpeg,2,1045
lungscc2711.jpeg,2,1136
lungscc3054.jpeg,2,1210
lungaca1293.jpeg,0,684
lungn3656.jpeg,1,900
lungscc1997.jpeg,2,1160
lungscc3297.jpeg,2,1210
lungn2245.jpeg,1,894
lungaca3025.jpeg,0,550
lungscc4094.jpeg,2,1150
lungaca1695.jpeg,0,596
lungn4516.jpeg,1,886
lungscc571.jpeg,2,1204
lungn9.jpeg,1,931
lungaca4500.jpeg,0,726
lungn2810.jpeg,1,810
lungaca2636.jpeg,0,616
lungscc2600.jpeg,2,1046
lungn11.jpeg,1,784
lungscc4469.jpeg,2,1025
lungn628.jpeg,1,883
lungaca4866.jpeg,0,596
lungn1888.jpeg,1,762
lungn3533.jpeg,1,897
lungscc2597.jpeg,2,1087
lungaca1772.jpeg,0,506
lungaca3719.jpeg,0,582
lungaca3690.jpeg,0,599
lungaca2496.jpeg,0,593
lungaca3753.jpeg,0,711
lungaca4864.jpeg,0,692
lungscc2491.jpeg,2,1082
lungn2665.jpeg,1,761
lungaca3941.jpeg,0,704
lungaca1317.jpeg,0,653
lungscc2436.jpeg,2,1125
lungn2468.jpeg,1,759
lungn1501.jpeg,1,873
lungn3562.jpeg,1,937
lungaca896.jpeg,0,542
lungscc442.jpeg,2,1022
lungn453.jpeg,1,900
lungaca2631.jpeg,0,605
lungaca3779.jpeg,0,656
lungn4377.jpeg,1,752
lungaca1459.jpeg,0,555
lungaca4630.jpeg,0,524
lungscc1689.jpeg,2,1167
lungaca1435.jpeg,0,526
lungn2544.jpeg,1,860
lungscc3570.jpeg,2,1093
lungn1877.jpeg,1,754
lungscc4834.jpeg,2,1189
lungn1810.jpeg,1,812
lungscc3148.jpeg,2,1001
lungn2408.jpeg,1,794
lungscc4946.jpeg,2,1190
lungscc553.jpeg,2,1110
lungaca1792.jpeg,0,579
lungaca775.jpeg,0,708
lungscc4465.jpeg,2,1012
lungn3121.jpeg,1,771
lungn4856.jpeg,1,832
lungscc4574.jpeg,2,1091
lungscc1172.jpeg,2,1022
lungscc1406.jpeg,2,1166
lungaca2197.jpeg,0,587
lungaca1166.jpeg,0,700
lungscc1170.jpeg,2,1095
lungn2178.jpeg,1,963
lungaca1030.jpeg,0,591
lungn3785.jpeg,1,884
lungscc172.jpeg,2,1133
lungn3435.jpeg,1,914
lungscc2249.jpeg,2,1049
lungaca2904.jpeg,0,600
lungaca3544.jpeg,0,552
lungaca2011.jpeg,0,688
lungscc4418.jpeg,2,1153
lungn379.jpeg,1,879
lungn303.jpeg,1,872
lungaca1481.jpeg,0,572
lungn3027.jpeg,1,825
lungn1039.jpeg,1,798
lungn3724.jpeg,1,978
lungscc3444.jpeg,2,1104
lungn2173.jpeg,1,969
lungn3737.jpeg,1,757
lungaca2541.jpeg,0,640
lungaca1841.jpeg,0,644
lungscc709.jpeg,2,1093
lungaca3742.jpeg,0,567
lungaca2955.jpeg,0,714
lungaca2172.jpeg,0,600
lungaca4999.jpeg,0,657
lungn4846.jpeg,1,960
lungscc1951.jpeg,2,1006
lungn3179.jpeg,1,821
lungaca624.jpeg,0,627
lungaca140.jpeg,0,617
lungn1131.jpeg,1,917
lungscc3723.jpeg,2,1043
lungscc101.jpeg,2,1010
lungscc3986.jpeg,2,1232
lungaca2208.jpeg,0,605
lungscc3031.jpeg,2,1019
lungn2398.jpeg,1,836
lungscc2475.jpeg,2,1166
lungaca2860.jpeg,0,508
lungscc4727.jpeg,2,1192
lungscc1420.jpeg,2,1140
lungaca1627.jpeg,0,606
lungn1788.jpeg,1,942
lungn3290.jpeg,1,967
lungscc1042.jpeg,2,1038
lungaca4525.jpeg,0,618
lungaca2375.jpeg,0,711
lungn1874.jpeg,1,856
lungscc2904.jpeg,2,1174
lungscc3619.jpeg,2,1197
lungscc1641.jpeg,2,1071
lungaca2474.jpeg,0,516
lungn4262.jpeg,1,984
lungaca1020.jpeg,0,627
lungn559.jpeg,1,811
lungscc309.jpeg,2,1070
lungaca4845.jpeg,0,536
lungscc8.jpeg,2,1101
lungscc2998.jpeg,2,1069
lungn1947.jpeg,1,778
lungn3232.jpeg,1,958
lungscc1252.jpeg,2,1130
lungn3225.jpeg,1,842
lungscc996.jpeg,2,1242
lungscc1658.jpeg,2,1231
lungscc1870.jpeg,2,1222
lungn2212.jpeg,1,922
lungaca1849.jpeg,0,585
lungscc1840.jpeg,2,1048
lungn3035.jpeg,1,807
lungaca2244.jpeg,0,556
lungn1244.jpeg,1,933
lungaca276.jpeg,0,513
lungn2536.jpeg,1,755
lungn1141.jpeg,1,847
lungaca1402.jpeg,0,567
lungscc4021.jpeg,2,1075
lungaca3538.jpeg,0,554
lungaca2660.jpeg,0,543
lungaca806.jpeg,0,712
lungscc1783.jpeg,2,1061
lungscc321.jpeg,2,1033
lungaca3710.jpeg,0,554
lungn3281.jpeg,1,756
lungn3775.jpeg,1,874
lungscc3673.jpeg,2,1040
lungn4150.jpeg,1,914
lungscc4554.jpeg,2,1205
lungscc2817.jpeg,2,1153
lungscc3891.jpeg,2,1079
lungn905.jpeg,1,799
lungn1719.jpeg,1,770
lungaca236.jpeg,0,584
lungn1364.jpeg,1,772
lungscc3138.jpeg,2,999
lungn1589.jpeg,1,901
lungscc585.jpeg,2,1102
lungscc1320.jpeg,2,1218
lungaca3819.jpeg,0,593
lungscc1079.jpeg,2,1010
lungscc2068.jpeg,2,1221
lungn380.jpeg,1,749
lungaca545.jpeg,0,717
lungaca924.jpeg,0,654
lungaca4941.jpeg,0,533
lungaca1517.jpeg,0,563
lungn2361.jpeg,1,780
lungaca4313.jpeg,0,656
lungaca4299.jpeg,0,681
lungscc1467.jpeg,2,1163
lungaca1851.jpeg,0,687
lungaca2070.jpeg,0,569
lungscc2222.jpeg,2,1051
lungn3706.jpeg,1,913
lungaca3833.jpeg,0,668
lungn1546.jpeg,1,771
lungn1533.jpeg,1,957
lungscc2960.jpeg,2,1208
lungscc3419.jpeg,2,1109
lungaca4058.jpeg,0,508
lungaca4497.jpeg,0,616
lungaca3754.jpeg,0,553
lungaca24.jpeg,0,598
lungaca2404.jpeg,0,725
lungn4130.jpeg,1,905
lungscc2766.jpeg,2,1002
lungaca2741.jpeg,0,715
lungaca3989.jpeg,0,577
lungn3603.jpeg,1,919
lungn2521.jpeg,1,833
lungn1401.jpeg,1,932
lungscc4511.jpeg,2,1188
lungaca2593.jpeg,0,670
lungn824.jpeg,1,794
lungn1897.jpeg,1,940
lungn2349.jpeg,1,899
lungn2454.jpeg,1,800
lungaca3188.jpeg,0,727
lungaca833.jpeg,0,596
lungscc4160.jpeg,2,1214
lungaca4438.jpeg,0,616
lungn96.jpeg,1,848
lungaca1060.jpeg,0,598
lungn1556.jpeg,1,759
lungn2893.jpeg,1,929
lungn2323.jpeg,1,773
lungn336.jpeg,1,834
lungscc4677.jpeg,2,1149
lungscc2709.jpeg,2,1059
lungscc2651.jpeg,2,1194
lungn1330.jpeg,1,925
lungn3570.jpeg,1,882
lungn3185.jpeg,1,921
lungn623.jpeg,1,971
lungaca3523.jpeg,0,649
lungscc3172.jpeg,2,1089
lungscc535.jpeg,2,1195
lungn404.jpeg,1,823
lungn2534.jpeg,1,923
lungn531.jpeg,1,857
lungaca3185.jpeg,0,582
lungscc3645.jpeg,2,1086
lungscc2305.jpeg,2,1205
lungscc4299.jpeg,2,1228
lungscc2019.jpeg,2,1082
lungn3205.jpeg,1,863
lungn4486.jpeg,1,861
lungn2545.jpeg,1,872
lungscc3320.jpeg,2,1022
lungscc4460.jpeg,2,1143
lungn3569.jpeg,1,761
lungaca2478.jpeg,0,724
lungaca761.jpeg,0,559
lungscc4190.jpeg,2,1109
lungn3291.jpeg,1,912
lungn4833.jpeg,1,756
lungaca2668.jpeg,0,552
lungn493.jpeg,1,892
lungscc979.jpeg,2,1005
lungaca2988.jpeg,0,654
lungscc1869.jpeg,2,1127
lungscc4955.jpeg,2,1110
lungscc4265.jpeg,2,1056
lungscc1081.jpeg,2,1143
lungn1418.jpeg,1,817
lungaca2682.jpeg,0,562
lungaca2512.jpeg,0,630
lungscc4505.jpeg,2,1179
lungaca2827.jpeg,0,584
lungaca1465.jpeg,0,728
lungaca2260.jpeg,0,681
lungn4630.jpeg,1,764
lungaca3162.jpeg,0,619
lungn3942.jpeg,1,950
lungscc2099.jpeg,2,1069
lungscc1956.jpeg,2,1033
lungn2152.jpeg,1,986
lungn2879.jpeg,1,861
lungscc221.jpeg,2,1243
lungscc1396.jpeg,2,1157
lungaca2007.jpeg,0,706
lungaca851.jpeg,0,519
lungn2815.jpeg,1,897
lungaca2192.jpeg,0,593
lungscc3503.jpeg,2,1123
lungscc3102.jpeg,2,1100
lungaca1211.jpeg,0,666
lungaca4440.jpeg,0,663
lungn2505.jpeg,1,912
lungaca1640.jpeg,0,740
lungaca3083.jpeg,0,583
lungscc214.jpeg,2,1013
lungscc2858.jpeg,2,1076
lungn602.jpeg,1,782
lungn4811.jpeg,1,963
lungaca4183.jpeg,0,520
lungn2482.jpeg,1,827
lungaca1277.jpeg,0,598
lungscc3783.jpeg,2,1118
lungscc2450.jpeg,2,1064
lungscc4907.jpeg,2,1036
lungscc4173.jpeg,2,1027
lungscc22.jpeg,2,1021
lungaca3763.jpeg,0,534
lungn3105.jpeg,1,883
lungscc1671.jpeg,2,1207
lungaca2483.jpeg,0,550
lungaca3814.jpeg,0,613
lungn612.jpeg,1,780
lungn1628.jpeg,1,827
lungaca4833.jpeg,0,645
lungaca91.jpeg,0,603
lungn3701.jpeg,1,776
lungscc1274.jpeg,2,1126
lungn1543.jpeg,1,820
lungn4491.jpeg,1,785
lungn3757.jpeg,1,901
lungscc1162.jpeg,2,1172
lungaca3691.jpeg,0,577
lungn4006.jpeg,1,770
lungaca3155.jpeg,0,506
lungn4174.jpeg,1,754
lungscc2680.jpeg,2,1140
lungn1201.jpeg,1,751
lungaca4984.jpeg,0,530
lungn3861.jpeg,1,904
lungn4451.jpeg,1,784
lungaca2261.jpeg,0,592
lungn171.jpeg,1,899
lungscc3095.jpeg,2,1027
lungscc1187.jpeg,2,1230
lungn4881.jpeg,1,761
lungaca1696.jpeg,0,732
lungscc4520.jpeg,2,1027
lungaca4626.jpeg,0,516
lungaca3966.jpeg,0,606
lungn4693.jpeg,1,780
lungaca1665.jpeg,0,597
lungscc249.jpeg,2,1167
lungn37.jpeg,1,907
lungaca1924.jpeg,0,578
lungaca1752.jpeg,0,563
lungn712.jpeg,1,814
lungn2420.jpeg,1,840
lungaca4319.jpeg,0,695
lungscc1089.jpeg,2,1079
lungscc1578.jpeg,2,1075
lungn2122.jpeg,1,822
lungscc748.jpeg,2,1099
lungscc1598.jpeg,2,1163
lungaca764.jpeg,0,554
lungn4156.jpeg,1,782
lungn1342.jpeg,1,888
lungn4511.jpeg,1,826
lungn4134.jpeg,1,833
lungscc2610.jpeg,2,1140
lungscc4968.jpeg,2,1053
lungn2037.jpeg,1,953
lungn685.jpeg,1,858
lungaca471.jpeg,0,554
lungscc2827.jpeg,2,1055
lungscc964.jpeg,2,1195
lungn4383.jpeg,1,855
lungaca1080.jpeg,0,671
lungscc1340.jpeg,2,1057
lungscc823.jpeg,2,1212
lungn3198.jpeg,1,873
lungscc1113.jpeg,2,1203
lungn1171.jpeg,1,813
lungaca4330.jpeg,0,524
lungn654.jpeg,1,755
lungaca4944.jpeg,0,660
lungscc3578.jpeg,2,1064
lungscc2522.jpeg,2,1005
lungn3444.jpeg,1,827
lungaca711.jpeg,0,532
lungaca3137.jpeg,0,523
lungn2295.jpeg,1,985
lungaca4820.jpeg,0,600
lungaca4574.jpeg,0,540
lungscc593.jpeg,2,1081
lungscc3318.jpeg,2,1110
lungscc2324.jpeg,2,1237
lungscc1271.jpeg,2,1054
lungn2528.jpeg,1,965
lungn3.jpeg,1,927
lungn403.jpeg,1,981
lungscc982.jpeg,2,1183
lungscc2781.jpeg,2,1174
lungscc1572.jpeg,2,1059
lungaca633.jpeg,0,509
lungaca2484.jpeg,0,569
lungscc2371.jpeg,2,998
lungaca2282.jpeg,0,692
lungscc1619.jpeg,2,1206
lungn1298.jpeg,1,862
lungscc2199.jpeg,2,1176
lungaca2502.jpeg,0,682
lungscc4614.jpeg,2,1116
lungaca3325.jpeg,0,533
lungn1844.jpeg,1,986
lungaca5000.jpeg,0,657
lungaca3459.jpeg,0,667
lungn4778.jpeg,1,878
lungaca3789.jpeg,0,569
lungscc1778.jpeg,2,1188
lungaca4021.jpeg,0,582
lungaca1844.jpeg,0,747
lungscc4542.jpeg,2,1216
lungaca3179.jpeg,0,656
lungaca475.jpeg,0,710
lungscc4060.jpeg,2,1068
lungaca1765.jpeg,0,617
lungscc2937.jpeg,2,1103
lungaca2665.jpeg,0,531
lungscc4124.jpeg,2,1009
lungscc4433.jpeg,2,999
lungscc3070.jpeg,2,1095
lungaca1804.jpeg,0,524
lungn229.jpeg,1,863
lungaca1341.jpeg,0,737
lungn2055.jpeg,1,844
lungaca2524.jpeg,0,569
lungn4520.jpeg,1,801
lungn1954.jpeg,1,924
lungn2740.jpeg,1,996
lungscc3222.jpeg,2,1213
lungscc285.jpeg,2,1130
lungscc2832.jpeg,2,1107
lungaca3341.jpeg,0,738
lungn2561.jpeg,1,918
lungn2131.jpeg,1,867
lungscc2145.jpeg,2,1051
lungn318.jpeg,1,876
lungn550.jpeg,1,859
lungaca3881.jpeg,0,593
lungaca1352.jpeg,0,506
lungn1132.jpeg,1,838
lungn4325.jpeg,1,917
lungn2941.jpeg,1,796
lungn2549.jpeg,1,865
lungn1514.jpeg,1,894
lungaca3554.jpeg,0,607
lungaca1907.jpeg,0,642
lungn4508.jpeg,1,929
lungscc3363.jpeg,2,1000
lungscc3441.jpeg,2,1019
lungscc769.jpeg,2,1092
lungaca1698.jpeg,0,545
lungscc2559.jpeg,2,1213
lungn699.jpeg,1,873
lungn810.jpeg,1,942
lungn976.jpeg,1,944
lungaca2256.jpeg,0,622
lungscc3677.jpeg,2,1144
lungaca948.jpeg,0,709
lungscc2501.jpeg,2,1027
lungn1829.jpeg,1,902
lungn2169.jpeg,1,783
lungaca246.jpeg,0,549
lungscc60.jpeg,2,1033
lungaca2266.jpeg,0,561
lungaca3300.jpeg,0,655
lungn3448.jpeg,1,769
lungaca2731.jpeg,0,599
lungn2681.jpeg,1,944
lungaca4366.jpeg,0,681
lungscc632.jpeg,2,1132
lungaca46.jpeg,0,668
lungn4524.jpeg,1,792
lungn4640.jpeg,1,847
lungn4430.jpeg,1,912
lungscc3562.jpeg,2,1170
lungaca4956.jpeg,0,738
lungscc3815.jpeg,2,1047
lungscc4641.jpeg,2,1069
lungaca2776.jpeg,0,542
lungscc2507.jpeg,2,1154
lungn4637.jpeg,1,758
lungn4370.jpeg,1,800
lungscc4741.jpeg,2,1104
lungn804.jpeg,1,920
lungn1859.jpeg,1,843
lungaca4072.jpeg,0,609
lungn2369.jpeg,1,789
lungscc409.jpeg,2,1010
lungscc965.jpeg,2,1086
lungn1373.jpeg,1,831
lungscc3447.jpeg,2,1018
lungscc1902.jpeg,2,1007
lungn4787.jpeg,1,942
lungn2497.jpeg,1,867
lungaca1809.jpeg,0,740
lungscc4755.jpeg,2,1196
lungn2476.jpeg,1,795
lungscc835.jpeg,2,1047
lungn3071.jpeg,1,873
lungn4441.jpeg,1,752
lungscc4824.jpeg,2,1172
lungscc1531.jpeg,2,1082
lungn1467.jpeg,1,876
lungaca230.jpeg,0,532
lungaca1813.jpeg,0,530
lungscc1672.jpeg,2,1218
lungn2768.jpeg,1,752
lungaca4246.jpeg,0,534
lungscc2078.jpeg,2,1023
lungaca4466.jpeg,0,676
lungscc4867.jpeg,2,1093
lungaca740.jpeg,0,583
lungn1768.jpeg,1,859
lungscc2955.jpeg,2,1105
lungscc1388.jpeg,2,1127
lungn291.jpeg,1,760
lungscc3149.jpeg,2,1208
lungaca4033.jpeg,0,670
lungaca4663.jpeg,0,570
lungscc2397.jpeg,2,1184
lungscc2648.jpeg,2,1177
lungn305.jpeg,1,886
lungaca493.jpeg,0,699
lungn2825.jpeg,1,942
lungn1774.jpeg,1,966
lungscc195.jpeg,2,1169
lungscc120.jpeg,2,1057
lungaca3031.jpeg,0,552
lungaca2154.jpeg,0,551
lungaca1346.jpeg,0,688
lungscc2120.jpeg,2,1056
lungscc1828.jpeg,2,1132
lungn767.jpeg,1,853
lungaca3127.jpeg,0,720
lungscc3787.jpeg,2,1030
lungscc862.jpeg,2,1058
lungn2886.jpeg,1,965
lungn816.jpeg,1,933
lungscc599.jpeg,2,1131
lungscc3818.jpeg,2,1010
lungn635.jpeg,1,800
lungaca13.jpeg,0,526
lungn3137.jpeg,1,914
lungaca1275.jpeg,0,647
lungn2823.jpeg,1,942
lungaca798.jpeg,0,583
lungn3927.jpeg,1,839
lungscc4180.jpeg,2,1195
lungn496.jpeg,1,854
lungscc4583.jpeg,2,1219
lungn3529.jpeg,1,951
lungn57.jpeg,1,889
lungscc1779.jpeg,2,1016
lungn2738.jpeg,1,901
lungaca804.jpeg,0,591
lungscc371.jpeg,2,999
lungn4461.jpeg,1,806
lungscc2368.jpeg,2,1140
lungscc3159.jpeg,2,1077
lungscc3822.jpeg,2,1092
lungn4611.jpeg,1,900
lungscc1525.jpeg,2,1138
lungn3430.jpeg,1,884
lungn2770.jpeg,1,873
lungn1144.jpeg,1,780
lungaca3248.jpeg,0,727
lungn4774.jpeg,1,959
lungn280.jpeg,1,988
lungaca1943.jpeg,0,610
lungn941.jpeg,1,935
lungn4696.jpeg,1,930
lungn1996.jpeg,1,893
lungn3705.jpeg,1,819
lungscc1798.jpeg,2,1068
lungaca294.jpeg,0,719
lungscc1520.jpeg,2,1233
lungscc3086.jpeg,2,1163
lungn719.jpeg,1,865
lungn3292.jpeg,1,773
lungn2707.jpeg,1,832
lungaca1729.jpeg,0,605
lungscc888.jpeg,2,1061
lungscc1921.jpeg,2,1080
lungn2145.jpeg,1,802
lungn977.jpeg,1,798
lungn127.jpeg,1,799
lungaca2836.jpeg,0,516
lungaca2575.jpeg,0,517
lungscc2330.jpeg,2,1009
lungscc171.jpeg,2,1012
lungscc3672.jpeg,2,1040
lungn4906.jpeg,1,964
lungaca1372.jpeg,0,629
lungn3364.jpeg,1,887
lungaca4235.jpeg,0,621
lungn2424.jpeg,1,847
lungscc363.jpeg,2,1194
lungn3483.jpeg,1,796
lungscc4654.jpeg,2,1194
lungscc659.jpeg,2,1065
lungscc302.jpeg,2,1033
lungscc465.jpeg,2,1016
lungaca2337.jpeg,0,604
lungscc2069.jpeg,2,1138
lungn634.jpeg,1,874
lungaca1520.jpeg,0,737
lungscc2947.jpeg,2,1096
lungn294.jpeg,1,795
lungscc411.jpeg,2,1111
lungscc546.jpeg,2,1184
lungscc1350.jpeg,2,1074
lungscc3770.jpeg,2,1025
lungaca456.jpeg,0,520
lungaca3667.jpeg,0,590
lungscc1845.jpeg,2,1137
lungscc4251.jpeg,2,1183
lungaca114.jpeg,0,685
lungaca3475.jpeg,0,522
lungaca200.jpeg,0,740
lungn3558.jpeg,1,857
lungn3245.jpeg,1,916
lungscc2460.jpeg,2,1078
lungscc2753.jpeg,2,1121
lungn3640.jpeg,1,809
lungscc4175.jpeg,2,1039
lungaca4865.jpeg,0,584
lungaca4828.jpeg,0,601
lungn1838.jpeg,1,753
lungn1707.jpeg,1,944
lungn3938.jpeg,1,944
lungscc69.jpeg,2,1157
lungn2714.jpeg,1,828
lungscc2913.jpeg,2,1023
lungaca1932.jpeg,0,683
lungn1442.jpeg,1,816
lungaca1078.jpeg,0,723
lungscc1588.jpeg,2,1234
lungn3584.jpeg,1,756
lungaca4325.jpeg,0,742
lungn2803.jpeg,1,966
lungscc1827.jpeg,2,1244
lungaca649.jpeg,0,642
lungscc3404.jpeg,2,1076
lungaca3286.jpeg,0,654
lungaca159.jpeg,0,664
lungscc1277.jpeg,2,1109
lungn319.jpeg,1,762
lungscc3064.jpeg,2,1167
lungaca1998.jpeg,0,543
lungscc3118.jpeg,2,1153
lungscc2783.jpeg,2,1149
lungscc4269.jpeg,2,1071
lungn4275.jpeg,1,904
lungscc3385.jpeg,2,1220
lungscc4848.jpeg,2,1245
lungn3412.jpeg,1,958
lungn4301.jpeg,1,885
lungaca148.jpeg,0,661
lungn197.jpeg,1,791
lungscc1438.jpeg,2,1133
lungaca4899.jpeg,0,644
lungn3796.jpeg,1,816
lungaca326.jpeg,0,519
lungaca1129.jpeg,0,664
lungaca1502.jpeg,0,633
lungn4599.jpeg,1,879
lungaca154.jpeg,0,622
lungscc677.jpeg,2,1034
lungscc1375.jpeg,2,1092
lungn2176.jpeg,1,844
lungaca3573.jpeg,0,673
lungn2655.jpeg,1,764
lungscc2098.jpeg,2,1067
lungn1060.jpeg,1,820
lungaca3130.jpeg,0,652
lungn1074.jpeg,1,916
lungn4851.jpeg,1,848
lungaca22.jpeg,0,596
lungaca3303.jpeg,0,596
lungaca3650.jpeg,0,630
lungscc689.jpeg,2,1214
lungn4455.jpeg,1,814
lungn1703.jpeg,1,754
lungaca995.jpeg,0,551
lungscc3502.jpeg,2,1141
lungscc2922.jpeg,2,1016
lungn4384.jpeg,1,889
lungscc2675.jpeg,2,1197
lungn1455.jpeg,1,856
lungscc716.jpeg,2,1012
lungn553.jpeg,1,945
lungn862.jpeg,1,982
lungn4880.jpeg,1,761
lungaca683.jpeg,0,583
lungscc2084.jpeg,2,1148
lungscc3973.jpeg,2,1071
lungscc198.jpeg,2,999
lungaca1508.jpeg,0,623
lungaca2161.jpeg,0,565
lungn4.jpeg,1,900
lungscc2101.jpeg,2,1033
lungscc1334.jpeg,2,1033
lungn4278.jpeg,1,779
lungscc1250.jpeg,2,1188
lungaca1478.jpeg,0,649
lungscc2745.jpeg,2,1104
lungaca2291.jpeg,0,524
lungaca1121.jpeg,0,553
lungn3862.jpeg,1,860
lungscc765.jpeg,2,1125
lungn4059.jpeg,1,924
lungscc112.jpeg,2,1229
lungn4722.jpeg,1,920
lungaca287.jpeg,0,726
lungn3082.jpeg,1,886
lungn3426.jpeg,1,851
lungn3210.jpeg,1,830
lungscc4387.jpeg,2,1033
lungaca1584.jpeg,0,652
lungaca1457.jpeg,0,542
lungn3813.jpeg,1,956
lungn1639.jpeg,1,867
lungscc2667.jpeg,2,1036
lungaca2662.jpeg,0,581
lungaca610.jpeg,0,650
lungscc3558.jpeg,2,1226
lungaca2947.jpeg,0,679
lungaca2262.jpeg,0,513
lungaca2165.jpeg,0,590
lungscc637.jpeg,2,1082
lungn4426.jpeg,1,883
lungaca2296.jpeg,0,563
lungaca805.jpeg,0,664
lungaca3320.jpeg,0,530
lungaca2615.jpeg,0,553
lungaca2672.jpeg,0,728
lungscc3356.jpeg,2,1159
lungaca4401.jpeg,0,652
lungn3633.jpeg,1,788
lungscc2751.jpeg,2,1051
lungn904.jpeg,1,991
lungscc4429.jpeg,2,1115
lungscc1039.jpeg,2,1194
lungscc4425.jpeg,2,1190
lungscc4301.jpeg,2,1155
lungn1989.jpeg,1,838
lungscc1204.jpeg,2,1076
lungaca900.jpeg,0,635
lungscc2505.jpeg,2,1039
lungscc3972.jpeg,2,1029
lungscc3970.jpeg,2,1036
lungaca1490.jpeg,0,548
lungaca605.jpeg,0,529
lungscc2594.jpeg,2,1055
lungscc1533.jpeg,2,1176
lungaca4826.jpeg,0,568
lungscc1576.jpeg,2,1038
lungn2020.jpeg,1,864
lungscc1429.jpeg,2,1213
lungn2937.jpeg,1,820
lungscc4010.jpeg,2,1162
lungaca1563.jpeg,0,551
lungaca2171.jpeg,0,650
lungn1416.jpeg,1,951
lungn3092.jpeg,1,792
lungaca1737.jpeg,0,687
lungscc1967.jpeg,2,1176
lungn2234.jpeg,1,949
lungn3887.jpeg,1,876
lungaca4193.jpeg,0,686
lungaca4448.jpeg,0,607
lungscc1986.jpeg,2,1155
lungaca3394.jpeg,0,587
lungn211.jpeg,1,905
lungaca4772.jpeg,0,631
lungn2407.jpeg,1,889
lungn1281.jpeg,1,762
lungscc967.jpeg,2,1196
lungscc3689.jpeg,2,1032
lungaca3846.jpeg,0,604
lungaca769.jpeg,0,551
lungscc3299.jpeg,2,1228
lungn509.jpeg,1,786
lungscc128.jpeg,2,1070
lungscc759.jpeg,2,1050
lungaca1203.jpeg,0,687
lungn2076.jpeg,1,809
lungn2190.jpeg,1,882
lungaca4585.jpeg,0,538
lungaca3103.jpeg,0,510
lungaca826.jpeg,0,573
lungscc3695.jpeg,2,1076
lungscc1748.jpeg,2,1172
lungaca3000.jpeg,0,580
lungaca2412.jpeg,0,545
lungscc2661.jpeg,2,1015
lungn2572.jpeg,1,960
lungn4396.jpeg,1,860
lungscc3892.jpeg,2,1089
lungaca1631.jpeg,0,632
lungn962.jpeg,1,761
lungscc828.jpeg,2,1128
lungaca3331.jpeg,0,520
lungaca4510.jpeg,0,535
lungaca4318.jpeg,0,620
lungn111.jpeg,1,934
lungscc4927.jpeg,2,1061
lungscc3131.jpeg,2,1011
lungscc1421.jpeg,2,1221
lungaca4692.jpeg,0,626
lungn4053.jpeg,1,798
lungscc4546.jpeg,2,1145
lungscc2893.jpeg,2,1022
lungaca3561.jpeg,0,646
lungscc3476.jpeg,2,1057
lungaca2530.jpeg,0,623
lungn860.jpeg,1,817
lungn3825.jpeg,1,924
lungaca1125.jpeg,0,659
lungaca368.jpeg,0,578
lungn1181.jpeg,1,927
lungn4102.jpeg,1,769
lungscc2719.jpeg,2,1189
lungn470.jpeg,1,898
lungaca1355.jpeg,0,703
lungn2115.jpeg,1,844
lungn1336.jpeg,1,854
lungscc4659.jpeg,2,1015
lungaca316.jpeg,0,740
lungn2807.jpeg,1,975
lungaca2823.jpeg,0,653
lungn2007.jpeg,1,856
lungn2018.jpeg,1,897
lungaca2020.jpeg,0,603
lungscc4553.jpeg,2,1239
lungscc1839.jpeg,2,1212
lungn1157.jpeg,1,879
lungscc3737.jpeg,2,1033
lungaca2819.jpeg,0,605
lungaca1990.jpeg,0,734
lungscc3965.jpeg,2,1156
lungscc3474.jpeg,2,1222
lungaca2952.jpeg,0,731
lungscc4653.jpeg,2,1222
lungn1004.jpeg,1,953
lungn979.jpeg,1,807
lungn2114.jpeg,1,774
lungn846.jpeg,1,815
lungn278.jpeg,1,921
lungaca3059.jpeg,0,693
lungn2789.jpeg,1,761
lungn3117.jpeg,1,862
lungscc3618.jpeg,2,1132
lungscc1329.jpeg,2,1153
lungscc402.jpeg,2,1130
lungscc32.jpeg,2,1230
lungscc2573.jpeg,2,1131
lungn2989.jpeg,1,864
lungn2090.jpeg,1,818
lungscc1169.jpeg,2,999
lungscc2443.jpeg,2,1037
lungaca3916.jpeg,0,733
lungn3988.jpeg,1,815
lungn4557.jpeg,1,771
lungscc3522.jpeg,2,1079
lungaca3445.jpeg,0,624
lungscc3127.jpeg,2,1200
lungaca4202.jpeg,0,719
lungscc3479.jpeg,2,1178
lungaca3477.jpeg,0,630
lungaca1446.jpeg,0,675
lungn2486.jpeg,1,767
lungscc1443.jpeg,2,1025
lungn3682.jpeg,1,880
lungaca599.jpeg,0,735
lungaca2872.jpeg,0,674
lungaca2796.jpeg,0,613
lungn2221.jpeg,1,768
lungaca1210.jpeg,0,666
lungaca968.jpeg,0,746
lungn4510.jpeg,1,915
lungscc457.jpeg,2,1231
lungscc4471.jpeg,2,1196
lungaca2991.jpeg,0,592
lungscc144.jpeg,2,1021
lungaca4578.jpeg,0,618
lungaca2069.jpeg,0,555
lungscc4043.jpeg,2,1082
lungn3742.jpeg,1,850
lungaca3152.jpeg,0,506
lungscc2825.jpeg,2,1059
lungaca216.jpeg,0,704
lungaca4684.jpeg,0,573
lungscc4262.jpeg,2,1198
lungaca693.jpeg,0,622
lungscc99.jpeg,2,1164
lungaca1948.jpeg,0,601
lungscc3126.jpeg,2,1200
lungscc3905.jpeg,2,1156
lungscc707.jpeg,2,1188
lungaca3671.jpeg,0,731
lungaca3501.jpeg,0,734
lungaca1893.jpeg,0,649
lungscc4736.jpeg,2,1020
lungscc1342.jpeg,2,1038
lungn3191.jpeg,1,979
lungaca3608.jpeg,0,529
lungn411.jpeg,1,794
lungaca828.jpeg,0,725
lungaca3547.jpeg,0,573
lungscc1897.jpeg,2,1231
lungaca4486.jpeg,0,525
lungaca2189.jpeg,0,602
lungaca4470.jpeg,0,746
lungscc300.jpeg,2,1062
lungn1945.jpeg,1,991
lungaca576.jpeg,0,534
lungscc1657.jpeg,2,1204
lungaca339.jpeg,0,659
lungscc555.jpeg,2,1099
lungaca2022.jpeg,0,712
lungaca3472.jpeg,0,592
lungaca3740.jpeg,0,624
lungscc2426.jpeg,2,1106
lungscc3642.jpeg,2,1012
lungaca1612.jpeg,0,629
lungaca2792.jpeg,0,688
lungn296.jpeg,1,751
lungaca3984.jpeg,0,558
lungn973.jpeg,1,809
lungscc3681.jpeg,2,1158
lungn2503.jpeg,1,791
lungn2109.jpeg,1,828
lungaca1903.jpeg,0,510
lungn4248.jpeg,1,800
lungn3164.jpeg,1,802
lungscc2337.jpeg,2,1026
lungn3976.jpeg,1,794
lungaca2838.jpeg,0,643
lungscc400.jpeg,2,1104
lungaca3193.jpeg,0,647
lungaca4143.jpeg,0,653
lungn3162.jpeg,1,902
lungaca1150.jpeg,0,573
lungaca3614.jpeg,0,521
lungscc1136.jpeg,2,1152
lungn3486.jpeg,1,962
lungn2652.jpeg,1,760
lungaca4710.jpeg,0,627
lungscc1498.jpeg,2,1206
lungaca2362.jpeg,0,737
lungscc2674.jpeg,2,1149
lungn1380.jpeg,1,794
lungaca1028.jpeg,0,508
lungscc1896.jpeg,2,1163
lungscc4283.jpeg,2,1016
lungscc3565.jpeg,2,1028
lungn3579.jpeg,1,890
lungn1192.jpeg,1,881
lungscc3078.jpeg,2,1239
lungaca2544.jpeg,0,689
lungn3285.jpeg,1,975
lungscc30.jpeg,2,1049
lungn4980.jpeg,1,795
lungscc4985.jpeg,2,1025
lungscc4564.jpeg,2,1186
lungaca4907.jpeg,0,686
lungaca4224.jpeg,0,569
lungn1981.jpeg,1,843
lungn2578.jpeg,1,981
lungaca1626.jpeg,0,675
lungn2495.jpeg,1,830
lungscc2520.jpeg,2,1184
lungaca85.jpeg,0,506
lungscc3548.jpeg,2,999
lungn4392.jpeg,1,806
lungn2525.jpeg,1,962
lungn2702.jpeg,1,848
lungscc3254.jpeg,2,1043
lungscc2021.jpeg,2,1186
lungaca2353.jpeg,0,669
lungaca2091.jpeg,0,609
lungn1496.jpeg,1,965
lungn1816.jpeg,1,880
lungscc3458.jpeg,2,1122
lungaca2761.jpeg,0,735
lungn2271.jpeg,1,926
lungscc2531.jpeg,2,1201
lungn4442.jpeg,1,763
lungaca728.jpeg,0,707
lungn1600.jpeg,1,973
lungaca756.jpeg,0,525
lungn2001.jpeg,1,779
lungn2416.jpeg,1,934
lungn2780.jpeg,1,915
lungaca1140.jpeg,0,629
lungaca3360.jpeg,0,666
lungscc2357.jpeg,2,1043
lungscc1895.jpeg,2,1072
lungn4686.jpeg,1,808
lungscc2033.jpeg,2,1064
lungaca2170.jpeg,0,643
lungn3615.jpeg,1,965
lungscc1580.jpeg,2,1055
lungscc2797.jpeg,2,1148
lungn2792.jpeg,1,790
lungscc3992.jpeg,2,1213
lungscc1594.jpeg,2,1233
lungn1240.jpeg,1,900
lungscc4871.jpeg,2,1047
lungaca2118.jpeg,0,683
lungn20.jpeg,1,765
lungn909.jpeg,1,852
lungaca3510.jpeg,0,635
lungscc2631.jpeg,2,1121
lungaca512.jpeg,0,621
lungaca4155.jpeg,0,709
lungaca1871.jpeg,0,542
lungaca3890.jpeg,0,525
lungn4965.jpeg,1,793
lungn3794.jpeg,1,937
lungscc277.jpeg,2,1048
lungn1694.jpeg,1,865
lungn439.jpeg,1,749
lungscc4419.jpeg,2,1162
lungaca2183.jpeg,0,617
lungn564.jpeg,1,975
lungscc4475.jpeg,2,1199
lungn2650.jpeg,1,784
lungscc3413.jpeg,2,1035
lungscc4880.jpeg,2,1124
lungn1803.jpeg,1,760
lungaca451.jpeg,0,553
lungaca484.jpeg,0,626
lungscc4874.jpeg,2,1076
lungn4616.jpeg,1,797
lungn3250.jpeg,1,783
lungn4478.jpeg,1,756
lungscc316.jpeg,2,1066
lungscc2633.jpeg,2,1119
lungscc2997.jpeg,2,1135
lungn4432.jpeg,1,994
lungscc4078.jpeg,2,1115
lungaca4601.jpeg,0,597
lungaca1858.jpeg,0,549
lungn4589.jpeg,1,789
lungaca4274.jpeg,0,707
lungscc2311.jpeg,2,1176
lungscc4045.jpeg,2,1188
lungaca742.jpeg,0,546
lungscc1647.jpeg,2,1132
lungaca4465.jpeg,0,677
lungn3451.jpeg,1,815
lungscc2672.jpeg,2,1001
lungn1182.jpeg,1,900
lungn2782.jpeg,1,949
lungscc3860.jpeg,2,1163
lungn1942.jpeg,1,830
lungaca3715.jpeg,0,616
lungaca145.jpeg,0,556
lungaca3964.jpeg,0,735
lungn2292.jpeg,1,795
lungaca3677.jpeg,0,571
lungn3506.jpeg,1,974
lungscc4384.jpeg,2,1192
lungn4739.jpeg,1,855
lungn1850.jpeg,1,785
lungscc725.jpeg,2,1000
lungaca505.jpeg,0,639
lungn1027.jpeg,1,850
lungaca3919.jpeg,0,600
lungn4092.jpeg,1,814
lungscc3540.jpeg,2,1222
lungaca3845.jpeg,0,721
lungscc1470.jpeg,2,1231
lungscc1181.jpeg,2,1150
lungaca1072.jpeg,0,533
lungaca3178.jpeg,0,616
lungn3922.jpeg,1,963
lungn3410.jpeg,1,973
lungn601.jpeg,1,808
lungscc2303.jpeg,2,1144
lungaca2816.jpeg,0,559
lungscc4515.jpeg,2,1047
lungn4282.jpeg,1,804
lungaca335.jpeg,0,506
lungn3429.jpeg,1,887
lungn1983.jpeg,1,970
lungaca2987.jpeg,0,612
lungaca4144.jpeg,0,532
lungscc1364.jpeg,2,1106
lungaca2219.jpeg,0,634
lungscc3576.jpeg,2,1010
lungaca3884.jpeg,0,591
lungn2033.jpeg,1,906
lungaca2913.jpeg,0,533
lungaca1747.jpeg,0,743
lungn2400.jpeg,1,896
lungaca354.jpeg,0,718
lungscc2422.jpeg,2,1175
lungaca4558.jpeg,0,551
lungn76.jpeg,1,867
lungn3747.jpeg,1,822
lungscc3942.jpeg,2,1241
lungaca3058.jpeg,0,690
lungn988.jpeg,1,878
lungn3771.jpeg,1,858
lungaca1549.jpeg,0,628
lungaca182.jpeg,0,695
lungscc2918.jpeg,2,1188
lungn2144.jpeg,1,888
lungaca2753.jpeg,0,638
lungaca3047.jpeg,0,654
lungscc4395.jpeg,2,1019
lungn724.jpeg,1,945
lungaca119.jpeg,0,708
lungscc890.jpeg,2,1112
lungn3653.jpeg,1,864
lungaca3370.jpeg,0,699
lungn4049.jpeg,1,867
lungaca3232.jpeg,0,510
lungscc1698.jpeg,2,1160
lungaca1485.jpeg,0,738
lungscc3817.jpeg,2,1010
lungscc4889.jpeg,2,1194
lungscc434.jpeg,2,1167
lungaca299.jpeg,0,545
lungaca4697.jpeg,0,650
lungaca21.jpeg,0,735
lungn840.jpeg,1,801
lungscc902.jpeg,2,1223
lungaca1755.jpeg,0,680
lungscc4543.jpeg,2,999
lungn1800.jpeg,1,881
lungscc1444.jpeg,2,1196
lungn4261.jpeg,1,783
lungn2100.jpeg,1,938
lungscc495.jpeg,2,1075
lungn387.jpeg,1,793
lungaca2928.jpeg,0,744
lungn4023.jpeg,1,841
lungscc446.jpeg,2,1029
lungaca3832.jpeg,0,628
lungn1718.jpeg,1,793
lungaca3748.jpeg,0,667
lungscc4518.jpeg,2,1037
lungaca2867.jpeg,0,570
lungscc3692.jpeg,2,1173
lungaca792.jpeg,0,599
lungn2632.jpeg,1,753
lungaca4013.jpeg,0,517
lungn4269.jpeg,1,868
lungn1688.jpeg,1,808
lungscc1723.jpeg,2,1188
lungn4839.jpeg,1,908
lungaca1864.jpeg,0,734
lungn4204.jpeg,1,887
lungn2855.jpeg,1,790
lungaca4061.jpeg,0,671
lungaca242.jpeg,0,720
lungscc687.jpeg,2,1144
lungscc3812.jpeg,2,1117
lungn448.jpeg,1,960
lungscc4647.jpeg,2,1181
lungaca3367.jpeg,0,595
lungscc615.jpeg,2,1183
lungn2837.jpeg,1,831
lungn1633.jpeg,1,769
lungaca257.jpeg,0,741
lungn3595.jpeg,1,883
lungaca1840.jpeg,0,619
lungaca2116.jpeg,0,521
lungaca2063.jpeg,0,680
lungscc1838.jpeg,2,1179
lungn2916.jpeg,1,901
lungscc498.jpeg,2,1058
lungscc1568.jpeg,2,1113
lungn167.jpeg,1,764
lungaca609.jpeg,0,731
lungn2174.jpeg,1,764
lungscc4309.jpeg,2,1011
lungaca2834.jpeg,0,743
lungn3039.jpeg,1,749
lungn2427.jpeg,1,779
lungn1353.jpeg,1,864
lungaca4905.jpeg,0,611
lungaca1363.jpeg,0,644
lungaca1969.jpeg,0,642
lungaca600.jpeg,0,675
lungaca3909.jpeg,0,675
lungscc1701.jpeg,2,1034
lungscc503.jpeg,2,1034
lungn738.jpeg,1,883
lungaca379.jpeg,0,563
lungaca127.jpeg,0,734
lungaca275.jpeg,0,644
lungaca2181.jpeg,0,635
lungaca2899.jpeg,0,731
lungscc1800.jpeg,2,1004
lungaca992.jpeg,0,638
lungscc2144.jpeg,2,1012
lungn1276.jpeg,1,946
lungaca4876.jpeg,0,700
lungn2039.jpeg,1,881
lungn2922.jpeg,1,955
lungscc3215.jpeg,2,1082
lungscc3736.jpeg,2,1149
lungscc3966.jpeg,2,1198
lungn2853.jpeg,1,779
lungscc679.jpeg,2,1099
lungscc736.jpeg,2,1216
lungaca2855.jpeg,0,533
lungscc365.jpeg,2,1005
lungn2983.jpeg,1,878
lungn3831.jpeg,1,928
lungscc14.jpeg,2,1207
lungscc251.jpeg,2,1038
lungscc1649.jpeg,2,1233
lungaca4957.jpeg,0,744
lungscc1904.jpeg,2,1114
lungn3858.jpeg,1,795
lungaca3275.jpeg,0,511
lungscc3941.jpeg,2,1135
lungn1775.jpeg,1,911
lungaca1213.jpeg,0,515
lungn3903.jpeg,1,921
lungscc1499.jpeg,2,1153
lungaca1194.jpeg,0,686
lungaca3.jpeg,0,716
lungn542.jpeg,1,780
lungaca3828.jpeg,0,619
lungscc4905.jpeg,2,1145
lungscc1108.jpeg,2,1142
lungscc2640.jpeg,2,1151
lungaca77.jpeg,0,631
lungscc2102.jpeg,2,1161
lungaca4621.jpeg,0,507
lungaca4145.jpeg,0,687
lungscc2872.jpeg,2,1067
lungn2519.jpeg,1,848
lungaca1977.jpeg,0,687
lungscc4698.jpeg,2,1080
lungscc778.jpeg,2,1068
lungscc1551.jpeg,2,1083
lungn1075.jpeg,1,763
lungscc2088.jpeg,2,1173
lungscc4424.jpeg,2,1057
lungn2987.jpeg,1,940
lungaca2368.jpeg,0,728
lungn1134.jpeg,1,751
lungaca3483.jpeg,0,721
lungn4268.jpeg,1,755
lungn4737.jpeg,1,828
lungn2918.jpeg,1,809
lungn2580.jpeg,1,768
lungaca4594.jpeg,0,661
lungaca1583.jpeg,0,652
lungscc1318.jpeg,2,1061
lungn119.jpeg,1,968
lungaca4631.jpeg,0,600
lungn3479.jpeg,1,772
lungscc1729.jpeg,2,1076
lungscc2718.jpeg,2,1189
lungscc697.jpeg,2,1019
lungn611.jpeg,1,822
lungn2073.jpeg,1,972
lungscc3246.jpeg,2,1059
lungn265.jpeg,1,977
lungn2313.jpeg,1,946
lungaca3340.jpeg,0,597
lungaca3141.jpeg,0,676
lungn2625.jpeg,1,879
lungscc1950.jpeg,2,1150
lungscc4795.jpeg,2,1114
lungn3755.jpeg,1,789
lungn49.jpeg,1,916
lungn4973.jpeg,1,978
lungaca1614.jpeg,0,574
lungn3257.jpeg,1,758
lungscc2231.jpeg,2,1200
lungscc3416.jpeg,2,1085
lungaca1381.jpeg,0,719
lungn3650.jpeg,1,813
lungn727.jpeg,1,946
lungscc4922.jpeg,2,1073
lungn3687.jpeg,1,804
lungscc4642.jpeg,2,1229
lungn2868.jpeg,1,879
lungaca858.jpeg,0,722
lungaca2223.jpeg,0,694
lungn4555.jpeg,1,771
lungaca365.jpeg,0,666
lungn3411.jpeg,1,877
lungn3201.jpeg,1,929
lungscc262.jpeg,2,1226
lungn982.jpeg,1,879
lungn1577.jpeg,1,886
lungscc2993.jpeg,2,1124
lungn1883.jpeg,1,966
lungn116.jpeg,1,827
lungaca3905.jpeg,0,693
lungaca1188.jpeg,0,648
lungn1832.jpeg,1,912
lungscc3384.jpeg,2,1202
lungscc1434.jpeg,2,1039
lungn3405.jpeg,1,773
lungscc2684.jpeg,2,998
lungaca1960.jpeg,0,722
lungscc3756.jpeg,2,1024
lungscc813.jpeg,2,1217
lungaca225.jpeg,0,554
lungn389.jpeg,1,964
lungaca136.jpeg,0,569
lungscc1858.jpeg,2,1079
lungaca3493.jpeg,0,732
lungscc1915.jpeg,2,1159
lungscc3735.jpeg,2,1208
lungaca4824.jpeg,0,588
lungn3150.jpeg,1,845
lungaca2887.jpeg,0,604
lungscc4730.jpeg,2,1168
lungn3663.jpeg,1,866
lungscc4857.jpeg,2,1205
lungn2510.jpeg,1,786
lungn1190.jpeg,1,803
lungaca1298.jpeg,0,509
lungaca4947.jpeg,0,518
lungn1014.jpeg,1,794
lungn1613.jpeg,1,938
lungn2175.jpeg,1,764
lungaca2271.jpeg,0,718
lungn2651.jpeg,1,917
lungaca3183.jpeg,0,685
lungaca3600.jpeg,0,589
lungaca3165.jpeg,0,513
lungn3089.jpeg,1,895
lungscc1414.jpeg,2,1144
lungaca3507.jpeg,0,531
lungscc3615.jpeg,2,1001
lungn4519.jpeg,1,825
lungn1679.jpeg,1,760
lungscc425.jpeg,2,1004
lungn4865.jpeg,1,759
lungscc3954.jpeg,2,1011
lungscc591.jpeg,2,1012
lungn2376.jpeg,1,911
lungaca1592.jpeg,0,627
lungaca4281.jpeg,0,631
lungn3189.jpeg,1,832
lungaca4363.jpeg,0,716
lungn3735.jpeg,1,814
lungn4890.jpeg,1,811
lungaca4119.jpeg,0,715
lungn1891.jpeg,1,842
lungaca1408.jpeg,0,696
lungaca4138.jpeg,0,672
lungn831.jpeg,1,893
lungaca3714.jpeg,0,579
lungaca4882.jpeg,0,746
lungscc3958.jpeg,2,1063
lungaca4648.jpeg,0,667
lungscc2108.jpeg,2,1178
lungscc1903.jpeg,2,1023
lungaca1116.jpeg,0,576
lungscc2485.jpeg,2,1170
lungaca2039.jpeg,0,573
lungn2379.jpeg,1,883
lungscc4527.jpeg,2,1139
lungaca635.jpeg,0,659
lungscc4023.jpeg,2,1189
lungscc2124.jpeg,2,1144
lungn606.jpeg,1,840
lungn2198.jpeg,1,918
lungscc1082.jpeg,2,1218
lungaca2604.jpeg,0,531
lungaca4003.jpeg,0,518
lungaca4664.jpeg,0,681
lungaca4548.jpeg,0,658
lungaca2040.jpeg,0,678
lungn4012.jpeg,1,800
lungscc4668.jpeg,2,1036
lungaca3429.jpeg,0,590
lungscc327.jpeg,2,1077
lungn2904.jpeg,1,769
lungaca3683.jpeg,0,635
lungaca552.jpeg,0,558
lungaca2317.jpeg,0,572
lungaca4312.jpeg,0,726
lungn3675.jpeg,1,898
lungn2969.jpeg,1,801
lungscc1395.jpeg,2,1157
lungn4220.jpeg,1,860
lungscc528.jpeg,2,1148
lungn112.jpeg,1,840
lungn3635.jpeg,1,789
lungscc54.jpeg,2,1210
lungaca4867.jpeg,0,549
lungaca4513.jpeg,0,530
lungn2334.jpeg,1,862
lungn825.jpeg,1,838
lungaca2875.jpeg,0,668
lungn30.jpeg,1,791
lungn168.jpeg,1,751
lungscc1737.jpeg,2,1008
lungscc4790.jpeg,2,1215
lungaca2685.jpeg,0,506
lungscc2258.jpeg,2,1023
lungaca4482.jpeg,0,572
lungscc2338.jpeg,2,1097
lungn374.jpeg,1,901
lungn2097.jpeg,1,861
lungaca1991.jpeg,0,646
lungn2970.jpeg,1,776
lungaca714.jpeg,0,693
lungscc3620.jpeg,2,1163
lungaca3694.jpeg,0,660
lungn3856.jpeg,1,816
lungn239.jpeg,1,778
lungn4741.jpeg,1,937
lungn1820.jpeg,1,804
lungscc1293.jpeg,2,1240
lungscc364.jpeg,2,1059
lungaca2695.jpeg,0,665
lungaca1266.jpeg,0,692
lungscc353.jpeg,2,1068
lungscc2169.jpeg,2,1070
lungscc1419.jpeg,2,1013
lungn4154.jpeg,1,868
lungn1271.jpeg,1,789
lungn785.jpeg,1,892
lungaca1869.jpeg,0,581
lungaca251.jpeg,0,569
lungn4050.jpeg,1,972
lungaca202.jpeg,0,610
lungscc770.jpeg,2,1191
lungn4934.jpeg,1,814
lungn4388.jpeg,1,868
lungn1133.jpeg,1,816
lungaca4102.jpeg,0,601
lungn132.jpeg,1,971
lungscc3194.jpeg,2,1110
lungscc4828.jpeg,2,1167
lungn4913.jpeg,1,800
lungaca235.jpeg,0,634
lungaca4390.jpeg,0,634
lungn3196.jpeg,1,923
lungaca1547.jpeg,0,525
lungscc3069.jpeg,2,1038
lungn4559.jpeg,1,919
lungscc1614.jpeg,2,1017
lungn181.jpeg,1,805
lungn2136.jpeg,1,911
lungaca3263.jpeg,0,542
lungscc258.jpeg,2,1029
lungn2756.jpeg,1,958
lungscc3296.jpeg,2,1182
lungn2662.jpeg,1,839
lungn1252.jpeg,1,970
lungscc2952.jpeg,2,1066
lungscc1125.jpeg,2,1168
lungaca144.jpeg,0,677
lungn7.jpeg,1,834
lungn1612.jpeg,1,947
lungn3539.jpeg,1,862
lungn4529.jpeg,1,909
lungaca1336.jpeg,0,531
lungscc3881.jpeg,2,1224
lungn2034.jpeg,1,962
lungaca3439.jpeg,0,646
lungscc3285.jpeg,2,1089
lungn924.jpeg,1,976
lungn2557.jpeg,1,901
lungaca2144.jpeg,0,597
lungscc2411.jpeg,2,1095
lungn1450.jpeg,1,860
lungn215.jpeg,1,910
lungscc4836.jpeg,2,1201
lungaca2543.jpeg,0,610
lungn298.jpeg,1,893
lungaca3224.jpeg,0,657
lungn3709.jpeg,1,849
lungaca3003.jpeg,0,560
lungscc1454.jpeg,2,1222
lungaca2346.jpeg,0,516
lungn372.jpeg,1,778
lungaca3872.jpeg,0,530
lungaca384.jpeg,0,523
lungaca1959.jpeg,0,622
lungaca4763.jpeg,0,699
lungscc4230.jpeg,2,1213
lungn3046.jpeg,1,786
lungn1644.jpeg,1,892
lungscc4028.jpeg,2,1116
lungn2686.jpeg,1,975
lungn3616.jpeg,1,884
lungscc1291.jpeg,2,1095
lungaca949.jpeg,0,529
lungn4389.jpeg,1,899
lungscc4711.jpeg,2,1167
lungn2329.jpeg,1,877
lungscc3276.jpeg,2,1010
lungn1294.jpeg,1,753
lungscc479.jpeg,2,1035
lungn3812.jpeg,1,825
lungaca4431.jpeg,0,559
lungn3586.jpeg,1,879
lungn525.jpeg,1,841
lungn3314.jpeg,1,965
lungscc1066.jpeg,2,1023
lungn3840.jpeg,1,905
lungscc2550.jpeg,2,1158
lungaca3976.jpeg,0,540
lungaca1085.jpeg,0,609
lungscc4491.jpeg,2,1043
lungn2374.jpeg,1,809
lungscc416.jpeg,2,1081
lungn237.jpeg,1,894
lungn2306.jpeg,1,804
lungaca3077.jpeg,0,568
lungn4086.jpeg,1,855
lungn2092.jpeg,1,817
lungn536.jpeg,1,868
lungscc2887.jpeg,2,1201
lungaca3099.jpeg,0,536
lungaca3404.jpeg,0,736
lungscc4065.jpeg,2,1225
lungn1434.jpeg,1,979
lungn1300.jpeg,1,947
lungaca2705.jpeg,0,616
lungn4112.jpeg,1,955
lungscc971.jpeg,2,1131
lungaca3875.jpeg,0,688
lungaca4253.jpeg,0,747
lungscc3023.jpeg,2,1049
lungscc4217.jpeg,2,1123
lungn2215.jpeg,1,947
lungn4277.jpeg,1,777
lungaca3876.jpeg,0,627
lungn2472.jpeg,1,917
lungaca185.jpeg,0,742
lungaca3038.jpeg,0,662
lungscc4612.jpeg,2,1036
lungscc924.jpeg,2,1075
lungn4876.jpeg,1,860
lungn416.jpeg,1,816
lungaca1393.jpeg,0,600
lungn477.jpeg,1,863
lungaca3437.jpeg,0,733
lungn2592.jpeg,1,995
lungscc2130.jpeg,2,1141
lungscc1221.jpeg,2,1169
lungaca1581.jpeg,0,646
lungn207.jpeg,1,787
lungscc3173.jpeg,2,1080
lungn3589.jpeg,1,835
lungn1506.jpeg,1,992
lungscc2280.jpeg,2,1155
lungn2201.jpeg,1,912
lungscc2179.jpeg,2,1107
lungscc648.jpeg,2,1018
lungaca1790.jpeg,0,560
lungaca3313.jpeg,0,581
lungaca4176.jpeg,0,538
lungscc422.jpeg,2,1068
lungaca1527.jpeg,0,684
lungn3249.jpeg,1,759
lungscc3882.jpeg,2,1061
lungn2393.jpeg,1,987
lungaca3792.jpeg,0,549
lungaca1661.jpeg,0,722
lungn4385.jpeg,1,838
lungscc907.jpeg,2,1009
lungaca1705.jpeg,0,714
lungn160.jpeg,1,978
lungaca4357.jpeg,0,511
lungn3062.jpeg,1,953
lungaca191.jpeg,0,623
lungaca4619.jpeg,0,653
lungaca4655.jpeg,0,659
lungn1684.jpeg,1,751
lungaca4436.jpeg,0,526
lungscc1233.jpeg,2,1046
lungscc4393.jpeg,2,1123
lungaca4511.jpeg,0,530
lungn1317.jpeg,1,808
lungscc1458.jpeg,2,1165
lungn1641.jpeg,1,990
lungaca4705.jpeg,0,569
lungaca1167.jpeg,0,740
lungscc4006.jpeg,2,1182
lungaca4149.jpeg,0,725
lungaca1310.jpeg,0,642
lungscc3739.jpeg,2,1204
lungaca3955.jpeg,0,594
lungn2093.jpeg,1,954
lungaca1946.jpeg,0,523
lungn1762.jpeg,1,886
lungaca3136.jpeg,0,728
lungn1461.jpeg,1,776
lungaca4929.jpeg,0,724
lungaca2143.jpeg,0,682
lungaca3321.jpeg,0,568
lungscc218.jpeg,2,1048
lungscc4971.jpeg,2,1232
lungscc1152.jpeg,2,1210
lungn656.jpeg,1,985
lungaca1436.jpeg,0,560
lungaca1860.jpeg,0,632
lungn233.jpeg,1,825
lungscc129.jpeg,2,1157
lungn1343.jpeg,1,888
lungn4528.jpeg,1,776
lungn1848.jpeg,1,772
lungn4522.jpeg,1,804
lungscc4157.jpeg,2,1044
lungscc2461.jpeg,2,1085
lungn1452.jpeg,1,974
lungn1005.jpeg,1,953
lungn1645.jpeg,1,854
lungn1263.jpeg,1,860
lungaca3052.jpeg,0,641
lungaca982.jpeg,0,658
lungscc3392.jpeg,2,1050
lungscc4185.jpeg,2,1009
lungaca4298.jpeg,0,570
lungscc3346.jpeg,2,1032
lungn1267.jpeg,1,829
lungscc1339.jpeg,2,1057
lungaca4229.jpeg,0,706
lungaca2216.jpeg,0,666
lungscc3777.jpeg,2,1206
lungn1213.jpeg,1,991
lungn4386.jpeg,1,969
lungn2165.jpeg,1,978
lungaca4430.jpeg,0,628
lungscc4682.jpeg,2,1048
lungaca304.jpeg,0,743
lungscc4774.jpeg,2,999
lungaca4388.jpeg,0,566
lungscc1742.jpeg,2,1026
lungscc3678.jpeg,2,1044
lungscc2317.jpeg,2,1037
lungscc2630.jpeg,2,1121
lungaca4629.jpeg,0,733
lungscc478.jpeg,2,1227
lungscc4716.jpeg,2,1058
lungscc3809.jpeg,2,1023
lungaca1501.jpeg,0,606
lungn122.jpeg,1,769
lungscc4032.jpeg,2,1001
lungaca2488.jpeg,0,530
lungscc2564.jpeg,2,1193
lungscc192.jpeg,2,1190
lungscc584.jpeg,2,1016
lungscc1863.jpeg,2,1008
lungscc2831.jpeg,2,1110
lungscc1247.jpeg,2,1232
lungn1604.jpeg,1,824
lungscc1816.jpeg,2,1075
lungscc1101.jpeg,2,1216
lungaca1484.jpeg,0,592
lungn3578.jpeg,1,852
lungn4235.jpeg,1,971
lungscc3096.jpeg,2,1061
lungn1894.jpeg,1,773
lungscc2086.jpeg,2,1090
lungscc4013.jpeg,2,1103
lungn48.jpeg,1,910
lungn1013.jpeg,1,794
lungscc4263.jpeg,2,1042
lungaca2906.jpeg,0,652
lungaca4583.jpeg,0,533
lungaca4323.jpeg,0,727
lungn4237.jpeg,1,756
lungaca760.jpeg,0,745
lungscc2958.jpeg,2,1226
lungaca2467.jpeg,0,678
lungscc1756.jpeg,2,1095
lungn19.jpeg,1,974
lungscc3411.jpeg,2,1147
lungn557.jpeg,1,972
lungaca937.jpeg,0,552
lungscc4791.jpeg,2,1048
lungaca778.jpeg,0,717
lungn31.jpeg,1,993
lungscc1024.jpeg,2,1089
lungn1105.jpeg,1,946
lungscc3826.jpeg,2,1081
lungaca3712.jpeg,0,528
lungaca3581.jpeg,0,518
lungaca3043.jpeg,0,625
lungn3872.jpeg,1,882
lungscc450.jpeg,2,1049
lungn1734.jpeg,1,833
lungn4449.jpeg,1,797
lungaca796.jpeg,0,662
lungaca1226.jpeg,0,558
lungscc4537.jpeg,2,1103
lungscc1049.jpeg,2,1022
lungn850.jpeg,1,867
lungaca4871.jpeg,0,521
lungn4954.jpeg,1,781
lungscc3312.jpeg,2,1169
lungaca4897.jpeg,0,682
lungscc1.jpeg,2,1202
lungscc810.jpeg,2,1202
lungaca2519.jpeg,0,708
lungscc556.jpeg,2,1056
lungaca3471.jpeg,0,644
lungaca3560.jpeg,0,646
lungaca74.jpeg,0,728
lungaca541.jpeg,0,732
lungaca2329.jpeg,0,686
lungaca487.jpeg,0,516
lungscc569.jpeg,2,1141
lungn711.jpeg,1,814
lungn188.jpeg,1,991
lungaca644.jpeg,0,570
lungaca1788.jpeg,0,544
lungaca3879.jpeg,0,602
lungaca1910.jpeg,0,517
lungaca2881.jpeg,0,526
lungn4883.jpeg,1,825
lungaca3007.jpeg,0,663
lungscc4605.jpeg,2,1095
lungn1939.jpeg,1,859
lungn4177.jpeg,1,852
lungaca1565.jpeg,0,552
lungaca3415.jpeg,0,547
lungaca627.jpeg,0,702
lungn206.jpeg,1,858
lungaca1615.jpeg,0,585
lungn4569.jpeg,1,755
lungn415.jpeg,1,914
lungn2297.jpeg,1,758
lungscc1301.jpeg,2,1049
lungaca99.jpeg,0,704
lungscc3443.jpeg,2,1148
lungscc4111.jpeg,2,1039
lungaca3264.jpeg,0,588
lungaca3537.jpeg,0,580
lungn1657.jpeg,1,793
lungn1763.jpeg,1,825
lungaca3632.jpeg,0,662
lungn2069.jpeg,1,830
lungn4260.jpeg,1,759
lungscc2723.jpeg,2,1098
lungscc3867.jpeg,2,1158
lungaca3624.jpeg,0,588
lungaca124.jpeg,0,521
lungscc3701.jpeg,2,1196
lungaca950.jpeg,0,720
lungn1000.jpeg,1,823
lungn2728.jpeg,1,968
lungscc4284.jpeg,2,1047
lungscc1016.jpeg,2,1027
lungaca1676.jpeg,0,736
lungn1018.jpeg,1,838
lungn1503.jpeg,1,844
lungn4444.jpeg,1,832
lungaca3095.jpeg,0,572
lungscc3719.jpeg,2,1136
lungaca3330.jpeg,0,748
lungscc897.jpeg,2,1051
lungscc3435.jpeg,2,1174
lungscc1509.jpeg,2,1115
lungn2524.jpeg,1,906
lungn4832.jpeg,1,950
lungn4827.jpeg,1,867
lungscc4276.jpeg,2,1158
lungn1811.jpeg,1,863
lungn2606.jpeg,1,761
lungscc428.jpeg,2,1162
lungaca4522.jpeg,0,542
lungscc1883.jpeg,2,1036
lungn2463.jpeg,1,763
lungn3193.jpeg,1,803
lungscc1677.jpeg,2,1065
lungn1231.jpeg,1,786
lungaca719.jpeg,0,566
lungaca3288.jpeg,0,611
lungaca2450.jpeg,0,522
lungaca2782.jpeg,0,537
lungscc1164.jpeg,2,1165
lungn703.jpeg,1,831
lungaca3783.jpeg,0,573
lungn4514.jpeg,1,872
lungscc2402.jpeg,2,1115
lungaca3518.jpeg,0,676
lungscc921.jpeg,2,1059
lungn4526.jpeg,1,991
lungscc1575.jpeg,2,1063
lungn4151.jpeg,1,941
lungscc4901.jpeg,2,1088
lungscc4548.jpeg,2,1056
lungscc2894.jpeg,2,1022
lungscc2974.jpeg,2,1047
lungaca284.jpeg,0,548
lungscc3132.jpeg,2,1115
lungaca1693.jpeg,0,735
lungscc3538.jpeg,2,1161
lungaca2476.jpeg,0,646
lungn4293.jpeg,1,876
lungaca1964.jpeg,0,534
lungscc2128.jpeg,2,1106
lungscc3052.jpeg,2,1182
lungscc2353.jpeg,2,1075
lungn3478.jpeg,1,875
lungscc4446.jpeg,2,1204
lungscc2725.jpeg,2,1088
lungn2726.jpeg,1,847
lungscc3182.jpeg,2,1120
lungscc1849.jpeg,2,1173
lungaca4151.jpeg,0,634
lungscc4286.jpeg,2,1061
lungscc4921.jpeg,2,1125
lungscc4624.jpeg,2,1024
lungn2713.jpeg,1,995
lungn1889.jpeg,1,902
lungscc1417.jpeg,2,1214
lungscc1006.jpeg,2,1077
lungscc2284.jpeg,2,1161
lungn2017.jpeg,1,810
lungscc2572.jpeg,2,1131
lungscc2377.jpeg,2,1090
lungn1385.jpeg,1,969
lungscc2649.jpeg,2,1057
lungscc1451.jpeg,2,1209
lungn2929.jpeg,1,883
lungaca369.jpeg,0,529
lungaca170.jpeg,0,628
lungn2559.jpeg,1,807
lungscc4171.jpeg,2,1104
lungaca1551.jpeg,0,747
lungn44.jpeg,1,833
lungn3772.jpeg,1,980
lungaca4618.jpeg,0,594
lungn3213.jpeg,1,778
lungn74.jpeg,1,788
lungn3776.jpeg,1,820
lungn734.jpeg,1,913
lungn4819.jpeg,1,822
lungaca3640.jpeg,0,572
lungn429.jpeg,1,932
lungn3206.jpeg,1,761
lungscc2679.jpeg,2,1013
lungn192.jpeg,1,892
lungaca3236.jpeg,0,514
lungscc3446.jpeg,2,1102
lungaca3584.jpeg,0,649
lungaca2281.jpeg,0,634
lungscc1680.jpeg,2,1060
lungaca1922.jpeg,0,708
lungaca4137.jpeg,0,559
lungn1488.jpeg,1,910
lungaca1504.jpeg,0,732
lungaca2136.jpeg,0,593
lungscc4324.jpeg,2,1036
lungscc2782.jpeg,2,1174
lungn1180.jpeg,1,772
lungn847.jpeg,1,932
lungn670.jpeg,1,925
lungaca3463.jpeg,0,621
lungn398.jpeg,1,927
lungn4121.jpeg,1,948
lungaca3306.jpeg,0,549
lungaca1619.jpeg,0,655
lungscc2666.jpeg,2,1187
lungscc406.jpeg,2,1037
lungaca1174.jpeg,0,618
lungn2648.jpeg,1,931
lungaca4788.jpeg,0,608
lungaca3673.jpeg,0,683
lungn494.jpeg,1,869
lungaca1513.jpeg,0,527
lungn4581.jpeg,1,801
lungn2103.jpeg,1,763
lungscc459.jpeg,2,1020
lungn4314.jpeg,1,933
lungaca2376.jpeg,0,562
lungaca1728.jpeg,0,611
lungn187.jpeg,1,789
lungscc3753.jpeg,2,1213
lungscc4627.jpeg,2,1076
lungaca3996.jpeg,0,636
lungscc4815.jpeg,2,1054
lungn3063.jpeg,1,803
lungscc4370.jpeg,2,1096
lungaca4230.jpeg,0,696
lungscc3893.jpeg,2,1147
lungaca4599.jpeg,0,657
lungscc2650.jpeg,2,1194
lungscc1524.jpeg,2,1231
lungn2162.jpeg,1,837
lungn1156.jpeg,1,750
lungaca3298.jpeg,0,721
lungscc3130.jpeg,2,1190
lungn1519.jpeg,1,830
lungn2622.jpeg,1,971
lungn4061.jpeg,1,883
lungscc3289.jpeg,2,1147
lungaca1348.jpeg,0,519
lungscc1702.jpeg,2,1031
lungaca1344.jpeg,0,677
lungaca752.jpeg,0,570
lungaca799.jpeg,0,684
lungaca906.jpeg,0,639
lungscc1178.jpeg,2,1105
lungscc2209.jpeg,2,1024
lungn707.jpeg,1,828
lungn595.jpeg,1,764
lungaca4743.jpeg,0,589
lungn3950.jpeg,1,908
lungaca1940.jpeg,0,531
lungscc2775.jpeg,2,1042
lungscc533.jpeg,2,1236
lungaca2392.jpeg,0,674
lungn4413.jpeg,1,869
lungaca351.jpeg,0,605
lungscc1635.jpeg,2,1034
lungscc2949.jpeg,2,1107
lungaca2783.jpeg,0,537
lungscc389.jpeg,2,1170
lungaca4595.jpeg,0,508
lungaca611.jpeg,0,699
lungscc910.jpeg,2,1069
lungaca4091.jpeg,0,607
lungscc1215.jpeg,2,1097
lungscc4759.jpeg,2,1153
lungaca2259.jpeg,0,534
lungscc4480.jpeg,2,1209
lungn4401.jpeg,1,863
lungn2796.jpeg,1,815
lungscc3057.jpeg,2,1135
lungaca3802.jpeg,0,588
lungn3546.jpeg,1,768
lungaca174.jpeg,0,745
lungaca1109.jpeg,0,527
lungaca1720.jpeg,0,557
lungn2966.jpeg,1,865
lungscc650.jpeg,2,1193
lungn267.jpeg,1,997
lungaca3260.jpeg,0,527
lungaca278.jpeg,0,674
lungaca2334.jpeg,0,594
lungaca4053.jpeg,0,702
lungn859.jpeg,1,775
lungn2741.jpeg,1,918
lungn4509.jpeg,1,899
lungaca1258.jpeg,0,548
lungscc2759.jpeg,2,1206
lungaca3129.jpeg,0,683
lungn4294.jpeg,1,762
lungaca4215.jpeg,0,527
lungaca4625.jpeg,0,512
lungscc386.jpeg,2,1049
lungscc1678.jpeg,2,1182
lungn3236.jpeg,1,771
lungscc167.jpeg,2,1102
lungscc4851.jpeg,2,1045
lungaca1782.jpeg,0,534
lungscc3581.jpeg,2,1083
lungaca2917.jpeg,0,553
lungscc103.jpeg,2,1039
lungaca4643.jpeg,0,599
lungscc4539.jpeg,2,1103
lungn4655.jpeg,1,756
lungn2044.jpeg,1,760
lungscc1140.jpeg,2,1091
lungaca4037.jpeg,0,598
lungaca2059.jpeg,0,563
lungn4195.jpeg,1,919
lungscc1099.jpeg,2,1161
lungscc3271.jpeg,2,1137
lungscc1761.jpeg,2,1242
lungn823.jpeg,1,995
lungscc1537.jpeg,2,1117
lungaca1637.jpeg,0,539
lungscc3339.jpeg,2,1140
lungn3526.jpeg,1,912
lungaca1014.jpeg,0,689
lungn2023.jpeg,1,922
lungn783.jpeg,1,852
lungn1235.jpeg,1,960
lungscc1853.jpeg,2,1191
lungn599.jpeg,1,929
lungn2401.jpeg,1,962
lungaca2399.jpeg,0,710
lungaca4792.jpeg,0,658
lungn3594.jpeg,1,883
lungn1454.jpeg,1,859
lungn1359.jpeg,1,907
lungaca608.jpeg,0,731
lungscc2449.jpeg,2,1092
lungscc777.jpeg,2,1068
lungaca4942.jpeg,0,673
lungaca3354.jpeg,0,554
lungn4242.jpeg,1,818
lungaca4415.jpeg,0,621
lungn3604.jpeg,1,821
lungn2640.jpeg,1,833
lungscc1067.jpeg,2,1023
lungaca243.jpeg,0,623
lungscc2714.jpeg,2,1178
lungaca1047.jpeg,0,629
lungscc4.jpeg,2,1001
lungscc1534.jpeg,2,1023
lungscc1040.jpeg,2,1070
lungscc1535.jpeg,2,1186
lungscc1613.jpeg,2,1081
lungn128.jpeg,1,799
lungn4623.jpeg,1,803
lungn2378.jpeg,1,762
lungaca2651.jpeg,0,569
lungscc3901.jpeg,2,1110
lungn1999.jpeg,1,827
lungaca2365.jpeg,0,618
lungn3779.jpeg,1,935
lungscc2476.jpeg,2,1234
lungaca3352.jpeg,0,544
lungaca4916.jpeg,0,655
lungaca2083.jpeg,0,661
lungn3167.jpeg,1,993
lungscc4375.jpeg,2,1166
lungn1617.jpeg,1,836
lungaca2624.jpeg,0,654
lungscc2905.jpeg,2,1230
lungaca290.jpeg,0,721
lungn841.jpeg,1,925
lungscc3516.jpeg,2,1012
lungaca1971.jpeg,0,517
lungn2591.jpeg,1,970
lungscc26.jpeg,2,1056
lungn2956.jpeg,1,783
lungn245.jpeg,1,807
lungaca4018.jpeg,0,585
lungaca758.jpeg,0,609
lungscc795.jpeg,2,1005
lungscc3221.jpeg,2,1137
lungaca3606.jpeg,0,578
lungaca4730.jpeg,0,609
lungscc375.jpeg,2,1198
lungaca1124.jpeg,0,659
lungaca452.jpeg,0,748
lungn66.jpeg,1,761
lungaca647.jpeg,0,536
lungscc2920.jpeg,2,1125
lungaca4256.jpeg,0,668
lungscc2175.jpeg,2,1201
lungn3527.jpeg,1,912
lungscc1074.jpeg,2,1073
lungscc1833.jpeg,2,1072
lungscc102.jpeg,2,1193
lungn4919.jpeg,1,833
lungscc1754.jpeg,2,1189
lungscc3373.jpeg,2,1074
lungaca3511.jpeg,0,576
lungscc2967.jpeg,2,1007
lungn52.jpeg,1,931
lungaca1237.jpeg,0,673
lungaca3985.jpeg,0,555
lungscc3008.jpeg,2,1002
lungaca69.jpeg,0,563
lungn3243.jpeg,1,933
lungn1494.jpeg,1,881
lungaca474.jpeg,0,586
lungaca4652.jpeg,0,564
lungscc2586.jpeg,2,1161
lungaca3926.jpeg,0,635
lungscc2591.jpeg,2,1115
lungscc4154.jpeg,2,1217
lungscc3300.jpeg,2,1151
lungscc2458.jpeg,2,1062
lungaca3086.jpeg,0,625
lungn2062.jpeg,1,767
lungn3957.jpeg,1,770
lungscc4104.jpeg,2,1023
lungscc983.jpeg,2,1201
lungaca4023.jpeg,0,634
lungscc3510.jpeg,2,1152
lungscc1405.jpeg,2,1145
lungn352.jpeg,1,937
lungn2725.jpeg,1,812
lungaca3323.jpeg,0,533
lungn521.jpeg,1,938
lungscc1244.jpeg,2,1138
lungscc4150.jpeg,2,1146
lungscc4058.jpeg,2,1124
lungaca3202.jpeg,0,650
lungn3038.jpeg,1,879
lungn1375.jpeg,1,887
lungaca3274.jpeg,0,564
lungaca1633.jpeg,0,516
lungn1796.jpeg,1,921
lungn2205.jpeg,1,993
lungaca1843.jpeg,0,641
lungscc2342.jpeg,2,1108
lungscc3993.jpeg,2,1024
lungn526.jpeg,1,866
lungaca2970.jpeg,0,601
lungn4957.jpeg,1,950
lungn1150.jpeg,1,809
lungscc2428.jpeg,2,1020
lungaca2778.jpeg,0,542
lungn4324.jpeg,1,995
lungaca2230.jpeg,0,643
lungaca4205.jpeg,0,545
lungaca2115.jpeg,0,720
lungn4937.jpeg,1,774
lungn1592.jpeg,1,950
lungaca4341.jpeg,0,624
lungn3933.jpeg,1,754
lungscc3065.jpeg,2,1059
lungn3344.jpeg,1,819
lungscc4775.jpeg,2,1043
lungscc4729.jpeg,2,1044
lungscc3947.jpeg,2,1109
lungscc2026.jpeg,2,1112
lungaca308.jpeg,0,600
lungaca3911.jpeg,0,596
lungaca996.jpeg,0,687
lungaca800.jpeg,0,621
lungscc4579.jpeg,2,1207
lungaca3177.jpeg,0,528
lungaca432.jpeg,0,529
lungaca3407.jpeg,0,580
lungn3882.jpeg,1,901
lungn1282.jpeg,1,902
lungn2944.jpeg,1,785
lungn1723.jpeg,1,813
lungscc588.jpeg,2,1112
lungaca147.jpeg,0,723
lungn123.jpeg,1,805
lungaca1263.jpeg,0,726
lungn2067.jpeg,1,769
lungaca1324.jpeg,0,607
lungscc2615.jpeg,2,1082
lungscc4195.jpeg,2,1063
lungaca2773.jpeg,0,598
lungscc293.jpeg,2,1122
lungaca1865.jpeg,0,600
lungscc1213.jpeg,2,1033
lungscc787.jpeg,2,1181
lungaca215.jpeg,0,587
lungscc3380.jpeg,2,1211
lungn684.jpeg,1,842
lungaca1033.jpeg,0,597
lungscc3090.jpeg,2,1020
lungaca2071.jpeg,0,635
lungn1324.jpeg,1,780
lungscc524.jpeg,2,998
lungscc4307.jpeg,2,1209
lungscc4254.jpeg,2,1030
lungaca391.jpeg,0,562
lungscc89.jpeg,2,1158
lungscc675.jpeg,2,1075
lungscc4041.jpeg,2,1020
lungscc2756.jpeg,2,1131
lungaca375.jpeg,0,714
lungaca3124.jpeg,0,578
lungaca4088.jpeg,0,512
lungaca4238.jpeg,0,511
lungaca1815.jpeg,0,577
lungscc1459.jpeg,2,1178
lungscc4369.jpeg,2,1058
lungn4570.jpeg,1,814
lungaca2152.jpeg,0,628
lungaca3756.jpeg,0,661
lungn1374.jpeg,1,803
lungaca1323.jpeg,0,742
lungn2573.jpeg,1,800
lungscc2551.jpeg,2,1053
lungscc461.jpeg,2,1007
lungaca2127.jpeg,0,552
lungn652.jpeg,1,795
lungscc754.jpeg,2,1106
lungn3568.jpeg,1,886
lungn140.jpeg,1,817
lungn3551.jpeg,1,843
lungscc3951.jpeg,2,1177
lungn1781.jpeg,1,802
lungscc253.jpeg,2,1107
lungn3375.jpeg,1,840
lungn4203.jpeg,1,866
lungscc1229.jpeg,2,1022
lungaca940.jpeg,0,655
lungscc4604.jpeg,2,1095
lungn1827.jpeg,1,959
lungn2220.jpeg,1,989
lungn2646.jpeg,1,979
lungscc4999.jpeg,2,1200
lungaca657.jpeg,0,566
lungn277.jpeg,1,933
lungaca864.jpeg,0,738
lungscc108.jpeg,2,1000
lungscc3375.jpeg,2,1034
lungscc4606.jpeg,2,1095
lungscc2889.jpeg,2,1110
lungn4918.jpeg,1,927
lungn3463.jpeg,1,775
lungscc1280.jpeg,2,1113
lungaca3196.jpeg,0,530
lungn2047.jpeg,1,936
lungn4532.jpeg,1,798
lungscc2352.jpeg,2,1142
lungaca414.jpeg,0,630
lungscc1485.jpeg,2,1112
lungaca1798.jpeg,0,695
lungaca2687.jpeg,0,615
lungscc3925.jpeg,2,1003
lungn3252.jpeg,1,784
lungscc1659.jpeg,2,1179
lungaca2099.jpeg,0,579
lungscc4227.jpeg,2,1003
lungn779.jpeg,1,830
lungscc467.jpeg,2,1018
lungn2801.jpeg,1,854
lungaca1842.jpeg,0,536
lungaca1339.jpeg,0,689
lungaca4832.jpeg,0,519
lungn1417.jpeg,1,951
lungaca3252.jpeg,0,709
lungn2428.jpeg,1,968
lungscc3950.jpeg,2,1161
lungn3977.jpeg,1,941
lungaca3975.jpeg,0,540
lungn257.jpeg,1,954
lungaca4927.jpeg,0,743
lungscc413.jpeg,2,1012
lungaca1780.jpeg,0,664
lungscc2982.jpeg,2,1092
lungaca42.jpeg,0,525
lungn4597.jpeg,1,944
lungaca737.jpeg,0,706
lungn3906.jpeg,1,873
lungn2615.jpeg,1,991
lungscc4587.jpeg,2,1139
lungn3315.jpeg,1,760
lungn4315.jpeg,1,933
lungn2951.jpeg,1,962
lungn1368.jpeg,1,833
lungscc4895.jpeg,2,1043
lungn2915.jpeg,1,811
lungn4009.jpeg,1,983
lungscc2147.jpeg,2,1131
lungscc3520.jpeg,2,1025
lungn549.jpeg,1,859
lungaca4566.jpeg,0,725
lungscc523.jpeg,2,1138
lungn4194.jpeg,1,834
lungn1728.jpeg,1,987
lungn3599.jpeg,1,787
lungn221.jpeg,1,816
lungscc255.jpeg,2,1099
lungscc1914.jpeg,2,1152
lungscc2015.jpeg,2,1138
lungaca1016.jpeg,0,537
lungaca2895.jpeg,0,569
lungaca2448.jpeg,0,648
lungaca1833.jpeg,0,703
lungn4675.jpeg,1,970
lungscc2282.jpeg,2,1120
lungaca580.jpeg,0,644
lungaca1554.jpeg,0,630
lungn4355.jpeg,1,913
lungscc3918.jpeg,2,1214
lungaca3933.jpeg,0,746
lungaca942.jpeg,0,666
lungn1350.jpeg,1,813
lungaca3564.jpeg,0,563
lungn2322.jpeg,1,908
lungn2391.jpeg,1,874
lungn4467.jpeg,1,804
lungscc3141.jpeg,2,1145
lungscc3964.jpeg,2,1074
lungn3841.jpeg,1,981
lungn179.jpeg,1,956
lungn3168.jpeg,1,849
lungscc4211.jpeg,2,1220
lungn2135.jpeg,1,890
lungscc3068.jpeg,2,1157
lungn619.jpeg,1,788
lungaca95.jpeg,0,649
lungscc2110.jpeg,2,1038
lungaca3242.jpeg,0,552
lungn476.jpeg,1,865
lungn1849.jpeg,1,905
lungaca3851.jpeg,0,679
lungscc1077.jpeg,2,1224
lungn2030.jpeg,1,763
lungn3093.jpeg,1,901
lungaca4103.jpeg,0,533
lungscc3585.jpeg,2,1122
lungaca2442.jpeg,0,518
lungn1934.jpeg,1,872
lungaca3491.jpeg,0,607
lungscc3329.jpeg,2,1208
lungaca1671.jpeg,0,608
lungscc1766.jpeg,2,1168
lungscc4837.jpeg,2,1041
lungn2129.jpeg,1,845
lungn461.jpeg,1,783
lungaca3053.jpeg,0,651
lungscc2536.jpeg,2,1198
lungscc4074.jpeg,2,1136
lungaca2250.jpeg,0,602
lungscc1150.jpeg,2,1182
lungscc3674.jpeg,2,1045
lungscc4127.jpeg,2,1126
