filename,label,group_id
lungscc1874.jpeg,2,1070
lungn1828.jpeg,1,750
lungn88.jpeg,1,773
lungaca242.jpeg,0,720
lungaca1967.jpeg,0,644
lungaca3615.jpeg,0,521
lungscc3456.jpeg,2,1133
lungn2679.jpeg,1,966
lungn1864.jpeg,1,844
lungn610.jpeg,1,779
lungaca440.jpeg,0,635
lungscc136.jpeg,2,1096
lungaca1628.jpeg,0,633
lungscc1312.jpeg,2,1007
lungscc4741.jpeg,2,1104
lungn2495.jpeg,1,830
lungn889.jpeg,1,929
lungn1802.jpeg,1,917
lungn3140.jpeg,1,774
lungn1977.jpeg,1,933
lungaca872.jpeg,0,528
lungn3381.jpeg,1,761
lungscc2319.jpeg,2,1236
lungaca934.jpeg,0,726
lungaca44.jpeg,0,698
lungaca3449.jpeg,0,567
lungscc2027.jpeg,2,1159
lungn952.jpeg,1,764
lungn2619.jpeg,1,944
lungscc2136.jpeg,2,1023
lungscc3262.jpeg,2,1242
lungn3898.jpeg,1,862
lungn1744.jpeg,1,884
lungaca4035.jpeg,0,524
lungscc479.jpeg,2,1035
lungaca2493.jpeg,0,673
lungaca4384.jpeg,0,552
lungscc1493.jpeg,2,1089
lungscc4740.jpeg,2,1137
lungaca1298.jpeg,0,509
lungn2665.jpeg,1,761
lungn1065.jpeg,1,766
lungaca2389.jpeg,0,744
lungscc1358.jpeg,2,1197
lungaca4790.jpeg,0,744
lungscc4770.jpeg,2,1142
lungaca3382.jpeg,0,556
lungscc1177.jpeg,2,1146
lungn719.jpeg,1,865
lungn3734.jpeg,1,814
lungaca2902.jpeg,0,646
lungscc236.jpeg,2,1237
lungn4667.jpeg,1,796
lungaca899.jpeg,0,567
lungaca1395.jpeg,0,714
lungaca4795.jpeg,0,580
lungscc271.jpeg,2,1221
lungaca1958.jpeg,0,703
lungn1698.jpeg,1,956
lungscc1377.jpeg,2,1083
lungn4077.jpeg,1,938
lungn2275.jpeg,1,919
lungn3798.jpeg,1,755
lungn4443.jpeg,1,896
lungn3911.jpeg,1,881
lungscc4681.jpeg,2,1215
lungaca1184.jpeg,0,657
lungaca4661.jpeg,0,597
lungscc2625.jpeg,2,1185
lungn3543.jpeg,1,796
lungn4695.jpeg,1,880
lungn4678.jpeg,1,760
lungn3345.jpeg,1,835
lungaca2028.jpeg,0,522
lungscc3321.jpeg,2,1211
lungscc1329.jpeg,2,1153
lungn543.jpeg,1,880
lungaca1860.jpeg,0,632
lungaca1971.jpeg,0,517
lungn1793.jpeg,1,772
lungaca1349.jpeg,0,553
lungn213.jpeg,1,823
lungn4019.jpeg,1,833
lungscc4379.jpeg,2,1217
lungaca2237.jpeg,0,550
lungn43.jpeg,1,905
lungscc3194.jpeg,2,1110
lungscc3814.jpeg,2,1243
lungaca1953.jpeg,0,746
lungscc3029.jpeg,2,1141
lungaca2730.jpeg,0,618
lungaca1119.jpeg,0,533
lungaca2769.jpeg,0,516
lungaca3362.jpeg,0,735
lungaca2046.jpeg,0,590
lungscc1488.jpeg,2,1012
lungaca2286.jpeg,0,590
lungscc4352.jpeg,2,1191
lungaca3538.jpeg,0,554
lungscc223.jpeg,2,1090
lungaca1116.jpeg,0,576
lungn1127.jpeg,1,797
lungaca4634.jpeg,0,543
lungn301.jpeg,1,806
lungscc1714.jpeg,2,1044
lungscc907.jpeg,2,1009
lungn2643.jpeg,1,752
lungscc1342.jpeg,2,1038
lungscc2268.jpeg,2,1111
lungn2936.jpeg,1,874
lungn1892.jpeg,1,775
lungaca119.jpeg,0,708
lungn125.jpeg,1,788
lungn1293.jpeg,1,897
lungscc1098.jpeg,2,1209
lungn1633.jpeg,1,769
lungscc4207.jpeg,2,1056
lungn4544.jpeg,1,858
lungaca328.jpeg,0,645
lungaca208.jpeg,0,533
lungn1987.jpeg,1,889
lungn434.jpeg,1,809
lungscc1999.jpeg,2,1042
lungaca462.jpeg,0,704
lungscc4749.jpeg,2,1159
lungn277.jpeg,1,933
lungn3749.jpeg,1,780
lungn4218.jpeg,1,963
lungscc1695.jpeg,2,1041
lungscc1685.jpeg,2,1103
lungaca3253.jpeg,0,590
lungaca1854.jpeg,0,584
lungaca2660.jpeg,0,543
lungn884.jpeg,1,931
lungaca1418.jpeg,0,722
lungaca3071.jpeg,0,539
lungaca2259.jpeg,0,534
lungscc2471.jpeg,2,1034
lungn1344.jpeg,1,775
lungn3516.jpeg,1,966
lungscc1126.jpeg,2,1123
lungn3200.jpeg,1,929
lungn4973.jpeg,1,978
lungn91.jpeg,1,786
lungaca2742.jpeg,0,657
lungaca4135.jpeg,0,628
lungn2091.jpeg,1,883
lungscc1200.jpeg,2,1073
lungn2431.jpeg,1,882
lungaca772.jpeg,0,687
lungaca4290.jpeg,0,661
lungscc4237.jpeg,2,1122
lungn3086.jpeg,1,974
lungn2626.jpeg,1,902
lungaca2650.jpeg,0,596
lungscc4219.jpeg,2,1179
lungscc2698.jpeg,2,1237
lungaca2698.jpeg,0,641
lungscc445.jpeg,2,1036
lungscc1970.jpeg,2,1137
lungscc3619.jpeg,2,1197
lungscc4409.jpeg,2,1086
lungn4408.jpeg,1,765
lungscc1087.jpeg,2,1086
lungn3436.jpeg,1,941
lungscc3668.jpeg,2,1056
lungscc1428.jpeg,2,1137
lungscc4702.jpeg,2,1009
lungaca315.jpeg,0,669
lungaca2157.jpeg,0,687
lungaca688.jpeg,0,645
lungscc1944.jpeg,2,1031
lungscc1642.jpeg,2,1071
lungscc3638.jpeg,2,1159
lungscc1159.jpeg,2,1109
lungscc919.jpeg,2,1177
lungaca2491.jpeg,0,583
lungn1442.jpeg,1,816
lungn988.jpeg,1,878
lungaca3275.jpeg,0,511
lungscc3110.jpeg,2,1079
lungscc3780.jpeg,2,1078
lungscc2631.jpeg,2,1121
lungn3937.jpeg,1,966
lungscc2052.jpeg,2,1201
lungn1774.jpeg,1,966
lungaca5.jpeg,0,614
lungscc664.jpeg,2,1135
lungscc3750.jpeg,2,1137
lungaca3741.jpeg,0,705
lungscc4635.jpeg,2,1079
lungaca4652.jpeg,0,564
lungaca355.jpeg,0,586
lungn992.jpeg,1,861
lungaca1880.jpeg,0,618
lungn2770.jpeg,1,873
lungaca3732.jpeg,0,670
lungaca991.jpeg,0,586
lungn1465.jpeg,1,966
lungaca3265.jpeg,0,555
lungn2428.jpeg,1,968
lungscc4952.jpeg,2,1041
lungn4690.jpeg,1,904
lungscc2623.jpeg,2,1171
lungn6.jpeg,1,834
lungaca1900.jpeg,0,608
lungn4647.jpeg,1,846
lungn2093.jpeg,1,954
lungscc206.jpeg,2,1099
lungn2684.jpeg,1,749
lungn1590.jpeg,1,869
lungaca4307.jpeg,0,580
lungscc3495.jpeg,2,1217
lungn140.jpeg,1,817
lungaca1090.jpeg,0,574
lungaca3273.jpeg,0,564
lungn4838.jpeg,1,951
lungscc4932.jpeg,2,1185
lungn3597.jpeg,1,770
lungn4570.jpeg,1,814
lungaca1148.jpeg,0,552
lungscc1116.jpeg,2,1087
lungn2259.jpeg,1,885
lungn45.jpeg,1,938
lungaca4066.jpeg,0,592
lungaca2805.jpeg,0,597
lungn4851.jpeg,1,848
lungscc2478.jpeg,2,1220
lungn2905.jpeg,1,829
lungscc2663.jpeg,2,1031
lungscc3589.jpeg,2,1147
lungaca4175.jpeg,0,556
lungn3832.jpeg,1,897
lungaca865.jpeg,0,744
lungn4212.jpeg,1,757
lungaca37.jpeg,0,621
lungaca4097.jpeg,0,669
lungaca249.jpeg,0,714
lungaca1053.jpeg,0,565
lungscc4094.jpeg,2,1150
lungn1244.jpeg,1,933
lungaca518.jpeg,0,654
lungn3999.jpeg,1,802
lungscc2960.jpeg,2,1208
lungn4905.jpeg,1,786
lungn2214.jpeg,1,900
lungaca3091.jpeg,0,649
lungaca3521.jpeg,0,660
lungaca4336.jpeg,0,543
lungaca4504.jpeg,0,693
lungscc3078.jpeg,2,1239
lungn4710.jpeg,1,756
lungn4303.jpeg,1,967
lungaca3086.jpeg,0,625
lungscc2986.jpeg,2,1012
lungn4338.jpeg,1,777
lungaca3034.jpeg,0,599
lungaca18.jpeg,0,678
lungaca30.jpeg,0,599
lungn270.jpeg,1,942
lungscc3065.jpeg,2,1059
lungaca5000.jpeg,0,657
lungaca4198.jpeg,0,620
lungn1818.jpeg,1,825
lungaca4585.jpeg,0,538
lungn1527.jpeg,1,807
lungscc3359.jpeg,2,1039
lungscc3298.jpeg,2,1008
lungscc4880.jpeg,2,1124
lungn684.jpeg,1,842
lungscc4915.jpeg,2,1123
lungn1796.jpeg,1,921
lungscc1897.jpeg,2,1231
lungn30.jpeg,1,791
lungaca3012.jpeg,0,606
lungaca3939.jpeg,0,603
lungaca869.jpeg,0,605
lungaca2615.jpeg,0,553
lungn2758.jpeg,1,977
lungscc2260.jpeg,2,1032
lungn2768.jpeg,1,752
lungaca2170.jpeg,0,643
lungn123.jpeg,1,805
lungaca1172.jpeg,0,552
lungscc401.jpeg,2,1104
lungaca2480.jpeg,0,652
lungn3827.jpeg,1,842
lungn1286.jpeg,1,967
lungscc4789.jpeg,2,1053
lungscc290.jpeg,2,1154
lungn3115.jpeg,1,920
lungaca3045.jpeg,0,622
lungn1025.jpeg,1,898
lungaca3720.jpeg,0,655
lungn2772.jpeg,1,857
lungaca2200.jpeg,0,682
lungaca1452.jpeg,0,670
lungn2781.jpeg,1,963
lungn2068.jpeg,1,925
lungn1714.jpeg,1,842
lungaca1147.jpeg,0,663
lungscc1250.jpeg,2,1188
lungn1358.jpeg,1,907
lungn2755.jpeg,1,958
lungscc3440.jpeg,2,1077
lungn1832.jpeg,1,912
lungscc3650.jpeg,2,1153
lungaca4912.jpeg,0,532
lungn3735.jpeg,1,814
lungscc2972.jpeg,2,1125
lungscc4458.jpeg,2,1061
lungaca675.jpeg,0,539
lungn4230.jpeg,1,846
lungscc2890.jpeg,2,1110
lungn2746.jpeg,1,773
lungscc3208.jpeg,2,1231
lungn3250.jpeg,1,783
lungscc1621.jpeg,2,1199
lungscc2939.jpeg,2,1002
lungscc573.jpeg,2,1215
lungscc1313.jpeg,2,1032
lungscc3255.jpeg,2,1066
lungscc2108.jpeg,2,1178
lungscc1899.jpeg,2,1179
lungscc4870.jpeg,2,1024
lungscc4896.jpeg,2,1074
lungscc1399.jpeg,2,1075
lungaca747.jpeg,0,649
lungaca1547.jpeg,0,525
lungn3416.jpeg,1,824
lungn4148.jpeg,1,783
lungscc1301.jpeg,2,1049
lungn2007.jpeg,1,856
lungscc477.jpeg,2,1089
lungscc2129.jpeg,2,1168
lungn4565.jpeg,1,855
lungaca3456.jpeg,0,631
lungn476.jpeg,1,865
lungaca2050.jpeg,0,647
lungn387.jpeg,1,793
lungaca2868.jpeg,0,570
lungscc4846.jpeg,2,1052
lungn524.jpeg,1,962
lungaca4566.jpeg,0,725
lungscc4452.jpeg,2,1176
lungn2197.jpeg,1,950
lungaca2709.jpeg,0,653
lungscc586.jpeg,2,1073
lungscc3198.jpeg,2,1066
lungaca1690.jpeg,0,604
lungscc1402.jpeg,2,999
lungn2453.jpeg,1,986
lungn2641.jpeg,1,981
lungaca3591.jpeg,0,644
lungscc4499.jpeg,2,1234
lungscc4189.jpeg,2,1225
lungaca4233.jpeg,0,613
lungaca3916.jpeg,0,733
lungaca1484.jpeg,0,592
lungscc1077.jpeg,2,1224
lungn4970.jpeg,1,983
lungn336.jpeg,1,834
lungaca2049.jpeg,0,535
lungn2677.jpeg,1,852
lungscc4614.jpeg,2,1116
lungscc1480.jpeg,2,1130
lungscc1576.jpeg,2,1038
lungaca108.jpeg,0,517
lungscc1437.jpeg,2,1064
lungscc1056.jpeg,2,1029
lungn3206.jpeg,1,761
lungaca2571.jpeg,0,674
lungn3528.jpeg,1,802
lungn1541.jpeg,1,980
lungaca4882.jpeg,0,746
lungn2599.jpeg,1,963
lungscc3082.jpeg,2,1144
lungscc3169.jpeg,2,1185
lungscc4169.jpeg,2,1188
lungaca3057.jpeg,0,638
lungn3442.jpeg,1,758
lungn4334.jpeg,1,898
lungaca3690.jpeg,0,599
lungscc1627.jpeg,2,1118
lungaca1776.jpeg,0,591
lungn1208.jpeg,1,761
lungaca357.jpeg,0,579
lungaca205.jpeg,0,577
lungaca2950.jpeg,0,720
lungaca731.jpeg,0,558
lungn1525.jpeg,1,799
lungn1804.jpeg,1,914
lungaca1954.jpeg,0,562
lungn4141.jpeg,1,906
lungaca814.jpeg,0,747
lungaca4431.jpeg,0,559
lungscc2665.jpeg,2,1021
lungscc4723.jpeg,2,1046
lungn2044.jpeg,1,760
lungscc2320.jpeg,2,1159
lungscc3790.jpeg,2,1075
lungn1364.jpeg,1,772
lungscc1505.jpeg,2,1005
lungscc3743.jpeg,2,1053
lungn481.jpeg,1,769
lungaca4609.jpeg,0,522
lungn999.jpeg,1,935
lungscc173.jpeg,2,1195
lungaca2604.jpeg,0,531
lungaca844.jpeg,0,531
lungscc2181.jpeg,2,1022
lungaca1117.jpeg,0,523
lungaca3628.jpeg,0,728
lungn1054.jpeg,1,753
lungn1323.jpeg,1,780
lungn4922.jpeg,1,837
lungn2645.jpeg,1,841
lungn1181.jpeg,1,927
lungscc2439.jpeg,2,1213
lungscc2486.jpeg,2,1106
lungaca559.jpeg,0,569
lungscc4387.jpeg,2,1033
lungscc2473.jpeg,2,1031
lungscc2157.jpeg,2,1225
lungscc1906.jpeg,2,1032
lungn1152.jpeg,1,807
lungaca4309.jpeg,0,718
lungscc3320.jpeg,2,1022
lungaca377.jpeg,0,669
lungn3131.jpeg,1,831
lungscc2992.jpeg,2,1131
lungn871.jpeg,1,907
lungaca1662.jpeg,0,682
lungn2137.jpeg,1,918
lungaca3393.jpeg,0,722
lungn3027.jpeg,1,825
lungscc2031.jpeg,2,1143
lungaca4455.jpeg,0,539
lungscc3585.jpeg,2,1122
lungaca2586.jpeg,0,727
lungscc2792.jpeg,2,1186
lungscc3606.jpeg,2,1095
lungn4062.jpeg,1,770
lungaca2873.jpeg,0,651
lungscc1216.jpeg,2,1127
lungn4865.jpeg,1,759
lungn1049.jpeg,1,878
lungscc1668.jpeg,2,1236
lungscc727.jpeg,2,1135
lungscc2918.jpeg,2,1188
lungn3190.jpeg,1,851
lungaca3412.jpeg,0,528
lungscc1246.jpeg,2,1077
lungn4091.jpeg,1,853
lungaca3787.jpeg,0,719
lungaca1533.jpeg,0,520
lungaca3354.jpeg,0,554
lungaca3014.jpeg,0,727
lungaca850.jpeg,0,741
lungaca2197.jpeg,0,587
lungaca4259.jpeg,0,560
lungaca3704.jpeg,0,597
lungn1355.jpeg,1,870
lungaca4990.jpeg,0,631
lungaca114.jpeg,0,685
lungscc2341.jpeg,2,1109
lungaca2221.jpeg,0,515
lungscc1356.jpeg,2,1132
lungaca3825.jpeg,0,682
lungn3804.jpeg,1,886
lungn3065.jpeg,1,794
lungaca2757.jpeg,0,532
lungaca569.jpeg,0,662
lungaca3930.jpeg,0,533
lungscc322.jpeg,2,1028
lungaca1356.jpeg,0,659
lungaca443.jpeg,0,568
lungn2712.jpeg,1,887
lungn1058.jpeg,1,926
lungscc3962.jpeg,2,1180
lungn2836.jpeg,1,851
lungaca574.jpeg,0,572
lungscc3730.jpeg,2,1166
lungscc3902.jpeg,2,1098
lungn1455.jpeg,1,856
lungn271.jpeg,1,942
lungscc1721.jpeg,2,1117
lungscc1381.jpeg,2,1122
lungaca2466.jpeg,0,565
lungaca2396.jpeg,0,691
lungscc4866.jpeg,2,1014
lungscc1517.jpeg,2,1021
lungscc3469.jpeg,2,1103
lungn273.jpeg,1,772
lungaca1617.jpeg,0,582
lungscc2950.jpeg,2,1107
lungn374.jpeg,1,901
lungscc439.jpeg,2,1043
lungn1734.jpeg,1,833
lungaca3061.jpeg,0,708
lungaca2808.jpeg,0,644
lungn17.jpeg,1,860
lungscc823.jpeg,2,1212
lungaca4646.jpeg,0,639
lungscc4493.jpeg,2,1098
lungn3778.jpeg,1,797
lungn1050.jpeg,1,878
lungscc4553.jpeg,2,1239
lungn4919.jpeg,1,833
lungscc3417.jpeg,2,1127
lungn2351.jpeg,1,782
lungscc3975.jpeg,2,1040
lungaca3574.jpeg,0,673
lungn3130.jpeg,1,988
lungn2263.jpeg,1,976
lungscc4008.jpeg,2,1229
lungn3743.jpeg,1,992
lungscc2710.jpeg,2,1136
lungaca1972.jpeg,0,605
lungscc3573.jpeg,2,1102
lungscc4957.jpeg,2,1031
lungscc2192.jpeg,2,998
lungn1613.jpeg,1,938
lungaca2925.jpeg,0,681
lungscc4782.jpeg,2,1233
lungaca1288.jpeg,0,533
lungscc2197.jpeg,2,1048
lungn4252.jpeg,1,848
lungn881.jpeg,1,896
lungaca1568.jpeg,0,693
lungscc4315.jpeg,2,1098
lungscc1763.jpeg,2,1132
lungscc295.jpeg,2,1131
lungscc4262.jpeg,2,1198
lungscc1807.jpeg,2,1108
lungaca1037.jpeg,0,536
lungscc3409.jpeg,2,1083
lungaca4521.jpeg,0,542
lungaca4387.jpeg,0,573
lungaca451.jpeg,0,553
lungn1652.jpeg,1,802
lungscc517.jpeg,2,1170
lungaca3513.jpeg,0,618
lungaca4803.jpeg,0,675
lungaca3871.jpeg,0,567
lungscc3181.jpeg,2,1127
lungn3127.jpeg,1,836
lungaca2340.jpeg,0,634
lungn3330.jpeg,1,925
lungscc2355.jpeg,2,1160
lungn553.jpeg,1,945
lungscc3000.jpeg,2,1184
lungn4388.jpeg,1,868
lungn3139.jpeg,1,941
lungn1299.jpeg,1,919
lungaca1982.jpeg,0,565
lungscc1756.jpeg,2,1095
lungn1932.jpeg,1,850
lungaca2324.jpeg,0,641
lungaca2792.jpeg,0,688
lungn4932.jpeg,1,936
lungaca4739.jpeg,0,638
lungaca2750.jpeg,0,554
lungn4165.jpeg,1,779
lungn1805.jpeg,1,941
lungn4498.jpeg,1,836
lungaca1345.jpeg,0,688
lungaca400.jpeg,0,591
lungscc2989.jpeg,2,1227
lungaca2678.jpeg,0,613
lungn4482.jpeg,1,888
lungaca1378.jpeg,0,687
lungaca1368.jpeg,0,630
lungaca3011.jpeg,0,515
lungn4546.jpeg,1,820
lungaca86.jpeg,0,508
lungscc1958.jpeg,2,1168
lungscc2048.jpeg,2,1070
lungaca2763.jpeg,0,742
lungaca502.jpeg,0,601
lungaca2008.jpeg,0,599
lungscc2735.jpeg,2,1144
lungaca4223.jpeg,0,555
lungscc4247.jpeg,2,1225
lungscc4844.jpeg,2,1211
lungaca1423.jpeg,0,570
lungn1343.jpeg,1,888
lungaca2708.jpeg,0,656
lungaca1587.jpeg,0,740
lungaca4126.jpeg,0,654
lungaca4460.jpeg,0,705
lungn4812.jpeg,1,758
lungn2115.jpeg,1,844
lungscc2834.jpeg,2,1198
lungscc1673.jpeg,2,1081
lungaca412.jpeg,0,561
lungaca3661.jpeg,0,604
lungn2483.jpeg,1,939
lungn3894.jpeg,1,948
lungn3083.jpeg,1,777
lungn2196.jpeg,1,946
lungaca304.jpeg,0,743
lungaca1987.jpeg,0,632
lungn4827.jpeg,1,867
lungaca3548.jpeg,0,573
lungaca3857.jpeg,0,731
lungn1700.jpeg,1,894
lungscc4832.jpeg,2,1157
lungscc2374.jpeg,2,1232
lungscc1716.jpeg,2,1129
lungaca4836.jpeg,0,518
lungn3982.jpeg,1,779
lungn217.jpeg,1,783
lungn4433.jpeg,1,797
lungaca3977.jpeg,0,734
lungn588.jpeg,1,887
lungscc3719.jpeg,2,1136
lungscc1588.jpeg,2,1234
lungn2315.jpeg,1,911
lungscc1690.jpeg,2,1070
lungn3513.jpeg,1,856
lungscc2043.jpeg,2,1078
lungscc3610.jpeg,2,1088
lungscc1095.jpeg,2,1241
lungscc1042.jpeg,2,1038
lungaca4165.jpeg,0,740
lungn4640.jpeg,1,847
lungn2847.jpeg,1,929
lungscc3200.jpeg,2,1105
lungn1457.jpeg,1,895
lungscc858.jpeg,2,1157
lungaca3109.jpeg,0,528
lungscc3773.jpeg,2,1121
lungn2655.jpeg,1,764
lungaca163.jpeg,0,681
lungscc3914.jpeg,2,1226
lungaca277.jpeg,0,536
lungaca3692.jpeg,0,662
lungn2293.jpeg,1,814
lungaca1500.jpeg,0,719
lungn4604.jpeg,1,770
lungaca2895.jpeg,0,569
lungaca410.jpeg,0,510
lungscc2633.jpeg,2,1119
lungscc2952.jpeg,2,1066
lungn1144.jpeg,1,780
lungaca3985.jpeg,0,555
lungn1635.jpeg,1,846
lungaca836.jpeg,0,717
lungscc4422.jpeg,2,1161
lungn3856.jpeg,1,816
lungaca2848.jpeg,0,618
lungaca2590.jpeg,0,529
lungn2011.jpeg,1,990
lungscc1793.jpeg,2,1122
lungn1371.jpeg,1,988
lungaca2294.jpeg,0,527
lungaca2416.jpeg,0,595
lungscc3660.jpeg,2,1200
lungaca231.jpeg,0,620
lungscc1266.jpeg,2,1086
lungn1146.jpeg,1,769
lungn2268.jpeg,1,858
lungn3573.jpeg,1,765
lungaca2605.jpeg,0,618
lungn4357.jpeg,1,957
lungscc3185.jpeg,2,1118
lungscc4559.jpeg,2,1232
lungn1779.jpeg,1,885
lungn2113.jpeg,1,774
lungn1257.jpeg,1,757
lungscc1072.jpeg,2,1125
lungaca2612.jpeg,0,613
lungn2570.jpeg,1,920
lungscc1618.jpeg,2,1065
lungn3019.jpeg,1,936
lungscc3400.jpeg,2,1164
lungn342.jpeg,1,836
lungscc3382.jpeg,2,1052
lungscc855.jpeg,2,1194
lungaca2309.jpeg,0,723
lungaca2533.jpeg,0,643
lungn1925.jpeg,1,774
lungn3040.jpeg,1,775
lungaca2904.jpeg,0,600
lungn1441.jpeg,1,816
lungscc1117.jpeg,2,1042
lungaca3576.jpeg,0,645
lungn2342.jpeg,1,962
lungaca1214.jpeg,0,675
lungn4528.jpeg,1,776
lungaca279.jpeg,0,658
lungn79.jpeg,1,776
lungaca2479.jpeg,0,699
lungaca4277.jpeg,0,705
lungn2615.jpeg,1,991
lungscc2363.jpeg,2,1105
lungaca4788.jpeg,0,608
lungn436.jpeg,1,869
lungn1548.jpeg,1,763
lungaca1930.jpeg,0,598
lungn345.jpeg,1,843
lungaca3291.jpeg,0,517
lungaca1852.jpeg,0,566
lungaca1592.jpeg,0,627
lungaca2232.jpeg,0,600
lungscc389.jpeg,2,1170
lungscc931.jpeg,2,1203
lungn1136.jpeg,1,985
lungaca4443.jpeg,0,678
lungn3260.jpeg,1,847
lungn1822.jpeg,1,895
lungscc2127.jpeg,2,1163
lungaca683.jpeg,0,583
lungscc1863.jpeg,2,1008
lungaca1269.jpeg,0,607
lungaca80.jpeg,0,625
lungscc3003.jpeg,2,1078
lungaca738.jpeg,0,662
lungscc607.jpeg,2,1033
lungaca4860.jpeg,0,552
lungn1184.jpeg,1,823
lungn3663.jpeg,1,866
lungscc4953.jpeg,2,1160
lungscc535.jpeg,2,1195
lungaca4269.jpeg,0,720
lungscc3753.jpeg,2,1213
lungn586.jpeg,1,962
lungscc37.jpeg,2,1106
lungaca1439.jpeg,0,528
lungaca3481.jpeg,0,585
lungscc4068.jpeg,2,1078
lungscc971.jpeg,2,1131
lungaca380.jpeg,0,740
lungscc1502.jpeg,2,1162
lungaca215.jpeg,0,587
lungn1991.jpeg,1,816
lungaca904.jpeg,0,601
lungn2987.jpeg,1,940
lungn3759.jpeg,1,911
lungn111.jpeg,1,934
lungscc730.jpeg,2,1026
lungaca1917.jpeg,0,663
lungscc3187.jpeg,2,1172
lungn2620.jpeg,1,798
lungscc4206.jpeg,2,1056
lungn1674.jpeg,1,970
lungscc2728.jpeg,2,1021
lungaca1072.jpeg,0,533
lungaca1901.jpeg,0,738
lungaca741.jpeg,0,702
lungn2508.jpeg,1,973
lungn3678.jpeg,1,767
lungscc4391.jpeg,2,1204
lungscc765.jpeg,2,1125
lungn4813.jpeg,1,827
lungn3780.jpeg,1,752
lungscc2378.jpeg,2,1018
lungaca2992.jpeg,0,648
lungaca2060.jpeg,0,700
lungscc993.jpeg,2,1029
lungn3322.jpeg,1,847
lungscc3657.jpeg,2,1161
lungscc4916.jpeg,2,1084
lungaca4466.jpeg,0,676
lungscc2367.jpeg,2,1129
lungaca2886.jpeg,0,507
lungn1334.jpeg,1,990
lungaca2189.jpeg,0,602
lungn4770.jpeg,1,778
lungn2279.jpeg,1,916
lungscc1572.jpeg,2,1059
lungn4885.jpeg,1,956
lungscc4126.jpeg,2,1151
lungn1998.jpeg,1,898
lungscc2165.jpeg,2,1216
lungaca366.jpeg,0,692
lungscc4753.jpeg,2,1218
lungaca1257.jpeg,0,736
lungscc2326.jpeg,2,1147
lungn176.jpeg,1,767
lungaca2880.jpeg,0,691
lungscc2564.jpeg,2,1193
lungaca3211.jpeg,0,737
lungaca4205.jpeg,0,545
lungscc4320.jpeg,2,1187
lungscc2461.jpeg,2,1085
lungaca3419.jpeg,0,582
lungaca1082.jpeg,0,738
lungscc1692.jpeg,2,1157
lungaca4686.jpeg,0,666
lungn4066.jpeg,1,952
lungn1950.jpeg,1,955
lungscc1330.jpeg,2,1069
lungscc3027.jpeg,2,1163
lungn2565.jpeg,1,791
lungn196.jpeg,1,835
lungscc1181.jpeg,2,1150
lungscc2764.jpeg,2,1200
lungaca11.jpeg,0,630
lungaca3604.jpeg,0,607
lungn1797.jpeg,1,873
lungscc4353.jpeg,2,1064
lungaca308.jpeg,0,600
lungaca4292.jpeg,0,703
lungaca342.jpeg,0,682
lungn2828.jpeg,1,922
lungn3281.jpeg,1,756
lungn1949.jpeg,1,950
lungn4275.jpeg,1,904
lungn1031.jpeg,1,974
lungn2264.jpeg,1,810
lungaca1559.jpeg,0,629
lungscc809.jpeg,2,1036
lungaca3784.jpeg,0,655
lungn2117.jpeg,1,808
lungaca21.jpeg,0,735
lungn781.jpeg,1,932
lungaca4338.jpeg,0,680
lungn4783.jpeg,1,973
lungaca505.jpeg,0,639
lungaca4775.jpeg,0,702
lungn4830.jpeg,1,966
lungscc450.jpeg,2,1049
lungn3224.jpeg,1,975
lungaca1585.jpeg,0,581
lungscc1603.jpeg,2,1176
lungaca2111.jpeg,0,569
lungaca2386.jpeg,0,513
lungn2682.jpeg,1,950
lungn1253.jpeg,1,891
lungaca2199.jpeg,0,557
lungscc4736.jpeg,2,1020
lungscc2447.jpeg,2,1092
lungn3208.jpeg,1,925
lungscc738.jpeg,2,1005
lungaca2211.jpeg,0,616
lungscc2160.jpeg,2,1127
lungaca4486.jpeg,0,525
lungscc2664.jpeg,2,1088
lungn2526.jpeg,1,831
lungscc2891.jpeg,2,1107
lungscc2509.jpeg,2,1012
lungscc4820.jpeg,2,1033
lungscc4399.jpeg,2,1048
lungaca4864.jpeg,0,692
lungscc1252.jpeg,2,1130
lungn1034.jpeg,1,945
lungn4745.jpeg,1,868
lungscc1079.jpeg,2,1010
lungn1073.jpeg,1,836
lungscc2725.jpeg,2,1088
lungscc2012.jpeg,2,1028
lungscc1334.jpeg,2,1033
lungscc641.jpeg,2,1188
lungscc3280.jpeg,2,1219
lungscc4427.jpeg,2,1038
lungn3276.jpeg,1,901
lungaca2503.jpeg,0,716
lungaca434.jpeg,0,733
lungn1756.jpeg,1,915
lungn2846.jpeg,1,853
lungn4786.jpeg,1,820
lungaca227.jpeg,0,629
lungscc3300.jpeg,2,1151
lungn4138.jpeg,1,763
lungn869.jpeg,1,874
lungscc4756.jpeg,2,1147
lungscc669.jpeg,2,1200
lungscc153.jpeg,2,1205
lungn173.jpeg,1,898
lungn318.jpeg,1,876
lungaca2194.jpeg,0,518
lungn2015.jpeg,1,762
lungaca429.jpeg,0,549
lungscc28.jpeg,2,1116
lungscc4610.jpeg,2,1036
lungaca929.jpeg,0,668
lungscc2670.jpeg,2,1105
lungaca3339.jpeg,0,654
lungaca453.jpeg,0,621
lungscc962.jpeg,2,1171
lungscc320.jpeg,2,1170
lungscc2491.jpeg,2,1082
lungscc193.jpeg,2,1165
lungn4160.jpeg,1,904
lungaca3506.jpeg,0,558
lungaca1910.jpeg,0,517
lungscc3694.jpeg,2,1010
lungscc3502.jpeg,2,1141
lungscc3212.jpeg,2,1179
lungscc2981.jpeg,2,1154
lungscc2335.jpeg,2,1151
lungscc4769.jpeg,2,1169
lungn503.jpeg,1,888
lungaca2558.jpeg,0,511
lungaca1627.jpeg,0,606
lungscc4790.jpeg,2,1215
lungaca1749.jpeg,0,524
lungscc4999.jpeg,2,1200
lungn1412.jpeg,1,911
lungaca2501.jpeg,0,697
lungn856.jpeg,1,959
lungn2350.jpeg,1,808
lungscc2487.jpeg,2,1138
lungn153.jpeg,1,800
lungscc1307.jpeg,2,1221
lungaca1005.jpeg,0,530
lungn3842.jpeg,1,837
lungn821.jpeg,1,841
lungn4748.jpeg,1,963
lungaca1744.jpeg,0,647
lungscc3855.jpeg,2,1088
lungn3813.jpeg,1,956
lungn3476.jpeg,1,920
lungn1180.jpeg,1,772
lungn4720.jpeg,1,813
lungaca1441.jpeg,0,656
lungaca4584.jpeg,0,538
lungaca1590.jpeg,0,617
lungn617.jpeg,1,894
lungn3057.jpeg,1,947
lungn677.jpeg,1,809
lungscc666.jpeg,2,1069
lungn1519.jpeg,1,830
lungn2345.jpeg,1,965
lungn2489.jpeg,1,805
lungaca3006.jpeg,0,653
lungaca2462.jpeg,0,532
lungaca4501.jpeg,0,663
lungscc3679.jpeg,2,1168
lungaca2540.jpeg,0,571
lungscc4606.jpeg,2,1095
lungn4386.jpeg,1,969
lungscc431.jpeg,2,1177
lungaca4110.jpeg,0,625
lungn2153.jpeg,1,942
lungaca1281.jpeg,0,569
lungaca3921.jpeg,0,699
lungn1402.jpeg,1,867
lungscc1852.jpeg,2,1010
lungaca3890.jpeg,0,525
lungscc1839.jpeg,2,1212
lungaca3463.jpeg,0,621
lungscc4208.jpeg,2,1056
lungaca3642.jpeg,0,704
lungn2494.jpeg,1,830
lungaca2705.jpeg,0,616
lungscc4127.jpeg,2,1126
lungscc148.jpeg,2,1029
lungn4044.jpeg,1,761
lungscc3460.jpeg,2,1147
lungaca218.jpeg,0,592
lungn1685.jpeg,1,751
lungscc3250.jpeg,2,1058
lungn1369.jpeg,1,933
lungaca4717.jpeg,0,511
lungaca2514.jpeg,0,547
lungscc712.jpeg,2,1152
lungn1482.jpeg,1,771
lungaca354.jpeg,0,718
lungn1521.jpeg,1,788
lungscc1955.jpeg,2,1233
lungscc3684.jpeg,2,1215
lungn1456.jpeg,1,882
lungscc3587.jpeg,2,1089
lungscc1866.jpeg,2,1229
lungaca1182.jpeg,0,603
lungaca4391.jpeg,0,692
lungaca3181.jpeg,0,532
lungscc3274.jpeg,2,1061
lungaca3768.jpeg,0,592
lungscc4260.jpeg,2,1110
lungn289.jpeg,1,794
lungaca1199.jpeg,0,605
lungaca3180.jpeg,0,653
lungscc2783.jpeg,2,1149
lungn4374.jpeg,1,947
lungaca3233.jpeg,0,698
lungaca1516.jpeg,0,539
lungn4933.jpeg,1,936
lungn4751.jpeg,1,898
lungscc1879.jpeg,2,1098
lungaca698.jpeg,0,612
lungscc4955.jpeg,2,1110
lungscc1397.jpeg,2,1115
lungaca3010.jpeg,0,507
lungaca588.jpeg,0,611
lungaca2160.jpeg,0,695
lungaca4260.jpeg,0,560
lungaca3582.jpeg,0,703
lungscc2617.jpeg,2,1003
lungn3334.jpeg,1,754
lungaca4388.jpeg,0,566
lungn3907.jpeg,1,988
lungscc1121.jpeg,2,1192
lungaca522.jpeg,0,614
lungaca3795.jpeg,0,720
lungaca2785.jpeg,0,552
lungscc4886.jpeg,2,1057
lungscc593.jpeg,2,1081
lungaca411.jpeg,0,522
lungscc1924.jpeg,2,1153
lungn441.jpeg,1,802
lungn621.jpeg,1,776
lungn3608.jpeg,1,943
lungscc4699.jpeg,2,1210
lungn21.jpeg,1,799
lungscc567.jpeg,2,1013
lungn1076.jpeg,1,832
lungn2519.jpeg,1,848
lungn4599.jpeg,1,879
lungscc3812.jpeg,2,1117
lungn3699.jpeg,1,867
lungaca164.jpeg,0,513
lungn2727.jpeg,1,822
lungaca4735.jpeg,0,718
lungscc1620.jpeg,2,1210
lungn1589.jpeg,1,901
lungscc2695.jpeg,2,1111
lungn2340.jpeg,1,833
lungaca3342.jpeg,0,513
lungaca1332.jpeg,0,600
lungn2295.jpeg,1,985
lungscc1203.jpeg,2,1159
lungscc83.jpeg,2,1245
lungn4269.jpeg,1,868
lungaca2287.jpeg,0,590
lungscc3317.jpeg,2,1095
lungn2646.jpeg,1,979
lungn4774.jpeg,1,959
lungaca3204.jpeg,0,699
lungscc1688.jpeg,2,1183
lungn3087.jpeg,1,805
lungn3379.jpeg,1,847
lungaca2113.jpeg,0,535
lungn2531.jpeg,1,855
lungn4229.jpeg,1,846
lungn2447.jpeg,1,787
lungscc4249.jpeg,2,1161
lungn1397.jpeg,1,829
lungn1359.jpeg,1,907
lungaca4635.jpeg,0,669
lungaca1134.jpeg,0,614
lungscc4124.jpeg,2,1009
lungaca2836.jpeg,0,516
lungaca209.jpeg,0,583
lungn986.jpeg,1,802
lungscc3334.jpeg,2,1033
lungn1852.jpeg,1,823
lungn1231.jpeg,1,786
lungn4045.jpeg,1,804
lungn2348.jpeg,1,814
lungn4556.jpeg,1,771
lungscc959.jpeg,2,1224
lungscc376.jpeg,2,1066
lungaca1180.jpeg,0,625
lungn2325.jpeg,1,817
lungaca1175.jpeg,0,728
lungn1501.jpeg,1,873
lungaca3758.jpeg,0,524
lungn3192.jpeg,1,843
lungscc4962.jpeg,2,1116
lungscc599.jpeg,2,1131
lungn90.jpeg,1,770
lungn3696.jpeg,1,815
lungscc33.jpeg,2,1170
lungn1958.jpeg,1,912
lungn1930.jpeg,1,915
lungscc3649.jpeg,2,1206
lungn4806.jpeg,1,816
lungaca437.jpeg,0,652
lungn724.jpeg,1,945
lungscc1353.jpeg,2,1046
lungn904.jpeg,1,991
lungn3644.jpeg,1,750
lungn2834.jpeg,1,768
lungscc2684.jpeg,2,998
lungscc4224.jpeg,2,1048
lungn126.jpeg,1,909
lungn3828.jpeg,1,818
lungn2944.jpeg,1,785
lungaca1204.jpeg,0,687
lungscc4547.jpeg,2,1145
lungaca811.jpeg,0,648
lungscc1344.jpeg,2,1201
lungn2409.jpeg,1,857
lungscc1937.jpeg,2,1115
lungscc3669.jpeg,2,1234
lungaca3145.jpeg,0,741
lungn4258.jpeg,1,979
lungn81.jpeg,1,901
lungscc1213.jpeg,2,1033
lungn2116.jpeg,1,808
lungaca3452.jpeg,0,530
lungscc274.jpeg,2,1077
lungn3602.jpeg,1,771
lungaca860.jpeg,0,649
lungn1124.jpeg,1,873
lungaca3667.jpeg,0,590
lungn4237.jpeg,1,756
lungscc3576.jpeg,2,1010
lungn4950.jpeg,1,859
lungscc2921.jpeg,2,1016
lungaca3040.jpeg,0,741
lungn2506.jpeg,1,951
lungn1239.jpeg,1,900
lungn4857.jpeg,1,841
lungn2939.jpeg,1,942
lungaca4203.jpeg,0,719
lungaca3919.jpeg,0,600
lungaca1685.jpeg,0,638
lungn2989.jpeg,1,864
lungaca3700.jpeg,0,587
lungn4940.jpeg,1,934
lungaca1211.jpeg,0,666
lungaca334.jpeg,0,661
lungn2424.jpeg,1,847
lungaca3771.jpeg,0,674
lungaca4005.jpeg,0,730
lungn4725.jpeg,1,987
lungn1607.jpeg,1,800
lungscc1930.jpeg,2,1209
lungaca4489.jpeg,0,605
lungaca4141.jpeg,0,554
lungn3544.jpeg,1,821
lungscc2295.jpeg,2,1088
lungscc1122.jpeg,2,1149
lungn159.jpeg,1,823
lungn4923.jpeg,1,933
lungscc4840.jpeg,2,1034
lungscc2086.jpeg,2,1090
lungaca4938.jpeg,0,523
lungaca4786.jpeg,0,681
lungscc2504.jpeg,2,1193
lungscc3653.jpeg,2,1155
lungaca3140.jpeg,0,662
lungn2492.jpeg,1,945
lungscc388.jpeg,2,1175
lungscc3136.jpeg,2,1201
lungaca2663.jpeg,0,542
lungn4732.jpeg,1,837
lungn238.jpeg,1,815
lungscc1638.jpeg,2,1211
lungscc196.jpeg,2,1055
lungscc2480.jpeg,2,1230
lungscc4498.jpeg,2,1052
lungscc3306.jpeg,2,1002
lungaca3714.jpeg,0,579
lungn567.jpeg,1,818
lungaca2296.jpeg,0,563
lungn1630.jpeg,1,767
lungscc2576.jpeg,2,1182
lungaca4335.jpeg,0,543
lungaca2413.jpeg,0,632
lungn1728.jpeg,1,987
lungaca4082.jpeg,0,586
lungscc802.jpeg,2,1203
lungn1608.jpeg,1,912
lungaca3443.jpeg,0,640
lungaca2241.jpeg,0,530
lungn3219.jpeg,1,966
lungscc1968.jpeg,2,1176
lungaca2359.jpeg,0,689
lungn4790.jpeg,1,994
lungscc2254.jpeg,2,1106
lungn4074.jpeg,1,771
lungn3617.jpeg,1,828
lungscc2514.jpeg,2,1068
lungn2848.jpeg,1,899
lungaca4962.jpeg,0,517
lungaca1001.jpeg,0,727
lungaca4638.jpeg,0,569
lungn2335.jpeg,1,927
lungaca1762.jpeg,0,552
lungn771.jpeg,1,826
lungaca3888.jpeg,0,570
lungn825.jpeg,1,838
lungn3790.jpeg,1,760
lungscc1841.jpeg,2,1101
lungscc2464.jpeg,2,1136
lungn2052.jpeg,1,929
lungscc3783.jpeg,2,1118
lungn4877.jpeg,1,767
lungscc2366.jpeg,2,1033
lungaca1829.jpeg,0,506
lungaca284.jpeg,0,548
lungn4864.jpeg,1,759
lungaca2058.jpeg,0,539
lungscc2970.jpeg,2,1134
lungn236.jpeg,1,894
lungaca312.jpeg,0,714
lungn4656.jpeg,1,902
lungn1484.jpeg,1,834
lungn3092.jpeg,1,792
lungscc3070.jpeg,2,1095
lungaca1268.jpeg,0,675
lungn670.jpeg,1,925
lungaca4628.jpeg,0,595
lungaca3397.jpeg,0,572
lungn2539.jpeg,1,782
lungscc3556.jpeg,2,1046
lungscc1010.jpeg,2,1186
lungscc1229.jpeg,2,1022
lungscc4589.jpeg,2,1080
lungscc1374.jpeg,2,1238
lungn4078.jpeg,1,921
lungn4009.jpeg,1,983
lungscc4852.jpeg,2,1150
lungn3231.jpeg,1,877
lungn2249.jpeg,1,792
lungaca1463.jpeg,0,552
lungn4918.jpeg,1,927
lungscc3028.jpeg,2,1013
lungn760.jpeg,1,965
lungscc4388.jpeg,2,1214
lungaca4571.jpeg,0,735
lungn14.jpeg,1,949
lungscc4923.jpeg,2,1018
lungaca1390.jpeg,0,598
lungscc1193.jpeg,2,1084
lungscc3383.jpeg,2,1036
lungaca1011.jpeg,0,563
lungn3256.jpeg,1,915
lungscc2123.jpeg,2,1208
lungaca3188.jpeg,0,727
lungscc1150.jpeg,2,1182
lungn2766.jpeg,1,910
lungscc610.jpeg,2,1209
lungn3800.jpeg,1,893
lungscc4238.jpeg,2,1122
lungn3831.jpeg,1,928
lungscc3101.jpeg,2,1111
lungscc4307.jpeg,2,1209
lungaca2941.jpeg,0,604
lungscc1508.jpeg,2,1011
lungaca2348.jpeg,0,731
lungaca3228.jpeg,0,570
lungn4372.jpeg,1,796
lungn2864.jpeg,1,892
lungn2072.jpeg,1,778
lungscc3051.jpeg,2,1139
lungn2364.jpeg,1,804
lungn2234.jpeg,1,949
lungn1704.jpeg,1,990
lungscc3529.jpeg,2,1060
lungscc1147.jpeg,2,1083
lungaca4509.jpeg,0,590
lungn4852.jpeg,1,771
lungscc2239.jpeg,2,1074
lungscc180.jpeg,2,1223
lungaca3672.jpeg,0,683
lungaca2929.jpeg,0,609
lungn115.jpeg,1,827
lungaca903.jpeg,0,728
lungaca4457.jpeg,0,680
lungn2051.jpeg,1,868
lungaca4385.jpeg,0,721
lungn4834.jpeg,1,924
lungscc2527.jpeg,2,1167
lungscc3424.jpeg,2,1094
lungaca3311.jpeg,0,739
lungscc3467.jpeg,2,1127
lungn2484.jpeg,1,886
lungn1860.jpeg,1,887
lungn1225.jpeg,1,951
lungn665.jpeg,1,839
lungscc4795.jpeg,2,1114
lungaca3606.jpeg,0,578
lungn715.jpeg,1,758
lungn183.jpeg,1,945
lungaca2409.jpeg,0,607
lungscc1391.jpeg,2,1194
lungaca1363.jpeg,0,644
lungn3983.jpeg,1,825
lungn624.jpeg,1,756
lungn2583.jpeg,1,836
lungscc152.jpeg,2,1220
lungn3135.jpeg,1,917
lungn1173.jpeg,1,864
lungn2891.jpeg,1,757
lungscc4192.jpeg,2,1002
lungn3340.jpeg,1,911
lungaca1576.jpeg,0,540
lungscc157.jpeg,2,1231
lungaca2508.jpeg,0,641
lungn1306.jpeg,1,851
lungscc1918.jpeg,2,1076
lungscc922.jpeg,2,1094
lungscc3806.jpeg,2,1048
lungn1693.jpeg,1,939
lungaca2343.jpeg,0,578
lungaca3689.jpeg,0,568
lungscc559.jpeg,2,1239
lungaca213.jpeg,0,748
lungaca678.jpeg,0,706
lungaca2179.jpeg,0,680
lungaca4849.jpeg,0,609
lungn2926.jpeg,1,871
lungn209.jpeg,1,796
lungscc3129.jpeg,2,1057
lungaca1465.jpeg,0,728
lungaca3131.jpeg,0,669
lungaca1832.jpeg,0,509
lungn3114.jpeg,1,813
lungaca4668.jpeg,0,611
lungscc2794.jpeg,2,1117
lungaca4824.jpeg,0,588
lungaca4033.jpeg,0,670
lungscc2699.jpeg,2,1147
lungscc4059.jpeg,2,1124
lungaca416.jpeg,0,629
lungaca3800.jpeg,0,539
lungn4638.jpeg,1,826
lungscc181.jpeg,2,1080
lungscc3691.jpeg,2,1117
lungscc2149.jpeg,2,1060
lungaca1703.jpeg,0,683
lungscc1085.jpeg,2,1086
lungscc892.jpeg,2,1039
lungn2054.jpeg,1,844
lungaca3182.jpeg,0,552
lungn4232.jpeg,1,972
lungaca3779.jpeg,0,656
lungn4358.jpeg,1,976
lungn1063.jpeg,1,912
lungaca510.jpeg,0,625
lungn1791.jpeg,1,875
lungn4738.jpeg,1,984
lungscc739.jpeg,2,1136
lungscc2533.jpeg,2,1015
lungn3864.jpeg,1,839
lungn3313.jpeg,1,759
lungn3003.jpeg,1,763
lungscc2346.jpeg,2,1183
lungscc4887.jpeg,2,1190
lungscc935.jpeg,2,1202
lungscc3097.jpeg,2,1238
lungscc3039.jpeg,2,1047
lungn2352.jpeg,1,915
lungn494.jpeg,1,869
lungn3658.jpeg,1,785
lungn2271.jpeg,1,926
lungn4378.jpeg,1,906
lungn2735.jpeg,1,972
lungscc4200.jpeg,2,1095
lungscc2205.jpeg,2,1243
lungaca3207.jpeg,0,581
lungscc4792.jpeg,2,1007
lungaca246.jpeg,0,549
lungaca305.jpeg,0,521
lungaca4407.jpeg,0,556
lungn2407.jpeg,1,889
lungn679.jpeg,1,854
lungaca1209.jpeg,0,566
lungaca2167.jpeg,0,535
lungaca2839.jpeg,0,739
lungscc4683.jpeg,2,1176
lungaca4406.jpeg,0,728
lungaca4591.jpeg,0,637
lungn1676.jpeg,1,889
lungaca2719.jpeg,0,516
lungscc2161.jpeg,2,1109
lungscc2770.jpeg,2,1038
lungaca238.jpeg,0,732
lungn1038.jpeg,1,778
lungn2154.jpeg,1,766
lungaca2471.jpeg,0,632
lungaca3892.jpeg,0,611
lungaca2499.jpeg,0,557
lungaca1790.jpeg,0,560
lungn2283.jpeg,1,803
lungn3116.jpeg,1,820
lungaca3974.jpeg,0,623
lungaca2470.jpeg,0,742
lungn2623.jpeg,1,959
lungaca1285.jpeg,0,706
lungaca1969.jpeg,0,642
lungscc118.jpeg,2,1120
lungscc714.jpeg,2,1171
lungn2062.jpeg,1,767
lungaca564.jpeg,0,728
lungaca3186.jpeg,0,725
lungn212.jpeg,1,938
lungscc365.jpeg,2,1005
lungn4312.jpeg,1,797
lungscc3580.jpeg,2,1133
lungn411.jpeg,1,794
lungaca2631.jpeg,0,605
lungscc289.jpeg,2,1010
lungscc3272.jpeg,2,1104
lungn2213.jpeg,1,848
lungscc3094.jpeg,2,1091
lungscc4051.jpeg,2,1091
lungn2909.jpeg,1,859
lungn2057.jpeg,1,808
lungaca1674.jpeg,0,674
lungscc852.jpeg,2,1108
lungscc4242.jpeg,2,1228
lungn2087.jpeg,1,957
lungscc238.jpeg,2,1122
lungscc2286.jpeg,2,1167
lungaca4441.jpeg,0,620
lungscc2272.jpeg,2,1065
lungn998.jpeg,1,905
lungscc4130.jpeg,2,1097
lungn4038.jpeg,1,758
lungn1282.jpeg,1,902
lungn2690.jpeg,1,967
lungaca4621.jpeg,0,507
lungscc29.jpeg,2,1146
lungscc465.jpeg,2,1016
lungaca2961.jpeg,0,558
lungaca1495.jpeg,0,638
lungscc1055.jpeg,2,1116
lungscc2033.jpeg,2,1064
lungscc2639.jpeg,2,1135
lungscc949.jpeg,2,1129
lungscc114.jpeg,2,1155
lungaca3705.jpeg,0,513
lungaca3803.jpeg,0,689
lungn3939.jpeg,1,971
lungaca1095.jpeg,0,565
lungscc1745.jpeg,2,1177
lungscc3803.jpeg,2,1231
lungn4287.jpeg,1,852
lungaca3036.jpeg,0,556
lungscc112.jpeg,2,1229
lungn4952.jpeg,1,882
lungaca1779.jpeg,0,704
lungn2839.jpeg,1,995
lungscc1828.jpeg,2,1132
lungn1224.jpeg,1,957
lungaca1654.jpeg,0,562
lungn2423.jpeg,1,872
lungaca3687.jpeg,0,737
lungscc2570.jpeg,2,1218
lungaca973.jpeg,0,622
lungscc4586.jpeg,2,1079
lungn3559.jpeg,1,917
lungn1391.jpeg,1,915
lungaca1783.jpeg,0,592
lungscc457.jpeg,2,1231
lungaca2574.jpeg,0,686
lungaca3630.jpeg,0,617
lungn2131.jpeg,1,867
lungaca2442.jpeg,0,518
lungn4147.jpeg,1,783
lungn2328.jpeg,1,793
lungaca20.jpeg,0,515
lungn890.jpeg,1,844
lungscc2194.jpeg,2,1215
lungscc262.jpeg,2,1226
lungn1886.jpeg,1,918
lungn792.jpeg,1,957
lungscc3832.jpeg,2,1223
lungaca598.jpeg,0,735
lungn3817.jpeg,1,830
lungscc4871.jpeg,2,1047
lungscc979.jpeg,2,1005
lungn1559.jpeg,1,884
lungaca2647.jpeg,0,565
lungaca1593.jpeg,0,702
lungn833.jpeg,1,822
lungaca3964.jpeg,0,735
lungscc4438.jpeg,2,1045
lungaca3834.jpeg,0,544
lungaca1754.jpeg,0,581
lungaca2666.jpeg,0,689
lungaca2301.jpeg,0,537
lungaca3936.jpeg,0,711
lungscc2744.jpeg,2,1104
lungn1290.jpeg,1,940
lungscc3613.jpeg,2,1234
lungaca4038.jpeg,0,739
lungaca1658.jpeg,0,593
lungscc1142.jpeg,2,1171
lungscc126.jpeg,2,1059
lungscc4990.jpeg,2,1223
lungaca2746.jpeg,0,665
lungn926.jpeg,1,928
lungn1504.jpeg,1,840
lungn4637.jpeg,1,758
lungn2226.jpeg,1,855
lungaca4556.jpeg,0,690
lungscc1696.jpeg,2,1041
lungn2304.jpeg,1,880
lungscc1644.jpeg,2,1105
lungaca597.jpeg,0,620
lungscc3557.jpeg,2,1046
lungn1824.jpeg,1,867
lungn3535.jpeg,1,982
lungn4059.jpeg,1,924
lungaca3862.jpeg,0,714
lungaca684.jpeg,0,583
lungscc2449.jpeg,2,1092
lungaca343.jpeg,0,681
lungaca1392.jpeg,0,650
lungaca990.jpeg,0,517
lungn1372.jpeg,1,866
lungn980.jpeg,1,911
lungscc2451.jpeg,2,1195
lungscc3294.jpeg,2,1206
lungscc3615.jpeg,2,1001
lungn1568.jpeg,1,808
lungaca1886.jpeg,0,667
lungaca3292.jpeg,0,605
lungn3389.jpeg,1,892
lungscc1767.jpeg,2,1129
lungscc521.jpeg,2,1231
lungscc3488.jpeg,2,1036
lungscc2650.jpeg,2,1194
lungscc2195.jpeg,2,1082
lungscc1629.jpeg,2,1057
lungn4046.jpeg,1,961
lungscc4132.jpeg,2,1085
lungaca1591.jpeg,0,688
lungn2754.jpeg,1,877
lungn1294.jpeg,1,753
lungaca3853.jpeg,0,606
lungn4866.jpeg,1,965
lungn1533.jpeg,1,957
lungaca3634.jpeg,0,621
lungn4833.jpeg,1,756
lungscc4526.jpeg,2,1079
lungn1278.jpeg,1,950
lungaca3812.jpeg,0,741
lungaca1764.jpeg,0,577
lungscc1946.jpeg,2,1145
lungaca3210.jpeg,0,569
lungaca3971.jpeg,0,732
lungscc2632.jpeg,2,1079
lungn42.jpeg,1,821
lungscc2069.jpeg,2,1138
lungaca3106.jpeg,0,747
lungscc1985.jpeg,2,1069
lungaca3638.jpeg,0,557
lungaca4148.jpeg,0,725
lungaca143.jpeg,0,677
lungn2915.jpeg,1,811
lungn4618.jpeg,1,933
lungn2609.jpeg,1,925
lungscc1805.jpeg,2,1109
lungaca1287.jpeg,0,688
lungaca1816.jpeg,0,631
lungn3862.jpeg,1,860
lungaca3298.jpeg,0,721
lungaca3041.jpeg,0,667
lungn2135.jpeg,1,890
lungn1314.jpeg,1,751
lungscc4531.jpeg,2,1054
lungn1649.jpeg,1,871
lungn783.jpeg,1,852
lungscc430.jpeg,2,1033
lungn921.jpeg,1,818
lungscc1146.jpeg,2,1083
lungscc2793.jpeg,2,1014
lungn674.jpeg,1,792
lungscc2058.jpeg,2,1198
lungscc901.jpeg,2,1139
lungn460.jpeg,1,931
lungn3837.jpeg,1,927
lungn907.jpeg,1,901
lungaca4252.jpeg,0,522
lungaca3289.jpeg,0,544
lungaca3073.jpeg,0,555
lungscc4283.jpeg,2,1016
lungscc2691.jpeg,2,1104
lungscc377.jpeg,2,1066
lungn4200.jpeg,1,910
lungaca322.jpeg,0,599
lungaca2005.jpeg,0,568
lungscc1892.jpeg,2,1244
lungaca855.jpeg,0,661
lungscc2847.jpeg,2,1101
lungscc339.jpeg,2,1073
lungscc4454.jpeg,2,1023
lungscc3462.jpeg,2,1067
lungaca1670.jpeg,0,570
lungn1380.jpeg,1,794
lungscc651.jpeg,2,1154
lungn662.jpeg,1,826
lungscc4215.jpeg,2,1044
lungaca4194.jpeg,0,554
lungaca4789.jpeg,0,738
lungn1708.jpeg,1,996
lungaca4273.jpeg,0,600
lungn3810.jpeg,1,761
lungscc4987.jpeg,2,1119
lungn2745.jpeg,1,908
lungaca4102.jpeg,0,601
lungscc3393.jpeg,2,1019
lungaca2667.jpeg,0,635
lungaca4765.jpeg,0,680
lungn4005.jpeg,1,903
lungn4739.jpeg,1,855
lungn229.jpeg,1,863
lungn1512.jpeg,1,769
lungaca435.jpeg,0,724
lungn3572.jpeg,1,754
lungscc4950.jpeg,2,1169
lungscc1454.jpeg,2,1222
lungn1486.jpeg,1,978
lungn3765.jpeg,1,954
lungaca2280.jpeg,0,708
lungn2642.jpeg,1,752
lungaca457.jpeg,0,593
lungn4518.jpeg,1,930
lungscc1887.jpeg,2,1071
lungaca3909.jpeg,0,675
lungn3653.jpeg,1,864
lungscc4446.jpeg,2,1204
lungn3418.jpeg,1,766
lungaca2551.jpeg,0,711
lungscc1503.jpeg,2,1126
lungscc1237.jpeg,2,1230
lungn1850.jpeg,1,785
lungscc3523.jpeg,2,1227
lungscc1790.jpeg,2,1237
lungscc2586.jpeg,2,1161
lungaca1273.jpeg,0,590
lungscc2755.jpeg,2,1196
lungn2316.jpeg,1,902
lungaca2438.jpeg,0,625
lungn4047.jpeg,1,789
lungaca2011.jpeg,0,688
lungaca856.jpeg,0,506
lungaca4451.jpeg,0,545
lungn1764.jpeg,1,925
lungaca4270.jpeg,0,516
lungaca4857.jpeg,0,551
lungn1327.jpeg,1,790
lungaca2513.jpeg,0,580
lungaca99.jpeg,0,704
lungaca1509.jpeg,0,595
lungscc1256.jpeg,2,1236
lungaca1625.jpeg,0,512
lungscc304.jpeg,2,1222
lungscc1290.jpeg,2,1055
lungscc3499.jpeg,2,1072
lungaca4392.jpeg,0,584
lungscc342.jpeg,2,1112
lungscc696.jpeg,2,1019
lungaca3659.jpeg,0,532
lungaca3434.jpeg,0,623
lungn3859.jpeg,1,985
lungn4747.jpeg,1,963
lungscc850.jpeg,2,1181
lungscc3036.jpeg,2,1134
lungaca337.jpeg,0,603
lungscc4748.jpeg,2,1236
lungaca2917.jpeg,0,553
lungaca4430.jpeg,0,628
lungaca2012.jpeg,0,688
lungaca3370.jpeg,0,699
lungaca3549.jpeg,0,695
lungscc1134.jpeg,2,1137
lungaca2548.jpeg,0,741
lungscc2412.jpeg,2,1096
lungaca3696.jpeg,0,508
lungaca3114.jpeg,0,589
lungaca323.jpeg,0,577
lungn1637.jpeg,1,781
lungaca4122.jpeg,0,671
lungn4591.jpeg,1,991
lungn4533.jpeg,1,749
lungscc3971.jpeg,2,1146
lungaca3910.jpeg,0,633
lungscc658.jpeg,2,1035
lungaca203.jpeg,0,576
lungn2410.jpeg,1,891
lungn132.jpeg,1,971
lungn72.jpeg,1,846
lungaca779.jpeg,0,734
lungn3146.jpeg,1,974
lungscc630.jpeg,2,1045
lungaca124.jpeg,0,521
lungaca3622.jpeg,0,700
lungaca4085.jpeg,0,582
lungn3896.jpeg,1,824
lungn2982.jpeg,1,957
lungaca3664.jpeg,0,678
lungaca3998.jpeg,0,637
lungaca556.jpeg,0,588
lungaca258.jpeg,0,667
lungn4994.jpeg,1,799
lungn4368.jpeg,1,926
lungn1891.jpeg,1,842
lungscc1314.jpeg,2,1093
lungscc3047.jpeg,2,1064
lungn4876.jpeg,1,860
lungscc3782.jpeg,2,1103
lungaca2293.jpeg,0,650
lungn3242.jpeg,1,938
lungaca3104.jpeg,0,658
lungscc3598.jpeg,2,1005
lungscc4763.jpeg,2,1181
lungscc210.jpeg,2,1233
lungaca3410.jpeg,0,560
lungn3278.jpeg,1,890
lungaca1389.jpeg,0,734
lungscc813.jpeg,2,1217
lungn3271.jpeg,1,765
lungn2319.jpeg,1,885
lungscc4582.jpeg,2,1218
lungscc653.jpeg,2,1111
lungscc3324.jpeg,2,1166
lungaca2090.jpeg,0,525
lungn2233.jpeg,1,934
lungn1975.jpeg,1,947
lungn4469.jpeg,1,859
lungaca665.jpeg,0,549
lungscc416.jpeg,2,1081
lungn2517.jpeg,1,942
lungn247.jpeg,1,959
lungscc3565.jpeg,2,1028
lungscc575.jpeg,2,1084
lungn2210.jpeg,1,874
lungscc1219.jpeg,2,1177
lungscc4512.jpeg,2,1016
lungscc3373.jpeg,2,1074
lungscc1068.jpeg,2,1023
lungscc2297.jpeg,2,1056
lungscc1997.jpeg,2,1160
lungn2687.jpeg,1,885
lungscc2222.jpeg,2,1051
lungn1505.jpeg,1,840
lungaca2765.jpeg,0,569
lungn2301.jpeg,1,777
lungscc82.jpeg,2,1166
lungn1057.jpeg,1,870
lungaca1056.jpeg,0,540
lungscc1943.jpeg,2,1034
lungn1845.jpeg,1,987
lungaca4867.jpeg,0,549
lungscc451.jpeg,2,1244
lungn4883.jpeg,1,825
lungaca3512.jpeg,0,737
lungaca3372.jpeg,0,714
lungn3036.jpeg,1,876
lungscc4334.jpeg,2,1168
lungscc1419.jpeg,2,1013
lungscc35.jpeg,2,1044
lungaca2525.jpeg,0,709
lungaca4063.jpeg,0,534
lungscc507.jpeg,2,1021
lungscc1413.jpeg,2,1174
lungaca3680.jpeg,0,558
lungscc2987.jpeg,2,1121
lungn2707.jpeg,1,832
lungscc4462.jpeg,2,1111
lungscc2172.jpeg,2,1115
lungaca3261.jpeg,0,669
lungscc4049.jpeg,2,1224
lungn2670.jpeg,1,895
lungscc2219.jpeg,2,1092
lungaca4935.jpeg,0,555
lungn3923.jpeg,1,758
lungscc1871.jpeg,2,1222
lungaca2846.jpeg,0,567
lungn1056.jpeg,1,824
lungn1004.jpeg,1,953
lungaca3462.jpeg,0,636
lungaca3005.jpeg,0,541
lungaca76.jpeg,0,631
lungn941.jpeg,1,935
lungn554.jpeg,1,882
lungscc1706.jpeg,2,1202
lungn1540.jpeg,1,928
lungaca2410.jpeg,0,607
lungaca1339.jpeg,0,689
lungscc386.jpeg,2,1049
lungaca1795.jpeg,0,604
lungn3142.jpeg,1,929
lungaca1818.jpeg,0,538
lungn3417.jpeg,1,861
lungn2786.jpeg,1,777
lungn3472.jpeg,1,770
lungn4795.jpeg,1,763
lungaca4791.jpeg,0,510
lungaca537.jpeg,0,719
lungn139.jpeg,1,817
lungn2179.jpeg,1,898
lungscc2375.jpeg,2,1188
lungn2229.jpeg,1,936
lungscc1264.jpeg,2,1081
lungscc2531.jpeg,2,1201
lungscc3860.jpeg,2,1163
lungscc1616.jpeg,2,1124
lungn1099.jpeg,1,867
lungaca1895.jpeg,0,575
lungaca2572.jpeg,0,609
lungaca3621.jpeg,0,563
lungaca4449.jpeg,0,709
lungn3869.jpeg,1,880
lungscc2677.jpeg,2,1028
lungscc3827.jpeg,2,1086
lungn2042.jpeg,1,965
lungaca4610.jpeg,0,561
lungscc4107.jpeg,2,1188
lungaca4697.jpeg,0,650
lungaca4885.jpeg,0,661
lungaca1498.jpeg,0,507
lungscc1926.jpeg,2,1062
lungn2023.jpeg,1,922
lungscc4125.jpeg,2,1151
lungaca1251.jpeg,0,701
lungn1628.jpeg,1,827
lungscc1606.jpeg,2,1024
lungscc2615.jpeg,2,1082
lungn4155.jpeg,1,782
lungscc3696.jpeg,2,1081
lungn4531.jpeg,1,799
lungscc569.jpeg,2,1141
lungscc4784.jpeg,2,1072
lungaca1943.jpeg,0,610
lungaca1680.jpeg,0,586
lungaca3242.jpeg,0,552
lungscc3645.jpeg,2,1086
lungaca4974.jpeg,0,549
lungaca1176.jpeg,0,677
lungn1780.jpeg,1,912
lungaca4042.jpeg,0,680
lungscc784.jpeg,2,1062
lungaca1348.jpeg,0,519
lungscc1485.jpeg,2,1112
lungn1489.jpeg,1,752
lungaca3056.jpeg,0,691
lungn3924.jpeg,1,847
lungscc2299.jpeg,2,1217
lungscc2350.jpeg,2,1070
lungn3779.jpeg,1,935
lungscc2817.jpeg,2,1153
lungn2587.jpeg,1,843
lungaca3810.jpeg,0,627
lungscc3655.jpeg,2,1120
lungscc4798.jpeg,2,1014
lungaca4219.jpeg,0,669
lungscc2190.jpeg,2,1044
lungaca2139.jpeg,0,703
lungn3153.jpeg,1,781
lungn1696.jpeg,1,974
lungscc288.jpeg,2,1010
lungn1130.jpeg,1,923
lungscc205.jpeg,2,1021
lungscc4155.jpeg,2,1001
lungaca4036.jpeg,0,524
lungscc4203.jpeg,2,1110
lungn723.jpeg,1,790
lungaca1602.jpeg,0,587
lungaca1242.jpeg,0,703
lungn2507.jpeg,1,810
lungn4704.jpeg,1,778
lungn4356.jpeg,1,957
lungaca2177.jpeg,0,563
lungn4404.jpeg,1,829
lungaca2422.jpeg,0,543
lungn4335.jpeg,1,758
lungscc3309.jpeg,2,1178
lungn1920.jpeg,1,917
lungn4219.jpeg,1,826
lungaca4332.jpeg,0,683
lungaca650.jpeg,0,544
lungscc2365.jpeg,2,1150
lungaca78.jpeg,0,688
lungaca1891.jpeg,0,520
lungaca139.jpeg,0,617
lungn2555.jpeg,1,895
lungaca1104.jpeg,0,717
lungscc296.jpeg,2,1068
lungn2182.jpeg,1,939
lungn4706.jpeg,1,854
lungaca2095.jpeg,0,736
lungn2362.jpeg,1,880
lungn2878.jpeg,1,787
lungaca1320.jpeg,0,666
lungscc4229.jpeg,2,1213
lungaca3739.jpeg,0,581
lungn2833.jpeg,1,989
lungscc1602.jpeg,2,1101
lungn4965.jpeg,1,793
lungscc867.jpeg,2,1043
lungscc3829.jpeg,2,1122
lungaca1487.jpeg,0,614
lungn2776.jpeg,1,873
lungaca4477.jpeg,0,520
lungscc2185.jpeg,2,1239
lungscc775.jpeg,2,1089
lungaca3224.jpeg,0,657
lungaca245.jpeg,0,646
lungaca4402.jpeg,0,640
lungn1558.jpeg,1,970
lungaca2062.jpeg,0,571
lungn3861.jpeg,1,904
lungscc1645.jpeg,2,1045
lungn3045.jpeg,1,982
lungn2449.jpeg,1,861
lungaca2946.jpeg,0,584
lungaca2561.jpeg,0,591
lungscc2177.jpeg,2,1074
lungn2584.jpeg,1,752
lungaca3142.jpeg,0,533
lungn1709.jpeg,1,950
lungn2236.jpeg,1,904
lungscc488.jpeg,2,1026
lungn1980.jpeg,1,873
lungn4367.jpeg,1,960
lungscc2141.jpeg,2,1010
lungaca871.jpeg,0,691
lungscc1054.jpeg,2,1202
lungn201.jpeg,1,883
lungn1267.jpeg,1,829
lungscc3681.jpeg,2,1158
lungaca4103.jpeg,0,533
lungscc1102.jpeg,2,1057
lungscc1325.jpeg,2,1147
lungaca2872.jpeg,0,674
lungscc4370.jpeg,2,1096
lungscc3697.jpeg,2,1219
lungn3704.jpeg,1,750
lungaca3882.jpeg,0,659
lungn1095.jpeg,1,780
lungaca1903.jpeg,0,510
lungscc421.jpeg,2,1124
lungscc109.jpeg,2,1000
lungscc375.jpeg,2,1198
lungscc1283.jpeg,2,1094
lungn4845.jpeg,1,824
lungscc151.jpeg,2,1006
lungaca2691.jpeg,0,682
lungaca1675.jpeg,0,544
lungscc3699.jpeg,2,1086
lungn4163.jpeg,1,865
lungn4206.jpeg,1,995
lungaca3865.jpeg,0,550
lungn2326.jpeg,1,849
lungscc2225.jpeg,2,1025
lungn4766.jpeg,1,961
lungaca1041.jpeg,0,641
lungn837.jpeg,1,974
lungscc319.jpeg,2,1116
lungscc1486.jpeg,2,1238
lungaca515.jpeg,0,520
lungscc1966.jpeg,2,1232
lungaca4567.jpeg,0,566
lungscc2578.jpeg,2,1067
lungaca3239.jpeg,0,526
lungn3660.jpeg,1,837
lungaca4934.jpeg,0,571
lungscc1151.jpeg,2,1210
lungn4961.jpeg,1,775
lungaca832.jpeg,0,633
lungn1615.jpeg,1,989
lungscc1029.jpeg,2,1067
lungn557.jpeg,1,972
lungscc4717.jpeg,2,1043
lungaca3824.jpeg,0,682
lungscc2453.jpeg,2,1122
lungaca190.jpeg,0,647
lungscc4591.jpeg,2,1228
lungaca118.jpeg,0,725
lungscc2405.jpeg,2,1180
lungscc3725.jpeg,2,1031
lungaca2694.jpeg,0,648
lungaca326.jpeg,0,519
lungscc2078.jpeg,2,1023
lungscc2919.jpeg,2,1125
lungn200.jpeg,1,951
lungaca3839.jpeg,0,638
lungscc4133.jpeg,2,1109
lungscc3147.jpeg,2,1242
lungn2147.jpeg,1,786
lungscc3742.jpeg,2,1123
lungn2175.jpeg,1,764
lungn4463.jpeg,1,839
lungn4691.jpeg,1,886
lungn3257.jpeg,1,758
lungaca3722.jpeg,0,692
lungn1722.jpeg,1,786
lungscc4936.jpeg,2,1131
lungaca605.jpeg,0,529
lungaca2995.jpeg,0,658
lungscc2226.jpeg,2,1121
lungscc3526.jpeg,2,1065
lungscc2003.jpeg,2,1045
lungscc2423.jpeg,2,1197
lungscc4412.jpeg,2,1065
lungscc1820.jpeg,2,1145
lungscc1139.jpeg,2,1224
lungscc2109.jpeg,2,1094
lungn4090.jpeg,1,838
lungn1807.jpeg,1,929
lungscc2869.jpeg,2,1000
lungn2930.jpeg,1,810
lungaca3579.jpeg,0,593
lungn4086.jpeg,1,855
lungn2425.jpeg,1,886
lungaca2178.jpeg,0,550
lungn1353.jpeg,1,864
lungaca3671.jpeg,0,731
lungaca660.jpeg,0,735
lungaca703.jpeg,0,510
lungscc1062.jpeg,2,1144
lungn2925.jpeg,1,975
lungaca2789.jpeg,0,631
lungscc4109.jpeg,2,1213
lungscc748.jpeg,2,1099
lungn124.jpeg,1,845
lungscc1727.jpeg,2,1171
lungn3012.jpeg,1,923
lungn4842.jpeg,1,817
lungaca3589.jpeg,0,712
lungn1851.jpeg,1,785
lungaca1997.jpeg,0,714
lungaca2675.jpeg,0,533
lungaca4862.jpeg,0,604
lungaca849.jpeg,0,583
lungscc2348.jpeg,2,1190
lungn3624.jpeg,1,868
lungn2943.jpeg,1,785
lungaca2758.jpeg,0,721
lungscc568.jpeg,2,1013
lungscc1948.jpeg,2,1116
lungscc3033.jpeg,2,1082
lungn4737.jpeg,1,828
lungaca2775.jpeg,0,581
lungn2438.jpeg,1,869
lungn168.jpeg,1,751
lungn4519.jpeg,1,825
lungn2040.jpeg,1,759
lungn339.jpeg,1,947
lungn4776.jpeg,1,888
lungaca1907.jpeg,0,642
lungn1388.jpeg,1,899
lungn659.jpeg,1,949
lungn3789.jpeg,1,891
lungscc1785.jpeg,2,1191
lungscc4856.jpeg,2,1049
lungn3119.jpeg,1,766
lungscc141.jpeg,2,1087
lungscc1612.jpeg,2,1051
lungn3522.jpeg,1,975
lungn1046.jpeg,1,967
lungscc4384.jpeg,2,1192
lungn2486.jpeg,1,767
lungaca1520.jpeg,0,737
lungn1002.jpeg,1,873
lungn4705.jpeg,1,799
lungn53.jpeg,1,881
lungn3673.jpeg,1,893
lungn58.jpeg,1,914
lungn2359.jpeg,1,968
lungn3107.jpeg,1,810
lungaca1875.jpeg,0,537
lungaca4847.jpeg,0,614
lungaca57.jpeg,0,695
lungn3089.jpeg,1,895
lungscc3792.jpeg,2,1034
lungaca2253.jpeg,0,603
lungn4619.jpeg,1,896
lungn4898.jpeg,1,842
lungn3321.jpeg,1,847
lungaca1580.jpeg,0,524
lungaca3136.jpeg,0,728
lungaca3580.jpeg,0,603
lungaca2670.jpeg,0,568
lungscc4544.jpeg,2,1095
lungscc1632.jpeg,2,1160
lungaca2987.jpeg,0,612
lungn906.jpeg,1,811
lungn3645.jpeg,1,902
lungscc258.jpeg,2,1029
lungn4603.jpeg,1,903
lungaca1127.jpeg,0,557
lungn1729.jpeg,1,875
lungscc3518.jpeg,2,1219
lungaca2059.jpeg,0,563
lungaca281.jpeg,0,517
lungaca1915.jpeg,0,585
lungn61.jpeg,1,899
lungscc532.jpeg,2,1027
lungscc3163.jpeg,2,1134
lungscc1369.jpeg,2,1024
lungaca2616.jpeg,0,660
lungn1209.jpeg,1,974
lungn1345.jpeg,1,908
lungaca792.jpeg,0,599
lungn3955.jpeg,1,793
lungn1678.jpeg,1,857
lungn3167.jpeg,1,993
lungaca3828.jpeg,0,619
lungscc1890.jpeg,2,1217
lungaca3198.jpeg,0,734
lungaca1974.jpeg,0,586
lungscc1712.jpeg,2,1217
lungn2302.jpeg,1,780
lungaca4982.jpeg,0,624
lungn3171.jpeg,1,920
lungn2543.jpeg,1,860
lungn1074.jpeg,1,916
lungscc4703.jpeg,2,1069
lungaca1739.jpeg,0,620
lungaca679.jpeg,0,577
lungaca677.jpeg,0,737
lungscc2978.jpeg,2,1171
lungn3922.jpeg,1,963
lungn1389.jpeg,1,844
lungn1984.jpeg,1,884
lungscc1912.jpeg,2,1047
lungaca4215.jpeg,0,527
lungaca4914.jpeg,0,604
lungscc2120.jpeg,2,1056
lungn909.jpeg,1,852
lungscc3125.jpeg,2,1200
lungscc4645.jpeg,2,1062
lungn1468.jpeg,1,750
lungaca3196.jpeg,0,530
lungaca4644.jpeg,0,556
lungaca1624.jpeg,0,512
lungscc4403.jpeg,2,1102
lungn3577.jpeg,1,811
lungaca420.jpeg,0,547
lungn908.jpeg,1,901
lungscc4556.jpeg,2,1179
lungn1071.jpeg,1,768
lungn4454.jpeg,1,751
lungscc256.jpeg,2,1056
lungscc4295.jpeg,2,1064
lungaca2915.jpeg,0,613
lungaca2748.jpeg,0,554
lungscc1795.jpeg,2,1227
lungscc1549.jpeg,2,1185
lungscc3625.jpeg,2,1050
lungaca3632.jpeg,0,662
lungscc3903.jpeg,2,1088
lungaca563.jpeg,0,568
lungn3801.jpeg,1,963
lungn2821.jpeg,1,997
lungscc2668.jpeg,2,1036
lungn4.jpeg,1,900
lungn381.jpeg,1,819
lungscc4313.jpeg,2,1169
lungaca136.jpeg,0,569
lungscc1558.jpeg,2,1060
lungscc3893.jpeg,2,1147
lungscc4674.jpeg,2,1226
lungn3244.jpeg,1,933
lungscc2068.jpeg,2,1221
lungn3343.jpeg,1,762
lungn641.jpeg,1,935
lungaca4685.jpeg,0,725
lungscc1166.jpeg,2,1094
lungn4173.jpeg,1,792
lungn3975.jpeg,1,889
lungaca1369.jpeg,0,580
lungaca4286.jpeg,0,645
lungscc4658.jpeg,2,1160
lungn2074.jpeg,1,811
lungscc4750.jpeg,2,1143
lungscc1739.jpeg,2,1155
lungn646.jpeg,1,979
lungaca4802.jpeg,0,679
lungscc4396.jpeg,2,1212
lungn2775.jpeg,1,873
lungscc2267.jpeg,2,1092
lungaca4787.jpeg,0,644
lungn954.jpeg,1,853
lungaca1170.jpeg,0,569
lungn2132.jpeg,1,776
lungn1438.jpeg,1,760
lungaca4963.jpeg,0,580
lungscc4891.jpeg,2,1169
lungn3212.jpeg,1,789
lungscc4342.jpeg,2,1093
lungaca2307.jpeg,0,746
lungaca1666.jpeg,0,597
lungn4164.jpeg,1,767
lungaca1150.jpeg,0,573
lungaca4445.jpeg,0,606
lungscc1507.jpeg,2,1057
lungaca1605.jpeg,0,697
lungaca1870.jpeg,0,740
lungaca2245.jpeg,0,688
lungn4959.jpeg,1,750
lungn696.jpeg,1,921
lungn3670.jpeg,1,936
lungn608.jpeg,1,847
lungaca2136.jpeg,0,593
lungscc1959.jpeg,2,1129
lungscc4339.jpeg,2,1020
lungaca3805.jpeg,0,539
lungn2974.jpeg,1,892
lungn1018.jpeg,1,838
lungn2632.jpeg,1,753
lungscc6.jpeg,2,1019
lungaca641.jpeg,0,682
lungscc486.jpeg,2,1153
lungscc2888.jpeg,2,1096
lungscc2411.jpeg,2,1095
lungscc2062.jpeg,2,1208
lungscc3256.jpeg,2,1211
lungaca3523.jpeg,0,649
lungscc4612.jpeg,2,1036
lungscc2425.jpeg,2,1033
lungn4700.jpeg,1,961
lungaca4989.jpeg,0,631
lungn1841.jpeg,1,958
lungaca2802.jpeg,0,518
lungaca1096.jpeg,0,678
lungn3529.jpeg,1,951
lungaca1190.jpeg,0,561
lungn3599.jpeg,1,787
lungscc213.jpeg,2,1163
lungscc2416.jpeg,2,1202
lungscc1227.jpeg,2,1087
lungaca1366.jpeg,0,628
lungaca1220.jpeg,0,521
lungaca1207.jpeg,0,573
lungn3467.jpeg,1,773
lungn1102.jpeg,1,852
lungaca646.jpeg,0,738
lungn2618.jpeg,1,854
lungn3981.jpeg,1,915
lungscc4138.jpeg,2,1136
lungn38.jpeg,1,862
lungscc4989.jpeg,2,1223
lungscc1737.jpeg,2,1008
lungn2157.jpeg,1,919
lungscc4831.jpeg,2,1063
lungscc1208.jpeg,2,1080
lungaca4395.jpeg,0,679
lungn1390.jpeg,1,915
lungaca3480.jpeg,0,547
lungscc4611.jpeg,2,1036
lungscc2275.jpeg,2,1054
lungn831.jpeg,1,893
lungaca197.jpeg,0,707
lungscc2554.jpeg,2,1082
lungscc3166.jpeg,2,1102
lungn1433.jpeg,1,962
lungaca1521.jpeg,0,552
lungn3197.jpeg,1,937
lungn3657.jpeg,1,785
lungscc2336.jpeg,2,1162
lungn1522.jpeg,1,788
lungn3627.jpeg,1,939
lungaca3378.jpeg,0,737
lungn578.jpeg,1,900
lungaca2807.jpeg,0,570
lungn2247.jpeg,1,856
lungscc1271.jpeg,2,1054
lungaca649.jpeg,0,642
lungn2376.jpeg,1,911
lungaca1225.jpeg,0,714
lungn3636.jpeg,1,754
lungaca1038.jpeg,0,510
lungn1448.jpeg,1,827
lungaca4043.jpeg,0,624
lungn1954.jpeg,1,924
lungscc4071.jpeg,2,1108
lungn4660.jpeg,1,773
lungn3524.jpeg,1,888
lungn1408.jpeg,1,892
lungn4879.jpeg,1,761
lungscc3583.jpeg,2,1219
lungaca4574.jpeg,0,540
lungn1035.jpeg,1,830
lungn2237.jpeg,1,904
lungn1010.jpeg,1,783
lungscc68.jpeg,2,1157
lungn2777.jpeg,1,814
lungscc4972.jpeg,2,1032
lungscc1859.jpeg,2,1089
lungn1899.jpeg,1,858
lungaca2528.jpeg,0,632
lungscc1190.jpeg,2,1129
lungn3360.jpeg,1,752
lungscc2340.jpeg,2,1127
lungaca4766.jpeg,0,705
lungn3207.jpeg,1,925
lungaca1385.jpeg,0,632
lungscc3332.jpeg,2,1205
lungn1496.jpeg,1,965
lungaca1923.jpeg,0,512
lungscc4103.jpeg,2,1176
lungscc551.jpeg,2,1055
lungscc3578.jpeg,2,1064
lungn4872.jpeg,1,806
lungn4687.jpeg,1,808
lungaca4257.jpeg,0,514
lungscc4141.jpeg,2,1063
lungaca1644.jpeg,0,689
lungaca3754.jpeg,0,553
lungaca2896.jpeg,0,590
lungscc3157.jpeg,2,1231
lungn3154.jpeg,1,792
lungscc3475.jpeg,2,1057
lungn3270.jpeg,1,972
lungscc2236.jpeg,2,1115
lungaca1373.jpeg,0,528
lungaca1885.jpeg,0,583
lungn1543.jpeg,1,820
lungaca2699.jpeg,0,641
lungn2381.jpeg,1,849
lungaca560.jpeg,0,610
lungaca3230.jpeg,0,744
lungscc4595.jpeg,2,1026
lungscc637.jpeg,2,1082
lungaca2536.jpeg,0,669
lungaca1734.jpeg,0,638
lungn18.jpeg,1,847
lungn2292.jpeg,1,795
lungn302.jpeg,1,827
lungaca4676.jpeg,0,560
lungaca4256.jpeg,0,668
lungn1409.jpeg,1,892
lungscc3132.jpeg,2,1115
lungscc3155.jpeg,2,1013
lungn3867.jpeg,1,761
lungaca3543.jpeg,0,547
lungn1332.jpeg,1,789
lungaca3610.jpeg,0,540
lungn3857.jpeg,1,795
lungaca130.jpeg,0,669
lungaca1916.jpeg,0,585
lungn3661.jpeg,1,836
lungn413.jpeg,1,914
lungaca2393.jpeg,0,561
lungn3047.jpeg,1,964
lungscc1361.jpeg,2,1170
lungscc16.jpeg,2,1079
lungaca3282.jpeg,0,682
lungaca804.jpeg,0,591
lungaca47.jpeg,0,630
lungn2013.jpeg,1,809
lungaca3126.jpeg,0,529
lungn4121.jpeg,1,948
lungaca184.jpeg,0,735
lungaca516.jpeg,0,615
lungscc2103.jpeg,2,1177
lungscc3959.jpeg,2,1038
lungscc3018.jpeg,2,1234
lungscc3149.jpeg,2,1208
lungaca1740.jpeg,0,685
lungaca36.jpeg,0,637
lungscc133.jpeg,2,1095
lungscc441.jpeg,2,1098
lungscc3032.jpeg,2,1215
lungscc2202.jpeg,2,1117
lungaca241.jpeg,0,529
lungaca2636.jpeg,0,616
lungscc3748.jpeg,2,1186
lungaca1564.jpeg,0,663
lungaca389.jpeg,0,746
lungn2203.jpeg,1,908
lungscc428.jpeg,2,1162
lungscc2337.jpeg,2,1026
lungscc1050.jpeg,2,1066
lungn4130.jpeg,1,905
lungscc2991.jpeg,2,1131
lungaca2726.jpeg,0,542
lungscc4904.jpeg,2,1042
lungscc4812.jpeg,2,1089
lungn4520.jpeg,1,801
lungn619.jpeg,1,788
lungscc1526.jpeg,2,1050
lungn3466.jpeg,1,908
lungn701.jpeg,1,831
lungaca4423.jpeg,0,657
lungscc3251.jpeg,2,1058
lungaca3738.jpeg,0,563
lungaca3149.jpeg,0,546
lungn2667.jpeg,1,956
lungn4325.jpeg,1,917
lungn642.jpeg,1,837
lungn2589.jpeg,1,797
lungaca4116.jpeg,0,729
lungscc1835.jpeg,2,1140
lungscc602.jpeg,2,1054
lungaca4169.jpeg,0,576
lungaca3373.jpeg,0,539
lungaca1805.jpeg,0,527
lungaca2646.jpeg,0,573
lungscc371.jpeg,2,999
lungscc4810.jpeg,2,1237
lungn1446.jpeg,1,985
lungn3622.jpeg,1,816
lungn2126.jpeg,1,880
lungn1097.jpeg,1,769
lungscc3834.jpeg,2,1035
lungn2840.jpeg,1,828
lungscc2763.jpeg,2,1005
lungn4056.jpeg,1,756
lungscc158.jpeg,2,1020
lungn304.jpeg,1,939
lungscc2716.jpeg,2,1038
lungaca2562.jpeg,0,591
lungscc71.jpeg,2,1075
lungn2509.jpeg,1,770
lungn1260.jpeg,1,915
lungn4135.jpeg,1,938
lungn1971.jpeg,1,771
lungscc2599.jpeg,2,1036
lungscc3279.jpeg,2,1081
lungaca1069.jpeg,0,537
lungscc4053.jpeg,2,1171
lungn1341.jpeg,1,913
lungaca4249.jpeg,0,608
lungscc215.jpeg,2,1141
lungscc3503.jpeg,2,1123
lungaca3234.jpeg,0,698
lungscc4091.jpeg,2,1071
lungscc1525.jpeg,2,1138
lungn1349.jpeg,1,858
lungn4966.jpeg,1,787
lungn4379.jpeg,1,803
lungaca222.jpeg,0,554
lungn4011.jpeg,1,907
lungscc3377.jpeg,2,1088
lungscc2046.jpeg,2,1005
lungscc137.jpeg,2,1240
lungn2000.jpeg,1,767
lungn1585.jpeg,1,792
lungscc3983.jpeg,2,1053
lungscc2871.jpeg,2,1210
lungn4708.jpeg,1,955
lungaca965.jpeg,0,728
lungn774.jpeg,1,939
lungaca101.jpeg,0,712
lungn1561.jpeg,1,784
lungaca2853.jpeg,0,676
lungaca1782.jpeg,0,534
lungn3854.jpeg,1,853
lungaca3092.jpeg,0,587
lungaca2794.jpeg,0,583
lungscc75.jpeg,2,1041
lungn2034.jpeg,1,962
lungn3514.jpeg,1,765
lungaca750.jpeg,0,572
lungn4096.jpeg,1,822
lungscc2675.jpeg,2,1197
lungn3497.jpeg,1,816
lungn4285.jpeg,1,765
lungn56.jpeg,1,970
lungaca3868.jpeg,0,740
lungscc554.jpeg,2,1156
lungscc4472.jpeg,2,1079
lungn2308.jpeg,1,792
lungscc3313.jpeg,2,1169
lungaca3066.jpeg,0,623
lungn3100.jpeg,1,955
lungn3034.jpeg,1,971
lungaca50.jpeg,0,528
lungaca4361.jpeg,0,557
lungscc2490.jpeg,2,1212
lungscc331.jpeg,2,1007
lungaca1120.jpeg,0,625
lungn800.jpeg,1,753
lungscc1531.jpeg,2,1082
lungaca2034.jpeg,0,629
lungaca1433.jpeg,0,605
lungn3229.jpeg,1,948
lungaca41.jpeg,0,665
lungaca4053.jpeg,0,702
lungn2725.jpeg,1,812
lungscc2975.jpeg,2,1037
lungn2386.jpeg,1,877
lungaca733.jpeg,0,610
lungn4260.jpeg,1,759
lungscc2658.jpeg,2,1189
lungaca84.jpeg,0,602
lungn1240.jpeg,1,900
lungaca1594.jpeg,0,711
lungn4875.jpeg,1,860
lungaca4587.jpeg,0,519
lungaca3359.jpeg,0,565
lungaca3471.jpeg,0,644
lungaca1919.jpeg,0,685
lungn4937.jpeg,1,774
lungaca1692.jpeg,0,573
lungscc877.jpeg,2,1023
lungscc3630.jpeg,2,1188
lungscc2051.jpeg,2,1058
lungn3282.jpeg,1,756
lungaca4678.jpeg,0,710
lungaca3617.jpeg,0,530
lungn796.jpeg,1,849
lungscc3789.jpeg,2,1142
lungn2807.jpeg,1,975
lungaca2452.jpeg,0,686
lungaca298.jpeg,0,709
lungscc3747.jpeg,2,1023
lungn2170.jpeg,1,855
lungn4506.jpeg,1,774
lungscc4468.jpeg,2,1083
lungn4193.jpeg,1,766
lungaca3120.jpeg,0,675
lungaca97.jpeg,0,557
lungn4181.jpeg,1,967
lungaca1655.jpeg,0,636
lungn2219.jpeg,1,823
lungscc3525.jpeg,2,1147
lungn2879.jpeg,1,861
lungscc4734.jpeg,2,1158
lungn4001.jpeg,1,883
lungscc4661.jpeg,2,1043
lungn3496.jpeg,1,816
lungscc2036.jpeg,2,1054
lungaca452.jpeg,0,748
lungaca2669.jpeg,0,618
lungn1213.jpeg,1,991
lungaca4778.jpeg,0,625
lungscc3988.jpeg,2,1134
lungn751.jpeg,1,919
lungn2859.jpeg,1,776
lungaca4639.jpeg,0,610
lungscc330.jpeg,2,1048
lungn1272.jpeg,1,972
lungaca2974.jpeg,0,702
lungaca3394.jpeg,0,587
lungscc1104.jpeg,2,1190
lungn4894.jpeg,1,756
lungscc2667.jpeg,2,1036
lungaca4128.jpeg,0,570
lungn2896.jpeg,1,949
lungaca533.jpeg,0,678
lungn3578.jpeg,1,852
lungn2079.jpeg,1,971
lungaca840.jpeg,0,683
lungaca3217.jpeg,0,564
lungn1705.jpeg,1,809
lungscc596.jpeg,2,1237
lungn4623.jpeg,1,803
lungn4452.jpeg,1,795
lungn2002.jpeg,1,822
lungscc4684.jpeg,2,1134
lungscc3318.jpeg,2,1110
lungaca3281.jpeg,0,730
lungn4247.jpeg,1,907
lungscc513.jpeg,2,1132
lungaca1243.jpeg,0,622
lungaca2834.jpeg,0,743
lungaca4484.jpeg,0,570
lungn2999.jpeg,1,834
lungaca2672.jpeg,0,728
lungscc247.jpeg,2,1078
lungscc1870.jpeg,2,1222
lungscc2229.jpeg,2,1184
lungscc1432.jpeg,2,1091
lungaca286.jpeg,0,726
lungscc1276.jpeg,2,1120
lungaca292.jpeg,0,589
lungaca1887.jpeg,0,546
lungscc1605.jpeg,2,1102
lungscc39.jpeg,2,1020
lungscc768.jpeg,2,1112
lungscc4577.jpeg,2,1111
lungn3805.jpeg,1,886
lungscc4816.jpeg,2,1008
lungn3822.jpeg,1,944
lungscc3476.jpeg,2,1057
lungn4698.jpeg,1,769
lungscc1514.jpeg,2,1074
lungaca4071.jpeg,0,658
lungn305.jpeg,1,886
lungscc2427.jpeg,2,1019
lungscc4264.jpeg,2,1145
lungaca1777.jpeg,0,715
lungn2825.jpeg,1,942
lungscc2795.jpeg,2,1117
lungscc8.jpeg,2,1101
lungn975.jpeg,1,869
lungscc920.jpeg,2,1194
lungscc2383.jpeg,2,1207
lungscc4992.jpeg,2,1060
lungn2094.jpeg,1,878
lungaca4729.jpeg,0,609
lungscc4298.jpeg,2,1000
lungn4267.jpeg,1,914
lungscc4268.jpeg,2,1166
lungscc2437.jpeg,2,1128
lungn3480.jpeg,1,900
lungn4798.jpeg,1,962
lungaca785.jpeg,0,610
lungscc3912.jpeg,2,1105
lungscc1158.jpeg,2,1109
lungn1230.jpeg,1,786
lungaca3883.jpeg,0,615
lungscc3146.jpeg,2,1029
lungn4366.jpeg,1,960
lungscc1608.jpeg,2,1112
lungn1458.jpeg,1,815
lungn2239.jpeg,1,939
lungaca4222.jpeg,0,740
lungscc4488.jpeg,2,1055
lungn3234.jpeg,1,874
lungaca4573.jpeg,0,647
lungn868.jpeg,1,926
lungaca3013.jpeg,0,596
lungaca4383.jpeg,0,663
lungaca1715.jpeg,0,711
lungn2826.jpeg,1,942
lungscc1799.jpeg,2,1067
lungn4787.jpeg,1,942
lungn2322.jpeg,1,908
lungaca2244.jpeg,0,556
lungn1198.jpeg,1,760
lungaca1412.jpeg,0,684
lungn3141.jpeg,1,774
lungaca3404.jpeg,0,736
lungaca1020.jpeg,0,627
lungscc1964.jpeg,2,1212
lungaca756.jpeg,0,525
lungscc2659.jpeg,2,1201
lungscc2432.jpeg,2,1023
lungn291.jpeg,1,760
lungscc2395.jpeg,2,1155
lungaca3220.jpeg,0,729
lungn4446.jpeg,1,843
lungn1946.jpeg,1,778
lungscc1119.jpeg,2,1146
lungn4424.jpeg,1,802
lungscc4877.jpeg,2,1012
lungn4145.jpeg,1,979
lungaca3745.jpeg,0,601
lungaca4344.jpeg,0,531
lungn1467.jpeg,1,876
lungscc2330.jpeg,2,1009
lungscc1832.jpeg,2,1205
lungaca42.jpeg,0,525
lungscc3266.jpeg,2,1179
lungscc2646.jpeg,2,1120
lungaca3147.jpeg,0,702
lungscc2472.jpeg,2,1098
lungn1819.jpeg,1,825
lungscc3534.jpeg,2,1026
lungaca1531.jpeg,0,621
lungn4283.jpeg,1,845
lungaca2878.jpeg,0,514
lungaca2369.jpeg,0,631
lungaca4908.jpeg,0,528
lungscc787.jpeg,2,1181
lungaca3349.jpeg,0,745
lungn393.jpeg,1,952
lungscc3582.jpeg,2,1195
lungn4609.jpeg,1,912
lungaca2212.jpeg,0,594
lungaca3915.jpeg,0,530
lungaca496.jpeg,0,558
lungaca4267.jpeg,0,735
lungn295.jpeg,1,795
lungn3664.jpeg,1,887
lungscc1705.jpeg,2,1156
lungn2001.jpeg,1,779
lungscc1352.jpeg,2,1099
lungaca1802.jpeg,0,569
lungscc2809.jpeg,2,1119
lungaca514.jpeg,0,511
lungscc436.jpeg,2,1189
lungaca534.jpeg,0,515
lungn3412.jpeg,1,958
lungscc4212.jpeg,2,1144
lungn981.jpeg,1,959
lungscc3516.jpeg,2,1012
lungaca4596.jpeg,0,508
lungaca3330.jpeg,0,748
lungaca2984.jpeg,0,557
lungscc668.jpeg,2,1127
lungscc1310.jpeg,2,1082
lungn3950.jpeg,1,908
lungaca4917.jpeg,0,655
lungscc2923.jpeg,2,1152
lungn3191.jpeg,1,979
lungn4023.jpeg,1,841
lungaca2630.jpeg,0,641
lungn1669.jpeg,1,962
lungscc1581.jpeg,2,1041
lungn2857.jpeg,1,801
lungscc4587.jpeg,2,1139
lungaca4569.jpeg,0,634
lungscc3904.jpeg,2,1088
lungscc4033.jpeg,2,1197
lungn3373.jpeg,1,808
lungaca3165.jpeg,0,513
lungscc3482.jpeg,2,1041
lungscc591.jpeg,2,1012
lungaca1271.jpeg,0,626
lungn95.jpeg,1,922
lungn1761.jpeg,1,886
lungn160.jpeg,1,978
lungn2855.jpeg,1,790
lungaca2228.jpeg,0,524
lungscc221.jpeg,2,1243
lungn2497.jpeg,1,867
lungn1981.jpeg,1,843
lungaca4627.jpeg,0,516
lungaca4499.jpeg,0,690
lungn1874.jpeg,1,856
lungaca2312.jpeg,0,602
lungaca3662.jpeg,0,695
lungn308.jpeg,1,974
lungn269.jpeg,1,820
lungn457.jpeg,1,841
lungn1833.jpeg,1,993
lungaca3015.jpeg,0,569
lungn3871.jpeg,1,801
lungaca1947.jpeg,0,599
lungn3549.jpeg,1,763
lungn680.jpeg,1,944
lungn2510.jpeg,1,786
lungn1974.jpeg,1,797
lungscc163.jpeg,2,1117
lungaca1034.jpeg,0,701
lungn2898.jpeg,1,886
lungscc3156.jpeg,2,1129
lungscc1242.jpeg,2,1028
lungscc3214.jpeg,2,1215
lungscc516.jpeg,2,1170
lungscc1590.jpeg,2,1046
lungaca2346.jpeg,0,516
lungscc2139.jpeg,2,1047
lungaca1607.jpeg,0,592
lungn2010.jpeg,1,754
lungaca1578.jpeg,0,516
lungaca558.jpeg,0,569
lungn4972.jpeg,1,942
lungn4746.jpeg,1,934
lungscc4660.jpeg,2,1096
lungscc946.jpeg,2,1072
lungn4512.jpeg,1,904
lungaca4236.jpeg,0,602
lungaca1756.jpeg,0,624
lungaca599.jpeg,0,735
lungaca2357.jpeg,0,531
lungaca1544.jpeg,0,697
lungaca610.jpeg,0,650
lungscc1861.jpeg,2,1068
lungn2442.jpeg,1,876
lungaca1956.jpeg,0,524
lungscc1459.jpeg,2,1178
lungaca12.jpeg,0,554
lungn3905.jpeg,1,763
lungaca401.jpeg,0,575
lungscc1755.jpeg,2,1160
lungaca1586.jpeg,0,640
lungaca2347.jpeg,0,731
lungscc840.jpeg,2,1196
lungaca3503.jpeg,0,652
lungscc937.jpeg,2,1046
lungn3473.jpeg,1,897
lungaca3581.jpeg,0,518
lungn1858.jpeg,1,832
lungaca1035.jpeg,0,644
lungaca3151.jpeg,0,602
lungn2276.jpeg,1,797
lungaca63.jpeg,0,623
lungaca993.jpeg,0,690
lungscc1457.jpeg,2,1165
lungaca1064.jpeg,0,550
lungscc4195.jpeg,2,1063
lungscc1562.jpeg,2,1062
lungscc3176.jpeg,2,1155
lungaca894.jpeg,0,699
lungn973.jpeg,1,809
lungn49.jpeg,1,916
lungn257.jpeg,1,954
lungscc1675.jpeg,2,1139
lungn4079.jpeg,1,916
lungscc4015.jpeg,2,1172
lungaca1303.jpeg,0,654
lungn2103.jpeg,1,763
lungn4377.jpeg,1,752
lungscc3888.jpeg,2,1064
lungn3688.jpeg,1,956
lungaca2073.jpeg,0,576
lungscc549.jpeg,2,1005
lungaca4401.jpeg,0,652
lungn2101.jpeg,1,943
lungscc359.jpeg,2,1113
lungaca2146.jpeg,0,619
lungaca4362.jpeg,0,671
lungscc2288.jpeg,2,1178
lungaca2053.jpeg,0,530
lungscc4244.jpeg,2,1184
lungscc1691.jpeg,2,1063
lungn281.jpeg,1,988
lungn3884.jpeg,1,854
lungaca2560.jpeg,0,622
lungscc4543.jpeg,2,999
lungscc4002.jpeg,2,1193
lungscc753.jpeg,2,1170
lungn138.jpeg,1,817
lungscc1732.jpeg,2,1191
lungaca1400.jpeg,0,555
lungscc4308.jpeg,2,1216
lungaca470.jpeg,0,517
lungaca3049.jpeg,0,614
lungn1900.jpeg,1,858
lungaca736.jpeg,0,618
lungaca1449.jpeg,0,545
lungscc2681.jpeg,2,1141
lungaca2684.jpeg,0,506
lungaca927.jpeg,0,642
lungn2421.jpeg,1,840
lungscc3885.jpeg,2,1076
lungaca1814.jpeg,0,599
lungaca1846.jpeg,0,629
lungn4559.jpeg,1,919
lungscc3550.jpeg,2,1074
lungaca1707.jpeg,0,571
lungn2158.jpeg,1,935
lungscc4147.jpeg,2,1156
lungn77.jpeg,1,972
lungscc2217.jpeg,2,1193
lungscc2006.jpeg,2,1220
lungn3848.jpeg,1,831
lungn2110.jpeg,1,984
lungaca2947.jpeg,0,679
lungscc3086.jpeg,2,1163
lungn584.jpeg,1,981
lungscc3706.jpeg,2,1199
lungaca4410.jpeg,0,741
lungaca4519.jpeg,0,700
lungaca3474.jpeg,0,510
lungscc4632.jpeg,2,1133
lungn947.jpeg,1,866
lungscc4464.jpeg,2,1064
lungaca2737.jpeg,0,660
lungscc2525.jpeg,2,1172
lungscc3446.jpeg,2,1102
lungaca3333.jpeg,0,729
lungscc4252.jpeg,2,1011
lungscc786.jpeg,2,1126
lungaca1775.jpeg,0,615
lungscc1247.jpeg,2,1232
lungaca2842.jpeg,0,652
lungaca4179.jpeg,0,645
lungn467.jpeg,1,899
lungn901.jpeg,1,761
lungscc1257.jpeg,2,1143
lungn1631.jpeg,1,767
lungn2090.jpeg,1,818
lungn3335.jpeg,1,776
lungn793.jpeg,1,775
lungaca2116.jpeg,0,521
lungscc3847.jpeg,2,1160
lungaca3769.jpeg,0,744
lungn505.jpeg,1,957
lungscc4503.jpeg,2,1205
lungn640.jpeg,1,919
lungn4430.jpeg,1,912
lungn2856.jpeg,1,790
lungscc323.jpeg,2,1138
lungscc1224.jpeg,2,1203
lungaca2091.jpeg,0,609
lungaca1301.jpeg,0,671
lungscc3044.jpeg,2,1143
lungscc875.jpeg,2,1175
lungaca4607.jpeg,0,744
lungaca1632.jpeg,0,529
lungaca4398.jpeg,0,549
lungscc1014.jpeg,2,1164
lungaca3861.jpeg,0,549
lungscc3535.jpeg,2,1026
lungn4985.jpeg,1,782
lungscc3766.jpeg,2,1064
lungscc3714.jpeg,2,1177
lungn3448.jpeg,1,769
lungscc186.jpeg,2,1126
lungn784.jpeg,1,809
lungaca988.jpeg,0,686
lungn365.jpeg,1,956
lungscc4445.jpeg,2,1140
lungscc3887.jpeg,2,1111
lungscc2838.jpeg,2,1045
lungscc2207.jpeg,2,1213
lungn785.jpeg,1,892
lungscc53.jpeg,2,1000
lungn3298.jpeg,1,858
lungscc307.jpeg,2,1165
lungscc702.jpeg,2,1101
lungscc4775.jpeg,2,1043
lungaca2490.jpeg,0,627
lungscc736.jpeg,2,1216
lungn1444.jpeg,1,757
lungscc965.jpeg,2,1086
lungaca1380.jpeg,0,573
lungn80.jpeg,1,811
lungscc969.jpeg,2,1147
lungn2644.jpeg,1,906
lungaca2249.jpeg,0,748
lungscc1563.jpeg,2,1162
lungn373.jpeg,1,972
lungn1739.jpeg,1,752
lungscc3857.jpeg,2,1145
lungscc3933.jpeg,2,1039
lungaca2051.jpeg,0,647
lungscc4805.jpeg,2,1039
lungn3506.jpeg,1,974
lungscc3104.jpeg,2,1207
lungn978.jpeg,1,798
lungaca40.jpeg,0,644
lungscc2618.jpeg,2,1186
lungscc3113.jpeg,2,1080
lungn3515.jpeg,1,799
lungn2750.jpeg,1,878
lungn3881.jpeg,1,799
lungaca4437.jpeg,0,528
lungn3502.jpeg,1,929
lungscc100.jpeg,2,1091
lungaca3482.jpeg,0,532
lungaca162.jpeg,0,701
lungaca4039.jpeg,0,724
lungscc2457.jpeg,2,1068
lungaca1042.jpeg,0,651
lungaca1932.jpeg,0,683
lungn3755.jpeg,1,789
lungaca776.jpeg,0,607
lungn4929.jpeg,1,984
lungaca2057.jpeg,0,652
lungn2634.jpeg,1,861
lungn3720.jpeg,1,833
lungaca4229.jpeg,0,706
lungaca1709.jpeg,0,618
lungscc2044.jpeg,2,1085
lungn2313.jpeg,1,946
lungaca3128.jpeg,0,598
lungn4730.jpeg,1,981
lungn2502.jpeg,1,924
lungscc878.jpeg,2,1134
lungn2701.jpeg,1,848
lungaca3988.jpeg,0,523
lungaca4394.jpeg,0,584
lungscc3692.jpeg,2,1173
lungn1584.jpeg,1,792
lungn2387.jpeg,1,958
lungn3690.jpeg,1,805
lungscc827.jpeg,2,1014
lungaca1937.jpeg,0,581
lungscc1112.jpeg,2,1041
lungscc70.jpeg,2,1115
lungn3409.jpeg,1,993
lungaca4412.jpeg,0,519
lungscc2779.jpeg,2,1239
lungaca4983.jpeg,0,689
lungaca3203.jpeg,0,600
lungaca821.jpeg,0,579
lungn2199.jpeg,1,924
lungn2047.jpeg,1,936
lungn3823.jpeg,1,911
lungscc3586.jpeg,2,1119
lungn4215.jpeg,1,844
lungscc1416.jpeg,2,1033
lungscc2481.jpeg,2,1197
lungn3160.jpeg,1,918
lungn4321.jpeg,1,841
lungscc4131.jpeg,2,1209
lungn4327.jpeg,1,760
lungscc4876.jpeg,2,1100
lungaca3501.jpeg,0,734
lungn3684.jpeg,1,790
lungaca1735.jpeg,0,616
lungscc335.jpeg,2,1014
lungscc2614.jpeg,2,1053
lungaca214.jpeg,0,621
lungscc2028.jpeg,2,1076
lungscc286.jpeg,2,1224
lungaca1760.jpeg,0,539
lungscc4949.jpeg,2,1038
lungaca4106.jpeg,0,746
lungscc1986.jpeg,2,1155
lungscc363.jpeg,2,1194
lungaca174.jpeg,0,745
lungscc615.jpeg,2,1183
lungaca4711.jpeg,0,562
lungaca1208.jpeg,0,655
lungaca221.jpeg,0,745
lungaca2611.jpeg,0,667
lungaca3760.jpeg,0,715
lungn2683.jpeg,1,924
lungscc240.jpeg,2,1079
lungscc4862.jpeg,2,1212
lungaca876.jpeg,0,573
lungscc1294.jpeg,2,1240
lungscc1220.jpeg,2,1183
lungn743.jpeg,1,897
lungn1611.jpeg,1,919
lungscc454.jpeg,2,1033
lungscc3471.jpeg,2,1118
lungaca1714.jpeg,0,746
lungaca4987.jpeg,0,728
lungscc3102.jpeg,2,1100
lungn3764.jpeg,1,817
lungscc4393.jpeg,2,1123
lungscc4724.jpeg,2,1217
lungscc3205.jpeg,2,1168
lungn2640.jpeg,1,833
lungscc495.jpeg,2,1075
lungaca3324.jpeg,0,533
lungaca2893.jpeg,0,515
lungn4029.jpeg,1,838
lungscc3862.jpeg,2,1013
lungaca4026.jpeg,0,512
lungscc4646.jpeg,2,1062
lungaca4964.jpeg,0,580
lungscc1002.jpeg,2,1072
lungaca1061.jpeg,0,724
lungscc1885.jpeg,2,1116
lungn1816.jpeg,1,880
lungscc4675.jpeg,2,1150
lungaca4971.jpeg,0,685
lungaca702.jpeg,0,614
lungn3483.jpeg,1,796
lungscc4502.jpeg,2,1049
lungscc4653.jpeg,2,1222
lungscc4574.jpeg,2,1091
lungscc3765.jpeg,2,1092
lungaca3110.jpeg,0,638
lungscc3233.jpeg,2,1086
lungn1426.jpeg,1,862
lungn2384.jpeg,1,753
lungaca4927.jpeg,0,743
lungaca1540.jpeg,0,730
lungaca261.jpeg,0,684
lungn1219.jpeg,1,946
lungscc1439.jpeg,2,1083
lungn475.jpeg,1,839
lungscc298.jpeg,2,1199
lungaca853.jpeg,0,553
lungaca3254.jpeg,0,540
lungaca2922.jpeg,0,591
lungscc2210.jpeg,2,1091
lungscc1445.jpeg,2,1080
lungscc3982.jpeg,2,1123
lungscc4971.jpeg,2,1232
lungscc2836.jpeg,2,1187
lungaca147.jpeg,0,723
lungaca4921.jpeg,0,606
lungscc3084.jpeg,2,1044
lungn2194.jpeg,1,852
lungn2343.jpeg,1,953
lungn892.jpeg,1,893
lungscc1802.jpeg,2,1126
lungn1968.jpeg,1,922
lungscc3664.jpeg,2,1115
lungn456.jpeg,1,916
lungn4146.jpeg,1,953
lungn3887.jpeg,1,876
lungaca2728.jpeg,0,624
lungaca2071.jpeg,0,635
lungn3915.jpeg,1,923
lungaca695.jpeg,0,587
lungscc2785.jpeg,2,1072
lungaca1668.jpeg,0,619
lungaca330.jpeg,0,625
lungn4426.jpeg,1,883
lungscc3865.jpeg,2,1140
lungn3676.jpeg,1,949
lungaca3371.jpeg,0,699
lungscc1080.jpeg,2,1193
lungaca4145.jpeg,0,687
lungscc991.jpeg,2,1166
lungscc695.jpeg,2,1050
lungn1214.jpeg,1,991
lungn4541.jpeg,1,982
lungscc1878.jpeg,2,1107
lungn1325.jpeg,1,880
lungaca4218.jpeg,0,739
lungn1677.jpeg,1,857
lungn757.jpeg,1,866
lungn1248.jpeg,1,831
lungn3382.jpeg,1,968
lungscc315.jpeg,2,1098
lungscc59.jpeg,2,1026
lungscc4197.jpeg,2,1201
lungn2493.jpeg,1,895
lungaca3276.jpeg,0,593
lungaca3043.jpeg,0,625
lungaca469.jpeg,0,672
lungscc2187.jpeg,2,1192
lungaca2149.jpeg,0,522
lungaca4212.jpeg,0,521
lungn2045.jpeg,1,764
lungscc444.jpeg,2,1145
lungaca3267.jpeg,0,537
lungscc2707.jpeg,2,1057
lungaca963.jpeg,0,618
lungaca156.jpeg,0,587
lungscc2510.jpeg,2,1079
lungscc4018.jpeg,2,1194
lungaca3535.jpeg,0,745
lungscc1797.jpeg,2,1068
lungaca441.jpeg,0,737
lungn2383.jpeg,1,940
lungscc3133.jpeg,2,1142
lungscc4708.jpeg,2,1103
lungscc382.jpeg,2,1045
lungn2441.jpeg,1,959
lungn276.jpeg,1,981
lungscc1001.jpeg,2,1205
lungscc1510.jpeg,2,1180
lungn1107.jpeg,1,749
lungaca1237.jpeg,0,673
lungscc3366.jpeg,2,1008
lungn592.jpeg,1,794
lungscc2402.jpeg,2,1115
lungaca3490.jpeg,0,633
lungn3525.jpeg,1,842
lungaca1865.jpeg,0,600
lungaca3590.jpeg,0,681
lungn1250.jpeg,1,797
lungaca1546.jpeg,0,525
lungn955.jpeg,1,757
lungn4597.jpeg,1,944
lungn635.jpeg,1,800
lungscc2757.jpeg,2,1080
lungaca628.jpeg,0,711
lungscc807.jpeg,2,1145
lungscc3775.jpeg,2,1196
lungscc3969.jpeg,2,1036
lungaca173.jpeg,0,747
lungn187.jpeg,1,789
lungscc4405.jpeg,2,1092
lungn243.jpeg,1,966
lungaca1584.jpeg,0,652
lungn590.jpeg,1,828
lungn3724.jpeg,1,978
lungaca2362.jpeg,0,737
lungn1113.jpeg,1,897
lungscc207.jpeg,2,1245
lungscc2175.jpeg,2,1201
lungn185.jpeg,1,882
lungaca2690.jpeg,0,697
lungscc2791.jpeg,2,1176
lungn525.jpeg,1,841
lungscc1345.jpeg,2,1203
lungaca4084.jpeg,0,585
lungaca2706.jpeg,0,594
lungaca3469.jpeg,0,682
lungscc3809.jpeg,2,1023
lungn4797.jpeg,1,988
lungscc4040.jpeg,2,1179
lungaca1328.jpeg,0,733
lungaca1397.jpeg,0,563
lungn389.jpeg,1,964
lungn2797.jpeg,1,788
lungn3494.jpeg,1,853
lungscc1187.jpeg,2,1230
lungaca817.jpeg,0,514
lungscc2549.jpeg,2,1231
lungn322.jpeg,1,913
lungaca1637.jpeg,0,539
lungscc3114.jpeg,2,1000
lungn2009.jpeg,1,781
lungaca541.jpeg,0,732
lungn2398.jpeg,1,836
lungaca1028.jpeg,0,508
lungscc1205.jpeg,2,1191
lungn372.jpeg,1,778
lungn3209.jpeg,1,846
lungscc4757.jpeg,2,1065
lungaca154.jpeg,0,622
lungn1206.jpeg,1,812
lungscc4922.jpeg,2,1073
lungscc190.jpeg,2,1005
lungscc4942.jpeg,2,1162
lungaca3783.jpeg,0,573
lungn4087.jpeg,1,855
lungscc680.jpeg,2,1166
lungn3874.jpeg,1,781
lungn1246.jpeg,1,841
lungaca3409.jpeg,0,548
lungn2357.jpeg,1,779
lungaca4320.jpeg,0,695
lungscc756.jpeg,2,1221
lungn412.jpeg,1,923
lungscc657.jpeg,2,1223
lungscc3413.jpeg,2,1035
lungn2851.jpeg,1,777
lungn991.jpeg,1,813
lungn576.jpeg,1,912
lungn3542.jpeg,1,875
lungscc1173.jpeg,2,1066
lungscc1769.jpeg,2,1050
lungscc3273.jpeg,2,1018
lungscc697.jpeg,2,1019
lungn3136.jpeg,1,838
lungn4089.jpeg,1,923
lungaca1881.jpeg,0,618
lungaca2398.jpeg,0,629
lungaca2564.jpeg,0,654
lungscc2977.jpeg,2,1112
lungaca4319.jpeg,0,695
lungaca4313.jpeg,0,656
lungn4580.jpeg,1,801
lungscc432.jpeg,2,1183
lungaca4150.jpeg,0,666
lungaca4968.jpeg,0,547
lungaca1698.jpeg,0,545
lungscc3134.jpeg,2,1075
lungn2370.jpeg,1,789
lungn4780.jpeg,1,810
lungscc1894.jpeg,2,1197
lungaca699.jpeg,0,597
lungn735.jpeg,1,957
lungaca4991.jpeg,0,533
lungscc2606.jpeg,2,1033
lungscc4495.jpeg,2,1156
lungaca317.jpeg,0,588
lungn4756.jpeg,1,812
lungaca1977.jpeg,0,687
lungn3058.jpeg,1,823
lungn2403.jpeg,1,831
lungn1908.jpeg,1,797
lungscc3485.jpeg,2,1211
lungscc300.jpeg,2,1062
lungn2547.jpeg,1,847
lungaca3154.jpeg,0,506
lungscc105.jpeg,2,1219
lungscc3116.jpeg,2,1067
lungn4554.jpeg,1,900
lungscc705.jpeg,2,1014
lungaca2161.jpeg,0,565
lungaca4495.jpeg,0,560
lungscc4418.jpeg,2,1153
lungn1767.jpeg,1,846
lungaca1407.jpeg,0,617
lungscc2900.jpeg,2,1049
lungscc97.jpeg,2,1018
lungscc1825.jpeg,2,1001
lungscc3787.jpeg,2,1030
lungaca2547.jpeg,0,617
lungn2871.jpeg,1,871
lungaca2203.jpeg,0,534
lungscc370.jpeg,2,1058
lungn736.jpeg,1,775
lungaca531.jpeg,0,656
lungscc635.jpeg,2,1231
lungscc336.jpeg,2,1093
lungaca4792.jpeg,0,658
lungn3970.jpeg,1,841
lungn1672.jpeg,1,931
lungn3432.jpeg,1,857
lungscc1175.jpeg,2,1166
lungscc3966.jpeg,2,1198
lungn1336.jpeg,1,854
lungn984.jpeg,1,791
lungn1576.jpeg,1,847
lungaca1985.jpeg,0,679
lungaca384.jpeg,0,523
lungaca3486.jpeg,0,678
lungscc1949.jpeg,2,1116
lungn1109.jpeg,1,802
lungaca999.jpeg,0,719
lungscc4060.jpeg,2,1068
lungscc4436.jpeg,2,1040
lungaca4048.jpeg,0,601
lungaca4821.jpeg,0,669
lungaca1310.jpeg,0,642
lungscc2163.jpeg,2,1118
lungn2327.jpeg,1,928
lungn3337.jpeg,1,854
lungaca1835.jpeg,0,722
lungaca839.jpeg,0,524
lungn3487.jpeg,1,866
lungscc456.jpeg,2,1168
lungn2955.jpeg,1,803
lungn4998.jpeg,1,749
lungaca2078.jpeg,0,639
lungn2783.jpeg,1,949
lungscc3673.jpeg,2,1040
lungaca2047.jpeg,0,632
lungaca1231.jpeg,0,706
lungaca1538.jpeg,0,575
lungaca132.jpeg,0,558
lungn2724.jpeg,1,812
lungaca2235.jpeg,0,652
lungn570.jpeg,1,982
lungscc1598.jpeg,2,1163
lungscc869.jpeg,2,1029
lungscc66.jpeg,2,1030
lungaca1727.jpeg,0,611
lungscc4879.jpeg,2,1122
lungaca4899.jpeg,0,644
lungn3009.jpeg,1,881
lungn3195.jpeg,1,784
lungscc4096.jpeg,2,1220
lungscc2724.jpeg,2,1088
lungn3495.jpeg,1,936
lungscc4204.jpeg,2,1107
lungn483.jpeg,1,804
lungaca585.jpeg,0,561
lungaca1010.jpeg,0,669
lungaca1648.jpeg,0,627
lungn3892.jpeg,1,928
lungn2716.jpeg,1,889
lungn2107.jpeg,1,931
lungaca2532.jpeg,0,646
lungn1040.jpeg,1,971
lungscc17.jpeg,2,1067
lungaca2926.jpeg,0,536
lungscc2951.jpeg,2,1098
lungscc2892.jpeg,2,1107
lungaca3749.jpeg,0,667
lungn502.jpeg,1,871
lungscc1046.jpeg,2,1110
lungscc2657.jpeg,2,1058
lungscc3206.jpeg,2,1013
lungaca1027.jpeg,0,723
lungscc2460.jpeg,2,1078
lungaca2434.jpeg,0,696
lungaca4868.jpeg,0,647
lungn3043.jpeg,1,897
lungn1586.jpeg,1,754
lungn4685.jpeg,1,774
lungn4944.jpeg,1,880
lungaca4877.jpeg,0,576
lungscc721.jpeg,2,1124
lungaca1541.jpeg,0,730
lungscc2168.jpeg,2,1070
lungn285.jpeg,1,797
lungscc4824.jpeg,2,1172
lungscc2984.jpeg,2,1191
lungn2378.jpeg,1,762
lungaca4125.jpeg,0,612
lungn832.jpeg,1,839
lungscc4256.jpeg,2,1115
lungn2133.jpeg,1,811
lungn3356.jpeg,1,983
lungscc1659.jpeg,2,1179
lungscc424.jpeg,2,1135
lungscc4148.jpeg,2,1145
lungscc1483.jpeg,2,1235
lungaca1831.jpeg,0,508
lungscc2303.jpeg,2,1144
lungn3721.jpeg,1,943
lungaca2803.jpeg,0,704
lungscc1241.jpeg,2,1170
lungscc4478.jpeg,2,1184
lungscc1081.jpeg,2,1143
lungaca1583.jpeg,0,652
lungn673.jpeg,1,932
lungscc3590.jpeg,2,1009
lungscc4619.jpeg,2,1231
lungscc3465.jpeg,2,1078
lungaca2298.jpeg,0,624
lungn2422.jpeg,1,812
lungscc2015.jpeg,2,1138
lungaca942.jpeg,0,666
lungn3072.jpeg,1,774
lungaca3466.jpeg,0,557
lungscc1736.jpeg,2,1035
lungaca105.jpeg,0,674
lungn3020.jpeg,1,816
lungaca3485.jpeg,0,685
lungscc3740.jpeg,2,1231
lungaca3152.jpeg,0,506
lungn4460.jpeg,1,758
lungaca2187.jpeg,0,673
lungn4917.jpeg,1,927
lungn4281.jpeg,1,974
lungscc43.jpeg,2,1148
lungn3474.jpeg,1,958
lungn4065.jpeg,1,864
lungn3568.jpeg,1,886
lungn742.jpeg,1,849
lungscc3882.jpeg,2,1061
lungscc4322.jpeg,2,1056
lungaca663.jpeg,0,709
lungaca4656.jpeg,0,659
lungaca2744.jpeg,0,592
lungn1251.jpeg,1,783
lungaca1318.jpeg,0,687
lungn671.jpeg,1,829
lungscc2.jpeg,2,1116
lungaca3531.jpeg,0,665
lungscc2905.jpeg,2,1230
lungscc2636.jpeg,2,1000
lungaca657.jpeg,0,566
lungn2021.jpeg,1,824
lungn3585.jpeg,1,879
lungaca2239.jpeg,0,555
lungscc1586.jpeg,2,1098
lungn523.jpeg,1,933
lungscc556.jpeg,2,1056
lungn265.jpeg,1,977
lungscc252.jpeg,2,1015
lungn1197.jpeg,1,794
lungaca1562.jpeg,0,551
lungaca1254.jpeg,0,611
lungn4364.jpeg,1,787
lungaca4625.jpeg,0,512
lungscc894.jpeg,2,1143
lungn2373.jpeg,1,809
lungscc4172.jpeg,2,1090
lungn1699.jpeg,1,805
lungaca2385.jpeg,0,513
lungscc3751.jpeg,2,1016
lungscc1149.jpeg,2,1139
lungn3434.jpeg,1,784
lungn4241.jpeg,1,951
lungscc2988.jpeg,2,1079
lungaca489.jpeg,0,643
lungn4012.jpeg,1,800
lungaca4426.jpeg,0,619
lungscc2557.jpeg,2,1125
lungscc1596.jpeg,2,1170
lungscc2821.jpeg,2,1113
lungaca4306.jpeg,0,668
lungaca2729.jpeg,0,530
lungaca2891.jpeg,0,634
lungaca1622.jpeg,0,692
lungscc2323.jpeg,2,1185
lungn392.jpeg,1,861
lungaca1866.jpeg,0,707
lungn3878.jpeg,1,765
lungn2033.jpeg,1,906
lungn1007.jpeg,1,931
lungscc2060.jpeg,2,1187
lungn1223.jpeg,1,885
lungscc2134.jpeg,2,1048
lungscc1720.jpeg,2,1101
lungscc1742.jpeg,2,1026
lungn130.jpeg,1,798
lungscc851.jpeg,2,1097
lungaca4433.jpeg,0,580
lungscc1138.jpeg,2,1235
lungn240.jpeg,1,765
lungscc1461.jpeg,2,1058
lungscc3735.jpeg,2,1208
lungn1657.jpeg,1,793
lungaca1841.jpeg,0,644
lungaca4311.jpeg,0,594
lungaca1436.jpeg,0,560
lungn1476.jpeg,1,897
lungn143.jpeg,1,849
lungn2666.jpeg,1,956
lungaca2933.jpeg,0,528
lungaca172.jpeg,0,611
lungn4343.jpeg,1,867
lungn820.jpeg,1,916
lungscc3288.jpeg,2,1147
lungaca4140.jpeg,0,544
lungn3772.jpeg,1,980
lungaca2152.jpeg,0,628
lungn1177.jpeg,1,926
lungaca2953.jpeg,0,670
lungscc115.jpeg,2,1097
lungaca3596.jpeg,0,554
lungscc293.jpeg,2,1122
lungscc4933.jpeg,2,1089
lungaca3348.jpeg,0,611
lungscc4328.jpeg,2,1045
lungscc613.jpeg,2,1118
lungn1317.jpeg,1,808
lungaca3103.jpeg,0,510
lungn2595.jpeg,1,751
lungscc1977.jpeg,2,1100
lungn450.jpeg,1,800
lungscc2296.jpeg,2,1187
lungaca89.jpeg,0,593
lungaca676.jpeg,0,576
lungaca240.jpeg,0,535
lungscc2756.jpeg,2,1131
lungaca3153.jpeg,0,506
lungaca4721.jpeg,0,575
lungn3186.jpeg,1,768
lungn3241.jpeg,1,947
lungscc4356.jpeg,2,1122
lungscc3779.jpeg,2,1153
lungscc1963.jpeg,2,1123
lungn1913.jpeg,1,851
lungscc4663.jpeg,2,1110
lungn1183.jpeg,1,900
lungn2354.jpeg,1,850
lungn435.jpeg,1,809
lungscc103.jpeg,2,1039
lungscc2530.jpeg,2,1075
lungscc4213.jpeg,2,1197
lungn4839.jpeg,1,908
lungn3933.jpeg,1,754
lungaca3312.jpeg,0,714
lungn3872.jpeg,1,882
lungn3746.jpeg,1,777
lungaca3385.jpeg,0,746
lungscc3235.jpeg,2,1065
lungscc4588.jpeg,2,1131
lungn364.jpeg,1,790
lungn2055.jpeg,1,844
lungscc3160.jpeg,2,1215
lungscc338.jpeg,2,1090
lungscc741.jpeg,2,1063
lungn4897.jpeg,1,902
lungn953.jpeg,1,764
lungn4899.jpeg,1,957
lungn3811.jpeg,1,880
lungscc4414.jpeg,2,1135
lungaca4997.jpeg,0,575
lungscc2408.jpeg,2,1189
lungn2662.jpeg,1,839
lungn4255.jpeg,1,988
lungscc4624.jpeg,2,1024
lungn3080.jpeg,1,992
lungn935.jpeg,1,820
lungaca2761.jpeg,0,735
lungn749.jpeg,1,766
lungscc4296.jpeg,2,1121
lungn1840.jpeg,1,877
lungscc1979.jpeg,2,1147
lungn1428.jpeg,1,927
lungaca3774.jpeg,0,559
lungscc2857.jpeg,2,1193
lungscc698.jpeg,2,1020
lungaca2001.jpeg,0,558
lungscc2010.jpeg,2,1205
lungn4000.jpeg,1,773
lungn3478.jpeg,1,875
lungaca311.jpeg,0,707
lungaca2354.jpeg,0,571
lungn1751.jpeg,1,751
lungn600.jpeg,1,893
lungn4111.jpeg,1,807
lungscc3934.jpeg,2,1076
lungaca4794.jpeg,0,544
lungaca2879.jpeg,0,554
lungn3338.jpeg,1,944
lungaca1717.jpeg,0,562
lungn1524.jpeg,1,867
lungn3344.jpeg,1,819
lungscc570.jpeg,2,1141
lungn2299.jpeg,1,839
lungscc24.jpeg,2,1099
lungn3680.jpeg,1,767
lungn4279.jpeg,1,761
lungscc1559.jpeg,2,1229
lungn2017.jpeg,1,810
lungaca3141.jpeg,0,676
lungn1432.jpeg,1,906
lungn3427.jpeg,1,831
lungscc2216.jpeg,2,1159
lungaca1649.jpeg,0,627
lungn4250.jpeg,1,912
lungaca2290.jpeg,0,524
lungn4117.jpeg,1,810
lungaca3681.jpeg,0,558
lungscc1824.jpeg,2,1105
lungaca4158.jpeg,0,720
lungscc3090.jpeg,2,1020
lungaca3024.jpeg,0,543
lungn275.jpeg,1,833
lungaca506.jpeg,0,702
lungscc767.jpeg,2,1152
lungscc4796.jpeg,2,1114
lungaca3375.jpeg,0,571
lungn1430.jpeg,1,768
lungscc785.jpeg,2,1184
lungscc958.jpeg,2,1073
lungaca3780.jpeg,0,547
lungscc427.jpeg,2,1184
lungaca915.jpeg,0,506
lungn842.jpeg,1,925
lungn4349.jpeg,1,946
lungn2454.jpeg,1,800
lungscc38.jpeg,2,1168
lungscc1417.jpeg,2,1214
lungn1233.jpeg,1,787
lungscc1867.jpeg,2,1033
lungn4451.jpeg,1,784
lungscc2475.jpeg,2,1166
lungscc383.jpeg,2,1006
lungscc2612.jpeg,2,1231
lungscc3002.jpeg,2,1126
lungscc2094.jpeg,2,1237
lungaca160.jpeg,0,612
lungscc659.jpeg,2,1065
lungscc2332.jpeg,2,1069
lungscc3380.jpeg,2,1211
lungn4576.jpeg,1,839
lungscc3119.jpeg,2,1155
lungscc3947.jpeg,2,1109
lungaca1525.jpeg,0,556
lungaca1259.jpeg,0,718
lungaca4014.jpeg,0,514
lungscc1951.jpeg,2,1006
lungaca1266.jpeg,0,692
lungn2043.jpeg,1,828
lungscc2317.jpeg,2,1037
lungaca195.jpeg,0,683
lungaca4310.jpeg,0,710
lungscc3454.jpeg,2,1076
lungaca1736.jpeg,0,551
lungscc4246.jpeg,2,1181
lungn3860.jpeg,1,893
lungaca1952.jpeg,0,667
lungaca484.jpeg,0,626
lungaca1166.jpeg,0,700
lungn386.jpeg,1,928
lungaca4389.jpeg,0,708
lungn2973.jpeg,1,852
lungscc1735.jpeg,2,1119
lungn4456.jpeg,1,757
lungn1276.jpeg,1,946
lungscc3346.jpeg,2,1032
lungn1777.jpeg,1,749
lungaca3669.jpeg,0,720
lungaca4713.jpeg,0,723
lungaca4770.jpeg,0,635
lungn3378.jpeg,1,904
lungaca1060.jpeg,0,598
lungscc2522.jpeg,2,1005
lungaca1286.jpeg,0,617
lungn4577.jpeg,1,968
lungscc1842.jpeg,2,1101
lungn3967.jpeg,1,933
lungn3060.jpeg,1,851
lungn839.jpeg,1,801
lungn4244.jpeg,1,810
lungaca3842.jpeg,0,713
lungscc3769.jpeg,2,1017
lungn4882.jpeg,1,930
lungn3035.jpeg,1,807
lungscc563.jpeg,2,1132
lungaca2441.jpeg,0,509
lungn4803.jpeg,1,857
lungaca767.jpeg,0,560
lungn2574.jpeg,1,942
lungscc3064.jpeg,2,1167
lungscc4642.jpeg,2,1229
lungaca4528.jpeg,0,533
lungn136.jpeg,1,957
lungscc3839.jpeg,2,1103
lungscc572.jpeg,2,1215
lungaca1693.jpeg,0,735
lungn1557.jpeg,1,759
lungn2467.jpeg,1,881
lungn2835.jpeg,1,832
lungaca370.jpeg,0,540
lungn2540.jpeg,1,840
lungn2582.jpeg,1,768
lungn3189.jpeg,1,832
lungn454.jpeg,1,821
lungaca4121.jpeg,0,572
lungaca3467.jpeg,0,730
lungscc403.jpeg,2,1173
lungaca2697.jpeg,0,561
lungn4514.jpeg,1,872
lungn4361.jpeg,1,964
lungscc3050.jpeg,2,1017
lungaca4232.jpeg,0,662
lungn4733.jpeg,1,836
lungscc2827.jpeg,2,1055
lungaca1131.jpeg,0,612
lungaca474.jpeg,0,586
lungn3268.jpeg,1,895
lungscc2886.jpeg,2,1063
lungscc447.jpeg,2,1045
lungn1867.jpeg,1,949
lungaca2858.jpeg,0,621
lungaca3707.jpeg,0,674
lungaca1669.jpeg,0,570
lungn161.jpeg,1,836
lungscc4258.jpeg,2,1041
lungscc2532.jpeg,2,1095
lungscc508.jpeg,2,1099
lungn116.jpeg,1,827
lungn299.jpeg,1,782
lungaca3935.jpeg,0,711
lungn2005.jpeg,1,846
lungn4601.jpeg,1,883
lungscc244.jpeg,2,1135
lungn3691.jpeg,1,894
lungscc648.jpeg,2,1018
lungaca1806.jpeg,0,699
lungscc3243.jpeg,2,1127
lungscc1453.jpeg,2,1200
lungscc2573.jpeg,2,1131
lungn4636.jpeg,1,949
lungscc1199.jpeg,2,1137
lungaca3708.jpeg,0,611
lungscc2598.jpeg,2,1145
lungscc4819.jpeg,2,1062
lungn2025.jpeg,1,797
lungscc1201.jpeg,2,1024
lungscc2913.jpeg,2,1023
lungaca307.jpeg,0,646
lungaca2217.jpeg,0,708
lungn867.jpeg,1,824
lungscc856.jpeg,2,1136
lungn2178.jpeg,1,963
lungaca1719.jpeg,0,729
lungaca1136.jpeg,0,668
lungaca3446.jpeg,0,531
lungaca3167.jpeg,0,665
lungn1160.jpeg,1,791
lungscc3295.jpeg,2,1182
lungscc4157.jpeg,2,1044
lungscc1672.jpeg,2,1218
lungscc3622.jpeg,2,1168
lungaca4003.jpeg,0,518
lungaca4600.jpeg,0,612
lungaca4419.jpeg,0,509
lungn520.jpeg,1,935
lungaca2067.jpeg,0,624
lungaca4907.jpeg,0,686
lungaca4812.jpeg,0,720
lungn910.jpeg,1,852
lungscc1348.jpeg,2,1043
lungaca3343.jpeg,0,513
lungaca4734.jpeg,0,672
lungaca187.jpeg,0,545
lungscc1654.jpeg,2,1044
lungaca548.jpeg,0,669
lungscc317.jpeg,2,1099
lungaca2795.jpeg,0,702
lungaca3405.jpeg,0,736
lungaca4485.jpeg,0,570
lungn836.jpeg,1,968
lungn866.jpeg,1,920
lungscc1088.jpeg,2,1121
lungaca1989.jpeg,0,623
lungn4500.jpeg,1,873
lungaca1918.jpeg,0,589
lungaca4670.jpeg,0,559
lungscc1347.jpeg,2,1015
lungaca3296.jpeg,0,690
lungscc2456.jpeg,2,1124
lungscc1236.jpeg,2,1233
lungn2084.jpeg,1,750
lungaca714.jpeg,0,693
lungaca4925.jpeg,0,694
lungscc4175.jpeg,2,1039
lungscc3991.jpeg,2,1104
lungaca789.jpeg,0,635
lungaca2236.jpeg,0,563
lungaca4167.jpeg,0,531
lungaca4839.jpeg,0,572
lungn118.jpeg,1,777
lungscc1829.jpeg,2,1233
lungaca730.jpeg,0,571
lungscc4834.jpeg,2,1189
lungn1171.jpeg,1,813
lungaca1571.jpeg,0,606
lungscc250.jpeg,2,1157
lungaca2982.jpeg,0,715
lungscc4360.jpeg,2,1000
lungaca4300.jpeg,0,608
lungscc104.jpeg,2,1064
lungaca4941.jpeg,0,533
lungn2491.jpeg,1,856
lungaca2955.jpeg,0,714
lungn2580.jpeg,1,768
lungn2658.jpeg,1,758
lungn2187.jpeg,1,925
lungn3202.jpeg,1,872
lungn113.jpeg,1,806
lungscc4378.jpeg,2,1150
lungscc2877.jpeg,2,1026
lungn4144.jpeg,1,832
lungaca2358.jpeg,0,569
lungn2241.jpeg,1,863
lungn2141.jpeg,1,879
lungaca995.jpeg,0,551
lungscc3639.jpeg,2,1076
lungaca3640.jpeg,0,572
lungscc1487.jpeg,2,1092
lungscc2029.jpeg,2,1143
lungaca2257.jpeg,0,649
lungscc2345.jpeg,2,1216
lungscc1452.jpeg,2,1127
lungaca2457.jpeg,0,528
lungaca2900.jpeg,0,670
lungn4198.jpeg,1,823
lungaca3401.jpeg,0,513
lungn4583.jpeg,1,829
lungn1732.jpeg,1,919
lungaca107.jpeg,0,745
lungscc1988.jpeg,2,1151
lungn4339.jpeg,1,822
lungn1638.jpeg,1,781
lungaca3495.jpeg,0,590
lungscc2561.jpeg,2,1224
lungscc3483.jpeg,2,1096
lungaca378.jpeg,0,563
lungn1825.jpeg,1,971
lungn4564.jpeg,1,828
lungn184.jpeg,1,945
lungscc3530.jpeg,2,1067
lungn179.jpeg,1,956
lungaca2289.jpeg,0,530
lungaca2345.jpeg,0,623
lungscc1496.jpeg,2,1124
lungscc1443.jpeg,2,1025
lungn4572.jpeg,1,934
lungscc2621.jpeg,2,1152
lungscc2805.jpeg,2,1238
lungn3.jpeg,1,927
lungaca3518.jpeg,0,676
lungn2790.jpeg,1,930
lungn4807.jpeg,1,757
lungaca709.jpeg,0,585
lungaca1843.jpeg,0,641
lungaca1350.jpeg,0,660
lungaca1700.jpeg,0,694
lungn1103.jpeg,1,809
lungscc2896.jpeg,2,1046
lungn4050.jpeg,1,972
lungn4911.jpeg,1,983
lungscc1778.jpeg,2,1188
lungscc464.jpeg,2,1125
lungn1051.jpeg,1,793
lungn1094.jpeg,1,992
lungaca612.jpeg,0,652
lungscc992.jpeg,2,1245
lungaca393.jpeg,0,553
lungaca3905.jpeg,0,693
lungn4118.jpeg,1,849
lungaca217.jpeg,0,716
lungn3741.jpeg,1,782
lungscc2238.jpeg,2,1203
lungaca4396.jpeg,0,606
lungscc4604.jpeg,2,1095
lungscc1812.jpeg,2,1136
lungscc2642.jpeg,2,1162
lungn4841.jpeg,1,908
lungaca3310.jpeg,0,524
lungaca3893.jpeg,0,559
lungscc1258.jpeg,2,1092
lungscc3656.jpeg,2,1103
lungn3656.jpeg,1,900
lungn562.jpeg,1,944
lungaca2153.jpeg,0,559
lungaca1771.jpeg,0,602
lungaca2723.jpeg,0,699
lungscc1933.jpeg,2,1177
lungn2201.jpeg,1,912
lungscc3412.jpeg,2,1131
lungn2518.jpeg,1,766
lungn3255.jpeg,1,985
lungaca1200.jpeg,0,554
lungaca1652.jpeg,0,673
lungaca1927.jpeg,0,521
lungscc2862.jpeg,2,1207
lungaca1154.jpeg,0,512
lungscc2503.jpeg,2,1238
lungaca1808.jpeg,0,700
lungscc55.jpeg,2,1135
lungn1689.jpeg,1,934
lungscc2730.jpeg,2,1036
lungn1694.jpeg,1,865
lungaca3473.jpeg,0,536
lungn961.jpeg,1,992
lungaca1017.jpeg,0,568
lungaca2570.jpeg,0,665
lungn2636.jpeg,1,874
lungscc3045.jpeg,2,1191
lungaca719.jpeg,0,566
lungaca2015.jpeg,0,746
lungn4957.jpeg,1,950
lungscc2826.jpeg,2,1063
lungscc4563.jpeg,2,1114
lungaca4450.jpeg,0,578
lungn1787.jpeg,1,800
lungn3640.jpeg,1,809
lungscc3701.jpeg,2,1196
lungscc1640.jpeg,2,1036
lungscc3531.jpeg,2,1228
lungscc1297.jpeg,2,1052
lungscc1533.jpeg,2,1176
lungaca115.jpeg,0,685
lungaca4420.jpeg,0,593
lungaca3263.jpeg,0,542
lungn1918.jpeg,1,857
lungn1212.jpeg,1,846
lungscc2637.jpeg,2,1000
lungscc2932.jpeg,2,1147
lungaca1142.jpeg,0,616
lungscc4044.jpeg,2,1114
lungscc4716.jpeg,2,1058
lungn3555.jpeg,1,783
lungscc1936.jpeg,2,1169
lungn1311.jpeg,1,760
lungn3262.jpeg,1,777
lungaca3148.jpeg,0,667
lungn2704.jpeg,1,837
lungn2500.jpeg,1,876
lungaca194.jpeg,0,598
lungaca2928.jpeg,0,744
lungscc4312.jpeg,2,1136
lungn3465.jpeg,1,951
lungn4614.jpeg,1,919
lungn2628.jpeg,1,957
lungscc3492.jpeg,2,1045
lungn4598.jpeg,1,971
lungscc1395.jpeg,2,1157
lungaca1909.jpeg,0,686
lungaca1467.jpeg,0,599
lungaca2421.jpeg,0,739
lungn3491.jpeg,1,891
lungaca4780.jpeg,0,704
lungscc1626.jpeg,2,1161
lungaca4960.jpeg,0,668
lungscc2619.jpeg,2,1186
lungn2198.jpeg,1,918
lungaca1194.jpeg,0,686
lungaca4751.jpeg,0,596
lungaca4041.jpeg,0,680
lungscc4889.jpeg,2,1194
lungscc3315.jpeg,2,1142
lungaca3176.jpeg,0,528
lungscc241.jpeg,2,1147
lungn1684.jpeg,1,751
lungaca3047.jpeg,0,654
lungscc3509.jpeg,2,1130
lungaca2618.jpeg,0,748
lungscc4960.jpeg,2,1187
lungaca3826.jpeg,0,654
lungn4268.jpeg,1,755
lungaca2016.jpeg,0,660
lungn4621.jpeg,1,832
lungn1398.jpeg,1,845
lungaca2641.jpeg,0,507
lungscc4336.jpeg,2,1158
lungaca1807.jpeg,0,539
lungaca2892.jpeg,0,634
lungaca3972.jpeg,0,545
lungscc2422.jpeg,2,1175
lungn4370.jpeg,1,800
lungn3819.jpeg,1,789
lungaca4245.jpeg,0,697
lungscc805.jpeg,2,1098
lungn974.jpeg,1,869
lungn4082.jpeg,1,906
lungn3895.jpeg,1,948
lungaca604.jpeg,0,590
lungaca1994.jpeg,0,600
lungaca4168.jpeg,0,689
lungaca262.jpeg,0,684
lungn4227.jpeg,1,780
lungaca877.jpeg,0,695
lungaca4631.jpeg,0,600
lungn35.jpeg,1,786
lungaca4853.jpeg,0,554
lungscc820.jpeg,2,1013
lungaca2251.jpeg,0,661
lungscc2098.jpeg,2,1067
lungn3124.jpeg,1,823
lungaca3898.jpeg,0,551
lungn4159.jpeg,1,806
lungaca2173.jpeg,0,527
lungscc3957.jpeg,2,1070
lungn4593.jpeg,1,765
lungscc2799.jpeg,2,1137
lungscc4836.jpeg,2,1201
lungn1118.jpeg,1,920
lungscc3927.jpeg,2,1186
lungscc2541.jpeg,2,1146
lungn1789.jpeg,1,912
lungn2050.jpeg,1,774
lungaca4728.jpeg,0,744
lungn813.jpeg,1,771
lungscc4233.jpeg,2,1164
lungaca3124.jpeg,0,578
lungaca2101.jpeg,0,541
lungn380.jpeg,1,749
lungn1894.jpeg,1,773
lungaca2118.jpeg,0,683
lungn4486.jpeg,1,861
lungaca947.jpeg,0,742
lungaca523.jpeg,0,510
lungscc4835.jpeg,2,1201
lungn177.jpeg,1,761
lungscc1364.jpeg,2,1106
lungn550.jpeg,1,859
lungaca1305.jpeg,0,644
lungscc4007.jpeg,2,1069
lungscc4137.jpeg,2,1167
lungscc4799.jpeg,2,1243
lungaca1168.jpeg,0,542
lungscc3953.jpeg,2,1002
lungscc4762.jpeg,2,1181
lungaca1788.jpeg,0,544
lungscc1522.jpeg,2,1197
lungscc2538.jpeg,2,1187
lungscc2199.jpeg,2,1176
lungscc821.jpeg,2,998
lungscc440.jpeg,2,1107
lungaca413.jpeg,0,745
lungaca2455.jpeg,0,554
lungscc2304.jpeg,2,1144
lungaca1415.jpeg,0,593
lungaca3076.jpeg,0,530
lungscc3426.jpeg,2,1189
lungscc2339.jpeg,2,1127
lungaca2075.jpeg,0,631
lungaca4698.jpeg,0,539
lungscc2928.jpeg,2,1039
lungscc4039.jpeg,2,1123
lungscc64.jpeg,2,1161
lungscc2829.jpeg,2,1240
lungn1970.jpeg,1,994
lungaca572.jpeg,0,564
lungscc2122.jpeg,2,1226
lungscc4013.jpeg,2,1103
lungscc1773.jpeg,2,1082
lungscc4976.jpeg,2,1016
lungscc3961.jpeg,2,1142
lungscc4255.jpeg,2,1136
lungaca2238.jpeg,0,571
lungscc2249.jpeg,2,1049
lungscc2111.jpeg,2,999
lungn3462.jpeg,1,871
lungaca1026.jpeg,0,645
lungscc1707.jpeg,2,1116
lungn3583.jpeg,1,756
lungaca1359.jpeg,0,557
lungscc1834.jpeg,2,1214
lungn1560.jpeg,1,889
lungaca4415.jpeg,0,621
lungaca3274.jpeg,0,564
lungn599.jpeg,1,929
lungn1727.jpeg,1,820
lungscc3484.jpeg,2,1240
lungn4726.jpeg,1,862
lungn697.jpeg,1,910
lungn3610.jpeg,1,823
lungscc2466.jpeg,2,1157
lungaca3940.jpeg,0,657
lungaca911.jpeg,0,660
lungscc735.jpeg,2,1118
lungscc1854.jpeg,2,1051
lungaca1419.jpeg,0,575
lungscc1753.jpeg,2,1094
lungn2983.jpeg,1,878
lungscc1103.jpeg,2,1190
lungaca2557.jpeg,0,508
lungn963.jpeg,1,968
lungscc4267.jpeg,2,1036
lungscc2680.jpeg,2,1140
lungaca3987.jpeg,0,737
lungaca1902.jpeg,0,513
lungaca1103.jpeg,0,529
lungaca617.jpeg,0,555
lungaca3288.jpeg,0,611
lungaca3491.jpeg,0,607
lungscc4539.jpeg,2,1103
lungaca1990.jpeg,0,734
lungn556.jpeg,1,991
lungscc4348.jpeg,2,1047
lungscc603.jpeg,2,1008
lungaca1174.jpeg,0,618
lungn4855.jpeg,1,933
lungscc2196.jpeg,2,1048
lungaca4933.jpeg,0,571
lungaca4296.jpeg,0,654
lungn2430.jpeg,1,956
lungn3914.jpeg,1,794
lungaca595.jpeg,0,604
lungscc1044.jpeg,2,1203
lungscc2884.jpeg,2,1005
lungaca4951.jpeg,0,575
lungaca2550.jpeg,0,673
lungaca593.jpeg,0,579
lungaca4191.jpeg,0,651
lungaca2469.jpeg,0,512
lungn872.jpeg,1,912
lungn4752.jpeg,1,806
lungscc461.jpeg,2,1007
lungn4508.jpeg,1,929
lungaca4354.jpeg,0,660
lungaca998.jpeg,0,582
lungaca2714.jpeg,0,692
lungscc3135.jpeg,2,1058
lungscc2259.jpeg,2,1023
lungaca3146.jpeg,0,639
lungscc1787.jpeg,2,1133
lungscc3061.jpeg,2,1118
lungn3646.jpeg,1,924
lungn2285.jpeg,1,970
lungaca2069.jpeg,0,555
lungn4119.jpeg,1,849
lungn3493.jpeg,1,969
lungscc1433.jpeg,2,1010
lungn3295.jpeg,1,753
lungn1072.jpeg,1,910
lungscc3755.jpeg,2,1018
lungaca1228.jpeg,0,531
lungn971.jpeg,1,894
lungscc4476.jpeg,2,1229
lungn1598.jpeg,1,818
lungn3897.jpeg,1,987
lungaca1614.jpeg,0,574
lungn4717.jpeg,1,948
lungscc2930.jpeg,2,1195
lungscc3505.jpeg,2,1014
lungaca2185.jpeg,0,538
lungn3471.jpeg,1,770
lungn3168.jpeg,1,849
lungscc2496.jpeg,2,1016
lungaca1534.jpeg,0,509
lungn4437.jpeg,1,921
lungn28.jpeg,1,950
lungscc3066.jpeg,2,1005
lungaca1839.jpeg,0,716
lungscc2861.jpeg,2,1207
lungaca202.jpeg,0,610
lungaca4769.jpeg,0,567
lungscc2211.jpeg,2,1027
lungn995.jpeg,1,870
lungn1064.jpeg,1,766
lungaca379.jpeg,0,563
lungaca2867.jpeg,0,570
lungn3078.jpeg,1,872
lungscc4631.jpeg,2,1100
lungaca4322.jpeg,0,675
lungscc2837.jpeg,2,1166
lungn3440.jpeg,1,814
lungaca2115.jpeg,0,720
lungscc3989.jpeg,2,1128
lungn968.jpeg,1,801
lungaca1579.jpeg,0,734
lungaca2587.jpeg,0,569
lungscc344.jpeg,2,1111
lungaca3807.jpeg,0,530
lungn3951.jpeg,1,773
lungscc412.jpeg,2,1064
lungn4821.jpeg,1,956
lungscc4637.jpeg,2,1089
lungscc3764.jpeg,2,1076
lungaca2388.jpeg,0,744
lungscc4306.jpeg,2,1033
lungscc184.jpeg,2,1009
lungaca4563.jpeg,0,573
lungaca1023.jpeg,0,673
lungn4701.jpeg,1,895
lungscc1540.jpeg,2,1018
lungaca2804.jpeg,0,654
lungscc1006.jpeg,2,1077
lungscc4518.jpeg,2,1037
lungaca1536.jpeg,0,722
lungn1079.jpeg,1,828
lungscc4483.jpeg,2,1002
lungaca535.jpeg,0,584
lungaca3973.jpeg,0,535
lungaca1431.jpeg,0,544
lungaca1235.jpeg,0,639
lungscc26.jpeg,2,1056
lungscc806.jpeg,2,1031
lungaca4040.jpeg,0,543
lungaca2827.jpeg,0,584
lungscc1265.jpeg,2,1017
lungscc3569.jpeg,2,1114
lungn272.jpeg,1,772
lungscc164.jpeg,2,1093
lungn638.jpeg,1,796
lungscc1376.jpeg,2,1133
lungscc2969.jpeg,2,1023
lungscc110.jpeg,2,1210
lungscc3784.jpeg,2,1177
lungscc2590.jpeg,2,1115
lungaca3018.jpeg,0,529
lungscc4825.jpeg,2,1113
lungaca185.jpeg,0,742
lungaca2909.jpeg,0,567
lungn1020.jpeg,1,914
lungn485.jpeg,1,961
lungscc766.jpeg,2,1018
lungn206.jpeg,1,858
lungscc4402.jpeg,2,1117
lungscc3164.jpeg,2,1117
lungn880.jpeg,1,916
lungscc334.jpeg,2,1032
lungn2592.jpeg,1,995
lungn4727.jpeg,1,800
lungn2253.jpeg,1,776
lungn4049.jpeg,1,867
lungaca2125.jpeg,0,705
lungn2227.jpeg,1,760
lungn2149.jpeg,1,864
lungaca3216.jpeg,0,746
lungn2142.jpeg,1,902
lungscc1639.jpeg,2,1036
lungscc3551.jpeg,2,1087
lungn944.jpeg,1,921
lungn4889.jpeg,1,867
lungaca3525.jpeg,0,682
lungaca448.jpeg,0,546
lungscc3555.jpeg,2,1234
lungscc1635.jpeg,2,1034
lungaca1050.jpeg,0,594
lungscc1473.jpeg,2,998
lungn1159.jpeg,1,975
lungscc216.jpeg,2,1158
lungn3230.jpeg,1,897
lungaca1372.jpeg,0,629
lungscc4016.jpeg,2,1222
lungn4298.jpeg,1,835
lungn1963.jpeg,1,958
lungaca2596.jpeg,0,643
lungscc1784.jpeg,2,1143
lungn1999.jpeg,1,827
lungscc3976.jpeg,2,1001
lungaca1874.jpeg,0,635
lungscc3258.jpeg,2,1036
lungscc1905.jpeg,2,1032
lungscc4948.jpeg,2,1063
lungscc1617.jpeg,2,1124
lungaca4599.jpeg,0,657
lungaca4664.jpeg,0,681
lungn4400.jpeg,1,865
lungaca4559.jpeg,0,551
lungscc2936.jpeg,2,1127
lungaca3421.jpeg,0,708
lungaca4213.jpeg,0,524
lungscc4710.jpeg,2,1167
lungscc4159.jpeg,2,1163
lungscc4294.jpeg,2,1185
lungaca3075.jpeg,0,635
lungn3024.jpeg,1,847
lungscc400.jpeg,2,1104
lungn2529.jpeg,1,970
lungn1792.jpeg,1,875
lungn1019.jpeg,1,838
lungn851.jpeg,1,901
lungn1425.jpeg,1,987
lungaca4750.jpeg,0,679
lungscc1722.jpeg,2,1188
lungaca381.jpeg,0,588
lungscc3658.jpeg,2,1177
lungn2223.jpeg,1,916
lungscc3644.jpeg,2,1195
lungn4534.jpeg,1,888
lungscc4822.jpeg,2,1085
lungscc3804.jpeg,2,1053
lungn1263.jpeg,1,860
lungaca3097.jpeg,0,534
lungn4753.jpeg,1,806
lungscc341.jpeg,2,1235
lungaca2407.jpeg,0,678
lungn4024.jpeg,1,803
lungn158.jpeg,1,935
lungaca3601.jpeg,0,695
lungn1834.jpeg,1,903
lungn859.jpeg,1,775
lungn918.jpeg,1,756
lungn3203.jpeg,1,939
lungaca1483.jpeg,0,654
lungn713.jpeg,1,774
lungaca4342.jpeg,0,588
lungaca4024.jpeg,0,515
lungaca1094.jpeg,0,573
lungaca4776.jpeg,0,519
lungscc1499.jpeg,2,1153
lungaca2674.jpeg,0,676
lungn1888.jpeg,1,762
lungaca3751.jpeg,0,673
lungn2525.jpeg,1,962
lungscc4566.jpeg,2,1134
lungaca4583.jpeg,0,533
lungscc2687.jpeg,2,1101
lungaca4364.jpeg,0,712
lungscc3269.jpeg,2,1048
lungn3392.jpeg,1,798
lungscc1980.jpeg,2,1147
lungaca2215.jpeg,0,566
lungn2564.jpeg,1,749
lungaca1493.jpeg,0,586
lungaca2638.jpeg,0,594
lungn863.jpeg,1,786
lungscc3068.jpeg,2,1157
lungn2693.jpeg,1,883
lungn883.jpeg,1,843
lungscc1041.jpeg,2,1063
lungscc4670.jpeg,2,1040
lungscc4425.jpeg,2,1190
lungscc2331.jpeg,2,1153
lungn3084.jpeg,1,822
lungaca189.jpeg,0,529
lungn4655.jpeg,1,756
lungaca2502.jpeg,0,682
lungn2461.jpeg,1,768
lungn4182.jpeg,1,878
lungn3618.jpeg,1,828
lungaca1083.jpeg,0,648
lungscc4234.jpeg,2,1037
lungaca753.jpeg,0,681
lungaca4880.jpeg,0,688
lungscc4327.jpeg,2,1040
lungn685.jpeg,1,858
lungscc2433.jpeg,2,1032
lungscc4297.jpeg,2,1131
lungaca4056.jpeg,0,506
lungscc3895.jpeg,2,1206
lungscc3248.jpeg,2,1169
lungn2639.jpeg,1,905
lungscc2580.jpeg,2,1184
lungaca1428.jpeg,0,609
lungaca4813.jpeg,0,623
lungn4611.jpeg,1,900
lungscc1296.jpeg,2,1099
lungscc4450.jpeg,2,1179
lungscc1067.jpeg,2,1023
lungscc95.jpeg,2,1014
lungn1887.jpeg,1,918
lungscc1421.jpeg,2,1221
lungn2120.jpeg,1,992
lungaca4674.jpeg,0,514
lungscc420.jpeg,2,1139
lungn676.jpeg,1,867
lungaca3158.jpeg,0,657
lungaca4009.jpeg,0,510
lungaca320.jpeg,0,635
lungaca2825.jpeg,0,634
lungscc2899.jpeg,2,1220
lungscc3062.jpeg,2,1011
lungscc4074.jpeg,2,1136
lungn1204.jpeg,1,898
lungscc3563.jpeg,2,1044
lungn3865.jpeg,1,777
lungaca2778.jpeg,0,542
lungaca2300.jpeg,0,610
lungscc2279.jpeg,2,1229
lungscc2901.jpeg,2,1244
lungaca4708.jpeg,0,688
lungaca519.jpeg,0,570
lungscc4768.jpeg,2,1167
lungn2106.jpeg,1,866
lungn1784.jpeg,1,753
lungn2026.jpeg,1,935
lungaca4722.jpeg,0,664
lungscc3323.jpeg,2,1052
lungn62.jpeg,1,850
lungscc4480.jpeg,2,1209
lungaca2350.jpeg,0,527
lungn3910.jpeg,1,803
lungaca3655.jpeg,0,718
lungscc2446.jpeg,2,1143
lungaca2598.jpeg,0,683
lungn920.jpeg,1,951
lungn2860.jpeg,1,909
lungn3415.jpeg,1,920
lungscc1034.jpeg,2,1127
lungscc3130.jpeg,2,1190
lungscc1973.jpeg,2,1236
lungaca960.jpeg,0,689
lungn3451.jpeg,1,815
lungaca3313.jpeg,0,581
lungaca4057.jpeg,0,524
lungaca1514.jpeg,0,724
lungscc1765.jpeg,2,1028
lungscc3063.jpeg,2,1011
lungscc2542.jpeg,2,1045
lungscc4317.jpeg,2,1022
lungaca589.jpeg,0,611
lungn2437.jpeg,1,811
lungscc2963.jpeg,2,1072
lungn3569.jpeg,1,761
lungn2917.jpeg,1,901
lungaca468.jpeg,0,698
lungaca2415.jpeg,0,529
lungn2892.jpeg,1,774
lungscc2749.jpeg,2,1185
lungn878.jpeg,1,836
lungaca2481.jpeg,0,539
lungscc1577.jpeg,2,1142
lungn2688.jpeg,1,957
lungaca1769.jpeg,0,645
lungscc4967.jpeg,2,1204
lungscc4902.jpeg,2,1156
lungaca509.jpeg,0,562
lungn4816.jpeg,1,872
lungn4262.jpeg,1,984
lungn1172.jpeg,1,980
lungn331.jpeg,1,861
lungaca4280.jpeg,0,635
lungaca4347.jpeg,0,737
lungscc2328.jpeg,2,1035
lungaca1722.jpeg,0,614
lungn1588.jpeg,1,901
lungscc3219.jpeg,2,1186
lungaca324.jpeg,0,533
lungaca873.jpeg,0,656
lungaca2626.jpeg,0,597
lungaca2303.jpeg,0,631
lungn354.jpeg,1,853
lungn500.jpeg,1,902
lungaca2007.jpeg,0,706
lungn818.jpeg,1,910
lungscc2176.jpeg,2,1095
lungscc1529.jpeg,2,1077
lungscc1209.jpeg,2,1054
lungn2369.jpeg,1,789
lungscc578.jpeg,2,1023
lungn424.jpeg,1,939
lungaca2283.jpeg,0,512
lungn2523.jpeg,1,763
lungaca2665.jpeg,0,531
lungaca3020.jpeg,0,530
lungscc520.jpeg,2,1129
lungn2593.jpeg,1,891
lungaca1815.jpeg,0,577
lungaca2637.jpeg,0,541
lungaca282.jpeg,0,580
lungscc4826.jpeg,2,1190
lungscc3548.jpeg,2,999
lungn3727.jpeg,1,851
lungaca1471.jpeg,0,748
lungaca637.jpeg,0,591
lungn3001.jpeg,1,933
lungn4818.jpeg,1,822
lungn1021.jpeg,1,751
lungaca762.jpeg,0,559
lungscc96.jpeg,2,1093
lungn3098.jpeg,1,798
lungaca2864.jpeg,0,572
lungn1379.jpeg,1,889
lungaca449.jpeg,0,645
lungaca2380.jpeg,0,722
lungscc1982.jpeg,2,1068
lungn417.jpeg,1,873
lungn110.jpeg,1,868
lungn2890.jpeg,1,755
lungaca2433.jpeg,0,706
lungn4967.jpeg,1,824
lungaca414.jpeg,0,630
lungaca135.jpeg,0,555
lungscc3875.jpeg,2,1016
lungscc119.jpeg,2,1120
lungn1737.jpeg,1,943
lungn2709.jpeg,1,803
lungaca3031.jpeg,0,552
lungn2089.jpeg,1,951
lungscc2396.jpeg,2,1062
lungn3433.jpeg,1,784
lungaca1445.jpeg,0,512
lungn2736.jpeg,1,776
lungscc3905.jpeg,2,1156
lungscc1039.jpeg,2,1194
lungn4964.jpeg,1,903
lungscc4842.jpeg,2,1088
lungaca3876.jpeg,0,627
lungaca2383.jpeg,0,619
lungaca3080.jpeg,0,676
lungn1979.jpeg,1,836
lungscc652.jpeg,2,1092
lungaca1710.jpeg,0,677
lungscc934.jpeg,2,1088
lungaca2539.jpeg,0,550
lungaca2724.jpeg,0,543
lungaca1606.jpeg,0,654
lungn709.jpeg,1,838
lungscc2158.jpeg,2,1078
lungaca4959.jpeg,0,698
lungaca3951.jpeg,0,629
lungaca1219.jpeg,0,516
lungscc1449.jpeg,2,1162
lungn3144.jpeg,1,949
lungn2139.jpeg,1,750
lungscc268.jpeg,2,1168
lungn4808.jpeg,1,844
lungaca3963.jpeg,0,666
lungn376.jpeg,1,869
lungscc4718.jpeg,2,1031
lungscc3879.jpeg,2,1164
lungaca3268.jpeg,0,523
lungn172.jpeg,1,782
lungscc3974.jpeg,2,1046
lungn4646.jpeg,1,925
lungn2765.jpeg,1,935
lungaca1093.jpeg,0,551
lungn4282.jpeg,1,804
lungaca882.jpeg,0,606
lungn812.jpeg,1,772
lungn628.jpeg,1,883
lungn1271.jpeg,1,789
lungscc1886.jpeg,2,1029
lungscc812.jpeg,2,1045
lungaca2166.jpeg,0,549
lungn162.jpeg,1,752
lungaca2401.jpeg,0,532
lungscc2262.jpeg,2,1130
lungaca4542.jpeg,0,697
lungn1898.jpeg,1,770
lungaca1811.jpeg,0,539
lungaca994.jpeg,0,690
lungn1923.jpeg,1,757
lungscc3821.jpeg,2,1143
lungscc4956.jpeg,2,1087
lungaca362.jpeg,0,604
lungaca3533.jpeg,0,522
lungn1766.jpeg,1,829
lungscc2583.jpeg,2,1085
lungaca4854.jpeg,0,526
lungscc646.jpeg,2,1073
lungn2661.jpeg,1,886
lungscc1269.jpeg,2,1124
lungn830.jpeg,1,757
lungscc4527.jpeg,2,1139
lungaca4879.jpeg,0,617
lungaca2112.jpeg,0,549
lungaca491.jpeg,0,650
lungscc270.jpeg,2,1129
lungscc65.jpeg,2,1113
lungaca2453.jpeg,0,517
lungscc2499.jpeg,2,1018
lungaca609.jpeg,0,731
lungn3004.jpeg,1,763
lungn3162.jpeg,1,902
lungaca4859.jpeg,0,663
lungscc3621.jpeg,2,1106
lungscc4934.jpeg,2,1227
lungscc1279.jpeg,2,1172
lungn27.jpeg,1,996
lungscc3046.jpeg,2,1064
lungn1610.jpeg,1,927
lungscc3406.jpeg,2,1092
lungaca4709.jpeg,0,676
lungscc2501.jpeg,2,1027
lungscc1853.jpeg,2,1191
lungscc314.jpeg,2,1098
lungn1339.jpeg,1,762
lungn1763.jpeg,1,825
lungscc200.jpeg,2,1074
lungscc1069.jpeg,2,1032
lungscc4302.jpeg,2,1184
lungn3283.jpeg,1,879
lungn231.jpeg,1,761
lungscc4744.jpeg,2,1073
lungaca1362.jpeg,0,681
lungaca600.jpeg,0,675
lungscc1217.jpeg,2,1120
lungaca2439.jpeg,0,660
lungscc2920.jpeg,2,1125
lungn2904.jpeg,1,769
lungaca2565.jpeg,0,534
lungn512.jpeg,1,983
lungaca4808.jpeg,0,545
lungn1158.jpeg,1,879
lungn4120.jpeg,1,903
lungaca181.jpeg,0,685
lungscc4377.jpeg,2,1029
lungscc2872.jpeg,2,1067
lungscc3213.jpeg,2,998
lungscc2242.jpeg,2,1056
lungn2912.jpeg,1,830
lungscc3224.jpeg,2,1018
lungaca1141.jpeg,0,579
lungscc3710.jpeg,2,1120
lungscc3708.jpeg,2,1097
lungn3639.jpeg,1,811
lungscc2624.jpeg,2,1100
lungscc217.jpeg,2,1158
lungaca1347.jpeg,0,662
lungn3560.jpeg,1,838
lungn4535.jpeg,1,842
lungn4064.jpeg,1,982
lungscc2329.jpeg,2,1210
lungscc7.jpeg,2,1082
lungscc2038.jpeg,2,1008
lungn850.jpeg,1,867
lungn4801.jpeg,1,965
lungn4537.jpeg,1,818
lungaca2219.jpeg,0,634
lungscc1938.jpeg,2,1189
lungscc3395.jpeg,2,1003
lungscc4222.jpeg,2,1019
lungaca3081.jpeg,0,538
lungn112.jpeg,1,840
lungscc987.jpeg,2,1074
lungscc4773.jpeg,2,1160
lungn654.jpeg,1,755
lungaca1405.jpeg,0,530
lungn1680.jpeg,1,853
lungn764.jpeg,1,760
lungaca3197.jpeg,0,670
lungscc925.jpeg,2,1201
lungaca3553.jpeg,0,633
lungaca4892.jpeg,0,575
lungaca3668.jpeg,0,549
lungaca3416.jpeg,0,547
lungscc2213.jpeg,2,1061
lungn329.jpeg,1,793
lungscc3107.jpeg,2,1237
lungaca1186.jpeg,0,592
lungn3128.jpeg,1,836
lungn3659.jpeg,1,837
lungscc54.jpeg,2,1210
lungn4671.jpeg,1,836
lungaca1133.jpeg,0,513
lungscc1172.jpeg,2,1022
lungscc1481.jpeg,2,1152
lungaca2182.jpeg,0,618
lungn3275.jpeg,1,799
lungaca3920.jpeg,0,527
lungaca4588.jpeg,0,711
lungaca3285.jpeg,0,612
lungscc4521.jpeg,2,1159
lungaca3105.jpeg,0,641
lungn4495.jpeg,1,933
lungscc793.jpeg,2,1011
lungaca555.jpeg,0,588
lungaca1888.jpeg,0,553
lungn2455.jpeg,1,922
lungn2064.jpeg,1,974
lungn946.jpeg,1,841
lungn1808.jpeg,1,893
lungn669.jpeg,1,769
lungaca4357.jpeg,0,511
lungaca3654.jpeg,0,560
lungn1856.jpeg,1,896
lungn1386.jpeg,1,853
lungscc4291.jpeg,2,1092
lungscc4524.jpeg,2,1218
lungaca4950.jpeg,0,649
lungscc2761.jpeg,2,1085
lungaca3867.jpeg,0,740
lungaca4196.jpeg,0,594
lungscc1593.jpeg,2,1244
lungaca4518.jpeg,0,669
lungn3325.jpeg,1,779
lungaca1066.jpeg,0,640
lungaca3083.jpeg,0,583
lungaca1314.jpeg,0,629
lungaca4883.jpeg,0,546
lungscc4687.jpeg,2,1148
lungscc4541.jpeg,2,1177
lungscc373.jpeg,2,1107
lungaca3683.jpeg,0,635
lungn2827.jpeg,1,912
lungn3457.jpeg,1,807
lungaca3595.jpeg,0,580
lungscc948.jpeg,2,1028
lungaca250.jpeg,0,539
lungscc665.jpeg,2,1009
lungn2608.jpeg,1,790
lungn4504.jpeg,1,937
lungscc4153.jpeg,2,1045
lungaca4497.jpeg,0,616
lungaca858.jpeg,0,722
lungscc2651.jpeg,2,1194
lungn4873.jpeg,1,826
lungn3396.jpeg,1,750
lungscc3007.jpeg,2,1172
lungscc1731.jpeg,2,1092
lungaca3884.jpeg,0,591
lungscc2593.jpeg,2,1201
lungscc1504.jpeg,2,1181
lungscc3049.jpeg,2,1081
lungaca4334.jpeg,0,699
lungaca2171.jpeg,0,650
lungscc4986.jpeg,2,1079
lungn286.jpeg,1,995
lungscc4479.jpeg,2,1126
lungscc762.jpeg,2,1232
lungscc1919.jpeg,2,1196
lungaca3627.jpeg,0,530
lungscc1548.jpeg,2,1143
lungscc23.jpeg,2,1211
lungaca2093.jpeg,0,544
lungscc131.jpeg,2,1075
lungscc945.jpeg,2,1197
lungn1516.jpeg,1,845
lungn2876.jpeg,1,948
lungaca3948.jpeg,0,605
lungaca2894.jpeg,0,675
lungn1885.jpeg,1,950
lungaca1752.jpeg,0,563
lungn4824.jpeg,1,781
lungn3384.jpeg,1,882
lungscc2360.jpeg,2,1145
lungn2728.jpeg,1,968
lungn3730.jpeg,1,889
lungscc611.jpeg,2,1209
lungaca4149.jpeg,0,725
lungscc4460.jpeg,2,1143
lungscc4288.jpeg,2,1159
lungn1238.jpeg,1,766
lungaca487.jpeg,0,516
lungaca27.jpeg,0,740
lungaca4305.jpeg,0,642
lungaca4492.jpeg,0,526
lungscc1662.jpeg,2,1014
lungaca1201.jpeg,0,579
lungaca4447.jpeg,0,607
lungn3988.jpeg,1,815
lungaca111.jpeg,0,586
lungn4017.jpeg,1,821
lungaca3189.jpeg,0,569
lungaca3838.jpeg,0,586
lungscc3889.jpeg,2,1081
lungn4174.jpeg,1,754
lungscc3034.jpeg,2,1114
lungscc2274.jpeg,2,1068
lungscc1400.jpeg,2,1189
lungaca138.jpeg,0,523
lungscc4627.jpeg,2,1076
lungn2945.jpeg,1,910
lungscc571.jpeg,2,1204
lungscc4289.jpeg,2,1171
lungscc3760.jpeg,2,1236
lungaca4819.jpeg,0,549
lungaca1226.jpeg,0,558
lungscc2626.jpeg,2,1017
lungn4185.jpeg,1,903
lungaca4658.jpeg,0,622
lungscc4668.jpeg,2,1036
lungn2795.jpeg,1,846
lungaca1492.jpeg,0,560
lungn166.jpeg,1,760
lungn2605.jpeg,1,761
lungaca4278.jpeg,0,531
lungn1098.jpeg,1,805
lungaca2492.jpeg,0,702
lungscc3326.jpeg,2,1245
lungaca3269.jpeg,0,556
lungaca685.jpeg,0,741
lungn879.jpeg,1,836
lungaca2231.jpeg,0,650
lungscc3165.jpeg,2,1148
lungscc3353.jpeg,2,1037
lungaca2816.jpeg,0,559
lungn613.jpeg,1,801
lungaca2601.jpeg,0,739
lungaca656.jpeg,0,685
lungn52.jpeg,1,931
lungscc2629.jpeg,2,1121
lungaca3901.jpeg,0,721
lungn3055.jpeg,1,821
lungscc62.jpeg,2,1005
lungn711.jpeg,1,814
lungaca1156.jpeg,0,727
lungn1422.jpeg,1,870
lungn1549.jpeg,1,962
lungaca2352.jpeg,0,714
lungscc1917.jpeg,2,1039
lungn3877.jpeg,1,867
lungaca1609.jpeg,0,665
lungn4650.jpeg,1,852
lungscc683.jpeg,2,1226
lungaca212.jpeg,0,562
lungn1602.jpeg,1,864
lungscc881.jpeg,2,1243
lungaca3183.jpeg,0,685
lungscc4371.jpeg,2,1098
lungn4296.jpeg,1,879
lungscc882.jpeg,2,1148
lungn4369.jpeg,1,907
lungscc863.jpeg,2,999
lungaca4237.jpeg,0,564
lungscc4979.jpeg,2,1051
lungn11.jpeg,1,784
lungaca3417.jpeg,0,663
lungscc4818.jpeg,2,1004
lungscc4154.jpeg,2,1217
lungn3899.jpeg,1,875
lungn4076.jpeg,1,797
lungscc1877.jpeg,2,1015
lungn4352.jpeg,1,749
lungaca3570.jpeg,0,627
lungn2980.jpeg,1,791
lungscc283.jpeg,2,1102
lungaca3677.jpeg,0,571
lungn2819.jpeg,1,864
lungscc1304.jpeg,2,1072
lungscc4833.jpeg,2,1180
lungaca4258.jpeg,0,691
lungn2985.jpeg,1,793
lungaca3336.jpeg,0,557
lungn4383.jpeg,1,855
lungscc2512.jpeg,2,1223
lungn2631.jpeg,1,940
lungscc1904.jpeg,2,1114
lungaca4826.jpeg,0,568
lungaca861.jpeg,0,575
lungscc4408.jpeg,2,1237
lungn3675.jpeg,1,898
lungscc4335.jpeg,2,1168
lungaca2692.jpeg,0,701
lungn1662.jpeg,1,787
lungn3614.jpeg,1,783
lungaca4133.jpeg,0,609
lungn940.jpeg,1,785
lungscc311.jpeg,2,1180
lungn2538.jpeg,1,985
lungscc2440.jpeg,2,1090
lungaca2436.jpeg,0,538
lungscc2482.jpeg,2,1205
lungaca3508.jpeg,0,555
lungn967.jpeg,1,801
lungn4791.jpeg,1,771
lungn3175.jpeg,1,977
lungaca1961.jpeg,0,587
lungaca4973.jpeg,0,578
lungn4731.jpeg,1,981
lungn551.jpeg,1,859
lungaca4438.jpeg,0,616
lungscc1094.jpeg,2,1062
lungaca1263.jpeg,0,726
lungaca2162.jpeg,0,565
lungscc2550.jpeg,2,1158
lungaca3125.jpeg,0,529
lungn3717.jpeg,1,907
lungaca4547.jpeg,0,561
lungscc1634.jpeg,2,1110
lungn3642.jpeg,1,869
lungn3824.jpeg,1,955
lungscc2442.jpeg,2,1018
lungn4459.jpeg,1,963
lungscc1071.jpeg,2,1093
lungn3762.jpeg,1,791
lungaca842.jpeg,0,542
lungscc4031.jpeg,2,1226
lungaca1768.jpeg,0,546
lungaca1786.jpeg,0,642
lungscc2868.jpeg,2,1223
lungaca3387.jpeg,0,562
lungscc4456.jpeg,2,1130
lungaca1912.jpeg,0,574
lungn2702.jpeg,1,848
lungaca2431.jpeg,0,568
lungscc337.jpeg,2,1137
lungaca2147.jpeg,0,608
lungscc3532.jpeg,2,1009
lungn3108.jpeg,1,973
lungn1781.jpeg,1,802
lungaca4589.jpeg,0,546
lungn315.jpeg,1,854
lungscc2973.jpeg,2,1018
lungscc3577.jpeg,2,1154
lungaca3218.jpeg,0,615
lungn1546.jpeg,1,771
lungscc1105.jpeg,2,1030
lungscc1903.jpeg,2,1023
lungn1750.jpeg,1,795
lungscc3392.jpeg,2,1050
lungscc3245.jpeg,2,1059
lungscc61.jpeg,2,1085
lungscc3521.jpeg,2,1121
lungaca3430.jpeg,0,694
lungscc226.jpeg,2,1027
lungscc3428.jpeg,2,1203
lungscc2652.jpeg,2,1005
lungn3002.jpeg,1,836
lungscc3095.jpeg,2,1027
lungn222.jpeg,1,985
lungscc3568.jpeg,2,1101
lungaca294.jpeg,0,719
lungscc4115.jpeg,2,1218
lungscc4023.jpeg,2,1189
lungn2220.jpeg,1,989
lungaca1653.jpeg,0,546
lungaca905.jpeg,0,538
lungscc4293.jpeg,2,1185
lungn2429.jpeg,1,880
lungscc3734.jpeg,2,1045
lungaca2323.jpeg,0,674
lungaca1983.jpeg,0,565
lungaca981.jpeg,0,658
lungaca1183.jpeg,0,575
lungaca843.jpeg,0,588
lungn2123.jpeg,1,761
lungaca4001.jpeg,0,661
lungscc1441.jpeg,2,1219
lungn4020.jpeg,1,833
lungn2542.jpeg,1,860
lungn314.jpeg,1,890
lungaca1229.jpeg,0,569
lungscc4420.jpeg,2,1126
lungn1703.jpeg,1,754
lungaca4067.jpeg,0,513
lungaca2226.jpeg,0,743
lungaca285.jpeg,0,586
lungscc4680.jpeg,2,1019
lungscc52.jpeg,2,1035
lungscc4272.jpeg,2,1192
lungscc3249.jpeg,2,1115
lungscc4104.jpeg,2,1023
lungn350.jpeg,1,923
lungn1733.jpeg,1,947
lungscc4098.jpeg,2,1072
lungn249.jpeg,1,819
lungn4169.jpeg,1,859
lungn979.jpeg,1,807
lungscc87.jpeg,2,1044
lungn4028.jpeg,1,917
lungaca293.jpeg,0,515
lungaca180.jpeg,0,507
lungscc2325.jpeg,2,1086
lungn2579.jpeg,1,981
lungn945.jpeg,1,768
lungscc3414.jpeg,2,1060
lungscc3436.jpeg,2,1144
lungscc3168.jpeg,2,1143
lungaca2214.jpeg,0,532
lungn401.jpeg,1,947
lungn4693.jpeg,1,780
lungn2773.jpeg,1,891
lungaca634.jpeg,0,603
lungn4421.jpeg,1,749
lungn1583.jpeg,1,788
lungn1269.jpeg,1,895
lungn3236.jpeg,1,771
lungaca3829.jpeg,0,614
lungn1530.jpeg,1,924
lungscc2690.jpeg,2,1148
lungn694.jpeg,1,943
lungscc4231.jpeg,2,1047
lungscc3263.jpeg,2,1205
lungaca4572.jpeg,0,694
lungn3581.jpeg,1,971
lungscc398.jpeg,2,1128
lungscc1326.jpeg,2,1206
lungscc4704.jpeg,2,1033
lungaca4944.jpeg,0,660
lungaca2288.jpeg,0,529
lungscc1049.jpeg,2,1022
lungaca4806.jpeg,0,607
lungn2654.jpeg,1,941
lungn3263.jpeg,1,777
lungscc2662.jpeg,2,1087
lungn563.jpeg,1,879
lungscc4509.jpeg,2,1186
lungscc1210.jpeg,2,1153
lungscc4156.jpeg,2,1132
lungaca2124.jpeg,0,624
lungn4108.jpeg,1,901
lungn3604.jpeg,1,821
lungscc4686.jpeg,2,1128
lungscc4755.jpeg,2,1196
lungaca3577.jpeg,0,602
lungscc3648.jpeg,2,1035
lungaca2254.jpeg,0,659
lungn379.jpeg,1,879
lungscc3477.jpeg,2,1194
lungscc442.jpeg,2,1022
lungn2169.jpeg,1,783
lungn2480.jpeg,1,782
lungscc4275.jpeg,2,1141
lungscc2613.jpeg,2,1123
lungaca1308.jpeg,0,525
lungn326.jpeg,1,802
lungn2901.jpeg,1,974
lungn1706.jpeg,1,892
lungaca1253.jpeg,0,658
lungscc2753.jpeg,2,1121
lungaca3583.jpeg,0,622
lungaca4427.jpeg,0,744
lungaca4432.jpeg,0,559
lungscc4057.jpeg,2,1223
lungaca3734.jpeg,0,527
lungaca4137.jpeg,0,559
lungn3781.jpeg,1,803
lungscc2056.jpeg,2,1087
lungscc3026.jpeg,2,1044
lungaca4295.jpeg,0,715
lungn360.jpeg,1,840
lungscc4473.jpeg,2,1035
lungn2573.jpeg,1,800
lungn874.jpeg,1,785
lungscc1515.jpeg,2,1107
lungscc2863.jpeg,2,1017
lungaca254.jpeg,0,538
lungn4927.jpeg,1,881
lungaca3439.jpeg,0,646
lungn4941.jpeg,1,840
lungn2867.jpeg,1,955
lungaca1370.jpeg,0,605
lungn1650.jpeg,1,888
lungaca3656.jpeg,0,594
lungaca3514.jpeg,0,568
lungscc1482.jpeg,2,1164
lungaca2242.jpeg,0,728
lungaca955.jpeg,0,542
lungn4980.jpeg,1,795
lungaca2751.jpeg,0,691
lungn2176.jpeg,1,844
lungn3110.jpeg,1,786
lungscc3106.jpeg,2,1081
lungaca4805.jpeg,0,727
lungaca748.jpeg,0,587
lungscc2349.jpeg,2,1178
lungn4632.jpeg,1,985
lungscc3345.jpeg,2,1114
lungscc1153.jpeg,2,1008
lungscc874.jpeg,2,1230
lungn2884.jpeg,1,978
lungn4491.jpeg,1,785
lungscc1847.jpeg,2,1152
lungaca2248.jpeg,0,636
lungscc4536.jpeg,2,1005
lungscc3543.jpeg,2,1094
lungscc1913.jpeg,2,1152
lungscc3928.jpeg,2,1128
lungaca3756.jpeg,0,661
lungaca3070.jpeg,0,652
lungscc246.jpeg,2,1026
lungscc2468.jpeg,2,1041
lungn2287.jpeg,1,857
lungscc3487.jpeg,2,1052
lungscc2672.jpeg,2,1001
lungscc839.jpeg,2,1025
lungn3420.jpeg,1,900
lungn3901.jpeg,1,927
lungn50.jpeg,1,763
lungn4363.jpeg,1,813
lungn2511.jpeg,1,786
lungaca2304.jpeg,0,631
lungscc884.jpeg,2,1102
lungn2850.jpeg,1,863
lungaca1941.jpeg,0,555
lungaca2138.jpeg,0,603
lungscc1952.jpeg,2,1208
lungaca2883.jpeg,0,616
lungaca226.jpeg,0,586
lungaca596.jpeg,0,693
lungscc235.jpeg,2,1207
lungn2143.jpeg,1,749
lungaca1946.jpeg,0,523
lungscc3898.jpeg,2,1126
lungscc1354.jpeg,2,1217
lungn627.jpeg,1,802
lungaca1299.jpeg,0,730
lungscc2066.jpeg,2,1149
lungn1624.jpeg,1,953
lungscc3674.jpeg,2,1045
lungaca1317.jpeg,0,653
lungscc3848.jpeg,2,1095
lungaca1704.jpeg,0,714
lungaca3914.jpeg,0,516
lungn3269.jpeg,1,895
lungscc4947.jpeg,2,1005
lungaca3162.jpeg,0,619
lungn4107.jpeg,1,799
lungn1218.jpeg,1,944
lungn1632.jpeg,1,930
lungaca402.jpeg,0,575
lungn4162.jpeg,1,839
lungn2705.jpeg,1,933
lungaca4330.jpeg,0,524
lungaca3765.jpeg,0,597
lungscc2237.jpeg,2,1160
lungscc1451.jpeg,2,1209
lungaca4488.jpeg,0,745
lungn3228.jpeg,1,954
lungaca4515.jpeg,0,733
lungn2616.jpeg,1,754
lungaca4538.jpeg,0,509
lungscc717.jpeg,2,1133
lungaca3062.jpeg,0,735
lungscc2234.jpeg,2,1059
lungaca1165.jpeg,0,652
lungscc2443.jpeg,2,1037
lungn4330.jpeg,1,853
lungn1069.jpeg,1,935
lungaca1789.jpeg,0,691
lungn4977.jpeg,1,857
lungn174.jpeg,1,840
lungaca3156.jpeg,0,509
lungn3936.jpeg,1,890
lungscc4035.jpeg,2,1106
lungn2018.jpeg,1,897
lungn4888.jpeg,1,789
lungn4351.jpeg,1,918
lungscc564.jpeg,2,1132
lungaca1155.jpeg,0,633
lungaca1460.jpeg,0,569
lungscc4988.jpeg,2,1223
lungn2528.jpeg,1,965
lungn298.jpeg,1,893
lungaca4363.jpeg,0,716
lungn2841.jpeg,1,984
lungn699.jpeg,1,873
lungscc3438.jpeg,2,1106
lungaca4619.jpeg,0,653
lungaca2420.jpeg,0,527
lungn1916.jpeg,1,855
lungaca2408.jpeg,0,719
lungaca1246.jpeg,0,572
lungscc2306.jpeg,2,1072
lungaca2365.jpeg,0,618
lungaca4655.jpeg,0,659
lungaca2038.jpeg,0,713
lungscc2859.jpeg,2,1191
lungn3041.jpeg,1,817
lungaca3790.jpeg,0,578
lungn4113.jpeg,1,842
lungscc2653.jpeg,2,1165
lungscc2220.jpeg,2,1191
lungn2289.jpeg,1,914
lungn1656.jpeg,1,973
lungn4648.jpeg,1,781
lungaca2233.jpeg,0,652
lungscc1282.jpeg,2,1030
lungscc282.jpeg,2,1102
lungn4213.jpeg,1,985
lungaca3996.jpeg,0,636
lungscc3452.jpeg,2,1027
lungn3963.jpeg,1,905
lungscc4395.jpeg,2,1019
lungscc3683.jpeg,2,998
lungscc121.jpeg,2,1057
lungscc4045.jpeg,2,1188
lungaca3929.jpeg,0,631
lungscc264.jpeg,2,1132
lungaca2371.jpeg,0,676
lungscc4194.jpeg,2,1005
lungn2617.jpeg,1,901
lungn648.jpeg,1,887
lungaca3384.jpeg,0,613
lungscc1305.jpeg,2,1168
lungn3952.jpeg,1,954
lungn566.jpeg,1,885
lungscc2310.jpeg,2,1077
lungaca1447.jpeg,0,742
lungn4758.jpeg,1,886
lungscc2705.jpeg,2,1118
lungn4836.jpeg,1,912
lungscc113.jpeg,2,1004
lungscc4381.jpeg,2,1132
lungaca4953.jpeg,0,534
lungaca3575.jpeg,0,645
lungscc883.jpeg,2,1137
lungscc4652.jpeg,2,1216
lungn786.jpeg,1,869
lungn681.jpeg,1,807
lungaca2172.jpeg,0,600
lungaca3225.jpeg,0,682
lungn1015.jpeg,1,784
lungaca1878.jpeg,0,539
lungn3410.jpeg,1,973
lungscc480.jpeg,2,1065
lungscc4079.jpeg,2,1075
lungaca4553.jpeg,0,686
lungscc2926.jpeg,2,1164
lungn182.jpeg,1,856
lungscc1733.jpeg,2,1081
lungaca568.jpeg,0,556
lungaca2829.jpeg,0,719
lungaca4999.jpeg,0,657
lungscc2692.jpeg,2,1016
lungn3101.jpeg,1,902
lungn2129.jpeg,1,845
lungaca2129.jpeg,0,601
lungscc3877.jpeg,2,1073
lungaca367.jpeg,0,569
lungaca1529.jpeg,0,637
lungaca52.jpeg,0,541
lungn1351.jpeg,1,787
lungaca1438.jpeg,0,528
lungaca4838.jpeg,0,729
lungaca1964.jpeg,0,534
lungscc947.jpeg,2,1214
lungn4736.jpeg,1,884
lungscc3091.jpeg,2,1023
lungscc4001.jpeg,2,1010
lungaca3815.jpeg,0,684
lungscc2410.jpeg,2,999
lungscc3670.jpeg,2,1116
lungn469.jpeg,1,934
lungscc1941.jpeg,2,1096
lungaca1616.jpeg,0,620
lungaca167.jpeg,0,614
lungn3594.jpeg,1,883
lungn1006.jpeg,1,953
lungscc3507.jpeg,2,1016
lungscc902.jpeg,2,1223
lungaca140.jpeg,0,617
lungscc4854.jpeg,2,1217
lungscc4546.jpeg,2,1145
lungn2267.jpeg,1,877
lungaca3566.jpeg,0,542
lungn453.jpeg,1,900
lungscc4656.jpeg,2,1142
lungscc3642.jpeg,2,1012
lungscc4150.jpeg,2,1146
lungn4439.jpeg,1,978
lungaca4314.jpeg,0,547
lungaca3272.jpeg,0,553
lungaca951.jpeg,0,650
lungaca1959.jpeg,0,622
lungn1935.jpeg,1,925
lungn4272.jpeg,1,782
lungscc1274.jpeg,2,1126
lungscc1900.jpeg,2,1077
lungscc111.jpeg,2,1135
lungaca697.jpeg,0,704
lungaca3874.jpeg,0,631
lungscc4685.jpeg,2,1128
lungscc2241.jpeg,2,1056
lungscc1630.jpeg,2,1005
lungaca3185.jpeg,0,582
lungn484.jpeg,1,805
lungscc654.jpeg,2,1185
lungn755.jpeg,1,763
lungscc48.jpeg,2,1083
lungaca4230.jpeg,0,696
lungscc2848.jpeg,2,1186
lungn688.jpeg,1,926
lungscc321.jpeg,2,1033
lungscc51.jpeg,2,1086
lungaca2722.jpeg,0,549
lungaca3390.jpeg,0,659
lungscc3504.jpeg,2,1084
lungscc1097.jpeg,2,1078
lungaca1747.jpeg,0,743
lungaca4516.jpeg,0,643
lungn1848.jpeg,1,772
lungaca1078.jpeg,0,723
lungscc1962.jpeg,2,1231
lungn1770.jpeg,1,792
lungaca2175.jpeg,0,707
lungscc2497.jpeg,2,1213
lungscc188.jpeg,2,1127
lungn1681.jpeg,1,853
lungscc822.jpeg,2,1020
lungscc1818.jpeg,2,1034
lungn1378.jpeg,1,965
lungaca3433.jpeg,0,720
lungn895.jpeg,1,840
lungscc4136.jpeg,2,1011
lungaca2159.jpeg,0,582
lungn1569.jpeg,1,782
lungaca3406.jpeg,0,517
lungaca2673.jpeg,0,599
lungscc2156.jpeg,2,1126
lungaca2645.jpeg,0,582
lungaca4483.jpeg,0,657
lungn1202.jpeg,1,774
lungscc2228.jpeg,2,1210
lungaca4716.jpeg,0,524
lungn4653.jpeg,1,918
lungaca1462.jpeg,0,737
lungscc2148.jpeg,2,1035
lungscc880.jpeg,2,1093
lungaca3435.jpeg,0,540
lungn814.jpeg,1,796
lungn1321.jpeg,1,968
lungn2895.jpeg,1,893
lungscc4626.jpeg,2,1238
lungn2230.jpeg,1,816
lungn1295.jpeg,1,824
lungaca4581.jpeg,0,662
lungn3485.jpeg,1,873
lungscc547.jpeg,2,1085
lungscc3667.jpeg,2,1056
lungn3063.jpeg,1,803
lungscc3118.jpeg,2,1153
lungaca4182.jpeg,0,508
lungaca1962.jpeg,0,557
lungscc1366.jpeg,2,1032
lungscc3584.jpeg,2,1025
lungn237.jpeg,1,894
lungaca3555.jpeg,0,709
lungaca2468.jpeg,0,692
lungaca4546.jpeg,0,698
lungaca2912.jpeg,0,688
lungaca3139.jpeg,0,556
lungscc4918.jpeg,2,1176
lungaca2088.jpeg,0,597
lungaca1548.jpeg,0,561
lungscc2312.jpeg,2,1014
lungscc944.jpeg,2,1230
lungn942.jpeg,1,938
lungscc4603.jpeg,2,1055
lungscc3513.jpeg,2,1010
lungn2363.jpeg,1,790
lungaca251.jpeg,0,569
lungaca4645.jpeg,0,556
lungscc3899.jpeg,2,1167
lungscc4525.jpeg,2,1237
lungscc2164.jpeg,2,1118
lungn1563.jpeg,1,795
lungaca4928.jpeg,0,646
lungaca3711.jpeg,0,718
lungscc2511.jpeg,2,1119
lungn2916.jpeg,1,901
lungn1921.jpeg,1,838
lungscc2392.jpeg,2,1008
lungaca454.jpeg,0,564
lungaca3958.jpeg,0,663
lungaca3731.jpeg,0,521
lungn1710.jpeg,1,876
lungscc1552.jpeg,2,1218
lungaca710.jpeg,0,653
lungscc3282.jpeg,2,1237
lungscc1317.jpeg,2,1024
lungaca1618.jpeg,0,582
lungaca2625.jpeg,0,534
lungscc2563.jpeg,2,1159
lungaca1101.jpeg,0,545
lungaca4250.jpeg,0,744
lungscc3713.jpeg,2,1118
lungn1919.jpeg,1,923
lungscc2430.jpeg,2,1048
lungaca2969.jpeg,0,631
lungaca1913.jpeg,0,726
lungscc3695.jpeg,2,1076
lungaca2527.jpeg,0,545
lungaca642.jpeg,0,682
lungaca2068.jpeg,0,588
lungaca2756.jpeg,0,653
lungn4896.jpeg,1,750
lungscc4428.jpeg,2,1115
lungaca2822.jpeg,0,586
lungn702.jpeg,1,831
lungscc1380.jpeg,2,1219
lungn2420.jpeg,1,840
lungn3770.jpeg,1,770
lungn4582.jpeg,1,769
lungn2803.jpeg,1,966
lungaca2529.jpeg,0,535
lungscc3836.jpeg,2,1184
lungaca1684.jpeg,0,579
lungscc1089.jpeg,2,1079
lungaca3101.jpeg,0,536
lungaca2291.jpeg,0,524
lungaca1386.jpeg,0,521
lungn1670.jpeg,1,851
lungscc4811.jpeg,2,1122
lungscc999.jpeg,2,1149
lungscc519.jpeg,2,1129
lungscc4802.jpeg,2,1027
lungaca4359.jpeg,0,622
lungscc2285.jpeg,2,1216
lungn3424.jpeg,1,763
lungaca1991.jpeg,0,646
lungn2452.jpeg,1,926
lungscc1772.jpeg,2,1082
lungn2722.jpeg,1,899
lungscc633.jpeg,2,1174
lungn4900.jpeg,1,993
lungn1131.jpeg,1,917
lungn1.jpeg,1,820
lungaca122.jpeg,0,569
lungscc3186.jpeg,2,1216
lungscc640.jpeg,2,1188
lungaca1861.jpeg,0,529
lungaca273.jpeg,0,597
lungaca888.jpeg,0,516
lungscc352.jpeg,2,1035
lungn730.jpeg,1,750
lungn332.jpeg,1,977
lungn3886.jpeg,1,966
lungn4547.jpeg,1,800
lungn3479.jpeg,1,772
lungscc1747.jpeg,2,1216
lungscc4997.jpeg,2,1127
lungscc2180.jpeg,2,1107
lungscc1882.jpeg,2,1036
lungscc3711.jpeg,2,1109
lungscc2937.jpeg,2,1103
lungscc2577.jpeg,2,1182
lungscc645.jpeg,2,1102
lungaca4905.jpeg,0,611
lungscc3410.jpeg,2,1025
lungn3530.jpeg,1,976
lungscc4621.jpeg,2,1179
lungn1619.jpeg,1,763
lungscc3015.jpeg,2,1156
lungscc752.jpeg,2,1049
lungn1778.jpeg,1,835
lungaca2192.jpeg,0,593
lungscc600.jpeg,2,1124
lungn1037.jpeg,1,991
lungn4792.jpeg,1,921
lungn2294.jpeg,1,985
lungscc1408.jpeg,2,1234
lungaca2736.jpeg,0,625
lungaca1374.jpeg,0,541
lungaca4807.jpeg,0,626
lungaca456.jpeg,0,520
lungn4347.jpeg,1,966
lungaca3302.jpeg,0,719
lungn2415.jpeg,1,893
lungn2446.jpeg,1,753
lungscc1996.jpeg,2,1201
lungscc1031.jpeg,2,1004
lungscc2361.jpeg,2,1071
lungscc4471.jpeg,2,1196
lungscc179.jpeg,2,1119
lungscc1207.jpeg,2,1223
lungn3931.jpeg,1,788
lungscc2547.jpeg,2,1033
lungaca906.jpeg,0,639
lungscc234.jpeg,2,1064
lungn1653.jpeg,1,951
lungn3069.jpeg,1,917
lungaca4184.jpeg,0,509
lungscc4241.jpeg,2,1067
lungn2678.jpeg,1,869
lungscc3349.jpeg,2,1213
lungaca2472.jpeg,0,529
lungaca1933.jpeg,0,739
lungscc88.jpeg,2,1168
lungscc1284.jpeg,2,1157
lungscc149.jpeg,2,1040
lungscc3293.jpeg,2,1065
lungn3172.jpeg,1,861
lungscc4788.jpeg,2,1138
lungaca950.jpeg,0,720
lungaca983.jpeg,0,651
lungaca1387.jpeg,0,731
lungscc830.jpeg,2,1104
lungn4934.jpeg,1,814
lungscc3859.jpeg,2,1033
lungaca1856.jpeg,0,727
lungn2482.jpeg,1,827
lungaca761.jpeg,0,559
lungaca364.jpeg,0,725
lungscc2483.jpeg,2,1205
lungaca2964.jpeg,0,576
lungaca1123.jpeg,0,703
lungaca1976.jpeg,0,663
lungaca1241.jpeg,0,520
lungscc2832.jpeg,2,1107
lungaca1121.jpeg,0,553
lungn2208.jpeg,1,948
lungaca3678.jpeg,0,581
lungscc4780.jpeg,2,1116
lungscc2833.jpeg,2,1087
lungscc3992.jpeg,2,1213
lungscc4447.jpeg,2,1231
lungn1089.jpeg,1,898
lungaca3127.jpeg,0,720
lungaca583.jpeg,0,698
lungscc1234.jpeg,2,1045
lungn2427.jpeg,1,779
lungaca1667.jpeg,0,619
lungn4489.jpeg,1,771
lungscc1667.jpeg,2,1061
lungn1882.jpeg,1,966
lungaca3917.jpeg,0,524
lungaca4018.jpeg,0,585
lungaca2537.jpeg,0,669
lungscc4227.jpeg,2,1003
lungscc3647.jpeg,2,1131
lungscc3690.jpeg,2,1186
lungn1801.jpeg,1,828
lungaca970.jpeg,0,621
lungn1420.jpeg,1,964
lungaca2965.jpeg,0,576
lungaca4139.jpeg,0,544
lungscc1359.jpeg,2,1170
lungscc2126.jpeg,2,1044
lungscc1420.jpeg,2,1140
lungscc467.jpeg,2,1018
lungn1236.jpeg,1,874
lungaca3947.jpeg,0,580
lungn3737.jpeg,1,757
lungaca1077.jpeg,0,636
lungaca2210.jpeg,0,718
lungscc963.jpeg,2,1171
lungaca3115.jpeg,0,565
lungscc4893.jpeg,2,1041
lungn2822.jpeg,1,820
lungaca4740.jpeg,0,726
lungscc2130.jpeg,2,1141
lungn4080.jpeg,1,873
lungn1621.jpeg,1,841
lungn3054.jpeg,1,821
lungaca1738.jpeg,0,589
lungn2886.jpeg,1,965
lungscc1401.jpeg,2,1055
lungscc4719.jpeg,2,1198
lungaca4261.jpeg,0,718
lungscc4600.jpeg,2,1165
lungaca117.jpeg,0,565
lungaca3821.jpeg,0,659
lungscc2495.jpeg,2,1117
lungn3051.jpeg,1,960
lungaca2599.jpeg,0,683
lungscc3721.jpeg,2,1041
lungn1153.jpeg,1,950
lungscc85.jpeg,2,1197
lungaca732.jpeg,0,555
lungscc2171.jpeg,2,1169
lungaca926.jpeg,0,510
lungscc3538.jpeg,2,1161
lungn1500.jpeg,1,923
lungn242.jpeg,1,892
lungn414.jpeg,1,914
lungaca4594.jpeg,0,661
lungscc876.jpeg,2,1028
lungscc2080.jpeg,2,1032
lungn1235.jpeg,1,960
lungaca191.jpeg,0,623
lungaca866.jpeg,0,522
lungn1855.jpeg,1,896
lungn899.jpeg,1,822
lungscc3124.jpeg,2,1216
lungn844.jpeg,1,859
lungaca3946.jpeg,0,747
lungscc4985.jpeg,2,1025
lungaca662.jpeg,0,569
lungn3319.jpeg,1,757
lungaca4129.jpeg,0,648
lungaca4298.jpeg,0,570
lungscc4907.jpeg,2,1036
lungaca554.jpeg,0,624
lungaca4452.jpeg,0,623
lungn4061.jpeg,1,883
lungaca3206.jpeg,0,581
lungn779.jpeg,1,830
lungaca1966.jpeg,0,644
lungaca1280.jpeg,0,550
lungaca539.jpeg,0,596
lungscc3946.jpeg,2,1120
lungscc715.jpeg,2,1111
lungaca275.jpeg,0,644
lungscc4475.jpeg,2,1199
lungscc639.jpeg,2,1003
lungn1986.jpeg,1,855
lungscc818.jpeg,2,1197
lungn1060.jpeg,1,820
lungaca2589.jpeg,0,590
lungscc4245.jpeg,2,1126
lungn2382.jpeg,1,793
lungscc4786.jpeg,2,1231
lungaca106.jpeg,0,641
lungscc860.jpeg,2,1142
lungscc4144.jpeg,2,1095
lungaca807.jpeg,0,608
lungaca1340.jpeg,0,689
lungscc1120.jpeg,2,1242
lungaca4604.jpeg,0,592
lungn3106.jpeg,1,878
lungn4189.jpeg,1,907
lungscc3973.jpeg,2,1071
lungaca4077.jpeg,0,548
lungn2557.jpeg,1,901
lungscc2394.jpeg,2,1004
lungscc4135.jpeg,2,1216
lungn408.jpeg,1,931
lungscc2721.jpeg,2,1074
lungn3460.jpeg,1,924
lungaca1193.jpeg,0,642
lungaca1162.jpeg,0,683
lungn2246.jpeg,1,845
lungscc1206.jpeg,2,1191
lungscc2429.jpeg,2,1020
lungaca706.jpeg,0,628
lungn3184.jpeg,1,933
lungn822.jpeg,1,843
lungaca4940.jpeg,0,662
lungscc4181.jpeg,2,1139
lungaca2202.jpeg,0,612
lungn1993.jpeg,1,985
lungn846.jpeg,1,815
lungn4886.jpeg,1,956
lungscc1571.jpeg,2,1059
lungscc2858.jpeg,2,1076
lungscc117.jpeg,2,1127
lungn20.jpeg,1,765
lungscc2520.jpeg,2,1184
lungscc843.jpeg,2,1035
lungaca3190.jpeg,0,732
lungscc2462.jpeg,2,1005
lungn3327.jpeg,1,761
lungaca2302.jpeg,0,568
lungscc4561.jpeg,2,1023
lungscc1927.jpeg,2,1033
lungaca2429.jpeg,0,689
lungaca2174.jpeg,0,527
lungn2872.jpeg,1,912
lungn2181.jpeg,1,812
lungaca4023.jpeg,0,634
lungscc704.jpeg,2,1134
lungscc4535.jpeg,2,1085
lungaca219.jpeg,0,513
lungn797.jpeg,1,793
lungscc4745.jpeg,2,1073
lungn4814.jpeg,1,812
lungaca392.jpeg,0,625
lungn3707.jpeg,1,775
lungscc1365.jpeg,2,1212
lungn3164.jpeg,1,802
lungaca4162.jpeg,0,563
lungscc3558.jpeg,2,1226
lungn1667.jpeg,1,947
lungscc1580.jpeg,2,1055
lungscc1749.jpeg,2,1222
lungn1912.jpeg,1,962
lungn341.jpeg,1,768
lungaca2814.jpeg,0,641
lungn2536.jpeg,1,755
lungn2889.jpeg,1,873
lungaca4741.jpeg,0,713
lungaca4771.jpeg,0,706
lungscc4650.jpeg,2,1103
lungn4053.jpeg,1,798
lungaca4730.jpeg,0,609
lungn1297.jpeg,1,983
lungaca82.jpeg,0,723
lungscc1047.jpeg,2,1031
lungaca4400.jpeg,0,707
lungaca4845.jpeg,0,536
lungn555.jpeg,1,815
lungaca1065.jpeg,0,550
lungn853.jpeg,1,852
lungn2814.jpeg,1,793
lungn207.jpeg,1,787
lungaca2725.jpeg,0,680
lungn3613.jpeg,1,797
lungaca2375.jpeg,0,711
lungscc2266.jpeg,2,1039
lungaca1552.jpeg,0,559
lungaca2190.jpeg,0,661
lungscc483.jpeg,2,1067
lungaca2367.jpeg,0,568
lungaca3166.jpeg,0,513
lungn1665.jpeg,1,912
lungn1648.jpeg,1,762
lungn1022.jpeg,1,751
lungscc4497.jpeg,2,1099
lungscc2385.jpeg,2,1219
lungaca2988.jpeg,0,654
lungscc4797.jpeg,2,1032
lungaca204.jpeg,0,552
lungn2235.jpeg,1,806
lungscc2096.jpeg,2,1089
lungaca2272.jpeg,0,574
lungaca3626.jpeg,0,576
lungn78.jpeg,1,765
lungscc2011.jpeg,2,1163
lungn4242.jpeg,1,818
lungn2291.jpeg,1,853
lungscc2153.jpeg,2,1155
lungn3858.jpeg,1,795
lungaca2643.jpeg,0,620
lungn4393.jpeg,1,826
lungn1083.jpeg,1,941
lungaca2980.jpeg,0,729
lungaca2424.jpeg,0,700
lungscc3901.jpeg,2,1110
lungn3552.jpeg,1,931
lungaca512.jpeg,0,621
lungaca1446.jpeg,0,675
lungscc3103.jpeg,2,1207
lungaca376.jpeg,0,714
lungaca3827.jpeg,0,654
lungn3218.jpeg,1,990
lungscc1599.jpeg,2,1168
lungaca1290.jpeg,0,741
lungn847.jpeg,1,932
lungn1328.jpeg,1,769
lungn359.jpeg,1,898
lungscc4176.jpeg,2,1185
lungn3292.jpeg,1,773
lungaca4408.jpeg,0,662
lungn4257.jpeg,1,841
lungn4682.jpeg,1,755
lungaca1178.jpeg,0,627
lungscc4616.jpeg,2,1049
lungn2037.jpeg,1,953
lungscc1554.jpeg,2,1025
lungscc3193.jpeg,2,1015
lungn2730.jpeg,1,801
lungn215.jpeg,1,910
lungaca4768.jpeg,0,689
lungaca1889.jpeg,0,621
lungscc2072.jpeg,2,1053
lungn99.jpeg,1,947
lungn704.jpeg,1,803
lungaca4833.jpeg,0,645
lungn2104.jpeg,1,841
lungaca3976.jpeg,0,540
lungn2863.jpeg,1,901
lungscc1438.jpeg,2,1133
lungaca102.jpeg,0,597
lungaca3684.jpeg,0,539
lungn1740.jpeg,1,841
lungscc2555.jpeg,2,1101
lungscc3754.jpeg,2,1073
lungscc1141.jpeg,2,1091
lungaca2731.jpeg,0,599
lungn2588.jpeg,1,797
lungn3265.jpeg,1,769
lungaca3179.jpeg,0,656
lungn1453.jpeg,1,804
lungn1132.jpeg,1,838
lungn3588.jpeg,1,819
lungscc2077.jpeg,2,1232
lungn3830.jpeg,1,976
lungscc2519.jpeg,2,1199
lungscc3659.jpeg,2,1172
lungscc1920.jpeg,2,1065
lungn2621.jpeg,1,971
lungscc757.jpeg,2,1221
lungaca3995.jpeg,0,667
lungscc758.jpeg,2,1123
lungscc3292.jpeg,2,1035
lungaca644.jpeg,0,570
lungn4075.jpeg,1,905
lungscc20.jpeg,2,1088
lungscc4346.jpeg,2,1024
lungscc1212.jpeg,2,1004
lungscc182.jpeg,2,1008
lungscc3171.jpeg,2,1196
lungscc3921.jpeg,2,1215
lungn309.jpeg,1,825
lungscc1697.jpeg,2,1160
lungaca3730.jpeg,0,540
lungaca2594.jpeg,0,524
lungaca2131.jpeg,0,688
lungaca4924.jpeg,0,626
lungscc928.jpeg,2,1160
lungn4509.jpeg,1,899
lungn714.jpeg,1,934
lungscc3635.jpeg,2,1236
lungn2443.jpeg,1,750
lungaca61.jpeg,0,549
lungaca2305.jpeg,0,556
lungscc1902.jpeg,2,1007
lungaca4662.jpeg,0,619
lungn3008.jpeg,1,803
lungscc4845.jpeg,2,1187
lungaca3636.jpeg,0,659
lungscc2247.jpeg,2,1046
lungaca2823.jpeg,0,653
lungscc1238.jpeg,2,1192
lungscc2644.jpeg,2,1085
lungn4292.jpeg,1,959
lungaca4241.jpeg,0,722
lungn2163.jpeg,1,921
lungn3204.jpeg,1,886
lungaca4358.jpeg,0,518
lungn4939.jpeg,1,929
lungaca4317.jpeg,0,604
lungn2961.jpeg,1,941
lungaca1613.jpeg,0,579
lungn4497.jpeg,1,910
lungn601.jpeg,1,808
lungscc1013.jpeg,2,1047
lungn1329.jpeg,1,769
lungaca1706.jpeg,0,669
lungaca4081.jpeg,0,718
lungscc1298.jpeg,2,1202
lungn4723.jpeg,1,920
lungaca4623.jpeg,0,666
lungaca3718.jpeg,0,620
lungn489.jpeg,1,932
lungn4467.jpeg,1,804
lungscc1099.jpeg,2,1161
lungn1812.jpeg,1,779
lungn2336.jpeg,1,771
lungscc2373.jpeg,2,1020
lungaca475.jpeg,0,710
lungaca329.jpeg,0,562
lungscc4941.jpeg,2,1067
lungaca1611.jpeg,0,560
lungn587.jpeg,1,962
lungaca1863.jpeg,0,540
lungn4385.jpeg,1,838
lungscc1194.jpeg,2,1003
lungaca1316.jpeg,0,616
lungscc1597.jpeg,2,1044
lungscc2093.jpeg,2,1083
lungscc4084.jpeg,2,1088
lungn645.jpeg,1,906
lungaca4850.jpeg,0,611
lungaca528.jpeg,0,554
lungaca2701.jpeg,0,668
lungaca4930.jpeg,0,707
lungn4986.jpeg,1,949
lungaca2220.jpeg,0,692
lungaca2474.jpeg,0,516
lungn3323.jpeg,1,865
lungn1575.jpeg,1,847
lungn2269.jpeg,1,813
lungscc4827.jpeg,2,1011
lungaca3889.jpeg,0,648
lungaca4405.jpeg,0,552
lungaca60.jpeg,0,626
lungscc3892.jpeg,2,1089
lungn1419.jpeg,1,753
lungaca1234.jpeg,0,741
lungaca1326.jpeg,0,516
lungaca3693.jpeg,0,711
lungn2385.jpeg,1,786
lungscc2596.jpeg,2,1107
lungn2782.jpeg,1,949
lungn893.jpeg,1,915
lungn451.jpeg,1,800
lungaca3878.jpeg,0,621
lungaca3238.jpeg,0,526
lungaca4120.jpeg,0,557
lungscc2853.jpeg,2,1047
lungn290.jpeg,1,794
lungn3672.jpeg,1,795
lungn1023.jpeg,1,782
lungaca1404.jpeg,0,539
lungaca3657.jpeg,0,656
lungn1754.jpeg,1,808
lungaca2266.jpeg,0,561
lungaca3033.jpeg,0,728
lungaca159.jpeg,0,664
lungscc60.jpeg,2,1033
lungscc3746.jpeg,2,998
lungn2278.jpeg,1,823
lungaca3752.jpeg,0,711
lungscc1604.jpeg,2,1102
lungscc2506.jpeg,2,1154
lungaca272.jpeg,0,664
lungn2118.jpeg,1,904
lungscc2106.jpeg,2,1194
lungscc4528.jpeg,2,1223
lungscc4777.jpeg,2,1066
lungaca1073.jpeg,0,583
lungaca4337.jpeg,0,539
lungn2671.jpeg,1,830
lungn4034.jpeg,1,795
lungscc108.jpeg,2,1000
lungn698.jpeg,1,910
lungscc1191.jpeg,2,1141
lungaca4543.jpeg,0,664
lungaca353.jpeg,0,718
lungaca38.jpeg,0,730
lungaca3750.jpeg,0,613
lungn1222.jpeg,1,871
lungn2862.jpeg,1,901
lungscc515.jpeg,2,1144
lungscc3386.jpeg,2,1149
lungn2997.jpeg,1,848
lungscc2144.jpeg,2,1012
lungaca893.jpeg,0,724
lungscc1339.jpeg,2,1057
lungscc1204.jpeg,2,1076
lungn4184.jpeg,1,810
lungscc1875.jpeg,2,1070
lungscc4912.jpeg,2,1129
lungscc3374.jpeg,2,1107
lungscc3941.jpeg,2,1135
lungscc4332.jpeg,2,1197
lungn1125.jpeg,1,988
lungn4305.jpeg,1,964
lungscc2810.jpeg,2,1147
lungscc3376.jpeg,2,1034
lungaca701.jpeg,0,738
lungn3783.jpeg,1,881
lungscc514.jpeg,2,1174
lungaca2412.jpeg,0,545
lungscc1819.jpeg,2,1021
lungaca3624.jpeg,0,588
lungaca4037.jpeg,0,598
lungaca2483.jpeg,0,550
lungn1429.jpeg,1,834
lungn9.jpeg,1,931
lungn2401.jpeg,1,962
lungaca4134.jpeg,0,609
lungscc4316.jpeg,2,1088
lungscc3131.jpeg,2,1011
lungscc4026.jpeg,2,1099
lungscc719.jpeg,2,1025
lungaca488.jpeg,0,670
lungaca2487.jpeg,0,552
lungn3722.jpeg,1,837
lungaca4264.jpeg,0,653
lungn4743.jpeg,1,816
lungn2877.jpeg,1,786
lungaca4061.jpeg,0,671
lungaca3757.jpeg,0,661
lungscc3842.jpeg,2,1200
lungaca996.jpeg,0,687
lungn4073.jpeg,1,927
lungscc1012.jpeg,2,1117
lungaca1151.jpeg,0,655
lungaca1171.jpeg,0,576
lungscc4052.jpeg,2,1238
lungaca3650.jpeg,0,630
lungaca2526.jpeg,0,732
lungaca1497.jpeg,0,713
lungn4158.jpeg,1,758
lungaca1894.jpeg,0,649
lungscc2507.jpeg,2,1154
lungaca1135.jpeg,0,559
lungaca3537.jpeg,0,580
lungaca883.jpeg,0,709
lungn740.jpeg,1,976
lungaca527.jpeg,0,517
lungn2314.jpeg,1,807
lungn4796.jpeg,1,896
lungaca2126.jpeg,0,569
lungaca3004.jpeg,0,629
lungscc4929.jpeg,2,1092
lungn3774.jpeg,1,983
lungn1481.jpeg,1,994
lungscc1575.jpeg,2,1063
lungn2929.jpeg,1,883
lungscc1547.jpeg,2,1171
lungn1618.jpeg,1,916
lungn4832.jpeg,1,950
lungaca803.jpeg,0,622
lungaca3652.jpeg,0,526
lungscc19.jpeg,2,1031
lungscc2131.jpeg,2,1221
lungn936.jpeg,1,942
lungscc1703.jpeg,2,1088
lungscc2008.jpeg,2,1208
lungscc4196.jpeg,2,1058
lungn960.jpeg,1,840
lungaca3713.jpeg,0,528
lungscc3826.jpeg,2,1081
lungaca2826.jpeg,0,692
lungn593.jpeg,1,941
lungscc3227.jpeg,2,1092
lungaca426.jpeg,0,606
lungscc3817.jpeg,2,1010
lungscc3341.jpeg,2,1082
lungaca3251.jpeg,0,607
lungn1936.jpeg,1,961
lungn3974.jpeg,1,889
lungscc3264.jpeg,2,1033
lungn2265.jpeg,1,810
lungn3527.jpeg,1,912
lungscc4278.jpeg,2,1019
lungscc2469.jpeg,2,1240
lungaca3352.jpeg,0,544
lungscc2371.jpeg,2,998
lungaca1556.jpeg,0,548
lungn3138.jpeg,1,937
lungscc1497.jpeg,2,1080
lungscc2741.jpeg,2,1101
lungn1904.jpeg,1,874
lungscc2881.jpeg,2,1222
lungscc3052.jpeg,2,1182
lungn1469.jpeg,1,975
lungscc243.jpeg,2,1210
lungn89.jpeg,1,849
lungscc1409.jpeg,2,1146
lungscc3819.jpeg,2,1154
lungaca796.jpeg,0,662
lungaca2122.jpeg,0,707
lungscc3851.jpeg,2,1074
lungaca1906.jpeg,0,641
lungn2150.jpeg,1,960
lungn4494.jpeg,1,938
lungscc2215.jpeg,2,1236
lungscc3470.jpeg,2,1161
lungscc1555.jpeg,2,1025
lungn2190.jpeg,1,882
lungn3959.jpeg,1,952
lungscc1106.jpeg,2,1178
lungaca3902.jpeg,0,721
lungn3630.jpeg,1,845
lungn3443.jpeg,1,758
lungaca259.jpeg,0,613
lungaca787.jpeg,0,567
lungscc1583.jpeg,2,999
lungscc2200.jpeg,2,1114
lungaca2681.jpeg,0,546
lungscc254.jpeg,2,1087
lungn1741.jpeg,1,979
lungaca2840.jpeg,0,714
lungscc1860.jpeg,2,1139
lungaca1032.jpeg,0,664
lungaca886.jpeg,0,590
lungscc2860.jpeg,2,1191
lungn406.jpeg,1,916
lungaca4498.jpeg,0,594
lungaca3686.jpeg,0,737
lungscc2253.jpeg,2,1205
lungaca3325.jpeg,0,533
lungn2914.jpeg,1,781
lungscc1666.jpeg,2,1061
lungscc528.jpeg,2,1148
lungn3761.jpeg,1,835
lungn1133.jpeg,1,816
lungaca1730.jpeg,0,514
lungn2561.jpeg,1,918
lungscc159.jpeg,2,1232
lungaca466.jpeg,0,701
lungaca1045.jpeg,0,691
lungn2549.jpeg,1,865
lungaca2148.jpeg,0,525
lungscc3682.jpeg,2,1179
lungaca3007.jpeg,0,663
lungn4455.jpeg,1,814
lungaca1111.jpeg,0,550
lungn758.jpeg,1,953
lungn4976.jpeg,1,794
lungn4341.jpeg,1,895
lungn840.jpeg,1,801
lungscc1063.jpeg,2,1141
lungaca1394.jpeg,0,739
lungn280.jpeg,1,988
lungscc3951.jpeg,2,1177
lungaca3364.jpeg,0,578
lungscc4046.jpeg,2,1148
lungscc287.jpeg,2,1027
lungn4968.jpeg,1,824
lungaca1986.jpeg,0,727
lungaca3620.jpeg,0,600
lungaca4206.jpeg,0,529
lungn2080.jpeg,1,946
lungn3595.jpeg,1,883
lungaca4977.jpeg,0,724
lungscc74.jpeg,2,1041
lungaca2102.jpeg,0,541
lungscc1546.jpeg,2,1238
lungaca3845.jpeg,0,721
lungscc1628.jpeg,2,1183
lungaca2331.jpeg,0,691
lungaca2264.jpeg,0,525
lungn2324.jpeg,1,773
lungscc679.jpeg,2,1099
lungaca4244.jpeg,0,730
lungscc3794.jpeg,2,1052
lungn1581.jpeg,1,859
lungn1393.jpeg,1,826
lungaca4743.jpeg,0,589
lungaca4724.jpeg,0,612
lungaca4626.jpeg,0,516
lungaca3194.jpeg,0,647
lungaca3118.jpeg,0,584
lungn4265.jpeg,1,891
lungaca4345.jpeg,0,737
lungaca4323.jpeg,0,727
lungn810.jpeg,1,942
lungn501.jpeg,1,835
lungaca949.jpeg,0,529
lungscc3676.jpeg,2,1233
lungn3148.jpeg,1,805
lungaca1112.jpeg,0,550
lungscc174.jpeg,2,1081
lungn1091.jpeg,1,806
lungscc2099.jpeg,2,1069
lungscc1689.jpeg,2,1167
lungn1746.jpeg,1,828
lungscc2786.jpeg,2,1033
lungscc4424.jpeg,2,1057
lungn3353.jpeg,1,793
lungscc835.jpeg,2,1047
lungn4718.jpeg,1,982
lungn3354.jpeg,1,940
lungscc4037.jpeg,2,1204
lungscc2955.jpeg,2,1105
lungscc1091.jpeg,2,1080
lungscc846.jpeg,2,1135
lungscc2529.jpeg,2,1169
lungaca2760.jpeg,0,678
lungscc587.jpeg,2,1027
lungaca4481.jpeg,0,715
lungaca4372.jpeg,0,554
lungaca283.jpeg,0,554
lungn1087.jpeg,1,757
lungaca673.jpeg,0,543
lungn4507.jpeg,1,868
lungscc3241.jpeg,2,1181
lungscc1610.jpeg,2,1207
lungn1813.jpeg,1,974
lungn2261.jpeg,1,818
lungaca1755.jpeg,0,680
lungn3808.jpeg,1,777
lungaca3191.jpeg,0,545
lungn644.jpeg,1,873
lungn3324.jpeg,1,779
lungscc2958.jpeg,2,1226
lungaca3009.jpeg,0,721
lungn395.jpeg,1,766
lungaca958.jpeg,0,610
lungaca2105.jpeg,0,685
lungn477.jpeg,1,863
lungscc2508.jpeg,2,1100
lungaca3099.jpeg,0,536
lungaca1641.jpeg,0,542
lungaca570.jpeg,0,741
lungscc4027.jpeg,2,1166
lungn2128.jpeg,1,894
lungaca1451.jpeg,0,540
lungscc3588.jpeg,2,1139
lungscc1775.jpeg,2,1186
lungscc4720.jpeg,2,1211
lungscc3805.jpeg,2,1212
lungn2408.jpeg,1,794
lungscc1545.jpeg,2,1236
lungaca4996.jpeg,0,520
lungn4129.jpeg,1,821
lungn541.jpeg,1,974
lungn4525.jpeg,1,991
lungn163.jpeg,1,763
lungscc518.jpeg,2,1163
lungscc4984.jpeg,2,1025
lungscc1751.jpeg,2,1194
lungn3341.jpeg,1,911
lungaca739.jpeg,0,583
lungn4131.jpeg,1,905
lungaca2315.jpeg,0,593
lungscc3891.jpeg,2,1079
lungaca2693.jpeg,0,648
lungaca233.jpeg,0,582
lungscc1260.jpeg,2,1111
lungaca31.jpeg,0,677
lungscc3591.jpeg,2,1155
lungn1383.jpeg,1,937
lungn2243.jpeg,1,956
lungn2858.jpeg,1,804
lungscc903.jpeg,2,1035
lungaca3747.jpeg,0,676
lungn4481.jpeg,1,888
lungaca885.jpeg,0,545
lungaca4514.jpeg,0,731
lungn2212.jpeg,1,922
lungscc348.jpeg,2,1122
lungn1414.jpeg,1,902
lungscc4048.jpeg,2,1047
lungn2331.jpeg,1,952
lungaca1975.jpeg,0,653
lungscc4692.jpeg,2,1159
lungn2948.jpeg,1,763
lungn518.jpeg,1,785
lungscc1995.jpeg,2,1058
lungaca1002.jpeg,0,569
lungn1664.jpeg,1,926
lungscc3170.jpeg,2,1133
lungn1941.jpeg,1,830
lungn1647.jpeg,1,996
lungaca3900.jpeg,0,547
lungn637.jpeg,1,994
lungaca4746.jpeg,0,634
lungaca1277.jpeg,0,598
lungscc754.jpeg,2,1106
lungscc3514.jpeg,2,1039
lungn2907.jpeg,1,894
lungaca1819.jpeg,0,538
lungn1478.jpeg,1,964
lungscc2940.jpeg,2,1222
lungaca2530.jpeg,0,623
lungn3376.jpeg,1,850
lungn3674.jpeg,1,915
lungn4892.jpeg,1,892
lungaca2052.jpeg,0,717
lungn3314.jpeg,1,965
lungscc3372.jpeg,2,1110
lungscc2889.jpeg,2,1110
lungn2.jpeg,1,922
lungn284.jpeg,1,931
lungaca2447.jpeg,0,513
lungaca3337.jpeg,0,704
lungn499.jpeg,1,762
lungaca2881.jpeg,0,526
lungn4775.jpeg,1,924
lungscc1967.jpeg,2,1176
lungn2996.jpeg,1,922
lungn4223.jpeg,1,779
lungaca833.jpeg,0,596
lungn1964.jpeg,1,813
lungaca4112.jpeg,0,637
lungaca4809.jpeg,0,545
lungaca824.jpeg,0,551
lungaca2819.jpeg,0,605
lungscc1582.jpeg,2,1160
lungn3407.jpeg,1,817
lungaca3544.jpeg,0,552
lungaca3252.jpeg,0,709
lungn2829.jpeg,1,875
lungscc5.jpeg,2,1144
lungaca3954.jpeg,0,616
lungn4480.jpeg,1,749
lungscc1836.jpeg,2,1231
lungn225.jpeg,1,782
lungscc624.jpeg,2,1169
lungaca4217.jpeg,0,739
lungaca3505.jpeg,0,640
lungaca1522.jpeg,0,530
lungscc2824.jpeg,2,1194
lungn219.jpeg,1,891
lungscc4299.jpeg,2,1228
lungscc2898.jpeg,2,1217
lungn1907.jpeg,1,821
lungn3557.jpeg,1,855
lungaca4825.jpeg,0,530
lungn1168.jpeg,1,964
lungaca3715.jpeg,0,616
lungaca3737.jpeg,0,669
lungn259.jpeg,1,982
lungn2551.jpeg,1,761
lungaca3673.jpeg,0,683
lungaca3214.jpeg,0,538
lungn1829.jpeg,1,902
lungaca4073.jpeg,0,609
lungscc3009.jpeg,2,1222
lungn2959.jpeg,1,891
lungn632.jpeg,1,770
lungn1938.jpeg,1,846
lungaca95.jpeg,0,649
lungaca2898.jpeg,0,743
lungscc4622.jpeg,2,1084
lungaca1957.jpeg,0,520
lungscc1186.jpeg,2,1208
lungscc2746.jpeg,2,1224
lungn4540.jpeg,1,928
lungscc3355.jpeg,2,1091
lungn3312.jpeg,1,881
lungscc2993.jpeg,2,1124
lungscc1511.jpeg,2,1189
lungaca3938.jpeg,0,637
lungn788.jpeg,1,959
lungaca14.jpeg,0,560
lungscc2980.jpeg,2,1010
lungscc537.jpeg,2,1119
lungscc2873.jpeg,2,1069
lungn1300.jpeg,1,947
lungn2221.jpeg,1,768
lungn23.jpeg,1,811
lungn4811.jpeg,1,963
lungscc1865.jpeg,2,1009
lungscc4078.jpeg,2,1115
lungn4128.jpeg,1,927
lungscc3731.jpeg,2,1029
lungn4238.jpeg,1,924
lungn3700.jpeg,1,776
lungn4382.jpeg,1,995
lungn1490.jpeg,1,752
lungn2134.jpeg,1,901
lungn4669.jpeg,1,837
lungaca545.jpeg,0,717
lungaca4228.jpeg,0,530
lungn3852.jpeg,1,889
lungn230.jpeg,1,779
lungn1298.jpeg,1,862
lungscc2376.jpeg,2,1104
lungscc1341.jpeg,2,1165
lungn761.jpeg,1,884
lungscc4083.jpeg,2,1043
lungn1315.jpeg,1,757
lungn2371.jpeg,1,776
lungaca3832.jpeg,0,628
lungaca2887.jpeg,0,604
lungaca145.jpeg,0,556
lungn1316.jpeg,1,808
lungn1577.jpeg,1,886
lungaca4613.jpeg,0,686
lungn2367.jpeg,1,895
lungn3133.jpeg,1,794
lungscc3618.jpeg,2,1132
lungaca54.jpeg,0,585
lungn2695.jpeg,1,753
lungn3273.jpeg,1,776
lungaca1905.jpeg,0,641
lungn1228.jpeg,1,928
lungscc2053.jpeg,2,1160
lungn634.jpeg,1,874
lungscc4129.jpeg,2,1225
lungn1304.jpeg,1,763
lungaca1711.jpeg,0,696
lungn4744.jpeg,1,755
lungn4628.jpeg,1,889
lungaca2866.jpeg,0,716
lungscc4437.jpeg,2,1040
lungaca2973.jpeg,0,639
lungaca864.jpeg,0,738
lungaca4078.jpeg,0,554
lungn1141.jpeg,1,847
lungaca3980.jpeg,0,650
lungn39.jpeg,1,942
lungscc771.jpeg,2,1051
lungn3773.jpeg,1,952
lungscc4214.jpeg,2,1170
lungaca1357.jpeg,0,622
lungn1366.jpeg,1,947
lungscc4201.jpeg,2,1015
lungn3962.jpeg,1,875
lungscc1729.jpeg,2,1076
lungscc1684.jpeg,2,1126
lungscc2676.jpeg,2,1205
lungn1145.jpeg,1,880
lungscc2954.jpeg,2,1040
lungaca2566.jpeg,0,534
lungaca3199.jpeg,0,643
lungscc1759.jpeg,2,1045
lungaca2134.jpeg,0,519
lungscc1652.jpeg,2,1149
lungn3917.jpeg,1,751
lungaca166.jpeg,0,648
lungaca373.jpeg,0,739
lungn468.jpeg,1,893
lungscc4489.jpeg,2,1041
lungn100.jpeg,1,910
lungaca3691.jpeg,0,577
lungscc1375.jpeg,2,1092
lungn655.jpeg,1,757
lungaca3464.jpeg,0,661
lungn3517.jpeg,1,911
lungaca4421.jpeg,0,622
lungscc1846.jpeg,2,1213
lungaca358.jpeg,0,574
lungscc598.jpeg,2,1089
lungn2629.jpeg,1,773
lungaca4984.jpeg,0,530
lungaca3934.jpeg,0,684
lungn1384.jpeg,1,941
lungn4380.jpeg,1,759
lungn4313.jpeg,1,797
lungaca2608.jpeg,0,601
lungn352.jpeg,1,937
lungscc2092.jpeg,2,1064
lungscc964.jpeg,2,1195
lungscc2959.jpeg,2,1001
lungaca2989.jpeg,0,712
lungn1088.jpeg,1,774
lungaca4490.jpeg,0,554
lungn2951.jpeg,1,962
lungn1493.jpeg,1,866
lungaca371.jpeg,0,743
lungscc1321.jpeg,2,1219
lungscc3873.jpeg,2,1093
lungaca521.jpeg,0,738
lungscc3999.jpeg,2,1112
lungn527.jpeg,1,803
lungn44.jpeg,1,833
lungscc351.jpeg,2,1227
lungscc2351.jpeg,2,1063
lungaca4732.jpeg,0,642
lungn2791.jpeg,1,825
lungaca686.jpeg,0,702
lungscc4108.jpeg,2,1104
lungn1277.jpeg,1,807
lungn2255.jpeg,1,911
lungscc4978.jpeg,2,1064
lungaca2624.jpeg,0,654
lungn2406.jpeg,1,828
lungn560.jpeg,1,901
lungn278.jpeg,1,921
lungscc4043.jpeg,2,1082
lungscc1064.jpeg,2,1215
lungn2842.jpeg,1,857
lungn4142.jpeg,1,906
lungscc3268.jpeg,2,1019
lungn1847.jpeg,1,922
lungaca4276.jpeg,0,588
lungaca2321.jpeg,0,592
lungscc781.jpeg,2,1199
lungn337.jpeg,1,919
lungn1134.jpeg,1,751
lungaca2738.jpeg,0,661
lungn3248.jpeg,1,797
lungscc3122.jpeg,2,1177
lungn2894.jpeg,1,899
lungscc694.jpeg,2,1053
lungaca1963.jpeg,0,682
lungn4893.jpeg,1,944
lungscc776.jpeg,2,1124
lungaca4123.jpeg,0,682
lungn1872.jpeg,1,845
lungn1120.jpeg,1,912
lungn1758.jpeg,1,898
lungaca3195.jpeg,0,595
lungn2298.jpeg,1,992
lungn769.jpeg,1,985
lungn3452.jpeg,1,781
lungaca1403.jpeg,0,537
lungn542.jpeg,1,780
lungscc1386.jpeg,2,1151
lungscc4968.jpeg,2,1053
lungscc4218.jpeg,2,1123
lungscc4510.jpeg,2,1014
lungscc2415.jpeg,2,1021
lungscc4011.jpeg,2,1225
lungn4409.jpeg,1,852
lungaca3879.jpeg,0,602
lungaca2951.jpeg,0,623
lungscc4365.jpeg,2,1005
lungn596.jpeg,1,816
lungaca2869.jpeg,0,513
lungscc4064.jpeg,2,1241
lungaca2351.jpeg,0,527
lungscc4783.jpeg,2,1197
lungaca2329.jpeg,0,686
lungn2664.jpeg,1,822
lungscc4111.jpeg,2,1039
lungscc1551.jpeg,2,1083
lungn3571.jpeg,1,991
lungaca4029.jpeg,0,709
lungaca854.jpeg,0,564
lungscc4010.jpeg,2,1162
lungn4971.jpeg,1,800
lungaca3534.jpeg,0,698
lungscc2209.jpeg,2,1024
lungscc4340.jpeg,2,1023
lungaca4271.jpeg,0,530
lungaca4835.jpeg,0,621
lungscc3308.jpeg,2,1165
lungaca4022.jpeg,0,695
lungn799.jpeg,1,897
lungscc4696.jpeg,2,1237
lungaca335.jpeg,0,506
lungaca3801.jpeg,0,624
lungscc3394.jpeg,2,1215
lungn3005.jpeg,1,873
lungn3701.jpeg,1,776
lungscc1524.jpeg,2,1231
lungscc3093.jpeg,2,1016
lungn2185.jpeg,1,822
lungscc27.jpeg,2,1052
lungn4397.jpeg,1,860
lungscc3075.jpeg,2,1052
lungn1373.jpeg,1,831
lungaca1097.jpeg,0,634
lungn4928.jpeg,1,884
lungscc2679.jpeg,2,1013
lungscc1796.jpeg,2,1035
lungscc2856.jpeg,2,1238
lungn2464.jpeg,1,896
lungn2774.jpeg,1,764
lungaca244.jpeg,0,540
lungscc2115.jpeg,2,1043
lungscc3096.jpeg,2,1061
lungn4616.jpeg,1,797
lungscc1792.jpeg,2,1237
lungscc2731.jpeg,2,1146
lungscc3230.jpeg,2,1051
lungn3174.jpeg,1,983
lungscc1198.jpeg,2,1148
lungscc3881.jpeg,2,1224
lungaca4382.jpeg,0,547
lungn1360.jpeg,1,942
lungaca4961.jpeg,0,672
lungaca1294.jpeg,0,625
lungaca3982.jpeg,0,581
lungscc677.jpeg,2,1034
lungaca4352.jpeg,0,627
lungscc3963.jpeg,2,1055
lungscc2059.jpeg,2,1021
lungaca4225.jpeg,0,610
lungaca75.jpeg,0,577
lungn1862.jpeg,1,941
lungscc2477.jpeg,2,1242
lungn3348.jpeg,1,791
lungn1506.jpeg,1,992
lungscc318.jpeg,2,1187
lungaca299.jpeg,0,545
lungscc1255.jpeg,2,1112
lungaca1353.jpeg,0,524
lungn2866.jpeg,1,996
lungaca3578.jpeg,0,509
lungaca2905.jpeg,0,714
lungscc540.jpeg,2,1147
lungaca3526.jpeg,0,612
lungscc2386.jpeg,2,1079
lungn3461.jpeg,1,975
lungaca863.jpeg,0,681
lungaca2209.jpeg,0,554
lungn1382.jpeg,1,838
lungn2591.jpeg,1,970
lungscc1383.jpeg,2,1068
lungaca3026.jpeg,0,581
lungaca1506.jpeg,0,694
lungscc2934.jpeg,2,1078
lungscc3076.jpeg,2,1146
lungscc3872.jpeg,2,1093
lungn4036.jpeg,1,782
lungaca2544.jpeg,0,689
lungscc302.jpeg,2,1033
lungscc1798.jpeg,2,1068
lungn3447.jpeg,1,790
lungn439.jpeg,1,749
lungn327.jpeg,1,802
lungscc671.jpeg,2,1136
lungscc614.jpeg,2,1222
lungaca2907.jpeg,0,652
lungaca2310.jpeg,0,723
lungn3548.jpeg,1,752
lungscc3533.jpeg,2,1155
lungscc1592.jpeg,2,1001
lungn611.jpeg,1,822
lungaca2830.jpeg,0,679
lungn3840.jpeg,1,905
lungn2602.jpeg,1,992
lungaca1929.jpeg,0,524
lungn2400.jpeg,1,896
lungaca782.jpeg,0,724
lungaca198.jpeg,0,550
lungaca3492.jpeg,0,626
lungn2286.jpeg,1,794
lungn2020.jpeg,1,864
lungscc177.jpeg,2,1086
lungn3850.jpeg,1,881
lungscc4180.jpeg,2,1195
lungscc301.jpeg,2,1181
lungaca636.jpeg,0,622
lungaca4916.jpeg,0,655
lungaca4633.jpeg,0,707
lungaca4540.jpeg,0,615
lungscc4455.jpeg,2,1114
lungn4021.jpeg,1,823
lungscc4065.jpeg,2,1225
lungscc1928.jpeg,2,1097
lungscc275.jpeg,2,1077
lungn4703.jpeg,1,932
lungn3538.jpeg,1,907
lungaca1817.jpeg,0,617
lungaca1589.jpeg,0,737
lungn3536.jpeg,1,861
lungaca4590.jpeg,0,553
lungaca1062.jpeg,0,539
lungaca2188.jpeg,0,636
lungn1400.jpeg,1,895
lungscc1726.jpeg,2,1090
lungaca1732.jpeg,0,574
lungn3768.jpeg,1,928
lungaca2326.jpeg,0,611
lungaca2628.jpeg,0,561
lungaca68.jpeg,0,539
lungn1047.jpeg,1,951
lungscc4158.jpeg,2,1163
lungaca4637.jpeg,0,555
lungn3351.jpeg,1,878
lungaca2276.jpeg,0,507
lungaca3848.jpeg,0,725
lungscc3390.jpeg,2,1138
lungn3032.jpeg,1,895
lungaca1481.jpeg,0,572
lungn1903.jpeg,1,874
lungscc4314.jpeg,2,1055
lungaca687.jpeg,0,673
lungscc2137.jpeg,2,1114
lungn2145.jpeg,1,802
lungscc1005.jpeg,2,1077
lungn157.jpeg,1,797
lungscc2620.jpeg,2,1134
lungscc372.jpeg,2,1015
lungn521.jpeg,1,938
lungaca228.jpeg,0,616
lungscc3215.jpeg,2,1082
lungn1175.jpeg,1,824
lungscc353.jpeg,2,1068
lungscc4367.jpeg,2,1070
lungscc4375.jpeg,2,1166
lungscc1221.jpeg,2,1169
lungn1609.jpeg,1,772
lungscc2818.jpeg,2,1151
lungn4800.jpeg,1,866
lungn2978.jpeg,1,791
lungscc4890.jpeg,2,1005
lungaca382.jpeg,0,567
lungaca4147.jpeg,0,565
lungn4595.jpeg,1,990
lungaca3975.jpeg,0,540
lungscc1754.jpeg,2,1189
lungn1671.jpeg,1,953
lungaca1850.jpeg,0,532
lungaca236.jpeg,0,584
lungscc2203.jpeg,2,1188
lungscc4226.jpeg,2,1176
lungn683.jpeg,1,749
lungscc135.jpeg,2,1096
lungscc462.jpeg,2,1176
lungn204.jpeg,1,770
lungscc3100.jpeg,2,1111
lungscc1311.jpeg,2,1048
lungaca3208.jpeg,0,588
lungscc2727.jpeg,2,1156
lungaca3356.jpeg,0,656
lungn1924.jpeg,1,985
lungn739.jpeg,1,883
lungn1100.jpeg,1,901
lungn465.jpeg,1,757
lungscc3849.jpeg,2,1096
lungaca3631.jpeg,0,677
lungaca480.jpeg,0,620
lungaca4174.jpeg,0,556
lungaca3021.jpeg,0,549
lungaca4748.jpeg,0,679
lungn3326.jpeg,1,761
lungn134.jpeg,1,871
lungaca497.jpeg,0,705
lungscc3952.jpeg,2,1113
lungn2222.jpeg,1,910
lungn307.jpeg,1,777
lungaca1766.jpeg,0,662
lungscc263.jpeg,2,1001
lungaca1278.jpeg,0,527
lungaca3530.jpeg,0,738
lungaca51.jpeg,0,579
lungaca4242.jpeg,0,649
lungaca4736.jpeg,0,710
lungaca1955.jpeg,0,553
lungaca1105.jpeg,0,731
lungscc124.jpeg,2,1011
lungaca826.jpeg,0,573
lungn1803.jpeg,1,760
lungn1048.jpeg,1,954
lungn2152.jpeg,1,986
lungscc3416.jpeg,2,1085
lungscc449.jpeg,2,1045
lungaca1091.jpeg,0,616
lungaca4918.jpeg,0,515
lungscc3777.jpeg,2,1206
lungn3718.jpeg,1,862
lungscc1782.jpeg,2,1027
lungscc3159.jpeg,2,1077
lungscc3391.jpeg,2,1123
lungn2471.jpeg,1,794
lungscc1868.jpeg,2,1097
lungn3405.jpeg,1,773
lungscc4186.jpeg,2,1009
lungn1462.jpeg,1,990
lungaca3563.jpeg,0,549
lungscc1939.jpeg,2,1055
lungaca3472.jpeg,0,592
lungaca3347.jpeg,0,609
lungscc2352.jpeg,2,1142
lungaca153.jpeg,0,703
lungscc4257.jpeg,2,1055
lungscc208.jpeg,2,1220
lungscc1176.jpeg,2,1166
lungscc2406.jpeg,2,1058
lungn1531.jpeg,1,842
lungn2078.jpeg,1,798
lungaca4216.jpeg,0,527
lungscc3896.jpeg,2,1182
lungaca2445.jpeg,0,654
lungscc1711.jpeg,2,1006
lungscc92.jpeg,2,1077
lungn438.jpeg,1,762
lungn4220.jpeg,1,860
lungscc4417.jpeg,2,1009
lungn2698.jpeg,1,926
lungscc1687.jpeg,2,1118
lungaca179.jpeg,0,663
lungn4503.jpeg,1,917
lungaca997.jpeg,0,604
lungn667.jpeg,1,779
lungaca1282.jpeg,0,610
lungscc2925.jpeg,2,1152
lungn3258.jpeg,1,850
lungn1914.jpeg,1,881
lungn3468.jpeg,1,973
lungaca3716.jpeg,0,585
lungscc3437.jpeg,2,1214
lungscc4081.jpeg,2,1058
lungscc1222.jpeg,2,1055
lungscc2840.jpeg,2,1049
lungscc590.jpeg,2,1111
lungaca780.jpeg,0,643
lungscc1833.jpeg,2,1072
lungscc1856.jpeg,2,1121
lungscc674.jpeg,2,1094
lungaca1058.jpeg,0,731
lungaca2183.jpeg,0,617
lungaca2094.jpeg,0,686
lungaca1824.jpeg,0,723
lungscc854.jpeg,2,1167
lungscc1125.jpeg,2,1168
lungscc2270.jpeg,2,1051
lungscc1440.jpeg,2,1195
lungaca3376.jpeg,0,640
lungn2035.jpeg,1,841
lungaca3674.jpeg,0,600
lungn3166.jpeg,1,810
lungscc2558.jpeg,2,1125
lungscc189.jpeg,2,1109
lungn712.jpeg,1,814
lungn4916.jpeg,1,772
lungscc2915.jpeg,2,1134
lungaca396.jpeg,0,524
lungscc3071.jpeg,2,1074
lungn4008.jpeg,1,787
lungscc3296.jpeg,2,1182
lungscc2526.jpeg,2,1057
lungn3909.jpeg,1,803
lungscc1431.jpeg,2,1102
lungaca234.jpeg,0,655
lungaca1574.jpeg,0,590
lungscc700.jpeg,2,1082
lungscc1435.jpeg,2,1111
lungaca3509.jpeg,0,635
lungaca2142.jpeg,0,682
lungn2881.jpeg,1,875
lungaca1950.jpeg,0,662
lungn1123.jpeg,1,836
lungn3751.jpeg,1,805
lungaca224.jpeg,0,514
lungn4983.jpeg,1,899
lungaca1276.jpeg,0,733
lungaca4856.jpeg,0,710
lungaca4949.jpeg,0,659
lungscc2947.jpeg,2,1096
lungaca805.jpeg,0,664
lungaca2918.jpeg,0,621
lungn2238.jpeg,1,812
lungaca4595.jpeg,0,508
lungscc2704.jpeg,2,1005
lungscc898.jpeg,2,1196
lungscc2224.jpeg,2,1081
lungn657.jpeg,1,844
lungaca3586.jpeg,0,704
lungn4750.jpeg,1,963
lungn776.jpeg,1,974
lungaca2579.jpeg,0,653
lungn2466.jpeg,1,979
lungn1333.jpeg,1,867
lungaca3209.jpeg,0,531
lungn4488.jpeg,1,766
lungscc3242.jpeg,2,1209
lungaca4494.jpeg,0,560
lungaca1381.jpeg,0,719
lungscc831.jpeg,2,1213
lungscc4266.jpeg,2,1056
lungn356.jpeg,1,873
lungscc2787.jpeg,2,1163
lungn1110.jpeg,1,802
lungaca1904.jpeg,0,698
lungscc2825.jpeg,2,1059
lungn1302.jpeg,1,943
lungn3889.jpeg,1,791
lungaca472.jpeg,0,586
lungn1066.jpeg,1,796
lungn1651.jpeg,1,967
lungaca4910.jpeg,0,594
lungscc1043.jpeg,2,1075
lungscc2316.jpeg,2,1173
lungscc4347.jpeg,2,1047
lungn3508.jpeg,1,769
lungscc459.jpeg,2,1020
lungscc2854.jpeg,2,1235
lungscc212.jpeg,2,1205
lungaca2176.jpeg,0,563
lungn2460.jpeg,1,989
lungn1216.jpeg,1,990
lungaca313.jpeg,0,543
lungaca1197.jpeg,0,580
lungn1479.jpeg,1,870
lungn4633.jpeg,1,774
lungscc4265.jpeg,2,1056
lungn3702.jpeg,1,996
lungn3753.jpeg,1,830
lungn334.jpeg,1,942
lungn3941.jpeg,1,946
lungn4084.jpeg,1,759
lungaca2875.jpeg,0,668
lungaca2781.jpeg,0,635
lungn805.jpeg,1,824
lungn3784.jpeg,1,965
lungscc2159.jpeg,2,1209
lungn4127.jpeg,1,922
lungscc361.jpeg,2,1057
lungscc4086.jpeg,2,1066
lungaca3246.jpeg,0,565
lungaca3502.jpeg,0,527
lungscc3189.jpeg,2,1038
lungaca968.jpeg,0,746
lungn3358.jpeg,1,823
lungaca1429.jpeg,0,609
lungaca1081.jpeg,0,701
lungaca4548.jpeg,0,658
lungscc1278.jpeg,2,1109
lungscc472.jpeg,2,1064
lungaca2435.jpeg,0,662
lungscc542.jpeg,2,1035
lungn721.jpeg,1,779
lungaca2702.jpeg,0,736
lungn2066.jpeg,1,769
lungn208.jpeg,1,874
lungn897.jpeg,1,812
lungn1985.jpeg,1,984
lungn1940.jpeg,1,859
lungaca2427.jpeg,0,610
lungscc2814.jpeg,2,1009
lungaca4913.jpeg,0,507
lungn1762.jpeg,1,886
lungaca4188.jpeg,0,591
lungscc4319.jpeg,2,1099
lungscc2800.jpeg,2,1047
lungaca4202.jpeg,0,719
lungaca1152.jpeg,0,634
lungn732.jpeg,1,791
lungn1896.jpeg,1,928
lungscc4025.jpeg,2,1107
lungaca4798.jpeg,0,507
lungn727.jpeg,1,946
lungaca1651.jpeg,0,667
lungaca3155.jpeg,0,506
lungscc3605.jpeg,2,999
lungscc997.jpeg,2,1175
lungn96.jpeg,1,848
lungscc4014.jpeg,2,1161
lungn4406.jpeg,1,815
lungaca900.jpeg,0,635
lungscc3042.jpeg,2,1238
lungaca3511.jpeg,0,576
lungn3112.jpeg,1,877
lungaca2687.jpeg,0,615
lungaca3363.jpeg,0,596
lungscc4357.jpeg,2,1122
lungscc2758.jpeg,2,1068
lungaca1322.jpeg,0,596
lungn2908.jpeg,1,859
lungn3835.jpeg,1,813
lungscc162.jpeg,2,1134
lungaca2277.jpeg,0,565
lungn4960.jpeg,1,835
lungn2769.jpeg,1,763
lungn1906.jpeg,1,919
lungn3904.jpeg,1,916
lungscc582.jpeg,2,1148
lungscc4210.jpeg,2,1006
lungaca655.jpeg,0,594
lungaca1645.jpeg,0,537
lungn2260.jpeg,1,818
lungscc3449.jpeg,2,1224
lungn3388.jpeg,1,809
lungscc4859.jpeg,2,1168
lungscc3801.jpeg,2,1242
lungaca1300.jpeg,0,730
lungscc4097.jpeg,2,1132
lungscc4847.jpeg,2,1245
lungaca4248.jpeg,0,644
lungscc4754.jpeg,2,1025
lungn214.jpeg,1,910
lungscc1335.jpeg,2,1097
lungaca2495.jpeg,0,506
lungaca1810.jpeg,0,635
lungn4579.jpeg,1,780
lungaca1712.jpeg,0,662
lungaca2097.jpeg,0,514
lungn1062.jpeg,1,912
lungaca278.jpeg,0,674
lungn4231.jpeg,1,788
lungscc1174.jpeg,2,1056
lungscc2537.jpeg,2,1198
lungaca2382.jpeg,0,704
lungscc1231.jpeg,2,1116
lungaca1922.jpeg,0,708
lungn2759.jpeg,1,907
lungn3404.jpeg,1,773
lungaca1694.jpeg,0,675
lungscc1650.jpeg,2,1174
lungscc2119.jpeg,2,1211
lungaca2717.jpeg,0,540
lungscc3964.jpeg,2,1074
lungn1154.jpeg,1,950
lungscc2790.jpeg,2,1123
lungaca146.jpeg,0,637
lungn939.jpeg,1,797
lungn3984.jpeg,1,801
lungn1350.jpeg,1,813
lungaca2786.jpeg,0,728
lungaca175.jpeg,0,580
lungn969.jpeg,1,769
lungaca2877.jpeg,0,580
lungscc2607.jpeg,2,1163
lungaca2772.jpeg,0,734
lungaca4155.jpeg,0,709
lungn1143.jpeg,1,822
lungaca2337.jpeg,0,604
lungaca781.jpeg,0,650
lungaca590.jpeg,0,747
lungn2804.jpeg,1,944
lungaca4251.jpeg,0,614
lungscc1123.jpeg,2,1072
lungaca1409.jpeg,0,676
lungscc1843.jpeg,2,1032
lungscc2870.jpeg,2,1182
lungaca2392.jpeg,0,674
lungscc1052.jpeg,2,1056
lungscc4281.jpeg,2,1117
lungscc3312.jpeg,2,1169
lungn3013.jpeg,1,917
lungn2885.jpeg,1,866
lungn2394.jpeg,1,771
lungscc3418.jpeg,2,1109
lungscc4063.jpeg,2,1069
lungn604.jpeg,1,934
lungn4849.jpeg,1,800
lungn260.jpeg,1,964
lungn4125.jpeg,1,820
lungaca4684.jpeg,0,573
lungaca3603.jpeg,0,727
lungaca137.jpeg,0,737
lungn288.jpeg,1,828
lungscc1972.jpeg,2,1173
lungaca2688.jpeg,0,729
lungaca4224.jpeg,0,569
lungaca4507.jpeg,0,679
lungn131.jpeg,1,798
lungaca4454.jpeg,0,733
lungscc4995.jpeg,2,1062
lungaca1504.jpeg,0,732
lungscc2943.jpeg,2,1136
lungaca4339.jpeg,0,542
lungscc1907.jpeg,2,1134
lungscc494.jpeg,2,1169
lungaca1167.jpeg,0,740
lungaca3968.jpeg,0,633
lungaca1456.jpeg,0,581
lungaca2603.jpeg,0,740
lungaca1169.jpeg,0,555
lungscc418.jpeg,2,1196
lungn1009.jpeg,1,881
lungaca4291.jpeg,0,593
lungaca4234.jpeg,0,519
lungscc161.jpeg,2,1003
lungaca4980.jpeg,0,700
lungaca3235.jpeg,0,514
lungn2244.jpeg,1,956
lungn2096.jpeg,1,770
lungaca2629.jpeg,0,609
lungaca4747.jpeg,0,719
lungscc4981.jpeg,2,1218
lungn3615.jpeg,1,965
lungn3957.jpeg,1,770
lungn2490.jpeg,1,894
lungn4529.jpeg,1,909
lungscc3363.jpeg,2,1000
lungn4589.jpeg,1,789
lungaca3314.jpeg,0,680
lungscc1566.jpeg,2,1127
lungscc1998.jpeg,2,1022
lungscc69.jpeg,2,1157
lungn2156.jpeg,1,771
lungscc4554.jpeg,2,1205
lungn4180.jpeg,1,957
lungn2691.jpeg,1,912
lungscc3718.jpeg,2,1030
lungscc3592.jpeg,2,1062
lungaca3038.jpeg,0,662
lungscc2822.jpeg,2,1183
lungaca290.jpeg,0,721
lungscc4781.jpeg,2,1049
lungscc156.jpeg,2,1129
lungaca3559.jpeg,0,731
lungaca2743.jpeg,0,597
lungn4881.jpeg,1,761
lungaca1410.jpeg,0,741
lungaca2103.jpeg,0,552
lungscc2104.jpeg,2,1113
lungscc2088.jpeg,2,1173
lungaca1158.jpeg,0,732
lungn2558.jpeg,1,892
lungscc3022.jpeg,2,1220
lungn4902.jpeg,1,849
lungscc3031.jpeg,2,1019
lungn66.jpeg,1,761
lungscc887.jpeg,2,1164
lungscc411.jpeg,2,1111
lungscc4434.jpeg,2,1088
lungaca2764.jpeg,0,607
lungaca3457.jpeg,0,688
lungaca2411.jpeg,0,626
lungaca2100.jpeg,0,541
lungscc3562.jpeg,2,1170
lungscc3270.jpeg,2,1186
lungn4472.jpeg,1,778
lungaca4898.jpeg,0,534
lungn790.jpeg,1,924
lungaca4761.jpeg,0,527
lungn3129.jpeg,1,836
lungn1625.jpeg,1,898
lungaca3573.jpeg,0,673
lungn1370.jpeg,1,916
lungn135.jpeg,1,842
lungn3943.jpeg,1,918
lungn718.jpeg,1,839
lungn3716.jpeg,1,983
lungn223.jpeg,1,868
lungaca1071.jpeg,0,601
lungaca3854.jpeg,0,607
lungscc1671.jpeg,2,1207
lungscc2686.jpeg,2,1084
lungscc703.jpeg,2,1186
lungscc4693.jpeg,2,1171
lungn431.jpeg,1,778
lungn834.jpeg,1,761
lungn2250.jpeg,1,754
lungscc663.jpeg,2,1135
lungn4846.jpeg,1,960
lungaca3644.jpeg,0,534
lungn83.jpeg,1,885
lungn169.jpeg,1,814
lungaca4920.jpeg,0,679
lungn1573.jpeg,1,826
lungscc1804.jpeg,2,1078
lungaca4098.jpeg,0,740
lungaca4814.jpeg,0,595
lungn2998.jpeg,1,771
lungaca1360.jpeg,0,682
lungscc4261.jpeg,2,1034
lungn4600.jpeg,1,924
lungscc3923.jpeg,2,1007
lungn603.jpeg,1,782
lungscc1789.jpeg,2,1017
lungaca2653.jpeg,0,545
lungscc1954.jpeg,2,1233
lungn876.jpeg,1,837
lungn4620.jpeg,1,988
lungaca3379.jpeg,0,677
lungscc2186.jpeg,2,1174
lungn1713.jpeg,1,885
lungaca4929.jpeg,0,724
lungscc2030.jpeg,2,1143
lungscc3894.jpeg,2,1068
lungn416.jpeg,1,816
lungn1104.jpeg,1,854
lungaca630.jpeg,0,621
lungaca4058.jpeg,0,508
lungaca1238.jpeg,0,562
lungscc687.jpeg,2,1144
lungaca4878.jpeg,0,568
lungn4216.jpeg,1,893
lungaca2979.jpeg,0,729
lungaca4333.jpeg,0,650
lungscc1625.jpeg,2,1161
lungn4186.jpeg,1,948
lungaca1138.jpeg,0,514
lungaca1595.jpeg,0,625
lungscc4188.jpeg,2,1181
lungscc2812.jpeg,2,1060
lungn3736.jpeg,1,814
lungscc12.jpeg,2,1073
lungaca508.jpeg,0,645
lungscc2290.jpeg,2,1075
lungn1523.jpeg,1,778
lungaca325.jpeg,0,538
lungaca266.jpeg,0,506
lungscc2393.jpeg,2,1199
lungaca4209.jpeg,0,743
lungn10.jpeg,1,931
lungn4156.jpeg,1,782
lungscc3182.jpeg,2,1120
lungn496.jpeg,1,854
lungscc3304.jpeg,2,1033
lungaca3869.jpeg,0,542
lungscc796.jpeg,2,1063
lungn4590.jpeg,1,792
lungscc1864.jpeg,2,1135
lungaca131.jpeg,0,700
lungn3305.jpeg,1,834
lungscc584.jpeg,2,1016
lungscc3112.jpeg,2,1227
lungaca2797.jpeg,0,519
lungscc2551.jpeg,2,1053
lungn2075.jpeg,1,890
lungn2651.jpeg,1,917
lungn705.jpeg,1,797
lungscc4863.jpeg,2,1048
lungaca3315.jpeg,0,640
lungn4449.jpeg,1,797
lungaca3560.jpeg,0,646
lungn614.jpeg,1,801
lungn911.jpeg,1,869
lungn2341.jpeg,1,896
lungaca2602.jpeg,0,581
lungn4568.jpeg,1,795
lungscc915.jpeg,2,1161
lungaca39.jpeg,0,682
lungn1264.jpeg,1,872
lungaca1978.jpeg,0,687
lungn3046.jpeg,1,786
lungscc1679.jpeg,2,1008
lungaca4262.jpeg,0,629
lungscc560.jpeg,2,1049
lungaca3990.jpeg,0,556
lungn1059.jpeg,1,997
lungn3989.jpeg,1,932
lungscc3172.jpeg,2,1089
lungn4586.jpeg,1,788
lungscc4657.jpeg,2,1055
lungaca460.jpeg,0,575
lungaca831.jpeg,0,606
lungscc1565.jpeg,2,1209
lungn2310.jpeg,1,754
lungaca670.jpeg,0,683
lungscc3519.jpeg,2,1017
lungn3635.jpeg,1,789
lungaca1343.jpeg,0,568
lungscc230.jpeg,2,1154
lungn4324.jpeg,1,995
lungscc1494.jpeg,2,1089
lungscc1889.jpeg,2,1150
lungscc3252.jpeg,2,1055
lungaca4870.jpeg,0,521
lungn568.jpeg,1,940
lungn2474.jpeg,1,937
lungn4645.jpeg,1,825
lungn1992.jpeg,1,757
lungn2012.jpeg,1,890
lungaca4346.jpeg,0,737
lungn2995.jpeg,1,942
lungaca664.jpeg,0,578
lungn325.jpeg,1,842
lungscc1223.jpeg,2,1203
lungscc3924.jpeg,2,1003
lungn2338.jpeg,1,797
lungscc3360.jpeg,2,1195
lungscc475.jpeg,2,1086
lungn3769.jpeg,1,793
lungn3567.jpeg,1,847
lungn2756.jpeg,1,958
lungscc1809.jpeg,2,1200
lungn1566.jpeg,1,893
lungaca4502.jpeg,0,589
lungscc1466.jpeg,2,1144
lungn4054.jpeg,1,971
lungscc1373.jpeg,2,1238
lungscc4209.jpeg,2,1166
lungscc4254.jpeg,2,1030
lungscc597.jpeg,2,1086
lungaca230.jpeg,0,532
lungscc3067.jpeg,2,1165
lungscc1516.jpeg,2,1107
lungscc2081.jpeg,2,1134
lungaca3205.jpeg,0,699
lungaca3427.jpeg,0,742
lungn3383.jpeg,1,769
lungaca3651.jpeg,0,580
lungscc1708.jpeg,2,1045
lungaca1059.jpeg,0,733
lungaca3588.jpeg,0,712
lungscc1367.jpeg,2,1134
lungaca1153.jpeg,0,512
lungscc2616.jpeg,2,1176
lungscc4076.jpeg,2,1094
lungscc1479.jpeg,2,1090
lungn1471.jpeg,1,913
lungscc1143.jpeg,2,1171
lungscc2575.jpeg,2,1000
lungn1017.jpeg,1,917
lungscc94.jpeg,2,1101
lungscc2559.jpeg,2,1213
lungaca3568.jpeg,0,568
lungscc1748.jpeg,2,1172
lungaca4657.jpeg,0,729
lungaca2749.jpeg,0,554
lungaca918.jpeg,0,722
lungaca543.jpeg,0,632
lungn4936.jpeg,1,985
lungn1036.jpeg,1,788
lungn1976.jpeg,1,943
lungn4567.jpeg,1,795
lungscc2301.jpeg,2,1233
lungaca494.jpeg,0,539
lungscc2265.jpeg,2,1027
lungaca2948.jpeg,0,596
lungaca964.jpeg,0,568
lungn4659.jpeg,1,818
lungaca3323.jpeg,0,533
lungaca3002.jpeg,0,554
lungaca2614.jpeg,0,636
lungn3906.jpeg,1,873
lungscc673.jpeg,2,1136
lungn529.jpeg,1,828
lungn2711.jpeg,1,797
lungscc634.jpeg,2,1141
lungn666.jpeg,1,777
lungaca2314.jpeg,0,509
lungscc2426.jpeg,2,1106
lungn1614.jpeg,1,938
lungscc1410.jpeg,2,1105
lungaca653.jpeg,0,514
lungn2418.jpeg,1,898
lungscc4310.jpeg,2,1167
lungn1464.jpeg,1,799
lungn2435.jpeg,1,867
lungscc4142.jpeg,2,1180
lungscc2964.jpeg,2,1106
lungaca715.jpeg,0,620
lungaca4758.jpeg,0,549
lungscc2097.jpeg,2,1223
lungaca945.jpeg,0,512
lungscc4730.jpeg,2,1168
lungn3586.jpeg,1,879
lungn165.jpeg,1,979
lungscc1239.jpeg,2,1197
lungn4699.jpeg,1,829
lungscc1845.jpeg,2,1137
lungn703.jpeg,1,831
lungn2923.jpeg,1,902
lungscc484.jpeg,2,1153
lungscc4143.jpeg,2,1041
lungn1313.jpeg,1,755
lungn1085.jpeg,1,795
lungscc362.jpeg,2,1167
lungaca2519.jpeg,0,708
lungscc1661.jpeg,2,1003
lungaca987.jpeg,0,544
lungn3510.jpeg,1,925
lungscc655.jpeg,2,1086
lungscc2146.jpeg,2,1089
lungn4453.jpeg,1,873
lungn3125.jpeg,1,933
lungn2125.jpeg,1,780
lungscc4752.jpeg,2,1195
lungaca2145.jpeg,0,597
lungaca4343.jpeg,0,531
lungscc3861.jpeg,2,1013
lungn1859.jpeg,1,843
lungn3329.jpeg,1,930
lungscc2893.jpeg,2,1022
lungaca1420.jpeg,0,557
lungaca658.jpeg,0,692
lungn2365.jpeg,1,956
lungaca406.jpeg,0,534
lungaca4051.jpeg,0,662
lungn4438.jpeg,1,768
lungn3304.jpeg,1,994
lungscc1956.jpeg,2,1033
lungscc1082.jpeg,2,1218
lungscc1136.jpeg,2,1152
lungaca722.jpeg,0,584
lungscc4020.jpeg,2,1142
lungaca1896.jpeg,0,534
lungn4412.jpeg,1,809
lungscc689.jpeg,2,1214
lungscc3246.jpeg,2,1059
lungn4100.jpeg,1,825
lungscc4259.jpeg,2,1095
lungn1080.jpeg,1,984
lungaca3762.jpeg,0,682
lungaca3607.jpeg,0,590
lungn664.jpeg,1,886
lungaca2186.jpeg,0,639
lungaca2063.jpeg,0,680
lungaca3424.jpeg,0,679
lungscc1180.jpeg,2,1105
lungscc4991.jpeg,2,1060
lungscc4634.jpeg,2,1122
lungn2946.jpeg,1,752
lungn3173.jpeg,1,952
lungscc2944.jpeg,2,1094
lungn2845.jpeg,1,969
lungn2880.jpeg,1,922
lungscc3225.jpeg,2,1091
lungn2477.jpeg,1,814
lungaca3735.jpeg,0,699
lungscc3785.jpeg,2,1216
lungn241.jpeg,1,890
lungscc470.jpeg,2,1112
lungaca4034.jpeg,0,734
lungn366.jpeg,1,845
lungaca1526.jpeg,0,684
lungn1942.jpeg,1,830
lungaca4694.jpeg,0,623
lungscc482.jpeg,2,1008
lungn4515.jpeg,1,872
lungn292.jpeg,1,914
lungscc4695.jpeg,2,1219
lungn1061.jpeg,1,942
lungscc2548.jpeg,2,1163
lungscc4284.jpeg,2,1047
lungscc724.jpeg,2,1080
lungaca2837.jpeg,0,595
lungn1948.jpeg,1,811
lungn3546.jpeg,1,768
lungn2991.jpeg,1,960
lungn2434.jpeg,1,754
lungscc2702.jpeg,2,1181
lungn4340.jpeg,1,930
lungscc4005.jpeg,2,1079
lungn3918.jpeg,1,751
lungn768.jpeg,1,757
lungn1275.jpeg,1,971
lungaca4283.jpeg,0,533
lungscc409.jpeg,2,1010
lungscc4117.jpeg,2,1196
lungscc1192.jpeg,2,1141
lungaca758.jpeg,0,609
lungn474.jpeg,1,904
lungscc3987.jpeg,2,1101
lungn470.jpeg,1,898
lungn419.jpeg,1,949
lungscc3197.jpeg,2,1031
lungscc1448.jpeg,2,1067
lungscc1306.jpeg,2,1140
lungaca206.jpeg,0,556
lungscc1880.jpeg,2,1066
lungn4680.jpeg,1,816
lungn4549.jpeg,1,912
lungaca1873.jpeg,0,555
lungscc921.jpeg,2,1059
lungn403.jpeg,1,981
lungn2216.jpeg,1,785
lungaca1549.jpeg,0,628
lungscc1128.jpeg,2,1050
lungscc4323.jpeg,2,1036
lungaca3542.jpeg,0,713
lungn4560.jpeg,1,797
lungaca1615.jpeg,0,585
lungn1081.jpeg,1,794
lungn1252.jpeg,1,970
lungaca4327.jpeg,0,549
lungscc3930.jpeg,2,1024
lungscc4671.jpeg,2,1040
lungn4263.jpeg,1,889
lungn2692.jpeg,1,773
lungscc4938.jpeg,2,1182
lungn2965.jpeg,1,812
lungn710.jpeg,1,853
lungn2503.jpeg,1,791
lungn4522.jpeg,1,804
lungn1884.jpeg,1,798
lungn1084.jpeg,1,936
lungscc2208.jpeg,2,1024
lungaca1478.jpeg,0,649
lungscc628.jpeg,2,1088
lungscc3915.jpeg,2,1242
lungscc1393.jpeg,2,1030
lungn2694.jpeg,1,903
lungn3099.jpeg,1,798
lungscc1678.jpeg,2,1182
lungscc2811.jpeg,2,1182
lungaca463.jpeg,0,534
lungscc1078.jpeg,2,1159
lungscc2076.jpeg,2,1020
lungn1108.jpeg,1,885
lungaca4366.jpeg,0,681
lungaca2494.jpeg,0,625
lungaca1659.jpeg,0,722
lungscc4102.jpeg,2,1158
lungaca399.jpeg,0,509
lungn3463.jpeg,1,775
lungn3318.jpeg,1,751
lungaca1143.jpeg,0,594
lungn511.jpeg,1,952
lungn4696.jpeg,1,930
lungaca4409.jpeg,0,583
lungaca4105.jpeg,0,667
lungn4240.jpeg,1,951
lungn3600.jpeg,1,861
lungscc201.jpeg,2,1107
lungaca1765.jpeg,0,617
lungn3705.jpeg,1,819
lungscc3115.jpeg,2,1054
lungn1330.jpeg,1,925
lungscc2489.jpeg,2,1179
lungn1843.jpeg,1,870
lungaca2568.jpeg,0,738
lungaca2043.jpeg,0,515
lungn3439.jpeg,1,814
lungaca1890.jpeg,0,602
lungscc810.jpeg,2,1202
lungaca2521.jpeg,0,512
lungn1194.jpeg,1,783
lungscc4975.jpeg,2,1117
lungn4516.jpeg,1,886
lungscc4149.jpeg,2,1234
lungaca2475.jpeg,0,731
lungaca2575.jpeg,0,517
lungaca1454.jpeg,0,683
lungaca2032.jpeg,0,544
lungn4809.jpeg,1,893
lungn1498.jpeg,1,857
lungn3726.jpeg,1,851
lungaca4695.jpeg,0,733
lungn1823.jpeg,1,932
lungn4067.jpeg,1,960
lungaca3764.jpeg,0,597
lungn4058.jpeg,1,879
lungn3938.jpeg,1,944
lungaca2828.jpeg,0,512
lungn4329.jpeg,1,914
lungn2166.jpeg,1,916
lungaca3248.jpeg,0,727
lungscc3335.jpeg,2,1214
lungaca1813.jpeg,0,530
lungaca134.jpeg,0,588
lungaca394.jpeg,0,723
lungn51.jpeg,1,896
lungscc1783.jpeg,2,1061
lungscc4767.jpeg,2,1011
lungn3458.jpeg,1,911
lungaca952.jpeg,0,600
lungaca1164.jpeg,0,714
lungscc1168.jpeg,2,1142
lungscc4167.jpeg,2,1084
lungn3807.jpeg,1,863
lungscc2154.jpeg,2,1062
lungscc3348.jpeg,2,1016
lungscc3030.jpeg,2,1077
lungaca66.jpeg,0,739
lungaca3773.jpeg,0,611
lungaca46.jpeg,0,668
lungn3633.jpeg,1,788
lungaca2640.jpeg,0,687
lungn1287.jpeg,1,912
lungscc3289.jpeg,2,1147
lungscc2017.jpeg,2,1053
lungn3137.jpeg,1,914
lungn4442.jpeg,1,763
lungaca1024.jpeg,0,673
lungn1201.jpeg,1,751
lungn1337.jpeg,1,911
lungaca3090.jpeg,0,622
lungscc1550.jpeg,2,1051
lungaca520.jpeg,0,592
lungaca3770.jpeg,0,525
lungscc3275.jpeg,2,1061
lungscc2807.jpeg,2,1064
lungn3836.jpeg,1,960
lungscc711.jpeg,2,1047
lungscc3059.jpeg,2,1004
lungaca1098.jpeg,0,719
lungn383.jpeg,1,967
lungn347.jpeg,1,931
lungn2993.jpeg,1,907
lungn2794.jpeg,1,925
lungscc4669.jpeg,2,1245
lungaca3317.jpeg,0,610
lungscc3997.jpeg,2,1224
lungn4043.jpeg,1,863
lungscc2945.jpeg,2,1189
lungscc3432.jpeg,2,1071
lungaca808.jpeg,0,592
lungaca3847.jpeg,0,695
lungscc4119.jpeg,2,1124
lungaca1696.jpeg,0,732
lungaca4304.jpeg,0,651
lungn2209.jpeg,1,824
lungn3934.jpeg,1,754
lungn1190.jpeg,1,803
lungaca4915.jpeg,0,573
lungaca2784.jpeg,0,539
lungaca4649.jpeg,0,746
lungscc1663.jpeg,2,1137
lungaca4069.jpeg,0,525
lungn2160.jpeg,1,981
lungaca439.jpeg,0,567
lungaca2082.jpeg,0,621
lungaca438.jpeg,0,610
lungn3979.jpeg,1,808
lungaca3571.jpeg,0,639
lungscc2248.jpeg,2,1040
lungaca3564.jpeg,0,563
lungaca495.jpeg,0,640
lungscc4069.jpeg,2,1085
lungscc2778.jpeg,2,1040
lungscc4394.jpeg,2,1053
lungaca2320.jpeg,0,716
lungaca2039.jpeg,0,573
lungscc1003.jpeg,2,998
lungn561.jpeg,1,966
lungscc1643.jpeg,2,1046
lungn1736.jpeg,1,938
lungn1053.jpeg,1,948
lungscc2835.jpeg,2,1211
lungn1682.jpeg,1,755
lungn1096.jpeg,1,801
lungscc2022.jpeg,2,1014
lungscc3284.jpeg,2,1119
lungaca1054.jpeg,0,569
lungaca1581.jpeg,0,646
lungscc4228.jpeg,2,1093
lungn2675.jpeg,1,909
lungn2436.jpeg,1,990
lungscc272.jpeg,2,1158
lungaca4325.jpeg,0,742
lungscc3771.jpeg,2,1122
lungscc1389.jpeg,2,1005
lungaca2975.jpeg,0,684
lungaca142.jpeg,0,617
lungscc1509.jpeg,2,1115
lungaca344.jpeg,0,744
lungaca263.jpeg,0,723
lungaca2230.jpeg,0,643
lungscc4673.jpeg,2,1105
lungaca3822.jpeg,0,575
lungscc4578.jpeg,2,1111
lungscc2845.jpeg,2,1212
lungaca969.jpeg,0,723
lungaca1086.jpeg,0,736
lungscc1814.jpeg,2,1038
lungaca1511.jpeg,0,549
lungn3075.jpeg,1,898
lungn3290.jpeg,1,967
lungaca1561.jpeg,0,528
lungn3693.jpeg,1,895
lungn3601.jpeg,1,942
lungn1150.jpeg,1,809
lungn2708.jpeg,1,866
lungaca3496.jpeg,0,590
lungaca1198.jpeg,0,580
lungscc1403.jpeg,2,1107
lungscc3498.jpeg,2,1205
lungscc3886.jpeg,2,1111
lungaca4094.jpeg,0,733
lungn3059.jpeg,1,823
lungn1042.jpeg,1,756
lungn4562.jpeg,1,803
lungn400.jpeg,1,797
lungscc395.jpeg,2,1053
lungscc3474.jpeg,2,1222
lungaca4404.jpeg,0,588
lungn2130.jpeg,1,991
lungscc2605.jpeg,2,1072
lungaca924.jpeg,0,654
lungscc222.jpeg,2,1016
lungaca3808.jpeg,0,599
lungaca690.jpeg,0,520
lungn3580.jpeg,1,892
lungscc3244.jpeg,2,1200
lungscc2641.jpeg,2,1062
lungn1217.jpeg,1,854
lungn1093.jpeg,1,904
lungn3374.jpeg,1,840
lungscc2110.jpeg,2,1038
lungn262.jpeg,1,824
lungn92.jpeg,1,858
lungaca4108.jpeg,0,562
lungscc354.jpeg,2,1206
lungn1029.jpeg,1,863
lungscc1360.jpeg,2,1170
lungn3336.jpeg,1,811
lungn82.jpeg,1,902
lungaca1899.jpeg,0,681
lungn303.jpeg,1,872
lungscc72.jpeg,2,1180
lungaca985.jpeg,0,668
lungn60.jpeg,1,941
lungaca2658.jpeg,0,643
lungaca2096.jpeg,0,630
lungn1161.jpeg,1,888
lungscc2258.jpeg,2,1023
lungscc1591.jpeg,2,1220
lungn1346.jpeg,1,954
lungaca1503.jpeg,0,596
lungaca966.jpeg,0,631
lungscc4505.jpeg,2,1179
lungaca4340.jpeg,0,542
lungscc4568.jpeg,2,1125
lungscc3397.jpeg,2,1090
lungn2368.jpeg,1,788
lungaca2983.jpeg,0,715
lungaca3328.jpeg,0,637
lungn4484.jpeg,1,810
lungaca4199.jpeg,0,620
lungaca2657.jpeg,0,717
lungn1413.jpeg,1,959
lungscc1530.jpeg,2,1019
lungn437.jpeg,1,959
lungn514.jpeg,1,942
lungn2138.jpeg,1,955
lungaca2610.jpeg,0,627
lungaca3933.jpeg,0,746
lungscc1188.jpeg,2,1192
lungaca2954.jpeg,0,549
lungaca4981.jpeg,0,640
lungn707.jpeg,1,828
lungaca1746.jpeg,0,720
lungaca3271.jpeg,0,546
lungaca3067.jpeg,0,516
lungscc3774.jpeg,2,1196
lungaca2991.jpeg,0,592
lungn119.jpeg,1,968
lungn4052.jpeg,1,799
lungscc4599.jpeg,2,1177
lungaca4820.jpeg,0,600
lungn4346.jpeg,1,890
lungaca1358.jpeg,0,557
lungaca3793.jpeg,0,632
lungn4987.jpeg,1,850
lungn1211.jpeg,1,925
lungaca1924.jpeg,0,578
lungscc3455.jpeg,2,1100
lungaca4855.jpeg,0,629
lungn2122.jpeg,1,822
lungn1395.jpeg,1,880
lungscc879.jpeg,2,1134
lungn2624.jpeg,1,876
lungscc2983.jpeg,2,1191
lungaca3112.jpeg,0,713
lungn2412.jpeg,1,795
lungaca3306.jpeg,0,549
lungaca1224.jpeg,0,699
lungscc2359.jpeg,2,1066
lungaca959.jpeg,0,689
lungscc778.jpeg,2,1068
lungscc1196.jpeg,2,1188
lungaca1129.jpeg,0,664
lungn3985.jpeg,1,961
lungaca3398.jpeg,0,730
lungaca3445.jpeg,0,624
lungn2330.jpeg,1,864
lungn2726.jpeg,1,847
lungn300.jpeg,1,806
lungscc2243.jpeg,2,1052
lungn3666.jpeg,1,984
lungn4277.jpeg,1,777
lungn117.jpeg,1,767
lungscc3810.jpeg,2,1032
lungn4874.jpeg,1,812
lungaca2127.jpeg,0,552
lungn4714.jpeg,1,973
lungscc849.jpeg,2,1026
lungaca2831.jpeg,0,742
lungscc1169.jpeg,2,999
lungscc2515.jpeg,2,1000
lungn4912.jpeg,1,820
lungaca3904.jpeg,0,589
lungn2273.jpeg,1,848
lungn4063.jpeg,1,753
lungn3802.jpeg,1,826
lungaca3843.jpeg,0,547
lungscc4944.jpeg,2,1161
lungaca4911.jpeg,0,713
lungscc2324.jpeg,2,1237
lungaca1610.jpeg,0,672
lungn2979.jpeg,1,791
lungscc1113.jpeg,2,1203
lungn860.jpeg,1,817
lungscc2401.jpeg,2,1094
lungaca3072.jpeg,0,571
lungaca2712.jpeg,0,582
lungn4355.jpeg,1,913
lungn2046.jpeg,1,853
lungscc1929.jpeg,2,1097
lungn546.jpeg,1,956
lungn738.jpeg,1,883
lungn4610.jpeg,1,912
lungaca552.jpeg,0,558
lungaca2031.jpeg,0,544
lungaca745.jpeg,0,520
lungscc21.jpeg,2,1021
lungscc3802.jpeg,2,1129
lungn3590.jpeg,1,791
lungn4178.jpeg,1,749
lungn2258.jpeg,1,885
lungscc2742.jpeg,2,1014
lungaca341.jpeg,0,671
lungn4222.jpeg,1,777
lungaca4774.jpeg,0,538
lungscc4072.jpeg,2,1118
lungn823.jpeg,1,995
lungaca4021.jpeg,0,582
lungaca2273.jpeg,0,547
lungn3961.jpeg,1,766
lungscc3153.jpeg,2,1170
lungaca2538.jpeg,0,563
lungn3018.jpeg,1,853
lungscc3352.jpeg,2,1152
lungn425.jpeg,1,886
lungaca3.jpeg,0,716
lungscc4073.jpeg,2,1059
lungscc3035.jpeg,2,1032
lungn178.jpeg,1,956
lungaca4565.jpeg,0,655
lungn690.jpeg,1,922
lungscc1470.jpeg,2,1231
lungn3969.jpeg,1,752
lungn4398.jpeg,1,872
lungscc606.jpeg,2,1151
lungaca1434.jpeg,0,691
lungscc1535.jpeg,2,1186
lungn2303.jpeg,1,880
lungaca914.jpeg,0,602
lungaca2181.jpeg,0,635
lungn3728.jpeg,1,931
lungn1636.jpeg,1,856
lungaca4602.jpeg,0,681
lungaca4284.jpeg,0,741
lungaca3923.jpeg,0,740
lungn415.jpeg,1,914
lungn3742.jpeg,1,850
lungscc4161.jpeg,2,1028
lungn2067.jpeg,1,769
lungn1866.jpeg,1,915
lungscc3461.jpeg,2,1080
lungn4243.jpeg,1,878
lungaca33.jpeg,0,583
lungn2532.jpeg,1,855
lungaca544.jpeg,0,647
lungscc2883.jpeg,2,1059
lungn3444.jpeg,1,827
lungn2921.jpeg,1,950
lungscc3489.jpeg,2,1245
lungaca3646.jpeg,0,744
lungaca2265.jpeg,0,522
lungaca296.jpeg,0,633
lungaca2581.jpeg,0,552
lungscc2604.jpeg,2,1175
lungaca2477.jpeg,0,598
lungscc4410.jpeg,2,1025
lungscc2516.jpeg,2,1054
lungn244.jpeg,1,946
lungscc3161.jpeg,2,1007
lungn4210.jpeg,1,760
lungscc3687.jpeg,2,1023
lungn4297.jpeg,1,924
lungaca2432.jpeg,0,706
lungscc1036.jpeg,2,1183
lungaca4611.jpeg,0,641
lungscc4884.jpeg,2,1209
lungaca3331.jpeg,0,520
lungaca557.jpeg,0,555
lungscc797.jpeg,2,1063
lungaca1007.jpeg,0,734
lungaca1102.jpeg,0,529
lungaca2454.jpeg,0,517
lungscc1414.jpeg,2,1144
lungaca1307.jpeg,0,510
lungscc4851.jpeg,2,1045
lungaca3089.jpeg,0,603
lungaca4851.jpeg,0,544
lungn1617.jpeg,1,836
lungscc4849.jpeg,2,1046
lungaca4665.jpeg,0,614
lungn1303.jpeg,1,752
lungscc346.jpeg,2,1133
lungn3968.jpeg,1,978
lungscc1171.jpeg,2,1015
lungscc1848.jpeg,2,1152
lungaca716.jpeg,0,620
lungscc4251.jpeg,2,1183
lungaca2844.jpeg,0,740
lungscc4739.jpeg,2,1125
lungn1166.jpeg,1,793
lungaca2156.jpeg,0,663
lungaca4136.jpeg,0,747
lungscc4271.jpeg,2,1001
lungn252.jpeg,1,967
lungscc1086.jpeg,2,1086
lungscc4641.jpeg,2,1069
lungscc2941.jpeg,2,1057
lungaca3094.jpeg,0,572
lungscc2759.jpeg,2,1206
lungscc3688.jpeg,2,1114
lungn3369.jpeg,1,917
lungn2391.jpeg,1,874
lungaca1505.jpeg,0,590
lungn1879.jpeg,1,854
lungaca2109.jpeg,0,727
lungn4602.jpeg,1,817
lungaca1876.jpeg,0,537
lungn3616.jpeg,1,884
lungscc605.jpeg,2,1069
lungaca3082.jpeg,0,627
lungn490.jpeg,1,778
lungn3839.jpeg,1,796
lungn3183.jpeg,1,837
lungn3964.jpeg,1,797
lungaca3991.jpeg,0,556
lungaca2260.jpeg,0,681
lungscc3127.jpeg,2,1200
lungscc1521.jpeg,2,1230
lungaca4529.jpeg,0,639
lungn3145.jpeg,1,777
lungaca2916.jpeg,0,636
lungscc4905.jpeg,2,1145
lungn1312.jpeg,1,914
lungaca1791.jpeg,0,710
lungaca2556.jpeg,0,508
lungn4592.jpeg,1,867
lungscc385.jpeg,2,1220
lungn1814.jpeg,1,780
lungaca1621.jpeg,0,708
lungn3946.jpeg,1,888
lungn3648.jpeg,1,842
lungn3299.jpeg,1,980
lungscc2696.jpeg,2,1218
lungn2061.jpeg,1,860
lungn2622.jpeg,1,971
lungn3113.jpeg,1,877
lungn2358.jpeg,1,822
lungscc1615.jpeg,2,1079
lungn1285.jpeg,1,885
lungscc326.jpeg,2,998
lungaca2500.jpeg,0,557
lungn4781.jpeg,1,810
lungn3791.jpeg,1,760
lungn4815.jpeg,1,812
lungaca3637.jpeg,0,729
lungn2347.jpeg,1,891
lungscc506.jpeg,2,1042
lungaca77.jpeg,0,631
lungaca4422.jpeg,0,649
lungn4784.jpeg,1,770
lungn2240.jpeg,1,992
lungaca1206.jpeg,0,582
lungscc1622.jpeg,2,1151
lungn2193.jpeg,1,972
lungscc355.jpeg,2,1210
lungaca4253.jpeg,0,747
lungscc3522.jpeg,2,1079
lungscc4534.jpeg,2,1209
lungn2388.jpeg,1,864
lungscc3867.jpeg,2,1158
lungn2986.jpeg,1,940
lungscc3723.jpeg,2,1043
lungaca4696.jpeg,0,733
lungaca4176.jpeg,0,538
lungn175.jpeg,1,826
lungscc3301.jpeg,2,1151
lungscc4592.jpeg,2,1135
lungaca1216.jpeg,0,596
lungn2059.jpeg,1,758
lungscc1991.jpeg,2,1190
lungscc4253.jpeg,2,1030
lungn2041.jpeg,1,759
lungscc1520.jpeg,2,1233
lungscc844.jpeg,2,1065
lungscc2073.jpeg,2,1053
lungn4429.jpeg,1,862
lungaca4875.jpeg,0,669
lungaca2993.jpeg,0,536
lungscc437.jpeg,2,999
lungn4092.jpeg,1,814
lungscc3628.jpeg,2,1212
lungscc990.jpeg,2,1052
lungaca3953.jpeg,0,638
lungaca24.jpeg,0,598
lungscc3633.jpeg,2,1073
lungscc722.jpeg,2,1124
lungaca4377.jpeg,0,629
lungscc4930.jpeg,2,1191
lungaca1344.jpeg,0,677
lungaca103.jpeg,0,608
lungaca2355.jpeg,0,571
lungn2027.jpeg,1,943
lungscc2797.jpeg,2,1148
lungaca3660.jpeg,0,552
lungaca2318.jpeg,0,704
lungscc232.jpeg,2,1111
lungscc4843.jpeg,2,1022
lungscc2995.jpeg,2,1080
lungaca1313.jpeg,0,548
lungaca247.jpeg,0,600
lungn1407.jpeg,1,892
lungscc3717.jpeg,2,1059
lungn2902.jpeg,1,880
lungn2282.jpeg,1,962
lungscc404.jpeg,2,1164
lungaca2205.jpeg,0,747
lungn2323.jpeg,1,773
lungn1447.jpeg,1,806
lungscc952.jpeg,2,998
lungscc1315.jpeg,2,1148
lungaca4832.jpeg,0,519
lungn3541.jpeg,1,922
lungaca1716.jpeg,0,562
lungn4634.jpeg,1,808
lungscc3733.jpeg,2,1105
lungscc4500.jpeg,2,1245
lungn2942.jpeg,1,905
lungscc2420.jpeg,2,1150
lungscc1140.jpeg,2,1091
lungn3547.jpeg,1,752
lungscc2280.jpeg,2,1155
lungn1121.jpeg,1,900
lungaca3475.jpeg,0,522
lungscc1019.jpeg,2,1012
lungn3621.jpeg,1,936
lungaca4151.jpeg,0,634
lungscc3188.jpeg,2,1094
lungaca4030.jpeg,0,545
lungaca4632.jpeg,0,739
lungn983.jpeg,1,902
lungaca2195.jpeg,0,722
lungscc1806.jpeg,2,1005
lungaca3676.jpeg,0,707
lungaca3925.jpeg,0,531
lungn2801.jpeg,1,854
lungaca2582.jpeg,0,620
lungn3179.jpeg,1,821
lungn430.jpeg,1,932
lungscc4461.jpeg,2,1191
lungn1743.jpeg,1,797
lungn348.jpeg,1,891
lungn4561.jpeg,1,768
lungn3355.jpeg,1,858
lungn218.jpeg,1,984
lungscc4220.jpeg,2,998
lungn4302.jpeg,1,842
lungn67.jpeg,1,974
lungscc2132.jpeg,2,1053
lungn1377.jpeg,1,965
lungn1291.jpeg,1,948
lungn197.jpeg,1,791
lungaca2083.jpeg,0,661
lungscc3351.jpeg,2,1024
lungaca1391.jpeg,0,643
lungaca1938.jpeg,0,542
lungaca1261.jpeg,0,638
lungn3071.jpeg,1,873
lungaca2545.jpeg,0,530
lungscc1631.jpeg,2,1142
lungaca2405.jpeg,0,566
lungn2251.jpeg,1,754
lungscc897.jpeg,2,1051
lungn3879.jpeg,1,776
lungaca629.jpeg,0,723
lungn3346.jpeg,1,835
lungscc3192.jpeg,2,1041
lungn612.jpeg,1,780
lungn2837.jpeg,1,831
lungscc4765.jpeg,2,1002
lungscc3190.jpeg,2,1038
lungscc3420.jpeg,2,1030
lungaca576.jpeg,0,534
lungaca116.jpeg,0,573
lungn171.jpeg,1,899
lungn3782.jpeg,1,803
lungaca4560.jpeg,0,687
lungaca4458.jpeg,0,558
lungscc3069.jpeg,2,1038
lungaca2659.jpeg,0,543
lungscc1066.jpeg,2,1023
lungn1697.jpeg,1,925
lungaca841.jpeg,0,550
lungscc1415.jpeg,2,1197
lungaca2911.jpeg,0,688
lungaca4558.jpeg,0,551
lungscc2459.jpeg,2,1184
lungn4526.jpeg,1,991
lungscc1093.jpeg,2,1135
lungn1646.jpeg,1,854
lungn4359.jpeg,1,810
lungscc1730.jpeg,2,1076
lungn4418.jpeg,1,918
lungaca2274.jpeg,0,552
lungscc2709.jpeg,2,1059
lungn4122.jpeg,1,824
lungscc1960.jpeg,2,1140
lungaca2013.jpeg,0,639
lungn943.jpeg,1,837
lungscc63.jpeg,2,1161
lungn2710.jpeg,1,797
lungscc2903.jpeg,2,1174
lungn1574.jpeg,1,939
lungn4819.jpeg,1,822
lungscc2250.jpeg,2,1174
lungscc1179.jpeg,2,1105
lungaca525.jpeg,0,674
lungn4584.jpeg,1,846
lungn4788.jpeg,1,848
lungscc4961.jpeg,2,1166
lungaca3997.jpeg,0,625
lungaca1689.jpeg,0,687
lungn2971.jpeg,1,990
lungscc4760.jpeg,2,1069
lungn2541.jpeg,1,850
lungaca4692.jpeg,0,626
lungscc3316.jpeg,2,1058
lungscc2035.jpeg,2,1124
lungaca4570.jpeg,0,584
lungscc2271.jpeg,2,1124
lungn930.jpeg,1,958
lungn1178.jpeg,1,912
lungaca1678.jpeg,0,526
lungn1947.jpeg,1,778
lungscc2819.jpeg,2,1108
lungscc4.jpeg,2,1001
lungaca4440.jpeg,0,663
lungaca4545.jpeg,0,522
lungaca2578.jpeg,0,713
lungn1234.jpeg,1,861
lungscc2454.jpeg,2,1119
lungn1117.jpeg,1,787
lungn3049.jpeg,1,958
lungscc2431.jpeg,2,1176
lungn746.jpeg,1,997
lungaca4720.jpeg,0,587
lungn3698.jpeg,1,754
lungn1210.jpeg,1,925
lungn1270.jpeg,1,815
lungn2262.jpeg,1,908
lungaca2110.jpeg,0,607
lungscc3841.jpeg,2,1118
lungaca810.jpeg,0,648
lungn2638.jpeg,1,834
lungn537.jpeg,1,934
lungscc891.jpeg,2,1159
lungaca828.jpeg,0,725
lungscc1309.jpeg,2,1212
lungaca4379.jpeg,0,579
lungscc1837.jpeg,2,1050
lungaca3353.jpeg,0,544
lungaca458.jpeg,0,649
lungscc3199.jpeg,2,1071
lungaca1970.jpeg,0,672
lungaca4444.jpeg,0,678
lungscc3554.jpeg,2,1166
lungscc2734.jpeg,2,1175
lungn4270.jpeg,1,844
lungaca2026.jpeg,0,744
lungaca1555.jpeg,0,554
lungaca385.jpeg,0,577
lungscc3897.jpeg,2,1199
lungaca2218.jpeg,0,708
lungaca1015.jpeg,0,537
lungscc1815.jpeg,2,1115
lungaca3941.jpeg,0,704
lungaca2945.jpeg,0,692
lungaca2234.jpeg,0,652
lungn1513.jpeg,1,805
lungaca608.jpeg,0,731
lungaca2497.jpeg,0,603
lungn2612.jpeg,1,846
lungscc2760.jpeg,2,1054
lungaca954.jpeg,0,563
lungn4414.jpeg,1,944
lungaca2727.jpeg,0,624
lungn3766.jpeg,1,993
lungn2686.jpeg,1,975
lungaca2850.jpeg,0,577
lungscc496.jpeg,2,1075
lungaca442.jpeg,0,618
lungn2360.jpeg,1,780
lungaca788.jpeg,0,567
lungn1268.jpeg,1,961
lungaca4255.jpeg,0,668
lungaca374.jpeg,0,739
lungn2697.jpeg,1,952
lungaca1565.jpeg,0,552
lungaca4101.jpeg,0,706
lungscc701.jpeg,2,1101
lungaca4818.jpeg,0,524
lungn4032.jpeg,1,764
lungscc625.jpeg,2,1201
lungaca2943.jpeg,0,566
lungscc2572.jpeg,2,1131
lungn2740.jpeg,1,996
lungn3598.jpeg,1,964
lungaca327.jpeg,0,673
lungaca1827.jpeg,0,602
lungaca2855.jpeg,0,533
lungaca2107.jpeg,0,606
lungaca161.jpeg,0,712
lungaca2563.jpeg,0,697
lungaca3926.jpeg,0,635
lungn3977.jpeg,1,941
lungaca2353.jpeg,0,669
lungaca1697.jpeg,0,732
lungaca314.jpeg,0,652
lungaca1000.jpeg,0,735
lungscc2999.jpeg,2,1062
lungn2459.jpeg,1,921
lungn316.jpeg,1,798
lungn1562.jpeg,1,923
lungscc3564.jpeg,2,1033
lungscc3145.jpeg,2,1029
lungaca2450.jpeg,0,522
lungn4861.jpeg,1,931
lungn3006.jpeg,1,873
lungn3584.jpeg,1,756
lungaca633.jpeg,0,509
lungn2610.jpeg,1,804
lungn3990.jpeg,1,789
lungn2465.jpeg,1,841
lungn579.jpeg,1,771
lungaca2874.jpeg,0,745
lungscc3203.jpeg,2,1033
lungaca235.jpeg,0,634
lungaca1984.jpeg,0,565
lungn4441.jpeg,1,752
lungscc656.jpeg,2,1086
lungn3531.jpeg,1,810
lungn1742.jpeg,1,797
lungscc1543.jpeg,2,1173
lungscc3254.jpeg,2,1043
lungaca4615.jpeg,0,517
lungaca3846.jpeg,0,604
lungscc4928.jpeg,2,1112
lungscc3347.jpeg,2,1188
lungn57.jpeg,1,889
lungaca4115.jpeg,0,509
lungaca4636.jpeg,0,640
lungscc5000.jpeg,2,1011
lungscc2655.jpeg,2,1157
lungaca2128.jpeg,0,631
lungscc1230.jpeg,2,1056
lungn2714.jpeg,1,828
lungaca4630.jpeg,0,524
lungaca4756.jpeg,0,643
lungaca3003.jpeg,0,560
lungaca2676.jpeg,0,639
lungaca4374.jpeg,0,526
lungn2800.jpeg,1,778
lungscc1611.jpeg,2,1012
lungn2779.jpeg,1,915
lungaca3666.jpeg,0,709
lungn2548.jpeg,1,992
lungn2277.jpeg,1,833
lungscc204.jpeg,2,1021
lungscc2055.jpeg,2,1095
lungn4978.jpeg,1,937
lungn4948.jpeg,1,845
lungn4880.jpeg,1,761
lungscc3797.jpeg,2,1040
lungn4658.jpeg,1,912
lungn2111.jpeg,1,816
lungscc130.jpeg,2,1038
lungn188.jpeg,1,991
lungscc3020.jpeg,2,1040
lungaca4753.jpeg,0,595
lungn1601.jpeg,1,940
lungaca501.jpeg,0,530
lungscc3238.jpeg,2,1060
lungaca986.jpeg,0,668
lungaca186.jpeg,0,626
lungn2739.jpeg,1,852
lungscc2322.jpeg,2,1191
lungaca478.jpeg,0,604
lungn1902.jpeg,1,861
lungaca4096.jpeg,0,527
lungaca797.jpeg,0,538
lungn2344.jpeg,1,783
lungscc1788.jpeg,2,1195
lungscc1811.jpeg,2,1011
lungscc2020.jpeg,2,1232
lungn3809.jpeg,1,777
lungn3512.jpeg,1,829
lungaca4718.jpeg,0,615
lungn4754.jpeg,1,806
lungscc4361.jpeg,2,1199
lungaca4263.jpeg,0,616
lungaca2854.jpeg,0,533
lungn2252.jpeg,1,776
lungscc2683.jpeg,2,998
lungscc3257.jpeg,2,1099
lungaca1284.jpeg,0,568
lungn378.jpeg,1,762
lungn1289.jpeg,1,954
lungn1655.jpeg,1,973
lungaca1202.jpeg,0,541
lungn2426.jpeg,1,839
lungn3401.jpeg,1,885
lungaca127.jpeg,0,734
lungscc178.jpeg,2,1025
lungaca2552.jpeg,0,546
lungaca2799.jpeg,0,673
lungscc918.jpeg,2,1177
lungscc4778.jpeg,2,1166
lungscc2054.jpeg,2,999
lungscc1821.jpeg,2,1056
lungaca2267.jpeg,0,559
lungaca777.jpeg,0,647
lungscc2697.jpeg,2,1218
lungaca2364.jpeg,0,618
lungaca542.jpeg,0,694
lungscc1131.jpeg,2,1114
lungscc91.jpeg,2,998
lungaca4523.jpeg,0,537
lungaca256.jpeg,0,627
lungscc4709.jpeg,2,1183
lungn802.jpeg,1,858
lungn1965.jpeg,1,920
lungscc1226.jpeg,2,1240
lungaca4008.jpeg,0,536
lungscc1761.jpeg,2,1242
lungscc414.jpeg,2,1133
lungaca397.jpeg,0,524
lungaca3438.jpeg,0,733
lungscc2397.jpeg,2,1184
lungn672.jpeg,1,894
lungscc2895.jpeg,2,1202
lungscc1981.jpeg,2,1124
lungaca2204.jpeg,0,510
lungn1436.jpeg,1,884
lungaca3497.jpeg,0,694
lungscc1160.jpeg,2,1108
lungaca3645.jpeg,0,619
lungaca1275.jpeg,0,647
lungn3357.jpeg,1,938
lungaca692.jpeg,0,518
lungscc803.jpeg,2,1015
lungn827.jpeg,1,764
lungn4532.jpeg,1,798
lungaca2755.jpeg,0,585
lungscc2929.jpeg,2,1092
lungscc734.jpeg,2,1005
lungscc4857.jpeg,2,1205
lungaca3881.jpeg,0,593
lungaca526.jpeg,0,668
lungaca3794.jpeg,0,529
lungn1592.jpeg,1,950
lungaca3442.jpeg,0,707
lungaca3818.jpeg,0,637
lungscc685.jpeg,2,1049
lungaca436.jpeg,0,699
lungn4663.jpeg,1,973
lungscc2733.jpeg,2,1001
lungn3492.jpeg,1,941
lungscc1760.jpeg,2,1150
lungscc3088.jpeg,2,1013
lungaca3451.jpeg,0,576
lungn3187.jpeg,1,752
lungn3015.jpeg,1,838
lungaca2679.jpeg,0,519
lungaca3633.jpeg,0,533
lungscc3678.jpeg,2,1044
lungaca1218.jpeg,0,516
lungn98.jpeg,1,905
lungn1016.jpeg,1,784
lungaca2334.jpeg,0,594
lungscc4164.jpeg,2,1158
lungscc3342.jpeg,2,1007
lungscc3942.jpeg,2,1241
lungscc1827.jpeg,2,1244
lungscc577.jpeg,2,1023
lungscc3431.jpeg,2,1146
lungaca424.jpeg,0,695
lungscc129.jpeg,2,1157
lungscc3179.jpeg,2,1181
lungaca301.jpeg,0,632
lungaca3316.jpeg,0,558
lungaca674.jpeg,0,581
lungscc885.jpeg,2,1073
lungn767.jpeg,1,853
lungaca2021.jpeg,0,659
lungn3169.jpeg,1,793
lungaca1778.jpeg,0,557
lungscc1895.jpeg,2,1072
lungaca1572.jpeg,0,633
lungn310.jpeg,1,882
lungn577.jpeg,1,912
lungscc4330.jpeg,2,1149
lungaca536.jpeg,0,512
lungaca2137.jpeg,0,603
lungn2625.jpeg,1,879
lungscc706.jpeg,2,1014
lungaca941.jpeg,0,565
lungaca3429.jpeg,0,590
lungscc1637.jpeg,2,1031
lungaca1859.jpeg,0,632
lungscc1411.jpeg,2,1049
lungaca2520.jpeg,0,692
lungscc2014.jpeg,2,1141
lungaca2144.jpeg,0,597
lungn763.jpeg,1,857
lungn1310.jpeg,1,884
lungscc791.jpeg,2,1177
lungn3109.jpeg,1,940
lungscc227.jpeg,2,1171
lungscc34.jpeg,2,1170
lungaca165.jpeg,0,648
lungn1687.jpeg,1,808
lungn148.jpeg,1,952
lungn4763.jpeg,1,930
lungn2964.jpeg,1,816
lungscc3686.jpeg,2,1084
lungscc3038.jpeg,2,1024
lungn3303.jpeg,1,875
lungn421.jpeg,1,850
lungscc3357.jpeg,2,1171
lungscc1412.jpeg,2,1132
lungn202.jpeg,1,954
lungn4342.jpeg,1,792
lungaca1636.jpeg,0,598
lungn1305.jpeg,1,873
lungscc3762.jpeg,2,1159
lungaca3093.jpeg,0,572
lungscc1053.jpeg,2,1036
lungn3763.jpeg,1,842
lungscc3451.jpeg,2,1091
lungaca3478.jpeg,0,690
lungaca4315.jpeg,0,547
lungscc1287.jpeg,2,1142
lungscc2384.jpeg,2,1081
lungscc678.jpeg,2,1031
lungaca1110.jpeg,0,563
lungn1279.jpeg,1,756
lungscc4601.jpeg,2,1038
lungn3756.jpeg,1,792
lungscc1378.jpeg,2,1083
lungn4974.jpeg,1,843
lungscc2518.jpeg,2,1135
lungn1401.jpeg,1,932
lungscc198.jpeg,2,999
lungn4724.jpeg,1,983
lungn1772.jpeg,1,765
lungscc1527.jpeg,2,1179
lungaca2252.jpeg,0,509
lungn1959.jpeg,1,818
lungscc1855.jpeg,2,1051
lungaca2546.jpeg,0,617
lungscc4457.jpeg,2,1235
lungaca2206.jpeg,0,745
lungn127.jpeg,1,799
lungn4099.jpeg,1,825
lungn3987.jpeg,1,815
lungscc743.jpeg,2,1015
lungaca1823.jpeg,0,562
lungaca3717.jpeg,0,552
lungscc2718.jpeg,2,1189
lungn1544.jpeg,1,987
lungaca4906.jpeg,0,672
lungscc3231.jpeg,2,1083
lungaca2971.jpeg,0,696
lungn4259.jpeg,1,931
lungscc4532.jpeg,2,1067
lungscc233.jpeg,2,1100
lungaca1491.jpeg,0,548
lungscc550.jpeg,2,1201
lungaca2787.jpeg,0,577
lungscc73.jpeg,2,1041
lungaca2817.jpeg,0,736
lungscc4573.jpeg,2,1164
lungn1423.jpeg,1,983
lungn3825.jpeg,1,924
lungaca464.jpeg,0,712
lungn3306.jpeg,1,833
lungscc2463.jpeg,2,1103
lungaca812.jpeg,0,651
lungaca829.jpeg,0,692
lungn1174.jpeg,1,824
lungn4755.jpeg,1,826
lungn4337.jpeg,1,839
lungn922.jpeg,1,908
lungscc4433.jpeg,2,999
lungn4420.jpeg,1,756
lungscc3854.jpeg,2,1031
lungscc3404.jpeg,2,1076
lungaca407.jpeg,0,534
lungaca4597.jpeg,0,603
lungaca178.jpeg,0,726
lungscc3174.jpeg,2,1080
lungn2689.jpeg,1,775
lungn4233.jpeg,1,811
lungaca25.jpeg,0,707
lungaca1601.jpeg,0,587
lungscc1096.jpeg,2,1026
lungaca1227.jpeg,0,588
lungaca3065.jpeg,0,647
lungscc2387.jpeg,2,1139
lungn4826.jpeg,1,991
lungn759.jpeg,1,887
lungscc1942.jpeg,2,1043
lungn2562.jpeg,1,762
lungaca4272.jpeg,0,733
lungn1090.jpeg,1,949
lungaca2018.jpeg,0,508
lungscc384.jpeg,2,1220
lungscc3517.jpeg,2,1051
lungn598.jpeg,1,757
lungn1112.jpeg,1,940
lungn2165.jpeg,1,978
lungaca2402.jpeg,0,721
lungaca4130.jpeg,0,665
lungaca4841.jpeg,0,697
lungscc4925.jpeg,2,1164
lungaca2671.jpeg,0,568
lungn804.jpeg,1,920
lungscc2434.jpeg,2,1014
lungscc1976.jpeg,2,1100
lungscc3702.jpeg,2,1139
lungscc1343.jpeg,2,1180
lungaca4114.jpeg,0,524
lungaca1149.jpeg,0,573
lungaca3584.jpeg,0,649
lungn4938.jpeg,1,774
lungscc2587.jpeg,2,1194
lungn2888.jpeg,1,917
lungaca4031.jpeg,0,529
lungaca1687.jpeg,0,713
lungscc1387.jpeg,2,1085
lungn2024.jpeg,1,821
lungscc3072.jpeg,2,1031
lungaca1551.jpeg,0,747
lungscc2448.jpeg,2,1092
lungscc1677.jpeg,2,1065
lungscc4269.jpeg,2,1071
lungaca4448.jpeg,0,607
lungaca2356.jpeg,0,588
lungaca1612.jpeg,0,629
lungaca3422.jpeg,0,634
lungaca3122.jpeg,0,569
lungaca517.jpeg,0,704
lungn245.jpeg,1,807
lungaca930.jpeg,0,514
lungaca3528.jpeg,0,644
lungscc4946.jpeg,2,1190
lungscc773.jpeg,2,1237
lungscc3286.jpeg,2,1089
lungscc4419.jpeg,2,1162
lungaca764.jpeg,0,554
lungaca1292.jpeg,0,613
lungscc3608.jpeg,2,1043
lungn2109.jpeg,1,828
lungscc1910.jpeg,2,1137
lungn2893.jpeg,1,929
lungaca4995.jpeg,0,524
lungn3264.jpeg,1,968
lungn2733.jpeg,1,805
lungscc2255.jpeg,2,1013
lungaca3177.jpeg,0,528
lungaca64.jpeg,0,516
lungscc1340.jpeg,2,1057
lungn1873.jpeg,1,856
lungaca618.jpeg,0,737
lungaca4896.jpeg,0,697
lungaca4371.jpeg,0,651
lungaca980.jpeg,0,561
lungaca2835.jpeg,0,743
lungn3685.jpeg,1,769
lungaca1046.jpeg,0,560
lungaca493.jpeg,0,699
lungaca4705.jpeg,0,569
lungaca2833.jpeg,0,545
lungn1711.jpeg,1,879
lungscc1267.jpeg,2,1025
lungn515.jpeg,1,848
lungaca3249.jpeg,0,742
lungaca3226.jpeg,0,716
lungaca3029.jpeg,0,576
lungn4702.jpeg,1,830
lungn4721.jpeg,1,864
lungaca3763.jpeg,0,534
lungscc2581.jpeg,2,1026
lungaca1302.jpeg,0,654
lungn2458.jpeg,1,905
lungscc4655.jpeg,2,1070
lungaca4737.jpeg,0,528
lungaca4681.jpeg,0,721
lungaca1759.jpeg,0,537
lungn3038.jpeg,1,879
lungaca3852.jpeg,0,675
lungscc3547.jpeg,2,1201
lungaca4641.jpeg,0,552
lungscc2445.jpeg,2,1193
lungscc512.jpeg,2,1208
lungaca735.jpeg,0,530
lungscc3210.jpeg,2,1123
lungaca631.jpeg,0,506
lungscc102.jpeg,2,1193
lungaca3781.jpeg,0,653
lungscc4287.jpeg,2,1061
lungn3288.jpeg,1,885
lungn504.jpeg,1,885
lungscc36.jpeg,2,1028
lungaca3945.jpeg,0,674
lungn3105.jpeg,1,883
lungaca4866.jpeg,0,596
lungscc79.jpeg,2,1198
lungscc3985.jpeg,2,1019
lungn142.jpeg,1,973
lungn2218.jpeg,1,943
lungaca3150.jpeg,0,645
lungn1044.jpeg,1,888
lungscc3536.jpeg,2,1181
lungaca1192.jpeg,0,611
lungn1320.jpeg,1,863
lungn734.jpeg,1,913
lungn493.jpeg,1,892
lungscc1462.jpeg,2,999
lungn3082.jpeg,1,886
lungn965.jpeg,1,825
lungscc397.jpeg,2,1082
lungscc3060.jpeg,2,1162
lungscc3336.jpeg,2,1028
lungscc1495.jpeg,2,1147
lungaca1205.jpeg,0,589
lungscc2338.jpeg,2,1097
lungscc1115.jpeg,2,1043
lungscc2125.jpeg,2,1044
lungn2063.jpeg,1,863
lungscc4165.jpeg,2,1138
lungn199.jpeg,1,913
lungn4014.jpeg,1,772
lungn1526.jpeg,1,809
lungscc1455.jpeg,2,1011
lungaca2617.jpeg,0,660
lungaca801.jpeg,0,661
lungn934.jpeg,1,920
lungscc3677.jpeg,2,1144
lungn1738.jpeg,1,836
lungaca2360.jpeg,0,537
lungaca3338.jpeg,0,664
lungn3061.jpeg,1,831
lungaca4793.jpeg,0,668
lungn296.jpeg,1,751
lungn104.jpeg,1,995
lungn3932.jpeg,1,788
lungscc2931.jpeg,2,1223
lungaca4157.jpeg,0,720
lungn391.jpeg,1,861
lungn1668.jpeg,1,947
lungscc1840.jpeg,2,1048
lungaca1055.jpeg,0,694
lungaca3051.jpeg,0,609
lungaca4054.jpeg,0,546
lungn3076.jpeg,1,840
lungscc2711.jpeg,2,1136
lungaca868.jpeg,0,668
lungscc4571.jpeg,2,1073
lungscc4151.jpeg,2,1046
lungn4432.jpeg,1,994
lungn4112.jpeg,1,955
lungaca1830.jpeg,0,524
lungscc2121.jpeg,2,1234
lungscc2693.jpeg,2,1018
lungaca507.jpeg,0,613
lungscc3700.jpeg,2,1121
lungaca3755.jpeg,0,660
lungaca2328.jpeg,0,672
lungaca2968.jpeg,0,523
lungscc4453.jpeg,2,1023
lungn492.jpeg,1,809
lungn1033.jpeg,1,961
lungn519.jpeg,1,785
lungn2731.jpeg,1,804
lungn25.jpeg,1,944
lungn3540.jpeg,1,862
lungaca2246.jpeg,0,741
lungn2119.jpeg,1,872
lungaca4598.jpeg,0,557
lungscc3818.jpeg,2,1010
lungscc2428.jpeg,2,1020
lungaca2467.jpeg,0,678
lungaca3391.jpeg,0,659
lungn2966.jpeg,1,865
lungscc731.jpeg,2,1181
lungn2940.jpeg,1,875
lungn2206.jpeg,1,928
lungscc1791.jpeg,2,1237
lungaca3562.jpeg,0,598
lungscc3761.jpeg,2,1238
lungaca793.jpeg,0,599
lungscc4713.jpeg,2,1030
lungscc1233.jpeg,2,1046
lungscc4821.jpeg,2,1085
lungn2049.jpeg,1,985
lungn3406.jpeg,1,817
lungscc44.jpeg,2,1037
lungn3710.jpeg,1,793
lungn4396.jpeg,1,860
lungaca4142.jpeg,0,713
lungaca4368.jpeg,0,614
lungn3037.jpeg,1,756
lungn1782.jpeg,1,773
lungn3787.jpeg,1,889
lungaca35.jpeg,0,639
lungn4694.jpeg,1,880
lungscc2143.jpeg,2,1064
lungn1518.jpeg,1,859
lungn101.jpeg,1,851
lungscc4106.jpeg,2,1117
lungn977.jpeg,1,798
lungaca4474.jpeg,0,636
lungscc1000.jpeg,2,1149
lungaca4025.jpeg,0,584
lungn2171.jpeg,1,917
lungn4622.jpeg,1,866
lungaca1319.jpeg,0,695
lungn3619.jpeg,1,889
lungaca3392.jpeg,0,622
lungscc2634.jpeg,2,1089
lungscc2540.jpeg,2,1116
lungaca3786.jpeg,0,515
lungscc594.jpeg,2,1017
lungaca614.jpeg,0,588
lungscc4085.jpeg,2,1198
lungscc155.jpeg,2,1163
lungaca2927.jpeg,0,744
lungscc3707.jpeg,2,1151
lungscc3950.jpeg,2,1161
lungn2952.jpeg,1,843
lungscc3343.jpeg,2,1007
lungaca3772.jpeg,0,651
lungaca1163.jpeg,0,683
lungscc774.jpeg,2,1119
lungaca3046.jpeg,0,715
lungn2713.jpeg,1,995
lungaca1306.jpeg,0,648
lungaca4923.jpeg,0,742
lungn4542.jpeg,1,982
lungn4016.jpeg,1,900
lungn2789.jpeg,1,761
lungscc255.jpeg,2,1099
lungaca2661.jpeg,0,563
lungscc871.jpeg,2,1046
lungaca1726.jpeg,0,609
lungscc1484.jpeg,2,1027
lungn4395.jpeg,1,827
lungscc2287.jpeg,2,1059
lungaca1879.jpeg,0,539
lungaca2423.jpeg,0,539
lungn1554.jpeg,1,953
lungaca1676.jpeg,0,736
lungaca3060.jpeg,0,620
lungscc2327.jpeg,2,1124
lungaca1279.jpeg,0,700
lungn2306.jpeg,1,804
lungaca1377.jpeg,0,547
lungscc4444.jpeg,2,1140
lungaca423.jpeg,0,655
lungscc2246.jpeg,2,1029
lungaca473.jpeg,0,586
lungn2355.jpeg,1,886
lungn1156.jpeg,1,750
lungaca3278.jpeg,0,659
lungaca2715.jpeg,0,545
lungscc626.jpeg,2,1203
lungaca1600.jpeg,0,722
lungscc723.jpeg,2,1065
lungn3954.jpeg,1,903
lungaca2084.jpeg,0,511
lungscc1518.jpeg,2,1046
lungscc4892.jpeg,2,1115
lungn3523.jpeg,1,871
lungn658.jpeg,1,893
lungscc1240.jpeg,2,1205
lungaca729.jpeg,0,714
lungaca4467.jpeg,0,533
lungaca4605.jpeg,0,513
lungaca349.jpeg,0,668
lungaca795.jpeg,0,688
lungaca2695.jpeg,0,665
lungaca1577.jpeg,0,743
lungaca3357.jpeg,0,604
lungscc1392.jpeg,2,1059
lungn1199.jpeg,1,941
lungaca1780.jpeg,0,664
lungn2762.jpeg,1,796
lungaca2418.jpeg,0,643
lungscc4368.jpeg,2,1169
lungn3044.jpeg,1,753
lungscc1350.jpeg,2,1074
lungscc3596.jpeg,2,1097
lungn3363.jpeg,1,953
lungn4869.jpeg,1,891
lungn4820.jpeg,1,804
lungn2121.jpeg,1,767
lungn2070.jpeg,1,788
lungaca1427.jpeg,0,522
lungscc737.jpeg,2,1183
lungscc4691.jpeg,2,1159
lungn4502.jpeg,1,832
lungn819.jpeg,1,836
lungaca689.jpeg,0,564
lungaca4827.jpeg,0,577
lungscc523.jpeg,2,1138
lungaca2117.jpeg,0,731
lungaca3540.jpeg,0,616
lungaca3437.jpeg,0,733
lungscc4758.jpeg,2,1008
lungscc448.jpeg,2,1045
lungscc3369.jpeg,2,1041
lungscc4651.jpeg,2,1118
lungscc672.jpeg,2,1136
lungaca1342.jpeg,0,530
lungscc4729.jpeg,2,1044
lungaca2798.jpeg,0,684
lungaca1468.jpeg,0,627
lungaca2055.jpeg,0,598
lungn3285.jpeg,1,975
lungaca3721.jpeg,0,725
lungn4192.jpeg,1,942
lungaca1365.jpeg,0,614
lungscc3611.jpeg,2,1042
lungaca4240.jpeg,0,603
lungscc4954.jpeg,2,1043
lungaca200.jpeg,0,740
lungn103.jpeg,1,887
lungscc4874.jpeg,2,1076
lungscc3442.jpeg,2,1084
lungscc3207.jpeg,2,1013
lungscc1743.jpeg,2,1085
lungn2932.jpeg,1,973
lungscc4540.jpeg,2,1118
lungscc4006.jpeg,2,1182
lungn1041.jpeg,1,918
lungn4318.jpeg,1,752
lungn2700.jpeg,1,907
lungaca4552.jpeg,0,686
lungaca809.jpeg,0,648
lungscc4914.jpeg,2,1138
lungn737.jpeg,1,912
lungn440.jpeg,1,802
lungn3297.jpeg,1,982
lungn2071.jpeg,1,789
lungn1937.jpeg,1,961
lungaca4513.jpeg,0,530
lungn3554.jpeg,1,887
lungn914.jpeg,1,807
lungscc2985.jpeg,2,1064
lungn4314.jpeg,1,933
lungaca3134.jpeg,0,555
lungscc2927.jpeg,2,1159
lungaca2384.jpeg,0,644
lungscc3553.jpeg,2,1202
lungaca3761.jpeg,0,572
lungn3368.jpeg,1,923
lungscc4636.jpeg,2,1119
lungaca3994.jpeg,0,702
lungscc4449.jpeg,2,1050
lungn486.jpeg,1,845
lungn3310.jpeg,1,979
lungn1431.jpeg,1,752
lungscc3385.jpeg,2,1220
lungn1580.jpeg,1,790
lungscc3154.jpeg,2,1163
lungscc1474.jpeg,2,998
lungaca1883.jpeg,0,601
lungscc4919.jpeg,2,1114
lungscc1974.jpeg,2,1236
lungscc4743.jpeg,2,1102
lungn461.jpeg,1,783
lungn2329.jpeg,1,877
lungn409.jpeg,1,884
lungaca2721.jpeg,0,646
lungscc3239.jpeg,2,1004
lungaca622.jpeg,0,533
lungaca3425.jpeg,0,675
lungscc3552.jpeg,2,1145
lungn311.jpeg,1,792
lungaca912.jpeg,0,660
lungaca2888.jpeg,0,604
lungaca2937.jpeg,0,656
lungn993.jpeg,1,861
lungscc1061.jpeg,2,1192
lungscc2379.jpeg,2,1235
lungaca1626.jpeg,0,675
lungn3085.jpeg,1,968
lungaca4341.jpeg,0,624
lungscc2116.jpeg,2,1107
lungscc4794.jpeg,2,1084
lungn3902.jpeg,1,797
lungscc2488.jpeg,2,1123
lungscc3202.jpeg,2,1174
lungaca1063.jpeg,0,563
lungn2144.jpeg,1,888
lungscc609.jpeg,2,1209
lungscc3139.jpeg,2,1088
lungn4461.jpeg,1,806
lungscc1893.jpeg,2,1233
lungn47.jpeg,1,978
lungaca1554.jpeg,0,630
lungscc1425.jpeg,2,1082
lungscc968.jpeg,2,1223
lungaca4530.jpeg,0,639
lungaca4189.jpeg,0,570
lungscc3322.jpeg,2,1187
lungaca71.jpeg,0,567
lungn2972.jpeg,1,852
lungn1114.jpeg,1,982
lungn3903.jpeg,1,921
lungn2785.jpeg,1,847
lungscc4093.jpeg,2,1150
lungaca1137.jpeg,0,580
lungscc3447.jpeg,2,1018
lungscc3739.jpeg,2,1204
lungscc3121.jpeg,2,1118
lungn2127.jpeg,1,804
lungaca4957.jpeg,0,744
lungn1226.jpeg,1,818
lungn4308.jpeg,1,800
lungn2534.jpeg,1,923
lungaca4472.jpeg,0,673
lungn1307.jpeg,1,843
lungaca4580.jpeg,0,617
lungaca7.jpeg,0,561
lungscc2479.jpeg,2,1244
lungscc865.jpeg,2,1095
lungaca1582.jpeg,0,650
lungscc2700.jpeg,2,1035
lungscc2565.jpeg,2,1193
lungscc154.jpeg,2,1044
lungn1990.jpeg,1,764
lungscc285.jpeg,2,1130
lungscc2562.jpeg,2,1236
lungaca2399.jpeg,0,710
lungn1869.jpeg,1,968
lungaca611.jpeg,0,699
lungscc1111.jpeg,2,1201
lungaca2033.jpeg,0,526
lungn1642.jpeg,1,901
lungscc896.jpeg,2,1064
lungaca835.jpeg,0,590
lungn2659.jpeg,1,850
lungn4859.jpeg,1,831
lungn3163.jpeg,1,913
lungn1994.jpeg,1,929
lungn2554.jpeg,1,895
lungn1363.jpeg,1,875
lungaca1411.jpeg,0,519
lungn377.jpeg,1,807
lungscc4759.jpeg,2,1153
lungaca1741.jpeg,0,566
lungscc2823.jpeg,2,1011
lungaca1980.jpeg,0,582
lungn506.jpeg,1,967
lungaca1821.jpeg,0,627
lungaca2914.jpeg,0,538
lungscc3494.jpeg,2,1006
lungscc2694.jpeg,2,1152
lungn3655.jpeg,1,927
lungn31.jpeg,1,993
lungaca2505.jpeg,0,525
lungaca3222.jpeg,0,575
lungscc1653.jpeg,2,1170
lungn2934.jpeg,1,861
lungscc4432.jpeg,2,1055
lungn686.jpeg,1,787
lungaca188.jpeg,0,590
lungaca2956.jpeg,0,700
lungn191.jpeg,1,901
lungn1835.jpeg,1,903
lungn3302.jpeg,1,942
lungn2673.jpeg,1,789
lungaca49.jpeg,0,560
lungscc740.jpeg,2,1070
lungn798.jpeg,1,940
lungaca1834.jpeg,0,722
lungscc9.jpeg,2,1023
lungaca2191.jpeg,0,506
lungn2445.jpeg,1,993
lungn1640.jpeg,1,909
lungaca3728.jpeg,0,647
lungn4607.jpeg,1,874
lungn3339.jpeg,1,946
lungaca933.jpeg,0,690
lungn4331.jpeg,1,795
lungn2397.jpeg,1,823
lungscc2775.jpeg,2,1042
lungaca3863.jpeg,0,543
lungaca2275.jpeg,0,721
lungscc1537.jpeg,2,1117
lungscc2135.jpeg,2,1101
lungaca3137.jpeg,0,523
lungn1005.jpeg,1,953
lungaca2990.jpeg,0,592
lungscc1898.jpeg,2,1138
lungn1644.jpeg,1,892
lungscc145.jpeg,2,1021
lungscc408.jpeg,2,1010
lungaca2588.jpeg,0,626
lungn4183.jpeg,1,878
lungn3532.jpeg,1,849
lungaca120.jpeg,0,727
lungscc3058.jpeg,2,1229
lungn3668.jpeg,1,891
lungaca2463.jpeg,0,687
lungn4990.jpeg,1,805
lungaca2689.jpeg,0,591
lungaca2944.jpeg,0,692
lungscc4105.jpeg,2,1134
lungn4606.jpeg,1,952
lungn4566.jpeg,1,855
lungn429.jpeg,1,932
lungaca925.jpeg,0,614
lungscc3389.jpeg,2,1168
lungscc1768.jpeg,2,1221
lungscc2281.jpeg,2,1085
lungscc3935.jpeg,2,1092
lungn2395.jpeg,1,947
lungaca4013.jpeg,0,517
lungaca3223.jpeg,0,572
lungscc266.jpeg,2,1149
lungaca635.jpeg,0,659
lungn4741.jpeg,1,937
lungscc3795.jpeg,2,1036
lungn1012.jpeg,1,855
lungscc2294.jpeg,2,1087
lungscc4895.jpeg,2,1043
lungn4228.jpeg,1,790
lungaca3256.jpeg,0,646
lungaca3279.jpeg,0,722
lungaca895.jpeg,0,543
lungscc970.jpeg,2,1147
lungaca485.jpeg,0,545
lungscc1370.jpeg,2,1047
lungn3589.jpeg,1,835
lungscc132.jpeg,2,1203
lungaca4970.jpeg,0,589
lungscc1560.jpeg,2,1155
lungaca4324.jpeg,0,742
lungaca4146.jpeg,0,693
lungscc4300.jpeg,2,1229
lungscc1248.jpeg,2,1114
lungn4304.jpeg,1,878
lungaca4830.jpeg,0,617
lungn2922.jpeg,1,955
lungaca3184.jpeg,0,582
lungn1301.jpeg,1,947
lungscc1469.jpeg,2,1168
lungscc924.jpeg,2,1075
lungn4684.jpeg,1,757
lungn2077.jpeg,1,854
lungscc3911.jpeg,2,1040
lungn1003.jpeg,1,866
lungscc501.jpeg,2,1203
lungscc374.jpeg,2,1107
lungscc3693.jpeg,2,1027
lungscc3515.jpeg,2,1143
lungscc3048.jpeg,2,1081
lungaca613.jpeg,0,740
lungscc828.jpeg,2,1128
lungaca3365.jpeg,0,632
lungscc402.jpeg,2,1130
lungaca2595.jpeg,0,643
lungn2650.jpeg,1,784
lungn1245.jpeg,1,832
lungaca4759.jpeg,0,549
lungscc4042.jpeg,2,1237
lungscc2979.jpeg,2,1010
lungscc3986.jpeg,2,1232
lungscc2904.jpeg,2,1174
lungscc1189.jpeg,2,1106
lungscc1570.jpeg,2,1011
lungaca3453.jpeg,0,618
lungn3767.jpeg,1,928
lungscc3327.jpeg,2,1242
lungaca418.jpeg,0,528
lungaca3383.jpeg,0,662
lungn3102.jpeg,1,902
lungaca274.jpeg,0,701
lungn2375.jpeg,1,944
lungscc2865.jpeg,2,1017
lungscc4110.jpeg,2,1090
lungn1515.jpeg,1,894
lungscc3798.jpeg,2,1040
lungn1510.jpeg,1,930
lungscc1324.jpeg,2,1121
lungaca3400.jpeg,0,608
lungn1410.jpeg,1,971
lungaca961.jpeg,0,737
lungaca4442.jpeg,0,582
lungaca4289.jpeg,0,564
lungaca1461.jpeg,0,737
lungaca2158.jpeg,0,589
lungscc1561.jpeg,2,1155
lungaca2592.jpeg,0,731
lungn4870.jpeg,1,784
lungaca113.jpeg,0,551
lungn2155.jpeg,1,766
lungaca4181.jpeg,0,508
lungscc4909.jpeg,2,1001
lungn3400.jpeg,1,913
lungscc2100.jpeg,2,1126
lungaca1793.jpeg,0,594
lungaca3912.jpeg,0,549
lungn2771.jpeg,1,828
lungn4675.jpeg,1,970
lungn1284.jpeg,1,871
lungscc3758.jpeg,2,1037
lungaca2064.jpeg,0,680
lungaca168.jpeg,0,674
lungaca813.jpeg,0,611
lungscc2025.jpeg,2,1091
lungaca395.jpeg,0,564
lungn3993.jpeg,1,944
lungscc1823.jpeg,2,1245
lungn3217.jpeg,1,990
lungscc864.jpeg,2,999
lungscc2474.jpeg,2,1099
lungscc2166.jpeg,2,1002
lungaca2065.jpeg,0,680
lungaca3510.jpeg,0,635
lungn2976.jpeg,1,902
lungaca2994.jpeg,0,698
lungn2028.jpeg,1,943
lungscc2070.jpeg,2,1123
lungaca4476.jpeg,0,602
lungaca2446.jpeg,0,644
lungaca2460.jpeg,0,594
lungaca3554.jpeg,0,607
lungn2318.jpeg,1,835
lungscc1506.jpeg,2,1177
lungscc1184.jpeg,2,1220
lungscc3738.jpeg,2,1168
lungaca3844.jpeg,0,653
lungscc4980.jpeg,2,1195
lungn765.jpeg,1,937
lungscc4689.jpeg,2,1091
lungaca2417.jpeg,0,521
lungaca3541.jpeg,0,541
lungscc4021.jpeg,2,1075
lungscc4217.jpeg,2,1123
lungaca4810.jpeg,0,549
lungscc127.jpeg,2,1178
lungaca4785.jpeg,0,534
lungscc3285.jpeg,2,1089
lungn2594.jpeg,1,937
lungn3028.jpeg,1,805
lungn4913.jpeg,1,800
lungscc3330.jpeg,2,1233
lungscc1803.jpeg,2,1097
lungn2339.jpeg,1,947
lungn3309.jpeg,1,916
lungscc4530.jpeg,2,1068
lungaca1070.jpeg,0,706
lungaca2720.jpeg,0,670
lungaca53.jpeg,0,594
lungscc808.jpeg,2,1056
lungscc3001.jpeg,2,1126
lungn1261.jpeg,1,898
lungn4782.jpeg,1,993
lungn4890.jpeg,1,811
lungaca4754.jpeg,0,524
lungscc3151.jpeg,2,1205
lungn4425.jpeg,1,908
lungaca1245.jpeg,0,649
lungscc1429.jpeg,2,1213
lungn1956.jpeg,1,888
lungn4613.jpeg,1,796
lungaca2150.jpeg,0,674
lungscc872.jpeg,2,1006
lungscc2342.jpeg,2,1108
lungscc2291.jpeg,2,1074
lungaca530.jpeg,0,560
lungscc4349.jpeg,2,1171
lungaca3388.jpeg,0,625
lungscc3799.jpeg,2,1105
lungscc725.jpeg,2,1000
lungn3156.jpeg,1,754
lungaca1139.jpeg,0,691
lungn4003.jpeg,1,954
lungaca2042.jpeg,0,692
lungn636.jpeg,1,912
lungscc1109.jpeg,2,1075
lungaca2196.jpeg,0,591
lungscc4607.jpeg,2,1087
lungaca1931.jpeg,0,598
lungaca3701.jpeg,0,575
lungn4423.jpeg,1,819
lungscc3080.jpeg,2,1150
lungscc585.jpeg,2,1102
lungaca2863.jpeg,0,715
lungn1753.jpeg,1,808
lungscc2018.jpeg,2,1053
lungn531.jpeg,1,857
lungscc491.jpeg,2,1057
lungaca2316.jpeg,0,659
lungaca766.jpeg,0,526
lungaca4624.jpeg,0,584
lungaca1485.jpeg,0,738
lungscc747.jpeg,2,1099
lungaca2037.jpeg,0,656
lungn2546.jpeg,1,872
lungn4757.jpeg,1,847
lungscc2403.jpeg,2,1075
lungn3596.jpeg,1,793
lungscc2971.jpeg,2,1014
lungn3504.jpeg,1,808
lungn71.jpeg,1,961
lungaca1473.jpeg,0,602
lungaca2573.jpeg,0,642
lungaca1160.jpeg,0,731
lungscc4050.jpeg,2,1037
lungn4384.jpeg,1,889
lungscc3609.jpeg,2,1110
lungaca3519.jpeg,0,741
lungn2524.jpeg,1,906
lungscc358.jpeg,2,1113
lungaca243.jpeg,0,623
lungscc3014.jpeg,2,1034
lungn4910.jpeg,1,960
lungscc3120.jpeg,2,1120
lungn4962.jpeg,1,802
lungn4274.jpeg,1,934
lungn1839.jpeg,1,877
lungaca1016.jpeg,0,537
lungaca2958.jpeg,0,581
lungaca1089.jpeg,0,718
lungscc2648.jpeg,2,1177
lungaca1382.jpeg,0,679
lungn2195.jpeg,1,852
lungaca1080.jpeg,0,671
lungscc4883.jpeg,2,1209
lungn3980.jpeg,1,915
lungscc1268.jpeg,2,1131
lungn4018.jpeg,1,797
lungaca2141.jpeg,0,575
lungaca3283.jpeg,0,682
lungaca3850.jpeg,0,719
lungaca4742.jpeg,0,585
lungn133.jpeg,1,911
lungn4069.jpeg,1,870
lungaca948.jpeg,0,709
lungn4847.jpeg,1,977
lungaca3877.jpeg,0,613
lungscc3453.jpeg,2,1171
lungscc140.jpeg,2,1107
lungn3077.jpeg,1,812
lungscc3929.jpeg,2,1018
lungaca3653.jpeg,0,526
lungscc3603.jpeg,2,1165
lungscc1286.jpeg,2,1115
lungaca3727.jpeg,0,694
lungn194.jpeg,1,807
lungaca260.jpeg,0,613
lungaca3966.jpeg,0,606
lungscc4924.jpeg,2,1152
lungscc106.jpeg,2,1025
lungn1357.jpeg,1,874
lungscc1532.jpeg,2,1084
lungn3679.jpeg,1,767
lungaca704.jpeg,0,609
lungn418.jpeg,1,868
lungaca3831.jpeg,0,658
lungscc2513.jpeg,2,1065
lungaca2003.jpeg,0,552
lungscc3025.jpeg,2,1192
lungn1826.jpeg,1,946
lungscc3831.jpeg,2,1089
lungn3641.jpeg,1,809
lungn3266.jpeg,1,829
lungaca125.jpeg,0,733
lungscc3856.jpeg,2,1042
lungn3551.jpeg,1,843
lungscc2772.jpeg,2,1055
lungaca625.jpeg,0,583
lungn2556.jpeg,1,789
lungaca910.jpeg,0,562
lungaca1355.jpeg,0,703
lungaca252.jpeg,0,576
lungscc3808.jpeg,2,1003
lungaca2140.jpeg,0,622
lungn4392.jpeg,1,806
lungn1790.jpeg,1,766
lungn1798.jpeg,1,841
lungaca4503.jpeg,0,693
lungaca2593.jpeg,0,670
lungn3785.jpeg,1,884
lungn4871.jpeg,1,850
lungscc1280.jpeg,2,1113
lungscc2968.jpeg,2,1084
lungaca2292.jpeg,0,643
lungaca3532.jpeg,0,522
lungscc2302.jpeg,2,1174
lungn558.jpeg,1,776
lungaca297.jpeg,0,742
lungn1474.jpeg,1,976
lungaca2456.jpeg,0,691
lungscc983.jpeg,2,1201
lungaca3174.jpeg,0,560
lungscc3752.jpeg,2,1016
lungn3315.jpeg,1,760
lungaca2387.jpeg,0,536
lungn320.jpeg,1,791
lungaca3455.jpeg,0,599
lungscc1030.jpeg,2,1069
lungn3841.jpeg,1,981
lungaca356.jpeg,0,528
lungaca799.jpeg,0,684
lungaca3694.jpeg,0,660
lungaca3906.jpeg,0,620
lungaca566.jpeg,0,599
lungscc3344.jpeg,2,1023
lungn4072.jpeg,1,766
lungscc1156.jpeg,2,1004
lungaca765.jpeg,0,554
lungaca4397.jpeg,0,732
lungaca1934.jpeg,0,707
lungn2498.jpeg,1,909
lungaca503.jpeg,0,696
lungscc4112.jpeg,2,1076
lungaca3231.jpeg,0,665
lungscc2689.jpeg,2,1014
lungn2361.jpeg,1,780
lungn5.jpeg,1,771
lungaca3944.jpeg,0,744
lungaca659.jpeg,0,679
lungscc4398.jpeg,2,1048
lungaca4510.jpeg,0,535
lungscc3089.jpeg,2,1221
lungn4679.jpeg,1,760
lungn3246.jpeg,1,832
lungscc764.jpeg,2,1114
lungn1759.jpeg,1,850
lungn4587.jpeg,1,932
lungscc3496.jpeg,2,1001
lungn1511.jpeg,1,825
lungscc788.jpeg,2,1033
lungaca4520.jpeg,0,680
lungn181.jpeg,1,805
lungaca3978.jpeg,0,549
lungscc3337.jpeg,2,1028
lungn2559.jpeg,1,807
lungaca177.jpeg,0,594
lungscc1633.jpeg,2,1110
lungaca2644.jpeg,0,685
lungn3214.jpeg,1,972
lungn1582.jpeg,1,856
lungaca2851.jpeg,0,631
lungaca1376.jpeg,0,551
lungaca3614.jpeg,0,521
lungscc1613.jpeg,2,1081
lungaca1643.jpeg,0,689
lungn4553.jpeg,1,848
lungscc2924.jpeg,2,1152
lungscc2047.jpeg,2,1030
lungn4462.jpeg,1,860
lungn3121.jpeg,1,771
lungscc4054.jpeg,2,1039
lungaca2478.jpeg,0,724
lungaca3074.jpeg,0,610
lungscc3085.jpeg,2,1033
lungaca2870.jpeg,0,665
lungscc2773.jpeg,2,1098
lungn151.jpeg,1,926
lungscc170.jpeg,2,1185
lungaca4733.jpeg,0,672
lungn3252.jpeg,1,784
lungscc3636.jpeg,2,1236
lungaca696.jpeg,0,575
lungscc1701.jpeg,2,1034
lungn2469.jpeg,1,828
lungn3976.jpeg,1,794
lungscc3073.jpeg,2,1088
lungn3286.jpeg,1,871
lungscc2362.jpeg,2,1046
lungscc707.jpeg,2,1188
lungaca1414.jpeg,0,723
lungaca88.jpeg,0,511
lungscc4099.jpeg,2,1168
lungn3031.jpeg,1,895
lungn2174.jpeg,1,764
lungaca3119.jpeg,0,675
lungn106.jpeg,1,857
lungn4027.jpeg,1,889
lungscc3105.jpeg,2,1012
lungaca2397.jpeg,0,629
lungaca1087.jpeg,0,630
lungaca1833.jpeg,0,703
lungaca2843.jpeg,0,563
lungaca1809.jpeg,0,740
lungscc101.jpeg,2,1010
lungn4140.jpeg,1,873
lungscc4292.jpeg,2,1111
lungaca3524.jpeg,0,671
lungscc1992.jpeg,2,1167
lungn4799.jpeg,1,962
lungn13.jpeg,1,782
lungscc1674.jpeg,2,1237
lungaca3899.jpeg,0,713
lungn4908.jpeg,1,920
lungscc2976.jpeg,2,1091
lungn1485.jpeg,1,989
lungaca1004.jpeg,0,540
lungscc2498.jpeg,2,1102
lungn1356.jpeg,1,870
lungn1203.jpeg,1,915
lungn2963.jpeg,1,936
lungscc1022.jpeg,2,1122
lungn1865.jpeg,1,915
lungn2566.jpeg,1,885
lungaca3144.jpeg,0,627
lungaca2897.jpeg,0,529
lungaca1260.jpeg,0,718
lungscc4868.jpeg,2,1104
lungaca1635.jpeg,0,670
lungn4521.jpeg,1,925
lungn319.jpeg,1,762
lungscc2682.jpeg,2,1158
lungn4762.jpeg,1,822
lungaca4453.jpeg,0,540
lungn948.jpeg,1,953
lungscc2188.jpeg,2,1149
lungaca4828.jpeg,0,601
lungn4353.jpeg,1,791
lungscc4596.jpeg,2,1181
lungn1491.jpeg,1,916
lungscc150.jpeg,2,1045
lungaca565.jpeg,0,654
lungscc2545.jpeg,2,1174
lungn2992.jpeg,1,870
lungaca3835.jpeg,0,630
lungn4278.jpeg,1,779
lungn1477.jpeg,1,786
lungaca1019.jpeg,0,601
lungscc1779.jpeg,2,1016
lungaca680.jpeg,0,556
lungaca2327.jpeg,0,668
lungn3714.jpeg,1,864
lungn2977.jpeg,1,902
lungscc3265.jpeg,2,1141
lungn729.jpeg,1,959
lungaca3557.jpeg,0,516
lungn2818.jpeg,1,864
lungscc2674.jpeg,2,1149
lungaca391.jpeg,0,562
lungn2450.jpeg,1,861
lungn1475.jpeg,1,770
lungaca1767.jpeg,0,519
lungaca3163.jpeg,0,570
lungscc1702.jpeg,2,1031
lungn4161.jpeg,1,847
lungaca2106.jpeg,0,735
lungscc3620.jpeg,2,1163
lungscc391.jpeg,2,1158
lungscc4921.jpeg,2,1125
lungn4440.jpeg,1,978
lungaca1114.jpeg,0,740
lungscc2743.jpeg,2,1137
lungn3364.jpeg,1,887
lungn2231.jpeg,1,795
lungn1623.jpeg,1,843
lungscc2075.jpeg,2,1215
lungaca3360.jpeg,0,666
lungscc2517.jpeg,2,1228
lungn1443.jpeg,1,873
lungaca2250.jpeg,0,602
lungscc1396.jpeg,2,1157
lungaca3547.jpeg,0,573
lungn4904.jpeg,1,928
lungn4930.jpeg,1,984
lungscc4199.jpeg,2,999
lungn750.jpeg,1,927
lungn76.jpeg,1,867
lungscc2584.jpeg,2,1120
lungn3754.jpeg,1,781
lungscc3310.jpeg,2,1070
lungaca638.jpeg,0,587
lungaca445.jpeg,0,631
lungscc1083.jpeg,2,1219
lungn471.jpeg,1,898
lungaca339.jpeg,0,659
lungn253.jpeg,1,967
lungn507.jpeg,1,849
lungscc2113.jpeg,2,1015
lungaca4316.jpeg,0,653
lungn2967.jpeg,1,761
lungn1254.jpeg,1,838
lungscc4193.jpeg,2,1011
lungscc368.jpeg,2,1038
lungaca3956.jpeg,0,690
lungn3775.jpeg,1,874
lungn353.jpeg,1,937
lungscc682.jpeg,2,1146
lungaca3598.jpeg,0,663
lungn371.jpeg,1,792
lungscc3016.jpeg,2,1066
lungaca1213.jpeg,0,515
lungn3469.jpeg,1,793
lungn3445.jpeg,1,872
lungn3123.jpeg,1,919
lungscc2214.jpeg,2,1236
lungn3771.jpeg,1,858
lungn835.jpeg,1,968
lungaca1944.jpeg,0,539
lungscc4545.jpeg,2,1021
lungscc583.jpeg,2,1104
lungaca1575.jpeg,0,590
lungaca1048.jpeg,0,528
lungaca3201.jpeg,0,650
lungaca3742.jpeg,0,567
lungn2076.jpeg,1,809
lungscc3998.jpeg,2,1091
lungn3188.jpeg,1,916
lungscc4095.jpeg,2,1242
lungscc1405.jpeg,2,1145
lungn3291.jpeg,1,912
lungaca2325.jpeg,0,651
lungn211.jpeg,1,905
lungn3747.jpeg,1,822
lungaca1115.jpeg,0,610
lungscc1332.jpeg,2,1151
lungaca2940.jpeg,0,552
lungscc4202.jpeg,2,1240
lungscc2813.jpeg,2,1060
lungscc435.jpeg,2,1178
lungn4677.jpeg,1,784
lungn4631.jpeg,1,795
lungn2081.jpeg,1,807
lungn3814.jpeg,1,846
lungscc790.jpeg,2,1118
lungscc1539.jpeg,2,1090
lungaca4931.jpeg,0,669
lungaca4185.jpeg,0,593
lungscc3938.jpeg,2,1035
lungaca4643.jpeg,0,599
lungscc4860.jpeg,2,1013
lungaca1519.jpeg,0,567
lungaca921.jpeg,0,657
lungaca3077.jpeg,0,568
lungaca728.jpeg,0,707
lungaca1413.jpeg,0,546
lungn2085.jpeg,1,879
lungaca2767.jpeg,0,632
lungscc350.jpeg,2,1139
lungaca892.jpeg,0,739
lungaca1898.jpeg,0,597
lungaca3030.jpeg,0,737
lungscc4823.jpeg,2,1177
lungaca4285.jpeg,0,667
lungaca3169.jpeg,0,510
lungaca2632.jpeg,0,526
lungscc1084.jpeg,2,1237
lungscc3939.jpeg,2,1210
lungaca2580.jpeg,0,532
lungscc248.jpeg,2,1108
lungn3143.jpeg,1,898
lungn1274.jpeg,1,869
lungn2838.jpeg,1,881
lungaca928.jpeg,0,745
lungscc4230.jpeg,2,1213
lungscc364.jpeg,2,1059
lungaca682.jpeg,0,676
lungaca1217.jpeg,0,549
lungn1157.jpeg,1,879
lungaca3587.jpeg,0,697
lungn1404.jpeg,1,811
lungscc2040.jpeg,2,1033
lungn4248.jpeg,1,800
lungn1340.jpeg,1,750
lungn3010.jpeg,1,984
lungaca289.jpeg,0,585
lungn1960.jpeg,1,954
lungn1417.jpeg,1,951
lungaca4487.jpeg,0,745
lungscc2998.jpeg,2,1069
lungscc1092.jpeg,2,1000
lungscc1694.jpeg,2,1115
lungscc1272.jpeg,2,1228
lungn2947.jpeg,1,752
lungscc4383.jpeg,2,1174
lungscc4697.jpeg,2,1147
lungn3180.jpeg,1,797
lungaca1250.jpeg,0,570
lungn3750.jpeg,1,780
lungn268.jpeg,1,820
lungscc1523.jpeg,2,1205
lungscc3958.jpeg,2,1063
lungn2823.jpeg,1,942
lungn4104.jpeg,1,788
lungaca2908.jpeg,0,569
lungscc2610.jpeg,2,1140
lungscc468.jpeg,2,1235
lungn2088.jpeg,1,775
lungn4906.jpeg,1,964
lungn3073.jpeg,1,868
lungn2200.jpeg,1,885
lungn48.jpeg,1,910
lungscc4482.jpeg,2,1200
lungn2161.jpeg,1,823
lungscc3222.jpeg,2,1213
lungaca4539.jpeg,0,518
lungaca4544.jpeg,0,522
lungn1868.jpeg,1,904
lungn3007.jpeg,1,803
lungscc4390.jpeg,2,1129
lungaca4710.jpeg,0,627
lungn54.jpeg,1,759
lungscc10.jpeg,2,1023
lungaca2871.jpeg,0,614
lungaca4318.jpeg,0,620
lungaca1557.jpeg,0,548
lungaca2484.jpeg,0,569
lungscc1838.jpeg,2,1179
lungaca3428.jpeg,0,732
lungaca3658.jpeg,0,551
lungn4984.jpeg,1,844
lungaca1496.jpeg,0,726
lungaca3736.jpeg,0,699
lungscc492.jpeg,2,1070
lungscc4581.jpeg,2,1133
lungscc1472.jpeg,2,1050
lungscc2567.jpeg,2,1100
lungscc4263.jpeg,2,1042
lungn3205.jpeg,1,863
lungn1185.jpeg,1,921
lungscc3236.jpeg,2,1206
lungscc2095.jpeg,2,1079
lungaca2216.jpeg,0,666
lungaca1623.jpeg,0,512
lungn4729.jpeg,1,947
lungscc429.jpeg,2,1033
lungn4771.jpeg,1,944
lungscc2534.jpeg,2,1015
lungaca4731.jpeg,0,651
lungn4310.jpeg,1,848
lungaca3753.jpeg,0,711
lungaca4897.jpeg,0,682
lungn4630.jpeg,1,764
lungscc2400.jpeg,2,1165
lungaca2061.jpeg,0,700
lungn3233.jpeg,1,861
lungn1951.jpeg,1,876
lungscc1512.jpeg,2,999
lungn2433.jpeg,1,754
lungaca59.jpeg,0,679
lungn2521.jpeg,1,833
lungaca4874.jpeg,0,652
lungscc2223.jpeg,2,1195
lungn2173.jpeg,1,969
lungaca1845.jpeg,0,686
lungaca3459.jpeg,0,667
lungscc3077.jpeg,2,1046
lungn2439.jpeg,1,966
lungn976.jpeg,1,944
lungn4946.jpeg,1,769
lungn958.jpeg,1,898
lungaca255.jpeg,0,538
lungscc1320.jpeg,2,1218
lungn2393.jpeg,1,987
lungaca1535.jpeg,0,603
lungaca652.jpeg,0,554
lungaca4779.jpeg,0,730
lungn744.jpeg,1,952
lungaca3697.jpeg,0,509
lungaca4109.jpeg,0,625
lungn428.jpeg,1,956
lungn3558.jpeg,1,857
lungn63.jpeg,1,826
lungn1529.jpeg,1,876
lungaca2820.jpeg,0,691
lungaca3334.jpeg,0,722
lungscc1450.jpeg,2,1097
lungscc2476.jpeg,2,1234
lungn4474.jpeg,1,892
lungaca1837.jpeg,0,575
lungscc3443.jpeg,2,1148
lungaca2378.jpeg,0,520
lungscc2685.jpeg,2,1077
lungaca2962.jpeg,0,689
lungn1726.jpeg,1,926
lungn4110.jpeg,1,892
lungscc4448.jpeg,2,1123
lungaca2654.jpeg,0,545
lungscc1024.jpeg,2,1089
lungn2597.jpeg,1,899
lungn1396.jpeg,1,829
lungaca4015.jpeg,0,528
lungaca4703.jpeg,0,705
lungaca69.jpeg,0,563
lungn607.jpeg,1,806
lungn2720.jpeg,1,816
lungn3419.jpeg,1,848
lungn882.jpeg,1,906
lungscc4145.jpeg,2,1107
lungaca2882.jpeg,0,586
lungscc2470.jpeg,2,1110
lungn203.jpeg,1,928
lungscc960.jpeg,2,1091
lungaca1774.jpeg,0,703
lungaca2014.jpeg,0,639
lungn2537.jpeg,1,757
lungn402.jpeg,1,947
lungaca425.jpeg,0,666
lungaca3232.jpeg,0,510
lungaca1570.jpeg,0,515
lungn2514.jpeg,1,960
lungn924.jpeg,1,976
lungaca4471.jpeg,0,684
lungn283.jpeg,1,831
lungn2411.jpeg,1,937
lungn1461.jpeg,1,776
lungn3665.jpeg,1,984
lungscc2152.jpeg,2,1069
lungaca2542.jpeg,0,531
lungscc1090.jpeg,2,1139
lungscc2768.jpeg,2,1059
lungaca4132.jpeg,0,561
lungscc4931.jpeg,2,1111
lungaca4901.jpeg,0,513
lungaca3698.jpeg,0,703
lungn4098.jpeg,1,780
lungn1567.jpeg,1,808
lungaca83.jpeg,0,621
lungaca3413.jpeg,0,579
lungscc1862.jpeg,2,1054
lungscc1447.jpeg,2,1060
lungscc4707.jpeg,2,1209
lungaca2208.jpeg,0,605
lungscc1302.jpeg,2,1244
lungn3687.jpeg,1,804
lungscc2544.jpeg,2,1001
lungscc3646.jpeg,2,1147
lungscc3705.jpeg,2,1182
lungscc3995.jpeg,2,1235
lungaca1773.jpeg,0,524
lungscc3328.jpeg,2,1049
lungn3239.jpeg,1,919
lungaca3618.jpeg,0,733
lungscc4028.jpeg,2,1116
lungscc2133.jpeg,2,1215
lungscc3858.jpeg,2,1220
lungn2831.jpeg,1,919
lungscc3703.jpeg,2,1080
lungscc2601.jpeg,2,1049
lungn4715.jpeg,1,973
lungscc2005.jpeg,2,1217
lungaca783.jpeg,0,707
lungn2488.jpeg,1,804
lungscc2556.jpeg,2,1023
lungaca1480.jpeg,0,572
lungaca2227.jpeg,0,524
lungn2402.jpeg,1,832
lungscc2079.jpeg,2,1032
lungn1844.jpeg,1,986
lungn137.jpeg,1,818
lungscc4615.jpeg,2,1049
lungaca1489.jpeg,0,668
lungn3155.jpeg,1,991
lungaca2815.jpeg,0,745
lungscc446.jpeg,2,1029
lungaca2247.jpeg,0,746
lungaca4418.jpeg,0,524
lungn4030.jpeg,1,937
lungaca4138.jpeg,0,672
lungaca3796.jpeg,0,595
lungn3920.jpeg,1,899
lungaca2903.jpeg,0,643
lungn97.jpeg,1,834
lungscc3473.jpeg,2,1172
lungaca975.jpeg,0,657
lungn4002.jpeg,1,883
lungn651.jpeg,1,816
lungscc3720.jpeg,2,1075
lungaca4650.jpeg,0,673
lungscc3083.jpeg,2,1197
lungscc4672.jpeg,2,1040
lungaca1542.jpeg,0,730
lungn2029.jpeg,1,978
lungn2516.jpeg,1,820
lungn3919.jpeg,1,757
lungaca1262.jpeg,0,594
lungn3575.jpeg,1,776
lungaca1448.jpeg,0,626
lungn1564.jpeg,1,755
lungaca2338.jpeg,0,565
lungn794.jpeg,1,912
lungn3533.jpeg,1,897
lungscc218.jpeg,2,1048
lungn1749.jpeg,1,891
lungscc3041.jpeg,2,1027
lungaca3411.jpeg,0,710
lungaca388.jpeg,0,667
lungscc2231.jpeg,2,1200
lungn1283.jpeg,1,902
lungscc1636.jpeg,2,1087
lungscc3419.jpeg,2,1109
lungaca3037.jpeg,0,662
lungscc224.jpeg,2,1235
lungaca1195.jpeg,0,630
lungscc1144.jpeg,2,1039
lungn4239.jpeg,1,912
lungaca3719.jpeg,0,582
lungaca3164.jpeg,0,644
lungn4490.jpeg,1,919
lungscc4038.jpeg,2,1204
lungaca3117.jpeg,0,584
lungn2606.jpeg,1,761
lungscc2091.jpeg,2,1039
lungn3708.jpeg,1,908
lungaca705.jpeg,0,641
lungaca4.jpeg,0,665
lungn3965.jpeg,1,943
lungaca3682.jpeg,0,624
lungaca4496.jpeg,0,718
lungscc4170.jpeg,2,1188
lungscc3698.jpeg,2,1237
lungscc1249.jpeg,2,1014
lungscc1513.jpeg,2,1095
lungscc552.jpeg,2,1240
lungn616.jpeg,1,829
lungaca2919.jpeg,0,520
lungscc951.jpeg,2,1050
lungn2505.jpeg,1,912
lungn2448.jpeg,1,920
lungaca2449.jpeg,0,536
lungaca2444.jpeg,0,572
lungaca852.jpeg,0,546
lungscc1850.jpeg,2,1027
lungscc4772.jpeg,2,1055
lungaca1132.jpeg,0,534
lungscc2369.jpeg,2,1221
lungn463.jpeg,1,764
lungn1863.jpeg,1,795
lungaca3602.jpeg,0,606
lungscc2467.jpeg,2,1041
lungscc4273.jpeg,2,1163
lungaca1375.jpeg,0,690
lungaca4837.jpeg,0,729
lungaca1203.jpeg,0,687
lungaca1406.jpeg,0,530
lungn2217.jpeg,1,935
lungscc147.jpeg,2,1116
lungaca361.jpeg,0,653
lungn1702.jpeg,1,945
lungn4740.jpeg,1,838
lungn4981.jpeg,1,814
lungn2865.jpeg,1,946
lungaca4936.jpeg,0,610
lungscc4576.jpeg,2,1010
lungaca4111.jpeg,0,553
lungn3052.jpeg,1,800
lungn826.jpeg,1,941
lungn885.jpeg,1,937
lungscc2543.jpeg,2,1006
lungaca874.jpeg,0,551
lungaca4939.jpeg,0,677
lungaca1968.jpeg,0,651
lungn4126.jpeg,1,820
lungscc3405.jpeg,2,1092
lungscc1984.jpeg,2,1153
lungaca2553.jpeg,0,546
lungaca4772.jpeg,0,631
lungscc2938.jpeg,2,1161
lungn3366.jpeg,1,965
lungn1535.jpeg,1,802
lungscc3221.jpeg,2,1137
lungaca816.jpeg,0,554
lungn3637.jpeg,1,776
lungscc2039.jpeg,2,1228
lungscc3333.jpeg,2,1170
lungaca4369.jpeg,0,522
lungaca3569.jpeg,0,662
lungscc2421.jpeg,2,1174
lungaca2278.jpeg,0,566
lungaca447.jpeg,0,613
lungaca4019.jpeg,0,532
lungn1967.jpeg,1,766
lungaca746.jpeg,0,591
lungaca3922.jpeg,0,571
lungaca2070.jpeg,0,569
lungscc862.jpeg,2,1058
lungaca3044.jpeg,0,703
lungn4907.jpeg,1,877
lungscc2645.jpeg,2,1127
lungaca2041.jpeg,0,692
lungscc171.jpeg,2,1012
lungn1196.jpeg,1,995
lungscc1660.jpeg,2,1212
lungaca4435.jpeg,0,526
lungn933.jpeg,1,787
lungscc1670.jpeg,2,1010
lungscc1100.jpeg,2,1161
lungscc125.jpeg,2,1167
lungaca2620.jpeg,0,649
lungn1045.jpeg,1,775
lungscc259.jpeg,2,1105
lungscc3368.jpeg,2,1157
lungscc2189.jpeg,2,1072
lungaca1006.jpeg,0,734
lungscc4575.jpeg,2,1112
lungaca2747.jpeg,0,651
lungn3403.jpeg,1,908
lungn1376.jpeg,1,783
lungscc2282.jpeg,2,1120
lungn3638.jpeg,1,799
lungn594.jpeg,1,969
lungn1752.jpeg,1,929
lungn4578.jpeg,1,974
lungaca2317.jpeg,0,572
lungscc1162.jpeg,2,1172
lungn3499.jpeg,1,774
lungaca4411.jpeg,0,519
lungaca1047.jpeg,0,629
lungn4925.jpeg,1,906
lungaca1075.jpeg,0,684
lungscc443.jpeg,2,1198
lungn4176.jpeg,1,811
lungscc4304.jpeg,2,1162
lungn3342.jpeg,1,762
lungn1119.jpeg,1,912
lungn2544.jpeg,1,860
lungscc824.jpeg,2,1232
lungn3399.jpeg,1,871
lungaca3048.jpeg,0,654
lungscc4667.jpeg,2,1099
lungn1735.jpeg,1,935
lungscc22.jpeg,2,1021
lungn2604.jpeg,1,779
lungscc984.jpeg,2,1055
lungscc4338.jpeg,2,1077
lungaca2766.jpeg,0,578
lungn2590.jpeg,1,881
lungn1256.jpeg,1,814
lungscc1781.jpeg,2,1047
lungaca1189.jpeg,0,510
lungaca1928.jpeg,0,733
lungn1115.jpeg,1,964
lungn4538.jpeg,1,849
lungscc3778.jpeg,2,1210
lungn1167.jpeg,1,982
lungn3151.jpeg,1,856
lungscc175.jpeg,2,1017
lungaca4493.jpeg,0,560
lungn773.jpeg,1,860
lungaca621.jpeg,0,662
lungscc2571.jpeg,2,1218
lungaca1639.jpeg,0,558
lungn4390.jpeg,1,898
lungaca3585.jpeg,0,587
lungscc3537.jpeg,2,1097
lungn3094.jpeg,1,890
lungaca4550.jpeg,0,628
lungscc985.jpeg,2,1095
lungn4299.jpeg,1,975
lungaca1351.jpeg,0,660
lungn3760.jpeg,1,750
lungaca827.jpeg,0,655
lungscc1646.jpeg,2,1045
lungn927.jpeg,1,793
lungscc3142.jpeg,2,1056
lungn1578.jpeg,1,839
lungaca2022.jpeg,0,712
lungscc2001.jpeg,2,1046
lungn2703.jpeg,1,834
lungscc4804.jpeg,2,1159
lungaca2515.jpeg,0,552
lungaca2009.jpeg,0,617
lungscc2806.jpeg,2,1100
lungaca2080.jpeg,0,637
lungaca1939.jpeg,0,705
lungscc2552.jpeg,2,998
lungaca2609.jpeg,0,617
lungn1331.jpeg,1,956
lungaca3489.jpeg,0,735
lungn410.jpeg,1,855
lungaca4312.jpeg,0,726
lungaca880.jpeg,0,666
lungaca615.jpeg,0,705
lungaca4702.jpeg,0,640
lungn4778.jpeg,1,878
lungn1944.jpeg,1,781
lungaca2627.jpeg,0,513
lungn2560.jpeg,1,918
lungn2039.jpeg,1,881
lungn4175.jpeg,1,867
lungn3900.jpeg,1,772
lungn1188.jpeg,1,916
lungaca4872.jpeg,0,598
lungaca4274.jpeg,0,707
lungn1893.jpeg,1,818
lungaca3266.jpeg,0,610
lungscc1018.jpeg,2,1100
lungaca2268.jpeg,0,736
lungn982.jpeg,1,879
lungscc1007.jpeg,2,1020
lungn2685.jpeg,1,819
lungscc1065.jpeg,2,1020
lungn2601.jpeg,1,812
lungn4344.jpeg,1,776
lungaca151.jpeg,0,520
lungn1550.jpeg,1,979
lungscc853.jpeg,2,1057
lungaca1450.jpeg,0,647
lungaca2114.jpeg,0,529
lungscc3331.jpeg,2,1175
lungaca1338.jpeg,0,569
lungn216.jpeg,1,906
lungn3122.jpeg,1,771
lungscc1601.jpeg,2,1215
lungn3307.jpeg,1,935
lungaca2862.jpeg,0,518
lungscc3319.jpeg,2,1031
lungn2578.jpeg,1,981
lungn1375.jpeg,1,887
lungn1189.jpeg,1,803
lungscc3184.jpeg,2,1108
lungaca4192.jpeg,0,747
lungn4895.jpeg,1,762
lungscc1327.jpeg,2,1000
lungscc2183.jpeg,2,1021
lungscc3944.jpeg,2,1033
lungscc1371.jpeg,2,1173
lungn1368.jpeg,1,833
lungscc1651.jpeg,2,1192
lungn1137.jpeg,1,844
lungn2868.jpeg,1,879
lungscc1945.jpeg,2,1099
lungscc4529.jpeg,2,1035
lungaca321.jpeg,0,599
lungscc3579.jpeg,2,1012
lungscc4974.jpeg,2,1186
lungn2861.jpeg,1,909
lungscc78.jpeg,2,1088
lungn3563.jpeg,1,936
lungaca4195.jpeg,0,528
lungn1934.jpeg,1,872
lungn559.jpeg,1,811
lungn3632.jpeg,1,830
lungaca1424.jpeg,0,701
lungn3706.jpeg,1,913
lungaca2313.jpeg,0,524
lungscc2065.jpeg,2,1175
lungscc1167.jpeg,2,1157
lungscc2902.jpeg,2,1132
lungscc1333.jpeg,2,1026
lungscc2788.jpeg,2,1129
lungscc3291.jpeg,2,1035
lungscc1647.jpeg,2,1132
lungn3359.jpeg,1,768
lungscc1932.jpeg,2,1103
lungaca4667.jpeg,0,641
lungn2332.jpeg,1,870
lungscc2922.jpeg,2,1016
lungaca4177.jpeg,0,741
lungscc231.jpeg,2,1143
lungn3925.jpeg,1,992
lungscc503.jpeg,2,1034
lungaca3221.jpeg,0,722
lungscc406.jpeg,2,1037
lungn1026.jpeg,1,840
lungscc292.jpeg,2,1083
lungscc2409.jpeg,2,1203
lungn287.jpeg,1,828
lungscc961.jpeg,2,1112
lungn3958.jpeg,1,753
lungscc2524.jpeg,2,1177
lungaca3702.jpeg,0,557
lungn3039.jpeg,1,749
lungscc1004.jpeg,2,998
lungn3126.jpeg,1,768
lungn3411.jpeg,1,877
lungaca627.jpeg,0,702
lungn2022.jpeg,1,912
lungscc4785.jpeg,2,1028
lungn4903.jpeg,1,928
lungaca3785.jpeg,0,566
lungscc2622.jpeg,2,1061
lungn3709.jpeg,1,849
lungaca4704.jpeg,0,555
lungaca1212.jpeg,0,708
lungaca1125.jpeg,0,659
lungscc780.jpeg,2,1228
lungaca1981.jpeg,0,565
lungaca2597.jpeg,0,549
lungaca3943.jpeg,0,712
lungscc2917.jpeg,2,1117
lungaca2207.jpeg,0,736
lungscc2398.jpeg,2,1127
lungscc3358.jpeg,2,1193
lungn1922.jpeg,1,795
lungaca477.jpeg,0,653
lungscc4910.jpeg,2,1208
lungscc1183.jpeg,2,1006
lungscc1544.jpeg,2,1164
lungscc2452.jpeg,2,1086
lungn108.jpeg,1,969
lungn1955.jpeg,1,888
lungscc3493.jpeg,2,1150
lungn1692.jpeg,1,939
lungn3505.jpeg,1,767
lungscc2037.jpeg,2,1008
lungscc42.jpeg,2,1117
lungn4194.jpeg,1,834
lungn282.jpeg,1,851
lungscc3158.jpeg,2,1123
lungscc2942.jpeg,2,1011
lungaca1274.jpeg,0,647
lungaca913.jpeg,0,602
lungaca100.jpeg,0,697
lungn234.jpeg,1,801
lungn145.jpeg,1,786
lungscc1719.jpeg,2,1084
lungaca404.jpeg,0,704
lungscc661.jpeg,2,1000
lungn2808.jpeg,1,842
lungaca1558.jpeg,0,691
lungaca3788.jpeg,0,596
lungaca3841.jpeg,0,656
lungn4493.jpeg,1,935
lungscc2278.jpeg,2,1009
lungn4033.jpeg,1,853
