filename,label,group_id
lungaca1755.jpeg,0,680
lungscc428.jpeg,2,1162
lungscc3943.jpeg,2,1026
lungscc3950.jpeg,2,1161
lungscc2911.jpeg,2,1007
lungscc365.jpeg,2,1005
lungaca516.jpeg,0,615
lungn4904.jpeg,1,928
lungaca259.jpeg,0,613
lungn43.jpeg,1,905
lungaca3149.jpeg,0,546
lungn3972.jpeg,1,931
lungn1045.jpeg,1,775
lungscc4381.jpeg,2,1132
lungn287.jpeg,1,828
lungaca3740.jpeg,0,624
lungn1284.jpeg,1,871
lungn563.jpeg,1,879
lungaca1719.jpeg,0,729
lungn3895.jpeg,1,948
lungn2229.jpeg,1,936
lungscc2872.jpeg,2,1067
lungn2476.jpeg,1,795
lungn4777.jpeg,1,775
lungscc4877.jpeg,2,1012
lungaca4324.jpeg,0,742
lungn2938.jpeg,1,987
lungaca3449.jpeg,0,567
lungaca893.jpeg,0,724
lungn2818.jpeg,1,864
lungaca478.jpeg,0,604
lungscc1063.jpeg,2,1141
lungscc2946.jpeg,2,1201
lungscc2381.jpeg,2,1100
lungaca100.jpeg,0,697
lungn1511.jpeg,1,825
lungscc4782.jpeg,2,1233
lungn3384.jpeg,1,882
lungn3131.jpeg,1,831
lungn3809.jpeg,1,777
lungaca352.jpeg,0,560
lungscc4241.jpeg,2,1067
lungscc3963.jpeg,2,1055
lungaca1050.jpeg,0,594
lungscc3325.jpeg,2,1234
lungscc4733.jpeg,2,1204
lungscc2902.jpeg,2,1132
lungscc3247.jpeg,2,1094
lungscc2465.jpeg,2,1136
lungaca2543.jpeg,0,610
lungn3764.jpeg,1,817
lungn4988.jpeg,1,872
lungn1936.jpeg,1,961
lungaca118.jpeg,0,725
lungn1835.jpeg,1,903
lungn2041.jpeg,1,759
lungaca4855.jpeg,0,629
lungscc1725.jpeg,2,1213
lungn2478.jpeg,1,929
lungn2623.jpeg,1,959
lungn1691.jpeg,1,860
lungscc4083.jpeg,2,1043
lungaca3959.jpeg,0,532
lungscc1742.jpeg,2,1026
lungscc584.jpeg,2,1016
lungn4554.jpeg,1,900
lungaca2017.jpeg,0,637
lungscc73.jpeg,2,1041
lungn2963.jpeg,1,936
lungscc1224.jpeg,2,1203
lungn583.jpeg,1,797
lungscc1348.jpeg,2,1043
lungn4320.jpeg,1,906
lungn1014.jpeg,1,794
lungaca808.jpeg,0,592
lungn2080.jpeg,1,946
lungn1829.jpeg,1,902
lungaca3674.jpeg,0,600
lungaca3686.jpeg,0,737
lungaca3397.jpeg,0,572
lungn4363.jpeg,1,813
lungn4911.jpeg,1,983
lungaca634.jpeg,0,603
lungaca4392.jpeg,0,584
lungaca3334.jpeg,0,722
lungn393.jpeg,1,952
lungn2615.jpeg,1,991
lungn3510.jpeg,1,925
lungn3743.jpeg,1,992
lungn1558.jpeg,1,970
lungaca3047.jpeg,0,654
lungscc4553.jpeg,2,1239
lungaca2072.jpeg,0,537
lungaca2168.jpeg,0,720
lungscc3056.jpeg,2,1008
lungaca703.jpeg,0,510
lungaca16.jpeg,0,616
lungscc4456.jpeg,2,1130
lungscc906.jpeg,2,1054
lungn1150.jpeg,1,809
lungscc3288.jpeg,2,1147
lungn4078.jpeg,1,921
lungaca499.jpeg,0,537
lungn753.jpeg,1,768
lungn2555.jpeg,1,895
lungaca1933.jpeg,0,739
lungn3996.jpeg,1,871
lungn492.jpeg,1,809
lungaca2887.jpeg,0,604
lungn2395.jpeg,1,947
lungscc1828.jpeg,2,1132
lungaca4112.jpeg,0,637
lungn3207.jpeg,1,925
lungaca795.jpeg,0,688
lungscc1847.jpeg,2,1152
lungaca1111.jpeg,0,550
lungn2939.jpeg,1,942
lungscc3409.jpeg,2,1083
lungaca1285.jpeg,0,706
lungaca2796.jpeg,0,613
lungn300.jpeg,1,806
lungaca4409.jpeg,0,583
lungn4907.jpeg,1,877
lungscc2071.jpeg,2,1053
lungn1393.jpeg,1,826
lungaca1278.jpeg,0,527
lungn1700.jpeg,1,894
lungaca2120.jpeg,0,739
lungn1493.jpeg,1,866
lungaca173.jpeg,0,747
lungscc2366.jpeg,2,1033
lungn2324.jpeg,1,773
lungscc4101.jpeg,2,1129
lungn4308.jpeg,1,800
lungn4922.jpeg,1,837
lungscc2613.jpeg,2,1123
lungscc4995.jpeg,2,1062
lungaca3846.jpeg,0,604
lungaca3789.jpeg,0,569
lungaca4900.jpeg,0,592
lungaca4416.jpeg,0,564
lungn4493.jpeg,1,935
lungn3039.jpeg,1,749
lungscc1126.jpeg,2,1123
lungn4991.jpeg,1,894
lungaca2622.jpeg,0,671
lungaca1098.jpeg,0,719
lungn2966.jpeg,1,865
lungn2548.jpeg,1,992
lungn2171.jpeg,1,917
lungaca4144.jpeg,0,532
lungaca3515.jpeg,0,677
lungn3090.jpeg,1,895
lungaca673.jpeg,0,543
lungscc2364.jpeg,2,1239
lungn281.jpeg,1,988
lungn2792.jpeg,1,790
lungscc4973.jpeg,2,1186
lungaca4080.jpeg,0,526
lungaca772.jpeg,0,687
lungaca3371.jpeg,0,699
lungn3925.jpeg,1,992
lungn1533.jpeg,1,957
lungaca3402.jpeg,0,698
lungaca1101.jpeg,0,545
lungaca542.jpeg,0,694
lungscc2565.jpeg,2,1193
lungscc2806.jpeg,2,1100
lungscc3339.jpeg,2,1140
lungaca2503.jpeg,0,716
lungscc1745.jpeg,2,1177
lungscc3295.jpeg,2,1182
lungn672.jpeg,1,894
lungscc2828.jpeg,2,1095
lungscc3096.jpeg,2,1061
lungaca2951.jpeg,0,623
lungn2022.jpeg,1,912
lungn3878.jpeg,1,765
lungaca1308.jpeg,0,525
lungscc4247.jpeg,2,1225
lungn3500.jpeg,1,774
lungn671.jpeg,1,829
lungaca587.jpeg,0,651
lungaca2434.jpeg,0,696
lungscc3414.jpeg,2,1060
lungscc1986.jpeg,2,1155
lungaca1517.jpeg,0,563
lungn4467.jpeg,1,804
lungscc2255.jpeg,2,1013
lungscc809.jpeg,2,1036
lungaca818.jpeg,0,691
lungaca4283.jpeg,0,533
lungaca821.jpeg,0,579
lungn4548.jpeg,1,912
lungscc4590.jpeg,2,1228
lungaca4013.jpeg,0,517
lungaca1743.jpeg,0,545
lungscc2506.jpeg,2,1154
lungn3273.jpeg,1,776
lungscc1826.jpeg,2,1049
lungn2170.jpeg,1,855
lungscc2197.jpeg,2,1048
lungn4533.jpeg,1,749
lungaca4485.jpeg,0,570
lungscc1564.jpeg,2,1078
lungn2044.jpeg,1,760
lungscc4540.jpeg,2,1118
lungscc2800.jpeg,2,1047
lungn323.jpeg,1,888
lungscc1573.jpeg,2,1030
lungn3475.jpeg,1,958
lungn169.jpeg,1,814
lungaca2601.jpeg,0,739
lungscc4428.jpeg,2,1115
lungaca3676.jpeg,0,707
lungaca2409.jpeg,0,607
lungn4792.jpeg,1,921
lungn2473.jpeg,1,838
lungn3673.jpeg,1,893
lungn477.jpeg,1,863
lungaca3276.jpeg,0,593
lungaca3412.jpeg,0,528
lungscc3655.jpeg,2,1120
lungn3318.jpeg,1,751
lungn2544.jpeg,1,860
lungscc1500.jpeg,2,1004
lungaca153.jpeg,0,703
lungaca3294.jpeg,0,586
lungaca2060.jpeg,0,700
lungscc1214.jpeg,2,1033
lungscc692.jpeg,2,1231
lungn3022.jpeg,1,840
lungn1855.jpeg,1,896
lungaca2130.jpeg,0,688
lungscc2940.jpeg,2,1222
lungn4420.jpeg,1,756
lungaca2778.jpeg,0,542
lungaca4231.jpeg,0,696
lungaca3818.jpeg,0,637
lungscc4671.jpeg,2,1040
lungaca462.jpeg,0,704
lungaca1685.jpeg,0,638
lungn83.jpeg,1,885
lungaca2516.jpeg,0,620
lungscc3839.jpeg,2,1103
lungn1186.jpeg,1,752
lungaca148.jpeg,0,661
lungscc2475.jpeg,2,1166
lungn3733.jpeg,1,751
lungaca956.jpeg,0,542
lungn1695.jpeg,1,865
lungscc2772.jpeg,2,1055
lungn2630.jpeg,1,810
lungaca246.jpeg,0,549
lungn1300.jpeg,1,947
lungn2916.jpeg,1,901
lungn2781.jpeg,1,963
lungscc2455.jpeg,2,1223
lungn149.jpeg,1,952
lungn1078.jpeg,1,866
lungaca1319.jpeg,0,695
lungn2404.jpeg,1,759
lungscc242.jpeg,2,1206
lungaca4928.jpeg,0,646
lungscc3213.jpeg,2,998
lungn2124.jpeg,1,761
lungn3992.jpeg,1,867
lungaca1003.jpeg,0,626
lungn4721.jpeg,1,864
lungaca262.jpeg,0,684
lungaca1242.jpeg,0,703
lungscc2784.jpeg,2,1149
lungscc2651.jpeg,2,1194
lungscc1918.jpeg,2,1076
lungn2462.jpeg,1,836
lungaca3241.jpeg,0,653
lungscc582.jpeg,2,1148
lungaca1094.jpeg,0,573
lungn1860.jpeg,1,887
lungscc1109.jpeg,2,1075
lungscc1054.jpeg,2,1202
lungscc4010.jpeg,2,1162
lungaca3865.jpeg,0,550
lungaca3871.jpeg,0,567
lungaca2649.jpeg,0,584
lungn3855.jpeg,1,936
lungscc4293.jpeg,2,1185
lungn3513.jpeg,1,856
lungscc2498.jpeg,2,1102
lungaca4397.jpeg,0,732
lungaca3702.jpeg,0,557
lungscc2095.jpeg,2,1079
lungn2182.jpeg,1,939
lungscc2046.jpeg,2,1005
lungn1498.jpeg,1,857
lungn2667.jpeg,1,956
lungaca2508.jpeg,0,641
lungaca2517.jpeg,0,573
lungscc4140.jpeg,2,1178
lungaca2397.jpeg,0,629
lungscc1268.jpeg,2,1131
lungaca385.jpeg,0,577
lungn2578.jpeg,1,981
lungn4959.jpeg,1,750
lungn2463.jpeg,1,763
lungscc4616.jpeg,2,1049
lungn4625.jpeg,1,887
lungscc985.jpeg,2,1095
lungn3240.jpeg,1,821
lungn4663.jpeg,1,973
lungaca2347.jpeg,0,731
lungscc4427.jpeg,2,1038
lungn4944.jpeg,1,880
lungn1656.jpeg,1,973
lungaca1716.jpeg,0,562
lungscc3216.jpeg,2,1082
lungn2178.jpeg,1,963
lungscc2383.jpeg,2,1207
lungn1602.jpeg,1,864
lungaca3986.jpeg,0,555
lungaca2455.jpeg,0,554
lungn2715.jpeg,1,828
lungaca3064.jpeg,0,578
lungaca1492.jpeg,0,560
lungn1272.jpeg,1,972
lungn4047.jpeg,1,789
lungaca3357.jpeg,0,604
lungaca1993.jpeg,0,549
lungn1115.jpeg,1,964
lungn1347.jpeg,1,976
lungaca4851.jpeg,0,544
lungscc309.jpeg,2,1070
lungscc4611.jpeg,2,1036
lungn2466.jpeg,1,979
lungscc181.jpeg,2,1080
lungscc1506.jpeg,2,1177
lungaca875.jpeg,0,721
lungn1708.jpeg,1,996
lungaca2891.jpeg,0,634
lungn2199.jpeg,1,924
lungaca2115.jpeg,0,720
lungn2666.jpeg,1,956
lungaca2116.jpeg,0,521
lungscc2211.jpeg,2,1027
lungaca4552.jpeg,0,686
lungaca1433.jpeg,0,605
lungscc4444.jpeg,2,1140
lungaca69.jpeg,0,563
lungscc4654.jpeg,2,1194
lungn2517.jpeg,1,942
lungn2249.jpeg,1,792
lungscc1280.jpeg,2,1113
lungn2020.jpeg,1,864
lungn1159.jpeg,1,975
lungn4924.jpeg,1,988
lungscc1008.jpeg,2,1212
lungn3886.jpeg,1,966
lungn1724.jpeg,1,980
lungn3647.jpeg,1,819
lungaca2000.jpeg,0,640
lungaca1212.jpeg,0,708
lungscc4410.jpeg,2,1025
lungaca4062.jpeg,0,697
lungaca147.jpeg,0,723
lungn4920.jpeg,1,935
lungn4683.jpeg,1,751
lungn1745.jpeg,1,995
lungn982.jpeg,1,879
lungn2982.jpeg,1,957
lungn3730.jpeg,1,889
lungaca2724.jpeg,0,543
lungscc3704.jpeg,2,1068
lungaca1038.jpeg,0,510
lungscc3603.jpeg,2,1165
lungn541.jpeg,1,974
lungn4072.jpeg,1,766
lungaca5000.jpeg,0,657
lungn4631.jpeg,1,795
lungaca1032.jpeg,0,664
lungn1281.jpeg,1,762
lungn355.jpeg,1,853
lungaca4075.jpeg,0,642
lungscc894.jpeg,2,1143
lungaca4700.jpeg,0,700
lungn3108.jpeg,1,973
lungscc4309.jpeg,2,1011
lungn3199.jpeg,1,757
lungscc3483.jpeg,2,1096
lungaca1729.jpeg,0,605
lungn1408.jpeg,1,892
lungn871.jpeg,1,907
lungscc1554.jpeg,2,1025
lungn3346.jpeg,1,835
lungn484.jpeg,1,805
lungaca1148.jpeg,0,552
lungn757.jpeg,1,866
lungaca4126.jpeg,0,654
lungscc2835.jpeg,2,1211
lungn3471.jpeg,1,770
lungn3177.jpeg,1,862
lungaca2499.jpeg,0,557
lungscc3700.jpeg,2,1121
lungscc1639.jpeg,2,1036
lungscc3272.jpeg,2,1104
lungaca3478.jpeg,0,690
lungn620.jpeg,1,778
lungscc958.jpeg,2,1073
lungscc1614.jpeg,2,1017
lungn74.jpeg,1,788
lungscc4824.jpeg,2,1172
lungaca2164.jpeg,0,578
lungscc2164.jpeg,2,1118
lungscc298.jpeg,2,1199
lungn1789.jpeg,1,912
lungscc2125.jpeg,2,1044
lungscc788.jpeg,2,1033
lungaca179.jpeg,0,663
lungscc3941.jpeg,2,1135
lungscc1915.jpeg,2,1159
lungn749.jpeg,1,766
lungaca123.jpeg,0,623
lungn1255.jpeg,1,969
lungaca99.jpeg,0,704
lungn1628.jpeg,1,827
lungn1852.jpeg,1,823
lungscc3232.jpeg,2,1086
lungaca48.jpeg,0,605
lungaca1620.jpeg,0,566
lungn3863.jpeg,1,847
lungscc243.jpeg,2,1210
lungaca3823.jpeg,0,557
lungaca1162.jpeg,0,683
lungaca44.jpeg,0,698
lungscc2302.jpeg,2,1174
lungn2173.jpeg,1,969
lungaca2758.jpeg,0,721
lungn3866.jpeg,1,777
lungn2202.jpeg,1,818
lungaca4505.jpeg,0,634
lungscc248.jpeg,2,1108
lungn3122.jpeg,1,771
lungn4130.jpeg,1,905
lungaca408.jpeg,0,644
lungscc1437.jpeg,2,1064
lungscc4911.jpeg,2,1214
lungn3003.jpeg,1,763
lungscc1236.jpeg,2,1233
lungaca4139.jpeg,0,544
lungaca2685.jpeg,0,506
lungscc3768.jpeg,2,1083
lungn117.jpeg,1,767
lungscc1244.jpeg,2,1138
lungscc2795.jpeg,2,1117
lungn2443.jpeg,1,750
lungscc456.jpeg,2,1168
lungscc558.jpeg,2,1071
lungaca3610.jpeg,0,540
lungn1823.jpeg,1,932
lungn716.jpeg,1,860
lungn3295.jpeg,1,753
lungscc2396.jpeg,2,1062
lungscc2989.jpeg,2,1227
lungaca3792.jpeg,0,549
lungaca3902.jpeg,0,721
lungn2055.jpeg,1,844
lungn2222.jpeg,1,910
lungscc4123.jpeg,2,1228
lungscc3235.jpeg,2,1065
lungn766.jpeg,1,853
lungscc4710.jpeg,2,1167
lungaca1088.jpeg,0,526
lungscc3994.jpeg,2,1024
lungscc1872.jpeg,2,1057
lungaca2212.jpeg,0,594
lungn3506.jpeg,1,974
lungn4371.jpeg,1,900
lungn855.jpeg,1,911
lungn574.jpeg,1,977
lungaca1532.jpeg,0,661
lungaca1491.jpeg,0,548
lungn4334.jpeg,1,898
lungscc4786.jpeg,2,1231
lungn2479.jpeg,1,782
lungaca1769.jpeg,0,645
lungn2998.jpeg,1,771
lungaca475.jpeg,0,710
lungn4915.jpeg,1,922
lungaca4650.jpeg,0,673
lungn1416.jpeg,1,951
lungn892.jpeg,1,893
lungn184.jpeg,1,945
lungaca1899.jpeg,0,681
lungaca3279.jpeg,0,722
lungscc791.jpeg,2,1177
lungscc3742.jpeg,2,1123
lungscc3375.jpeg,2,1034
lungn1112.jpeg,1,940
lungaca3883.jpeg,0,615
lungaca2743.jpeg,0,597
lungscc2466.jpeg,2,1157
lungaca4843.jpeg,0,597
lungscc758.jpeg,2,1123
lungscc1396.jpeg,2,1157
lungn1812.jpeg,1,779
lungn3070.jpeg,1,914
lungaca2312.jpeg,0,602
lungaca263.jpeg,0,723
lungn4222.jpeg,1,777
lungscc2433.jpeg,2,1032
lungaca4785.jpeg,0,534
lungn4637.jpeg,1,758
lungaca3342.jpeg,0,513
lungn4427.jpeg,1,810
lungscc1792.jpeg,2,1237
lungaca2180.jpeg,0,542
lungn1805.jpeg,1,941
lungscc3960.jpeg,2,1038
lungaca3869.jpeg,0,542
lungscc1721.jpeg,2,1117
lungscc3377.jpeg,2,1088
lungn1480.jpeg,1,922
lungscc4504.jpeg,2,1170
lungn3801.jpeg,1,963
lungaca1866.jpeg,0,707
lungscc1257.jpeg,2,1143
lungaca4663.jpeg,0,570
lungn2705.jpeg,1,933
lungaca1246.jpeg,0,572
lungn2120.jpeg,1,992
lungaca296.jpeg,0,633
lungaca3406.jpeg,0,517
lungn3964.jpeg,1,797
lungscc1209.jpeg,2,1054
lungn3640.jpeg,1,809
lungaca391.jpeg,0,562
lungscc4031.jpeg,2,1226
lungscc3394.jpeg,2,1215
lungn1886.jpeg,1,918
lungn547.jpeg,1,894
lungaca1504.jpeg,0,732
lungaca4874.jpeg,0,652
lungscc3260.jpeg,2,1239
lungaca4867.jpeg,0,549
lungscc2954.jpeg,2,1040
lungscc695.jpeg,2,1050
lungn3324.jpeg,1,779
lungaca2838.jpeg,0,643
lungaca1709.jpeg,0,618
lungn4390.jpeg,1,898
lungaca4695.jpeg,0,733
lungn2906.jpeg,1,894
lungaca3283.jpeg,0,682
lungaca4012.jpeg,0,544
lungn4038.jpeg,1,758
lungscc3770.jpeg,2,1025
lungscc1443.jpeg,2,1025
lungscc4336.jpeg,2,1158
lungscc3985.jpeg,2,1019
lungscc3366.jpeg,2,1008
lungaca2869.jpeg,0,513
lungn723.jpeg,1,790
lungn2195.jpeg,1,852
lungscc954.jpeg,2,1003
lungaca3812.jpeg,0,741
lungn989.jpeg,1,810
lungaca1082.jpeg,0,738
lungscc3139.jpeg,2,1088
lungscc1097.jpeg,2,1078
lungaca4166.jpeg,0,705
lungn2101.jpeg,1,943
lungscc499.jpeg,2,1201
lungscc3290.jpeg,2,1131
lungscc3000.jpeg,2,1184
lungn4341.jpeg,1,895
lungaca4411.jpeg,0,519
lungn2325.jpeg,1,817
lungaca2233.jpeg,0,652
lungaca2578.jpeg,0,713
lungaca4752.jpeg,0,545
lungn3691.jpeg,1,894
lungscc2674.jpeg,2,1149
lungscc2974.jpeg,2,1047
lungn1913.jpeg,1,851
lungaca3678.jpeg,0,581
lungn292.jpeg,1,914
lungscc4000.jpeg,2,1159
lungaca1514.jpeg,0,724
lungscc2720.jpeg,2,1201
lungscc4388.jpeg,2,1214
lungn3615.jpeg,1,965
lungscc1061.jpeg,2,1192
lungscc4620.jpeg,2,1053
lungaca4808.jpeg,0,545
lungscc3892.jpeg,2,1089
lungn4289.jpeg,1,890
lungscc3596.jpeg,2,1097
lungaca3741.jpeg,0,705
lungn4409.jpeg,1,852
lungscc1242.jpeg,2,1028
lungaca1845.jpeg,0,686
lungn4995.jpeg,1,971
lungaca2267.jpeg,0,559
lungn3514.jpeg,1,765
lungn2414.jpeg,1,868
lungn1571.jpeg,1,758
lungaca1318.jpeg,0,687
lungn2751.jpeg,1,786
lungscc2928.jpeg,2,1039
lungaca653.jpeg,0,514
lungscc2434.jpeg,2,1014
lungaca1252.jpeg,0,510
lungscc4785.jpeg,2,1028
lungaca1675.jpeg,0,544
lungaca234.jpeg,0,655
lungscc3101.jpeg,2,1111
lungaca407.jpeg,0,534
lungaca2300.jpeg,0,610
lungscc1409.jpeg,2,1146
lungscc451.jpeg,2,1244
lungaca3898.jpeg,0,551
lungscc3759.jpeg,2,1037
lungn4093.jpeg,1,963
lungscc4746.jpeg,2,1018
lungscc2572.jpeg,2,1131
lungn298.jpeg,1,893
lungn56.jpeg,1,970
lungaca189.jpeg,0,529
lungaca1904.jpeg,0,698
lungscc1967.jpeg,2,1176
lungscc1822.jpeg,2,1234
lungaca964.jpeg,0,568
lungaca3243.jpeg,0,589
lungaca915.jpeg,0,506
lungscc1761.jpeg,2,1242
lungaca3008.jpeg,0,663
lungn3150.jpeg,1,845
lungscc2268.jpeg,2,1111
lungscc2936.jpeg,2,1127
lungscc2279.jpeg,2,1229
lungn2181.jpeg,1,812
lungaca45.jpeg,0,559
lungn976.jpeg,1,944
lungaca204.jpeg,0,552
lungn1130.jpeg,1,923
lungscc2284.jpeg,2,1161
lungaca777.jpeg,0,647
lungscc1982.jpeg,2,1068
lungaca1888.jpeg,0,553
lungscc1430.jpeg,2,1213
lungn1765.jpeg,1,829
lungaca4081.jpeg,0,718
lungn1124.jpeg,1,873
lungaca1710.jpeg,0,677
lungn2516.jpeg,1,820
lungaca4654.jpeg,0,509
lungn333.jpeg,1,862
lungn3400.jpeg,1,913
lungaca3338.jpeg,0,664
lungscc2074.jpeg,2,1215
lungn4219.jpeg,1,826
lungaca3681.jpeg,0,558
lungaca1266.jpeg,0,692
lungn1793.jpeg,1,772
lungscc203.jpeg,2,1156
lungaca3807.jpeg,0,530
lungaca3732.jpeg,0,670
lungaca3301.jpeg,0,719
lungn2053.jpeg,1,899
lungscc2138.jpeg,2,1102
lungaca4769.jpeg,0,567
lungscc502.jpeg,2,1240
lungaca2981.jpeg,0,715
lungscc2338.jpeg,2,1097
lungscc4765.jpeg,2,1002
lungn1991.jpeg,1,816
lungn3997.jpeg,1,842
lungn1273.jpeg,1,901
lungaca3232.jpeg,0,510
lungn1611.jpeg,1,919
lungscc3594.jpeg,2,1026
lungscc2737.jpeg,2,1106
lungscc3428.jpeg,2,1203
lungaca1501.jpeg,0,606
lungaca3180.jpeg,0,653
lungaca2850.jpeg,0,577
lungaca3507.jpeg,0,531
lungn1719.jpeg,1,770
lungscc2869.jpeg,2,1000
lungaca3058.jpeg,0,690
lungaca3501.jpeg,0,734
lungscc1566.jpeg,2,1127
lungscc699.jpeg,2,1082
lungn735.jpeg,1,957
lungn3149.jpeg,1,894
lungaca4214.jpeg,0,650
lungaca1239.jpeg,0,636
lungscc2930.jpeg,2,1195
lungn2332.jpeg,1,870
lungaca1599.jpeg,0,703
lungaca1361.jpeg,0,619
lungscc2114.jpeg,2,1015
lungscc2181.jpeg,2,1022
lungaca2246.jpeg,0,741
lungscc285.jpeg,2,1130
lungscc172.jpeg,2,1133
lungscc913.jpeg,2,1162
lungaca1161.jpeg,0,643
lungaca2355.jpeg,0,571
lungaca2586.jpeg,0,727
lungaca2492.jpeg,0,702
lungscc2312.jpeg,2,1014
lungaca1673.jpeg,0,525
lungscc3949.jpeg,2,1161
lungn230.jpeg,1,779
lungscc673.jpeg,2,1136
lungscc3176.jpeg,2,1155
lungn4419.jpeg,1,876
lungaca4617.jpeg,0,718
lungaca2760.jpeg,0,678
lungscc3207.jpeg,2,1013
lungscc2601.jpeg,2,1049
lungaca2804.jpeg,0,654
lungn3819.jpeg,1,789
lungaca1453.jpeg,0,733
lungn39.jpeg,1,942
lungaca3278.jpeg,0,659
lungaca3163.jpeg,0,570
lungscc4667.jpeg,2,1099
lungscc626.jpeg,2,1203
lungscc4052.jpeg,2,1238
lungscc4555.jpeg,2,1138
lungaca3877.jpeg,0,613
lungscc4605.jpeg,2,1095
lungscc4198.jpeg,2,1055
lungscc62.jpeg,2,1005
lungscc58.jpeg,2,1155
lungn1496.jpeg,1,965
lungscc1799.jpeg,2,1067
lungn1354.jpeg,1,960
lungscc1694.jpeg,2,1115
lungn2169.jpeg,1,783
lungn2852.jpeg,1,779
lungscc2998.jpeg,2,1069
lungaca3075.jpeg,0,635
lungscc4953.jpeg,2,1160
lungaca1972.jpeg,0,605
lungn3580.jpeg,1,892
lungscc18.jpeg,2,1189
lungscc4706.jpeg,2,1078
lungaca1835.jpeg,0,722
lungscc4105.jpeg,2,1134
lungscc3160.jpeg,2,1215
lungscc327.jpeg,2,1077
lungaca3309.jpeg,0,734
lungaca2110.jpeg,0,607
lungaca2436.jpeg,0,538
lungaca4450.jpeg,0,578
lungn1619.jpeg,1,763
lungn2706.jpeg,1,978
lungaca3142.jpeg,0,533
lungn2511.jpeg,1,786
lungn3840.jpeg,1,905
lungn3634.jpeg,1,781
lungn1283.jpeg,1,902
lungn2490.jpeg,1,894
lungn3637.jpeg,1,776
lungaca3705.jpeg,0,513
lungn5000.jpeg,1,957
lungscc4804.jpeg,2,1159
lungscc963.jpeg,2,1171
lungaca4042.jpeg,0,680
lungn447.jpeg,1,861
lungn2590.jpeg,1,881
lungn2193.jpeg,1,972
lungn2954.jpeg,1,843
lungaca208.jpeg,0,533
lungaca4522.jpeg,0,542
lungaca3972.jpeg,0,545
lungscc3178.jpeg,2,1181
lungn4632.jpeg,1,985
lungaca4737.jpeg,0,528
lungscc1072.jpeg,2,1125
lungaca1030.jpeg,0,591
lungn3541.jpeg,1,922
lungaca1387.jpeg,0,731
lungn2061.jpeg,1,860
lungn828.jpeg,1,936
lungn2246.jpeg,1,845
lungaca4542.jpeg,0,697
lungscc3002.jpeg,2,1126
lungscc1200.jpeg,2,1073
lungn185.jpeg,1,882
lungaca2748.jpeg,0,554
lungscc1973.jpeg,2,1236
lungscc3159.jpeg,2,1077
lungn3892.jpeg,1,928
lungscc4870.jpeg,2,1024
lungn3253.jpeg,1,917
lungaca3169.jpeg,0,510
lungaca2638.jpeg,0,594
lungn1501.jpeg,1,873
lungscc3024.jpeg,2,1233
lungscc1831.jpeg,2,1175
lungn4175.jpeg,1,867
lungscc4711.jpeg,2,1167
lungaca306.jpeg,0,524
lungscc2853.jpeg,2,1047
lungaca1627.jpeg,0,606
lungscc4007.jpeg,2,1069
lungscc587.jpeg,2,1027
lungaca4001.jpeg,0,661
lungaca518.jpeg,0,654
lungn4646.jpeg,1,925
lungaca4103.jpeg,0,533
lungscc633.jpeg,2,1174
lungaca2759.jpeg,0,507
lungscc3415.jpeg,2,1135
lungn2319.jpeg,1,885
lungscc3141.jpeg,2,1145
lungaca4665.jpeg,0,614
lungscc4981.jpeg,2,1218
lungn2295.jpeg,1,985
lungscc1273.jpeg,2,1151
lungaca1842.jpeg,0,536
lungn2003.jpeg,1,822
lungscc2230.jpeg,2,1026
lungn3668.jpeg,1,891
lungscc3038.jpeg,2,1024
lungaca2881.jpeg,0,526
lungn913.jpeg,1,971
lungn1056.jpeg,1,824
lungaca3584.jpeg,0,649
lungscc4096.jpeg,2,1220
lungscc3934.jpeg,2,1076
lungscc241.jpeg,2,1147
lungn3036.jpeg,1,876
lungscc4626.jpeg,2,1238
lungscc2789.jpeg,2,1138
lungscc4128.jpeg,2,1126
lungscc3395.jpeg,2,1003
lungn45.jpeg,1,938
lungn2747.jpeg,1,883
lungn3599.jpeg,1,787
lungn4085.jpeg,1,984
lungscc1679.jpeg,2,1008
lungaca2636.jpeg,0,616
lungn2662.jpeg,1,839
lungn4430.jpeg,1,912
lungscc316.jpeg,2,1066
lungaca1092.jpeg,0,551
lungn508.jpeg,1,948
lungscc1301.jpeg,2,1049
lungaca2915.jpeg,0,613
lungscc1552.jpeg,2,1218
lungscc1581.jpeg,2,1041
lungaca2157.jpeg,0,687
lungn4901.jpeg,1,849
lungn4498.jpeg,1,836
lungscc1703.jpeg,2,1088
lungaca4101.jpeg,0,706
lungaca3181.jpeg,0,532
lungn2605.jpeg,1,761
lungn3453.jpeg,1,778
lungaca1628.jpeg,0,633
lungscc4178.jpeg,2,1133
lungn2153.jpeg,1,942
lungaca1301.jpeg,0,671
lungscc3880.jpeg,2,1235
lungn2050.jpeg,1,774
lungaca3491.jpeg,0,607
lungaca1988.jpeg,0,535
lungscc513.jpeg,2,1132
lungn2187.jpeg,1,925
lungscc725.jpeg,2,1000
lungscc3502.jpeg,2,1141
lungscc1305.jpeg,2,1168
lungscc3673.jpeg,2,1040
lungaca4543.jpeg,0,664
lungaca3880.jpeg,0,508
lungscc3652.jpeg,2,1004
lungn2742.jpeg,1,871
lungscc533.jpeg,2,1236
lungscc3754.jpeg,2,1073
lungscc3426.jpeg,2,1189
lungscc3645.jpeg,2,1086
lungn408.jpeg,1,931
lungaca2405.jpeg,0,566
lungscc4282.jpeg,2,1243
lungn4314.jpeg,1,933
lungaca307.jpeg,0,646
lungaca3767.jpeg,0,701
lungscc3761.jpeg,2,1238
lungn1441.jpeg,1,816
lungscc4780.jpeg,2,1116
lungaca3780.jpeg,0,547
lungscc4997.jpeg,2,1127
lungaca2859.jpeg,0,661
lungaca4914.jpeg,0,604
lungaca1011.jpeg,0,563
lungaca2050.jpeg,0,647
lungscc798.jpeg,2,1157
lungscc4267.jpeg,2,1036
lungscc2682.jpeg,2,1158
lungscc3864.jpeg,2,1129
lungn394.jpeg,1,766
lungaca1941.jpeg,0,555
lungn4903.jpeg,1,928
lungscc2600.jpeg,2,1046
lungaca4960.jpeg,0,668
lungscc3723.jpeg,2,1043
lungaca2922.jpeg,0,591
lungn2547.jpeg,1,847
lungaca2244.jpeg,0,556
lungaca1684.jpeg,0,579
lungscc3591.jpeg,2,1155
lungn4064.jpeg,1,982
lungaca249.jpeg,0,714
lungaca449.jpeg,0,645
lungaca851.jpeg,0,519
lungaca988.jpeg,0,686
lungn3294.jpeg,1,993
lungn1903.jpeg,1,874
lungn2095.jpeg,1,770
lungn3233.jpeg,1,861
lungscc802.jpeg,2,1203
lungn3185.jpeg,1,921
lungn2467.jpeg,1,881
lungscc3308.jpeg,2,1165
lungaca183.jpeg,0,679
lungscc1627.jpeg,2,1118
lungn4830.jpeg,1,966
lungscc571.jpeg,2,1204
lungaca451.jpeg,0,553
lungaca1688.jpeg,0,552
lungaca2465.jpeg,0,573
lungn3671.jpeg,1,816
lungscc254.jpeg,2,1087
lungscc3967.jpeg,2,1145
lungn800.jpeg,1,753
lungscc4610.jpeg,2,1036
lungaca2387.jpeg,0,536
lungaca440.jpeg,0,635
lungaca1740.jpeg,0,685
lungscc2624.jpeg,2,1100
lungscc1325.jpeg,2,1147
lungn2749.jpeg,1,817
lungscc126.jpeg,2,1059
lungaca260.jpeg,0,613
lungn3814.jpeg,1,846
lungaca2097.jpeg,0,514
lungaca2735.jpeg,0,741
lungn2595.jpeg,1,751
lungaca3177.jpeg,0,528
lungscc4705.jpeg,2,1225
lungn3635.jpeg,1,789
lungn1068.jpeg,1,785
lungaca3861.jpeg,0,549
lungaca3084.jpeg,0,684
lungaca1215.jpeg,0,675
lungscc2484.jpeg,2,1072
lungaca2654.jpeg,0,545
lungaca2238.jpeg,0,571
lungscc1370.jpeg,2,1047
lungn1085.jpeg,1,795
lungn846.jpeg,1,815
lungscc4155.jpeg,2,1001
lungn1863.jpeg,1,795
lungscc4810.jpeg,2,1237
lungscc1449.jpeg,2,1162
lungscc738.jpeg,2,1005
lungn2320.jpeg,1,951
lungaca3533.jpeg,0,522
lungaca4364.jpeg,0,712
lungaca4979.jpeg,0,543
lungscc1207.jpeg,2,1223
lungaca2871.jpeg,0,614
lungaca3692.jpeg,0,662
lungaca357.jpeg,0,579
lungscc3044.jpeg,2,1143
lungscc1146.jpeg,2,1083
lungaca4282.jpeg,0,688
lungaca3197.jpeg,0,670
lungaca4259.jpeg,0,560
lungscc1139.jpeg,2,1224
lungn3152.jpeg,1,815
lungn1764.jpeg,1,925
lungscc4368.jpeg,2,1169
lungn784.jpeg,1,809
lungscc2995.jpeg,2,1080
lungscc1427.jpeg,2,1232
lungn165.jpeg,1,979
lungscc276.jpeg,2,1077
lungn4268.jpeg,1,755
lungscc4499.jpeg,2,1234
lungaca4625.jpeg,0,512
lungscc4529.jpeg,2,1035
lungn4936.jpeg,1,985
lungscc1173.jpeg,2,1066
lungaca3013.jpeg,0,596
lungaca1907.jpeg,0,642
lungn1604.jpeg,1,824
lungn4725.jpeg,1,987
lungaca1890.jpeg,0,602
lungscc3408.jpeg,2,1133
lungscc4887.jpeg,2,1190
lungscc2556.jpeg,2,1023
lungn1648.jpeg,1,762
lungn2610.jpeg,1,804
lungn4479.jpeg,1,756
lungscc2159.jpeg,2,1209
lungaca4535.jpeg,0,661
lungaca1992.jpeg,0,549
lungscc4211.jpeg,2,1220
lungaca3488.jpeg,0,634
lungaca598.jpeg,0,735
lungaca3839.jpeg,0,638
lungn2635.jpeg,1,960
lungaca3038.jpeg,0,662
lungaca4237.jpeg,0,564
lungscc4087.jpeg,2,1099
lungscc142.jpeg,2,1022
lungaca2800.jpeg,0,625
lungaca2939.jpeg,0,585
lungscc3245.jpeg,2,1059
lungn4136.jpeg,1,943
lungn2421.jpeg,1,840
lungaca2824.jpeg,0,695
lungn308.jpeg,1,974
lungn928.jpeg,1,793
lungaca4483.jpeg,0,657
lungn1721.jpeg,1,897
lungscc2840.jpeg,2,1049
lungscc2292.jpeg,2,1107
lungaca2857.jpeg,0,636
lungaca2200.jpeg,0,682
lungscc3129.jpeg,2,1057
lungn3609.jpeg,1,823
lungaca2957.jpeg,0,571
lungaca4499.jpeg,0,690
lungaca1828.jpeg,0,564
lungn3766.jpeg,1,993
lungn1561.jpeg,1,784
lungaca1870.jpeg,0,740
lungaca1592.jpeg,0,627
lungn874.jpeg,1,785
lungaca2893.jpeg,0,515
lungn630.jpeg,1,973
lungn4708.jpeg,1,955
lungscc16.jpeg,2,1079
lungscc1890.jpeg,2,1217
lungaca4506.jpeg,0,692
lungn2853.jpeg,1,779
lungn1238.jpeg,1,766
lungaca3463.jpeg,0,621
lungscc1300.jpeg,2,1220
lungaca1488.jpeg,0,628
lungn2354.jpeg,1,850
lungn584.jpeg,1,981
lungaca3234.jpeg,0,698
lungscc4837.jpeg,2,1041
lungn284.jpeg,1,931
lungscc1196.jpeg,2,1188
lungscc4364.jpeg,2,1172
lungaca1137.jpeg,0,580
lungn3249.jpeg,1,759
lungscc3387.jpeg,2,1214
lungaca1861.jpeg,0,529
lungscc1215.jpeg,2,1097
lungscc1901.jpeg,2,1020
lungscc3661.jpeg,2,1011
lungaca2993.jpeg,0,536
lungn1956.jpeg,1,888
lungscc1422.jpeg,2,1138
lungscc3126.jpeg,2,1200
lungn4993.jpeg,1,792
lungscc1304.jpeg,2,1072
lungaca4751.jpeg,0,596
lungaca355.jpeg,0,586
lungaca4326.jpeg,0,545
lungscc3356.jpeg,2,1159
lungn3147.jpeg,1,974
lungscc2616.jpeg,2,1176
lungaca868.jpeg,0,668
lungn2825.jpeg,1,942
lungn4281.jpeg,1,974
lungscc1199.jpeg,2,1137
lungaca3325.jpeg,0,533
lungn719.jpeg,1,865
lungscc55.jpeg,2,1135
lungaca2029.jpeg,0,561
lungn951.jpeg,1,969
lungaca4628.jpeg,0,595
lungscc3109.jpeg,2,1122
lungn1585.jpeg,1,792
lungn4883.jpeg,1,825
lungn2274.jpeg,1,994
lungn1122.jpeg,1,905
lungn613.jpeg,1,801
lungscc3722.jpeg,2,1095
lungscc4160.jpeg,2,1214
lungaca1454.jpeg,0,683
lungn3683.jpeg,1,825
lungn1617.jpeg,1,836
lungaca2269.jpeg,0,560
lungn1038.jpeg,1,778
lungaca2541.jpeg,0,640
lungn2230.jpeg,1,816
lungn3842.jpeg,1,837
lungn4927.jpeg,1,881
lungscc1777.jpeg,2,1117
lungn255.jpeg,1,773
lungaca2082.jpeg,0,621
lungn2440.jpeg,1,971
lungscc3329.jpeg,2,1208
lungaca2025.jpeg,0,536
lungn3483.jpeg,1,796
lungscc425.jpeg,2,1004
lungscc3484.jpeg,2,1240
lungscc1417.jpeg,2,1214
lungaca1323.jpeg,0,742
lungn4014.jpeg,1,772
lungn2161.jpeg,1,823
lungscc4929.jpeg,2,1092
lungscc3931.jpeg,2,1152
lungscc2790.jpeg,2,1123
lungn1873.jpeg,1,856
lungscc1295.jpeg,2,1034
lungaca3335.jpeg,0,649
lungscc2704.jpeg,2,1005
lungscc446.jpeg,2,1029
lungn1109.jpeg,1,802
lungaca420.jpeg,0,547
lungn3980.jpeg,1,915
lungn3924.jpeg,1,847
lungscc4498.jpeg,2,1052
lungn3536.jpeg,1,861
lungscc1102.jpeg,2,1057
lungscc3015.jpeg,2,1156
lungaca4275.jpeg,0,588
lungscc367.jpeg,2,1094
lungn687.jpeg,1,920
lungn4527.jpeg,1,778
lungscc1219.jpeg,2,1177
lungscc1032.jpeg,2,1225
lungn3576.jpeg,1,909
lungn3689.jpeg,1,829
lungn376.jpeg,1,869
lungscc2671.jpeg,2,1045
lungaca3528.jpeg,0,644
lungn894.jpeg,1,840
lungaca2396.jpeg,0,691
lungscc1525.jpeg,2,1138
lungn1279.jpeg,1,756
lungn789.jpeg,1,879
lungn2064.jpeg,1,974
lungaca4315.jpeg,0,547
lungaca303.jpeg,0,720
lungaca434.jpeg,0,733
lungaca4108.jpeg,0,562
lungaca3936.jpeg,0,711
lungscc1711.jpeg,2,1006
lungaca3160.jpeg,0,671
lungscc4954.jpeg,2,1043
lungaca2080.jpeg,0,637
lungaca3336.jpeg,0,557
lungn4224.jpeg,1,822
lungn3247.jpeg,1,841
lungn3354.jpeg,1,940
lungscc2877.jpeg,2,1026
lungaca3742.jpeg,0,567
lungn685.jpeg,1,858
lungscc3217.jpeg,2,1114
lungn3080.jpeg,1,992
lungaca1033.jpeg,0,597
lungscc1663.jpeg,2,1137
lungn3979.jpeg,1,808
lungn1350.jpeg,1,813
lungaca700.jpeg,0,608
lungaca2301.jpeg,0,537
lungscc264.jpeg,2,1132
lungaca3005.jpeg,0,541
lungaca746.jpeg,0,591
lungscc4098.jpeg,2,1072
lungn1449.jpeg,1,827
lungn4687.jpeg,1,808
lungn3347.jpeg,1,791
lungn952.jpeg,1,764
lungscc3621.jpeg,2,1106
lungaca4571.jpeg,0,735
lungscc1580.jpeg,2,1055
lungscc337.jpeg,2,1137
lungaca103.jpeg,0,608
lungn4942.jpeg,1,886
lungaca1768.jpeg,0,546
lungscc2942.jpeg,2,1011
lungn2057.jpeg,1,808
lungaca1600.jpeg,0,722
lungscc325.jpeg,2,1050
lungn3084.jpeg,1,822
lungaca2707.jpeg,0,726
lungn1653.jpeg,1,951
lungaca3612.jpeg,0,516
lungn4702.jpeg,1,830
lungscc4181.jpeg,2,1139
lungn3957.jpeg,1,770
lungaca4714.jpeg,0,723
lungscc2079.jpeg,2,1032
lungaca2910.jpeg,0,728
lungscc1248.jpeg,2,1114
lungscc4943.jpeg,2,1127
lungn213.jpeg,1,823
lungaca2286.jpeg,0,590
lungscc2488.jpeg,2,1123
lungscc2615.jpeg,2,1082
lungaca1650.jpeg,0,583
lungaca2834.jpeg,0,743
lungaca4727.jpeg,0,536
lungn3782.jpeg,1,803
lungscc1059.jpeg,2,1132
lungaca3214.jpeg,0,538
lungaca3669.jpeg,0,720
lungaca412.jpeg,0,561
lungscc4773.jpeg,2,1160
lungn4736.jpeg,1,884
lungaca3151.jpeg,0,602
lungn4163.jpeg,1,865
lungn4786.jpeg,1,820
lungn1685.jpeg,1,751
lungscc4468.jpeg,2,1083
lungscc111.jpeg,2,1135
lungn907.jpeg,1,901
lungn3204.jpeg,1,886
lungaca3270.jpeg,0,538
lungaca2801.jpeg,0,660
lungn3009.jpeg,1,881
lungn1275.jpeg,1,971
lungaca823.jpeg,0,690
lungscc3986.jpeg,2,1232
lungn1650.jpeg,1,888
lungn3606.jpeg,1,938
lungaca447.jpeg,0,613
lungscc397.jpeg,2,1082
lungscc1504.jpeg,2,1181
lungn3765.jpeg,1,954
lungn820.jpeg,1,916
lungscc986.jpeg,2,1015
lungn2992.jpeg,1,870
lungn2638.jpeg,1,834
lungn294.jpeg,1,795
lungaca3837.jpeg,0,586
lungscc1463.jpeg,2,1239
lungscc1131.jpeg,2,1114
lungn1282.jpeg,1,902
lungscc3118.jpeg,2,1153
lungaca3508.jpeg,0,555
lungscc612.jpeg,2,1085
lungn2790.jpeg,1,930
lungscc1829.jpeg,2,1233
lungscc3840.jpeg,2,1161
lungn2091.jpeg,1,883
lungaca3091.jpeg,0,649
lungscc2025.jpeg,2,1091
lungaca1485.jpeg,0,738
lungaca3656.jpeg,0,594
lungn3198.jpeg,1,873
lungaca4524.jpeg,0,576
lungscc1931.jpeg,2,1005
lungn1707.jpeg,1,944
lungaca1613.jpeg,0,579
lungscc1562.jpeg,2,1062
lungn658.jpeg,1,893
lungaca3759.jpeg,0,508
lungn3290.jpeg,1,967
lungn3366.jpeg,1,965
lungn4386.jpeg,1,969
lungn3315.jpeg,1,760
lungaca995.jpeg,0,551
lungn4847.jpeg,1,977
lungaca268.jpeg,0,591
lungn931.jpeg,1,858
lungscc449.jpeg,2,1045
lungaca2423.jpeg,0,539
lungscc3022.jpeg,2,1220
lungn980.jpeg,1,911
lungn2416.jpeg,1,934
lungn3030.jpeg,1,856
lungn4650.jpeg,1,852
lungscc4515.jpeg,2,1047
lungn694.jpeg,1,943
lungaca1021.jpeg,0,741
lungaca3997.jpeg,0,625
lungscc4480.jpeg,2,1209
lungaca1419.jpeg,0,575
lungaca2253.jpeg,0,603
lungscc3376.jpeg,2,1034
lungscc3692.jpeg,2,1173
lungscc1169.jpeg,2,999
lungaca2794.jpeg,0,583
lungscc2078.jpeg,2,1023
lungscc1636.jpeg,2,1087
lungaca3260.jpeg,0,527
lungscc288.jpeg,2,1010
lungaca504.jpeg,0,741
lungscc514.jpeg,2,1174
lungaca3451.jpeg,0,576
lungn809.jpeg,1,862
lungaca4084.jpeg,0,585
lungn1313.jpeg,1,755
lungn1095.jpeg,1,780
lungn4704.jpeg,1,778
lungscc3522.jpeg,2,1079
lungn1722.jpeg,1,786
lungaca3094.jpeg,0,572
lungaca247.jpeg,0,600
lungn2509.jpeg,1,770
lungn1472.jpeg,1,775
lungn2327.jpeg,1,928
lungscc845.jpeg,2,1080
lungscc3257.jpeg,2,1099
lungn1216.jpeg,1,990
lungaca4238.jpeg,0,511
lungscc2892.jpeg,2,1107
lungn4739.jpeg,1,855
lungaca3480.jpeg,0,547
lungscc4054.jpeg,2,1039
lungscc1972.jpeg,2,1173
lungn3088.jpeg,1,846
lungaca235.jpeg,0,634
lungscc2042.jpeg,2,1097
lungaca4061.jpeg,0,671
lungn4113.jpeg,1,842
lungscc4180.jpeg,2,1195
lungscc3756.jpeg,2,1024
lungn234.jpeg,1,801
lungaca1497.jpeg,0,713
lungaca4584.jpeg,0,538
lungscc1977.jpeg,2,1100
lungn2382.jpeg,1,793
lungaca1044.jpeg,0,605
lungaca2482.jpeg,0,550
lungscc2314.jpeg,2,1130
lungscc3049.jpeg,2,1081
lungscc1483.jpeg,2,1235
lungaca813.jpeg,0,611
lungscc1130.jpeg,2,1007
lungaca4088.jpeg,0,512
lungscc3800.jpeg,2,1105
lungaca1520.jpeg,0,737
lungaca1873.jpeg,0,555
lungaca1320.jpeg,0,666
lungaca117.jpeg,0,565
lungscc2971.jpeg,2,1014
lungn162.jpeg,1,752
lungscc2111.jpeg,2,999
lungaca2736.jpeg,0,625
lungn2148.jpeg,1,958
lungn382.jpeg,1,775
lungscc1624.jpeg,2,1127
lungscc2792.jpeg,2,1186
lungaca4329.jpeg,0,595
lungscc4681.jpeg,2,1215
lungscc2285.jpeg,2,1216
lungn4846.jpeg,1,960
lungaca4995.jpeg,0,524
lungn3417.jpeg,1,861
lungaca2385.jpeg,0,513
lungscc4345.jpeg,2,1073
lungaca1748.jpeg,0,595
lungaca4613.jpeg,0,686
lungaca672.jpeg,0,600
lungaca2357.jpeg,0,531
lungn2348.jpeg,1,814
lungaca1065.jpeg,0,550
lungaca3989.jpeg,0,577
lungscc4635.jpeg,2,1079
lungn4499.jpeg,1,752
lungn1121.jpeg,1,900
lungn261.jpeg,1,920
lungaca2302.jpeg,0,568
lungaca4720.jpeg,0,587
lungn776.jpeg,1,974
lungaca914.jpeg,0,602
lungscc1019.jpeg,2,1012
lungn684.jpeg,1,842
lungscc831.jpeg,2,1213
lungaca11.jpeg,0,630
lungscc1649.jpeg,2,1233
lungn4399.jpeg,1,847
lungn4948.jpeg,1,845
lungscc2010.jpeg,2,1205
lungscc4845.jpeg,2,1187
lungscc1438.jpeg,2,1133
lungn1699.jpeg,1,805
lungn3626.jpeg,1,827
lungscc883.jpeg,2,1137
lungscc443.jpeg,2,1198
lungaca2727.jpeg,0,624
lungn144.jpeg,1,753
lungscc4482.jpeg,2,1200
lungn353.jpeg,1,937
lungaca2425.jpeg,0,680
lungn4691.jpeg,1,886
lungn899.jpeg,1,822
lungscc1934.jpeg,2,1222
lungn12.jpeg,1,853
lungaca2266.jpeg,0,561
lungn2337.jpeg,1,821
lungscc1630.jpeg,2,1005
lungn3629.jpeg,1,801
lungscc3249.jpeg,2,1115
lungscc201.jpeg,2,1107
lungscc3313.jpeg,2,1169
lungn4882.jpeg,1,930
lungn2925.jpeg,1,975
lungscc1851.jpeg,2,1238
lungn3382.jpeg,1,968
lungn1711.jpeg,1,879
lungscc4028.jpeg,2,1116
lungn1742.jpeg,1,797
lungscc3906.jpeg,2,1099
lungn4054.jpeg,1,971
lungn2512.jpeg,1,877
lungaca555.jpeg,0,588
lungaca291.jpeg,0,507
lungaca2250.jpeg,0,602
lungaca4569.jpeg,0,634
lungaca2730.jpeg,0,618
lungscc1798.jpeg,2,1068
lungn911.jpeg,1,869
lungn3477.jpeg,1,987
lungn4588.jpeg,1,781
lungn4667.jpeg,1,796
lungaca1335.jpeg,0,588
lungscc4772.jpeg,2,1055
lungn328.jpeg,1,903
lungn4905.jpeg,1,786
lungn226.jpeg,1,939
lungn3786.jpeg,1,828
lungscc4972.jpeg,2,1032
lungscc2092.jpeg,2,1064
lungn3134.jpeg,1,784
lungn2826.jpeg,1,942
lungaca2853.jpeg,0,676
lungscc822.jpeg,2,1020
lungscc3351.jpeg,2,1024
lungscc3055.jpeg,2,1008
lungscc1313.jpeg,2,1032
lungaca4452.jpeg,0,623
lungaca2189.jpeg,0,602
lungaca2874.jpeg,0,745
lungaca2835.jpeg,0,743
lungscc2299.jpeg,2,1217
lungn2444.jpeg,1,912
lungscc2361.jpeg,2,1071
lungaca4430.jpeg,0,628
lungn1577.jpeg,1,886
lungaca3112.jpeg,0,713
lungscc270.jpeg,2,1129
lungn3550.jpeg,1,832
lungaca2554.jpeg,0,546
lungn1432.jpeg,1,906
lungn3836.jpeg,1,960
lungscc1992.jpeg,2,1167
lungn3932.jpeg,1,788
lungn4756.jpeg,1,812
lungaca1781.jpeg,0,682
lungscc2702.jpeg,2,1181
lungscc2162.jpeg,2,1108
lungaca4191.jpeg,0,651
lungscc6.jpeg,2,1019
lungn303.jpeg,1,872
lungscc4685.jpeg,2,1128
lungn3307.jpeg,1,935
lungscc3634.jpeg,2,1235
lungaca82.jpeg,0,723
lungscc1171.jpeg,2,1015
lungn1622.jpeg,1,979
lungn2796.jpeg,1,815
lungn2800.jpeg,1,778
lungaca1362.jpeg,0,681
lungaca599.jpeg,0,735
lungaca1052.jpeg,0,604
lungaca4313.jpeg,0,656
lungaca2651.jpeg,0,569
lungn2007.jpeg,1,856
lungn373.jpeg,1,972
lungaca3953.jpeg,0,638
lungscc911.jpeg,2,1004
lungn2207.jpeg,1,940
lungscc4991.jpeg,2,1060
lungaca3347.jpeg,0,609
lungaca4961.jpeg,0,672
lungscc871.jpeg,2,1046
lungaca3906.jpeg,0,620
lungscc4136.jpeg,2,1011
lungaca1244.jpeg,0,591
lungaca4930.jpeg,0,707
lungaca1315.jpeg,0,579
lungn4630.jpeg,1,764
lungscc4896.jpeg,2,1074
lungn4041.jpeg,1,847
lungaca1298.jpeg,0,509
lungn4312.jpeg,1,797
lungscc2959.jpeg,2,1001
lungscc2124.jpeg,2,1144
lungscc3547.jpeg,2,1201
lungscc3400.jpeg,2,1164
lungscc4694.jpeg,2,1039
lungscc4846.jpeg,2,1052
lungn3319.jpeg,1,757
lungn3102.jpeg,1,902
lungscc1895.jpeg,2,1072
lungscc1555.jpeg,2,1025
lungaca3506.jpeg,0,558
lungaca4244.jpeg,0,730
lungn3081.jpeg,1,886
lungn678.jpeg,1,869
lungaca4636.jpeg,0,640
lungn4930.jpeg,1,984
lungscc4494.jpeg,2,1022
lungscc96.jpeg,2,1093
lungaca4206.jpeg,0,529
lungn2417.jpeg,1,963
lungscc2684.jpeg,2,998
lungaca1638.jpeg,0,680
lungscc4722.jpeg,2,1166
lungn3283.jpeg,1,879
lungaca2931.jpeg,0,559
lungaca961.jpeg,0,737
lungn4084.jpeg,1,759
lungaca256.jpeg,0,627
lungscc4774.jpeg,2,999
lungaca4473.jpeg,0,546
lungn1020.jpeg,1,914
lungscc2917.jpeg,2,1117
lungn3069.jpeg,1,917
lungaca1800.jpeg,0,675
lungn3654.jpeg,1,912
lungaca1566.jpeg,0,604
lungscc3188.jpeg,2,1094
lungn3798.jpeg,1,755
lungscc1381.jpeg,2,1122
lungscc1864.jpeg,2,1135
lungscc4513.jpeg,2,1102
lungscc287.jpeg,2,1027
lungaca108.jpeg,0,517
lungscc3050.jpeg,2,1017
lungn4381.jpeg,1,970
lungaca3956.jpeg,0,690
lungn3272.jpeg,1,776
lungscc2570.jpeg,2,1218
lungaca439.jpeg,0,567
lungn3138.jpeg,1,937
lungaca4704.jpeg,0,555
lungscc4253.jpeg,2,1030
lungn2345.jpeg,1,965
lungaca1471.jpeg,0,748
lungn1592.jpeg,1,950
lungaca4327.jpeg,0,549
lungn2626.jpeg,1,902
lungaca3577.jpeg,0,602
lungaca1535.jpeg,0,603
lungaca2040.jpeg,0,678
lungscc4032.jpeg,2,1001
lungscc3581.jpeg,2,1083
lungn1247.jpeg,1,841
lungscc1900.jpeg,2,1077
lungaca3365.jpeg,0,632
lungaca962.jpeg,0,552
lungscc2471.jpeg,2,1034
lungaca3672.jpeg,0,683
lungscc544.jpeg,2,1069
lungaca1911.jpeg,0,554
lungaca4572.jpeg,0,694
lungaca4849.jpeg,0,609
lungscc4306.jpeg,2,1033
lungaca1008.jpeg,0,652
lungn4148.jpeg,1,783
lungaca159.jpeg,0,664
lungn1007.jpeg,1,931
lungscc1854.jpeg,2,1051
lungaca2711.jpeg,0,620
lungaca3962.jpeg,0,604
lungn4789.jpeg,1,848
lungn434.jpeg,1,809
lungaca4212.jpeg,0,521
lungscc2324.jpeg,2,1237
lungaca4177.jpeg,0,741
lungn859.jpeg,1,775
lungaca4832.jpeg,0,519
lungaca4287.jpeg,0,645
lungaca892.jpeg,0,739
lungaca940.jpeg,0,655
lungscc1204.jpeg,2,1076
lungaca282.jpeg,0,580
lungaca492.jpeg,0,739
lungscc2815.jpeg,2,1153
lungaca2303.jpeg,0,631
lungscc2193.jpeg,2,1019
lungaca1643.jpeg,0,689
lungaca1841.jpeg,0,644
lungscc1608.jpeg,2,1112
lungaca933.jpeg,0,690
lungscc3771.jpeg,2,1122
lungn1075.jpeg,1,763
lungn2428.jpeg,1,968
lungaca4940.jpeg,0,662
lungaca172.jpeg,0,611
lungaca730.jpeg,0,571
lungaca4173.jpeg,0,617
lungn4608.jpeg,1,997
lungscc474.jpeg,2,1017
lungscc4797.jpeg,2,1032
lungn1287.jpeg,1,912
lungscc2186.jpeg,2,1174
lungaca2234.jpeg,0,652
lungscc1255.jpeg,2,1112
lungscc2689.jpeg,2,1014
lungn1538.jpeg,1,903
lungn2389.jpeg,1,870
lungn3558.jpeg,1,857
lungscc266.jpeg,2,1149
lungn338.jpeg,1,919
lungn1453.jpeg,1,804
lungscc1916.jpeg,2,1159
lungn3965.jpeg,1,943
lungscc2638.jpeg,2,1135
lungaca1026.jpeg,0,645
lungn2093.jpeg,1,954
lungscc3206.jpeg,2,1013
lungaca4672.jpeg,0,517
lungn479.jpeg,1,761
lungn908.jpeg,1,901
lungaca3072.jpeg,0,571
lungn2429.jpeg,1,880
lungaca710.jpeg,0,653
lungn3633.jpeg,1,788
lungaca4598.jpeg,0,557
lungn2245.jpeg,1,894
lungn831.jpeg,1,893
lungn274.jpeg,1,994
lungaca3825.jpeg,0,682
lungaca4041.jpeg,0,680
lungscc1241.jpeg,2,1170
lungn1046.jpeg,1,967
lungn843.jpeg,1,804
lungaca3376.jpeg,0,640
lungscc4527.jpeg,2,1139
lungscc3355.jpeg,2,1091
lungn360.jpeg,1,840
lungaca4428.jpeg,0,525
lungn4990.jpeg,1,805
lungn4454.jpeg,1,751
lungscc495.jpeg,2,1075
lungaca237.jpeg,0,675
lungscc1503.jpeg,2,1126
lungscc1034.jpeg,2,1127
lungaca4787.jpeg,0,644
lungaca3220.jpeg,0,729
lungscc4126.jpeg,2,1151
lungscc716.jpeg,2,1012
lungaca4645.jpeg,0,556
lungscc3832.jpeg,2,1223
lungaca3665.jpeg,0,515
lungn2807.jpeg,1,975
lungaca1435.jpeg,0,526
lungscc95.jpeg,2,1014
lungn1725.jpeg,1,952
lungscc2739.jpeg,2,1212
lungscc2576.jpeg,2,1182
lungscc3862.jpeg,2,1013
lungaca1321.jpeg,0,606
lungscc4209.jpeg,2,1166
lungaca699.jpeg,0,597
lungn377.jpeg,1,807
lungscc965.jpeg,2,1086
lungscc3505.jpeg,2,1014
lungn2777.jpeg,1,814
lungaca4038.jpeg,0,739
lungaca3418.jpeg,0,532
lungscc921.jpeg,2,1059
lungaca1426.jpeg,0,608
lungscc4420.jpeg,2,1126
lungn997.jpeg,1,922
lungn1771.jpeg,1,778
lungn3569.jpeg,1,761
lungscc4556.jpeg,2,1179
lungaca3205.jpeg,0,699
lungscc1808.jpeg,2,1177
lungn4592.jpeg,1,867
lungn2505.jpeg,1,912
lungaca1359.jpeg,0,557
lungscc3632.jpeg,2,1016
lungn2720.jpeg,1,816
lungn4546.jpeg,1,820
lungscc4062.jpeg,2,1009
lungaca5.jpeg,0,614
lungaca4559.jpeg,0,551
lungn4925.jpeg,1,906
lungaca3113.jpeg,0,604
lungscc1682.jpeg,2,1155
lungscc2520.jpeg,2,1184
lungaca3944.jpeg,0,744
lungn4835.jpeg,1,957
lungaca1680.jpeg,0,586
lungn1907.jpeg,1,821
lungaca4680.jpeg,0,656
lungn3433.jpeg,1,784
lungaca1516.jpeg,0,539
lungscc2924.jpeg,2,1152
lungaca1394.jpeg,0,739
lungscc1595.jpeg,2,1149
lungaca1025.jpeg,0,711
lungscc190.jpeg,2,1005
lungn2002.jpeg,1,822
lungn4321.jpeg,1,841
lungaca545.jpeg,0,717
lungn999.jpeg,1,935
lungaca686.jpeg,0,702
lungscc3854.jpeg,2,1031
lungscc4176.jpeg,2,1185
lungaca2429.jpeg,0,689
lungscc1638.jpeg,2,1211
lungaca1687.jpeg,0,713
lungscc3550.jpeg,2,1074
lungn325.jpeg,1,842
lungn2060.jpeg,1,758
lungaca1575.jpeg,0,590
lungscc3212.jpeg,2,1179
lungn3141.jpeg,1,774
lungscc2884.jpeg,2,1005
lungaca4818.jpeg,0,524
lungaca2528.jpeg,0,632
lungn2734.jpeg,1,754
lungn2542.jpeg,1,860
lungscc2107.jpeg,2,1194
lungscc2677.jpeg,2,1028
lungscc3766.jpeg,2,1064
lungscc332.jpeg,2,1007
lungaca383.jpeg,0,568
lungaca829.jpeg,0,692
lungscc3720.jpeg,2,1075
lungscc1266.jpeg,2,1086
lungaca3598.jpeg,0,663
lungscc983.jpeg,2,1201
lungscc4910.jpeg,2,1208
lungn224.jpeg,1,929
lungaca1062.jpeg,0,539
lungscc2630.jpeg,2,1121
lungn3963.jpeg,1,905
lungaca1035.jpeg,0,644
lungn2015.jpeg,1,762
lungaca1990.jpeg,0,734
lungn351.jpeg,1,760
lungn3050.jpeg,1,864
lungn1626.jpeg,1,826
lungn3072.jpeg,1,774
lungn502.jpeg,1,871
lungaca4065.jpeg,0,644
lungn465.jpeg,1,757
lungscc3041.jpeg,2,1027
lungaca205.jpeg,0,577
lungn1292.jpeg,1,897
lungn2606.jpeg,1,761
lungaca642.jpeg,0,682
lungscc1945.jpeg,2,1099
lungn4070.jpeg,1,926
lungscc601.jpeg,2,1065
lungscc3153.jpeg,2,1170
lungaca1447.jpeg,0,742
lungaca2389.jpeg,0,744
lungscc3801.jpeg,2,1242
lungaca1985.jpeg,0,679
lungn3140.jpeg,1,774
lungscc233.jpeg,2,1100
lungn1382.jpeg,1,838
lungscc208.jpeg,2,1220
lungscc1464.jpeg,2,1242
lungaca2663.jpeg,0,542
lungn960.jpeg,1,840
lungn2971.jpeg,1,990
lungscc2320.jpeg,2,1159
lungaca894.jpeg,0,699
lungn1165.jpeg,1,928
lungscc721.jpeg,2,1124
lungn2636.jpeg,1,874
lungaca3625.jpeg,0,537
lungscc709.jpeg,2,1093
lungaca987.jpeg,0,544
lungn3915.jpeg,1,923
lungaca4410.jpeg,0,741
lungscc838.jpeg,2,1061
lungaca2678.jpeg,0,613
lungn91.jpeg,1,786
lungn627.jpeg,1,802
lungn1303.jpeg,1,752
lungaca1700.jpeg,0,694
lungscc3807.jpeg,2,1007
lungaca1723.jpeg,0,525
lungaca3387.jpeg,0,562
lungscc1033.jpeg,2,1097
lungaca1690.jpeg,0,604
lungn1547.jpeg,1,836
lungscc121.jpeg,2,1057
lungn4612.jpeg,1,994
lungaca1022.jpeg,0,639
lungn872.jpeg,1,912
lungscc536.jpeg,2,1121
lungn1384.jpeg,1,941
lungaca572.jpeg,0,564
lungscc2436.jpeg,2,1125
lungaca2627.jpeg,0,513
lungaca3769.jpeg,0,744
lungn1833.jpeg,1,993
lungscc4771.jpeg,2,1180
lungaca1277.jpeg,0,598
lungn2465.jpeg,1,841
lungscc9.jpeg,2,1023
lungaca2846.jpeg,0,567
lungscc2938.jpeg,2,1161
lungaca796.jpeg,0,662
lungn4773.jpeg,1,950
lungn3754.jpeg,1,781
lungaca2263.jpeg,0,510
lungn1228.jpeg,1,928
lungaca2395.jpeg,0,559
lungaca3250.jpeg,0,607
lungscc2546.jpeg,2,1192
lungscc3924.jpeg,2,1003
lungn3230.jpeg,1,897
lungaca2316.jpeg,0,659
lungaca1023.jpeg,0,673
lungscc3270.jpeg,2,1186
lungn4531.jpeg,1,799
lungaca450.jpeg,0,562
lungn1723.jpeg,1,813
lungaca2202.jpeg,0,612
lungscc971.jpeg,2,1131
lungaca1218.jpeg,0,516
lungscc3012.jpeg,2,1201
lungscc36.jpeg,2,1028
lungscc2666.jpeg,2,1187
lungaca1813.jpeg,0,530
lungn4703.jpeg,1,932
lungscc21.jpeg,2,1021
lungscc3226.jpeg,2,1171
lungn3359.jpeg,1,768
lungscc3808.jpeg,2,1003
lungn2459.jpeg,1,921
lungaca163.jpeg,0,681
lungaca2256.jpeg,0,622
lungn3046.jpeg,1,786
lungn4369.jpeg,1,907
lungn3488.jpeg,1,953
lungaca4085.jpeg,0,582
lungscc4491.jpeg,2,1043
lungn3538.jpeg,1,907
lungscc1859.jpeg,2,1089
lungn2760.jpeg,1,800
lungaca3134.jpeg,0,555
lungaca4028.jpeg,0,709
lungn4679.jpeg,1,760
lungn4079.jpeg,1,916
lungscc2118.jpeg,2,1022
lungaca4800.jpeg,0,573
lungscc3131.jpeg,2,1011
lungaca2051.jpeg,0,647
lungscc4523.jpeg,2,1143
lungaca2949.jpeg,0,727
lungn4918.jpeg,1,927
lungaca3471.jpeg,0,644
lungscc4093.jpeg,2,1150
lungscc1265.jpeg,2,1017
lungaca2671.jpeg,0,568
lungscc3357.jpeg,2,1171
lungn4187.jpeg,1,858
lungn1111.jpeg,1,908
lungn4968.jpeg,1,824
lungscc2925.jpeg,2,1152
lungscc2550.jpeg,2,1158
lungscc3751.jpeg,2,1016
lungaca4596.jpeg,0,508
lungn527.jpeg,1,803
lungaca2170.jpeg,0,643
lungscc1823.jpeg,2,1245
lungaca2141.jpeg,0,575
lungn3871.jpeg,1,801
lungn633.jpeg,1,980
lungn2269.jpeg,1,813
lungaca2599.jpeg,0,683
lungn571.jpeg,1,786
lungaca4255.jpeg,0,668
lungscc2000.jpeg,2,1187
lungn3828.jpeg,1,818
lungscc1101.jpeg,2,1216
lungscc2668.jpeg,2,1036
lungscc574.jpeg,2,1007
lungscc3885.jpeg,2,1076
lungscc4168.jpeg,2,1134
lungaca3809.jpeg,0,617
lungn265.jpeg,1,977
lungscc969.jpeg,2,1147
lungaca1343.jpeg,0,568
lungaca824.jpeg,0,551
lungaca1937.jpeg,0,581
lungscc2575.jpeg,2,1000
lungscc2331.jpeg,2,1153
lungaca520.jpeg,0,592
lungscc4060.jpeg,2,1068
lungscc2913.jpeg,2,1023
lungaca157.jpeg,0,572
lungn2949.jpeg,1,763
lungn113.jpeg,1,806
lungaca1407.jpeg,0,617
lungn992.jpeg,1,861
lungscc333.jpeg,2,1101
lungaca4082.jpeg,0,586
lungaca2292.jpeg,0,643
lungn4580.jpeg,1,801
lungscc4603.jpeg,2,1055
lungn205.jpeg,1,948
lungaca483.jpeg,0,692
lungscc634.jpeg,2,1141
lungaca2315.jpeg,0,593
lungaca994.jpeg,0,690
lungaca444.jpeg,0,599
lungaca388.jpeg,0,667
lungscc4248.jpeg,2,1109
lungaca3645.jpeg,0,619
lungaca4748.jpeg,0,679
lungscc973.jpeg,2,1009
lungscc4597.jpeg,2,1127
lungn1025.jpeg,1,898
lungaca4066.jpeg,0,592
lungn975.jpeg,1,869
lungn4385.jpeg,1,838
lungn4330.jpeg,1,853
lungscc2686.jpeg,2,1084
lungscc1357.jpeg,2,1197
lungaca50.jpeg,0,528
lungaca4129.jpeg,0,648
lungscc3084.jpeg,2,1044
lungaca3281.jpeg,0,730
lungscc272.jpeg,2,1158
lungn1960.jpeg,1,954
lungaca4270.jpeg,0,516
lungn3682.jpeg,1,880
lungscc4244.jpeg,2,1184
lungscc521.jpeg,2,1231
lungn1152.jpeg,1,807
lungn3432.jpeg,1,857
lungscc207.jpeg,2,1245
lungn4324.jpeg,1,995
lungn1757.jpeg,1,915
lungn2951.jpeg,1,962
lungaca4360.jpeg,0,649
lungscc858.jpeg,2,1157
lungaca4702.jpeg,0,640
lungscc4745.jpeg,2,1073
lungaca3395.jpeg,0,587
lungaca3255.jpeg,0,595
lungaca1059.jpeg,0,733
lungn1200.jpeg,1,751
lungn1473.jpeg,1,967
lungaca1251.jpeg,0,701
lungaca2139.jpeg,0,703
lungn3905.jpeg,1,763
lungscc4517.jpeg,2,1224
lungn438.jpeg,1,762
lungaca807.jpeg,0,608
lungscc982.jpeg,2,1183
lungscc413.jpeg,2,1012
lungaca1508.jpeg,0,623
lungscc1844.jpeg,2,1093
lungn3120.jpeg,1,875
lungscc1157.jpeg,2,1225
lungscc561.jpeg,2,1208
lungaca1754.jpeg,0,581
lungscc4291.jpeg,2,1092
lungn2336.jpeg,1,771
lungaca4175.jpeg,0,556
lungscc3737.jpeg,2,1033
lungaca393.jpeg,0,553
lungn4201.jpeg,1,752
lungaca4904.jpeg,0,628
lungaca812.jpeg,0,651
lungaca2641.jpeg,0,507
lungn3405.jpeg,1,773
lungscc3269.jpeg,2,1048
lungn3264.jpeg,1,968
lungaca3304.jpeg,0,596
lungaca3133.jpeg,0,555
lungaca317.jpeg,0,588
lungscc1658.jpeg,2,1231
lungn62.jpeg,1,850
lungn1171.jpeg,1,813
lungscc4878.jpeg,2,1195
lungn3793.jpeg,1,937
lungscc3065.jpeg,2,1059
lungaca3140.jpeg,0,662
lungn2675.jpeg,1,909
lungaca3136.jpeg,0,728
lungn3392.jpeg,1,798
lungscc2319.jpeg,2,1236
lungn3753.jpeg,1,830
lungscc448.jpeg,2,1045
lungscc774.jpeg,2,1119
lungaca460.jpeg,0,575
lungscc3548.jpeg,2,999
lungn628.jpeg,1,883
lungaca4396.jpeg,0,606
lungn4850.jpeg,1,922
lungaca4547.jpeg,0,561
lungn642.jpeg,1,837
lungscc3171.jpeg,2,1196
lungscc3175.jpeg,2,1068
lungn4436.jpeg,1,837
lungn3914.jpeg,1,794
lungn1911.jpeg,1,916
lungaca2793.jpeg,0,533
lungn433.jpeg,1,901
lungscc3703.jpeg,2,1080
lungaca1902.jpeg,0,513
lungscc263.jpeg,2,1001
lungaca1960.jpeg,0,722
lungaca2081.jpeg,0,621
lungscc2680.jpeg,2,1140
lungaca1012.jpeg,0,740
lungaca274.jpeg,0,701
lungaca4701.jpeg,0,680
lungscc4543.jpeg,2,999
lungscc14.jpeg,2,1207
lungscc3174.jpeg,2,1080
lungn1119.jpeg,1,912
lungscc4562.jpeg,2,1114
lungscc696.jpeg,2,1019
lungaca948.jpeg,0,709
lungscc3558.jpeg,2,1226
lungn3725.jpeg,1,906
lungscc3736.jpeg,2,1149
lungscc3081.jpeg,2,1192
lungaca3124.jpeg,0,578
lungscc645.jpeg,2,1102
lungaca4610.jpeg,0,561
lungn4594.jpeg,1,909
lungaca4006.jpeg,0,671
lungscc194.jpeg,2,1094
lungn218.jpeg,1,984
lungn3559.jpeg,1,917
lungscc1359.jpeg,2,1170
lungaca2596.jpeg,0,643
lungscc460.jpeg,2,1082
lungn2759.jpeg,1,907
lungaca2041.jpeg,0,692
lungscc1572.jpeg,2,1059
lungaca4553.jpeg,0,686
lungaca1521.jpeg,0,552
lungscc1334.jpeg,2,1033
lungn2334.jpeg,1,862
lungn2591.jpeg,1,970
lungn3565.jpeg,1,827
lungn3659.jpeg,1,837
lungn4633.jpeg,1,774
lungscc4861.jpeg,2,1019
lungaca4525.jpeg,0,618
lungn4768.jpeg,1,815
lungaca1559.jpeg,0,629
lungscc1080.jpeg,2,1193
lungscc2761.jpeg,2,1085
lungn1315.jpeg,1,757
lungaca1885.jpeg,0,583
lungn3940.jpeg,1,971
lungaca3838.jpeg,0,586
lungaca1659.jpeg,0,722
lungaca4102.jpeg,0,601
lungscc1400.jpeg,2,1189
lungn1607.jpeg,1,800
lungaca4803.jpeg,0,675
lungscc4395.jpeg,2,1019
lungaca2415.jpeg,0,529
lungn1214.jpeg,1,991
lungaca631.jpeg,0,506
lungaca2944.jpeg,0,692
lungscc1057.jpeg,2,1046
lungn1488.jpeg,1,910
lungaca2991.jpeg,0,592
lungn830.jpeg,1,757
lungn917.jpeg,1,918
lungn1840.jpeg,1,877
lungn1102.jpeg,1,852
lungn3231.jpeg,1,877
lungaca1946.jpeg,0,523
lungaca3017.jpeg,0,732
lungn4912.jpeg,1,820
lungaca4970.jpeg,0,589
lungaca4240.jpeg,0,603
lungaca3618.jpeg,0,733
lungn97.jpeg,1,834
lungscc1009.jpeg,2,1084
lungscc162.jpeg,2,1134
lungaca1728.jpeg,0,611
lungscc3987.jpeg,2,1101
lungscc801.jpeg,2,1160
lungaca4828.jpeg,0,601
lungn1190.jpeg,1,803
lungn2917.jpeg,1,901
lungn3054.jpeg,1,821
lungscc3600.jpeg,2,1113
lungscc4838.jpeg,2,1096
lungaca951.jpeg,0,650
lungscc2097.jpeg,2,1223
lungaca4067.jpeg,0,513
lungscc2527.jpeg,2,1167
lungscc452.jpeg,2,1174
lungscc3115.jpeg,2,1054
lungscc29.jpeg,2,1146
lungaca3731.jpeg,0,521
lungscc4615.jpeg,2,1049
lungscc1119.jpeg,2,1146
lungaca3391.jpeg,0,659
lungaca691.jpeg,0,593
lungscc4912.jpeg,2,1129
lungaca2575.jpeg,0,517
lungscc3969.jpeg,2,1036
lungn4455.jpeg,1,814
lungn2633.jpeg,1,824
lungscc2348.jpeg,2,1190
lungn2940.jpeg,1,875
lungaca2390.jpeg,0,665
lungscc796.jpeg,2,1063
lungn264.jpeg,1,960
lungscc596.jpeg,2,1237
lungscc41.jpeg,2,1020
lungscc4455.jpeg,2,1114
lungn1385.jpeg,1,969
lungscc2220.jpeg,2,1191
lungn4698.jpeg,1,769
lungaca4402.jpeg,0,640
lungaca4718.jpeg,0,615
lungscc653.jpeg,2,1111
lungn4794.jpeg,1,768
lungn1573.jpeg,1,826
lungaca2069.jpeg,0,555
lungn1984.jpeg,1,884
lungscc2890.jpeg,2,1110
lungn4584.jpeg,1,846
lungscc4723.jpeg,2,1046
lungn4957.jpeg,1,950
lungn3282.jpeg,1,756
lungscc1442.jpeg,2,1237
lungaca3984.jpeg,0,558
lungscc2212.jpeg,2,1061
lungn1818.jpeg,1,825
lungaca2998.jpeg,0,668
lungn3238.jpeg,1,796
lungaca3925.jpeg,0,531
lungscc305.jpeg,2,1057
lungscc3748.jpeg,2,1186
lungscc4682.jpeg,2,1048
lungscc3935.jpeg,2,1092
lungn1060.jpeg,1,820
lungaca278.jpeg,0,674
lungaca225.jpeg,0,554
lungn4664.jpeg,1,770
lungaca2923.jpeg,0,597
lungscc1160.jpeg,2,1108
lungaca4131.jpeg,0,614
lungscc1374.jpeg,2,1238
lungaca1805.jpeg,0,527
lungscc2662.jpeg,2,1087
lungn2702.jpeg,1,848
lungaca60.jpeg,0,626
lungaca2281.jpeg,0,634
lungaca1750.jpeg,0,707
lungscc3029.jpeg,2,1141
lungaca353.jpeg,0,718
lungn3306.jpeg,1,833
lungscc2944.jpeg,2,1094
lungaca2326.jpeg,0,611
lungn3888.jpeg,1,750
lungscc56.jpeg,2,1199
lungaca223.jpeg,0,548
lungn2846.jpeg,1,853
lungscc423.jpeg,2,1210
lungscc1999.jpeg,2,1042
lungn4898.jpeg,1,842
lungn1446.jpeg,1,985
lungscc3509.jpeg,2,1130
lungaca4258.jpeg,0,691
lungscc1514.jpeg,2,1074
lungaca4907.jpeg,0,686
lungn522.jpeg,1,823
lungn1504.jpeg,1,840
lungscc2539.jpeg,2,1036
lungscc164.jpeg,2,1093
lungaca3589.jpeg,0,712
lungscc1749.jpeg,2,1222
lungn19.jpeg,1,974
lungaca2160.jpeg,0,695
lungn4906.jpeg,1,964
lungn1795.jpeg,1,848
lungscc1302.jpeg,2,1244
lungn3425.jpeg,1,873
lungn3934.jpeg,1,754
lungscc1015.jpeg,2,1235
lungscc4702.jpeg,2,1009
lungaca121.jpeg,0,569
lungn3309.jpeg,1,916
lungn3333.jpeg,1,789
lungaca1350.jpeg,0,660
lungaca503.jpeg,0,696
lungscc2311.jpeg,2,1176
lungn3889.jpeg,1,791
lungaca1705.jpeg,0,714
lungaca195.jpeg,0,683
lungaca2118.jpeg,0,683
lungaca1042.jpeg,0,651
lungaca1610.jpeg,0,672
lungaca1966.jpeg,0,644
lungscc2190.jpeg,2,1044
lungscc3714.jpeg,2,1177
lungn1184.jpeg,1,823
lungaca531.jpeg,0,656
lungscc810.jpeg,2,1202
lungn3584.jpeg,1,756
lungscc3684.jpeg,2,1215
lungscc938.jpeg,2,1105
lungscc1951.jpeg,2,1006
lungaca1656.jpeg,0,660
lungn3057.jpeg,1,947
lungscc395.jpeg,2,1053
lungn1688.jpeg,1,808
lungn575.jpeg,1,907
lungscc2497.jpeg,2,1213
lungscc2504.jpeg,2,1193
lungscc3255.jpeg,2,1066
lungaca3761.jpeg,0,572
lungaca3392.jpeg,0,622
lungaca4314.jpeg,0,547
lungaca758.jpeg,0,609
lungscc803.jpeg,2,1015
lungn693.jpeg,1,905
lungaca3675.jpeg,0,739
lungaca2338.jpeg,0,565
lungaca2734.jpeg,0,538
lungn686.jpeg,1,787
lungaca1056.jpeg,0,540
lungaca4773.jpeg,0,662
lungscc389.jpeg,2,1170
lungn2437.jpeg,1,811
lungaca4078.jpeg,0,554
lungaca4790.jpeg,0,744
lungaca4938.jpeg,0,523
lungaca3774.jpeg,0,559
lungscc2645.jpeg,2,1127
lungscc4338.jpeg,2,1077
lungn3005.jpeg,1,873
lungn730.jpeg,1,750
lungaca2619.jpeg,0,703
lungscc2370.jpeg,2,1158
lungscc4790.jpeg,2,1215
lungn1867.jpeg,1,949
lungn358.jpeg,1,929
lungaca4722.jpeg,0,664
lungn3601.jpeg,1,942
lungscc549.jpeg,2,1005
lungn4173.jpeg,1,792
lungn3769.jpeg,1,793
lungn4790.jpeg,1,994
lungn2603.jpeg,1,839
lungn1846.jpeg,1,862
lungscc1505.jpeg,2,1005
lungn2438.jpeg,1,869
lungscc2887.jpeg,2,1201
lungaca4352.jpeg,0,627
lungscc2867.jpeg,2,1025
lungaca2720.jpeg,0,670
lungn158.jpeg,1,935
lungn994.jpeg,1,952
lungaca2163.jpeg,0,596
lungn1358.jpeg,1,907
lungscc1611.jpeg,2,1012
lungaca789.jpeg,0,635
lungn90.jpeg,1,770
lungn827.jpeg,1,764
lungaca3344.jpeg,0,614
lungn2242.jpeg,1,825
lungn1243.jpeg,1,785
lungscc3487.jpeg,2,1052
lungaca3206.jpeg,0,581
lungaca4464.jpeg,0,601
lungscc4391.jpeg,2,1204
lungaca2967.jpeg,0,737
lungaca3340.jpeg,0,597
lungscc3060.jpeg,2,1162
lungn3642.jpeg,1,869
lungaca3081.jpeg,0,538
lungscc1298.jpeg,2,1202
lungscc830.jpeg,2,1104
lungscc2908.jpeg,2,1138
lungn3901.jpeg,1,927
lungscc775.jpeg,2,1089
lungscc4959.jpeg,2,1187
lungn2118.jpeg,1,904
lungaca2669.jpeg,0,618
lungaca2232.jpeg,0,600
lungscc4679.jpeg,2,1204
lungn473.jpeg,1,806
lungscc975.jpeg,2,1229
lungscc2845.jpeg,2,1212
lungaca3876.jpeg,0,627
lungn4166.jpeg,1,790
lungaca4615.jpeg,0,517
lungscc1963.jpeg,2,1123
lungn4524.jpeg,1,792
lungaca2061.jpeg,0,700
lungn3779.jpeg,1,935
lungn4141.jpeg,1,906
lungn414.jpeg,1,914
lungscc1590.jpeg,2,1046
lungaca3111.jpeg,0,656
lungaca4611.jpeg,0,641
lungscc2808.jpeg,2,1196
lungn1302.jpeg,1,943
lungn1937.jpeg,1,961
lungn4011.jpeg,1,907
lungscc2505.jpeg,2,1039
lungaca2658.jpeg,0,643
lungaca3465.jpeg,0,715
lungaca3802.jpeg,0,588
lungaca39.jpeg,0,682
lungscc2452.jpeg,2,1086
lungscc1004.jpeg,2,998
lungscc664.jpeg,2,1135
lungaca3590.jpeg,0,681
lungn2034.jpeg,1,962
lungscc3466.jpeg,2,1127
lungaca4168.jpeg,0,689
lungn3330.jpeg,1,925
lungn1736.jpeg,1,938
lungn4618.jpeg,1,933
lungn870.jpeg,1,907
lungaca1382.jpeg,0,679
lungaca312.jpeg,0,714
lungaca797.jpeg,0,538
lungaca4114.jpeg,0,524
lungn543.jpeg,1,880
lungaca3652.jpeg,0,526
lungn2371.jpeg,1,776
lungaca4342.jpeg,0,588
lungaca3472.jpeg,0,592
lungn3628.jpeg,1,880
lungaca2255.jpeg,0,615
lungn1344.jpeg,1,775
lungaca3963.jpeg,0,666
lungn1536.jpeg,1,908
lungscc3587.jpeg,2,1089
lungaca4604.jpeg,0,592
lungn4473.jpeg,1,776
lungscc183.jpeg,2,1060
lungn863.jpeg,1,786
lungn4131.jpeg,1,905
lungaca909.jpeg,0,519
lungscc4048.jpeg,2,1047
lungn1233.jpeg,1,787
lungscc4159.jpeg,2,1163
lungaca3476.jpeg,0,736
lungaca2897.jpeg,0,529
lungscc3874.jpeg,2,1128
lungscc4085.jpeg,2,1198
lungn1452.jpeg,1,974
lungaca2376.jpeg,0,562
lungaca58.jpeg,0,512
lungaca4945.jpeg,0,602
lungn2021.jpeg,1,824
lungscc4962.jpeg,2,1116
lungaca2740.jpeg,0,591
lungn781.jpeg,1,932
lungscc2953.jpeg,2,1211
lungscc1271.jpeg,2,1054
lungn1601.jpeg,1,940
lungscc89.jpeg,2,1158
lungn2105.jpeg,1,866
lungscc3197.jpeg,2,1031
lungn2622.jpeg,1,971
lungscc2568.jpeg,2,1133
lungscc4798.jpeg,2,1014
lungaca1066.jpeg,0,640
lungaca4205.jpeg,0,545
lungscc4339.jpeg,2,1020
lungaca3941.jpeg,0,704
lungscc2240.jpeg,2,1198
lungaca6.jpeg,0,561
lungn2669.jpeg,1,846
lungn4413.jpeg,1,869
lungn44.jpeg,1,833
lungscc2981.jpeg,2,1154
lungn4765.jpeg,1,829
lungaca1002.jpeg,0,569
lungaca2726.jpeg,0,542
lungaca2341.jpeg,0,719
lungaca721.jpeg,0,634
lungn2652.jpeg,1,760
lungn3492.jpeg,1,941
lungaca4758.jpeg,0,549
lungn3410.jpeg,1,973
lungn566.jpeg,1,885
lungscc767.jpeg,2,1152
lungscc2403.jpeg,2,1075
lungaca4253.jpeg,0,747
lungscc1364.jpeg,2,1106
lungn2572.jpeg,1,960
lungn128.jpeg,1,799
lungaca3647.jpeg,0,665
lungscc553.jpeg,2,1110
lungscc3681.jpeg,2,1158
lungn2995.jpeg,1,942
lungscc372.jpeg,2,1015
lungscc4939.jpeg,2,1008
lungn1003.jpeg,1,866
lungaca4589.jpeg,0,546
lungscc4715.jpeg,2,1115
lungaca647.jpeg,0,536
lungscc957.jpeg,2,1093
lungaca3328.jpeg,0,637
lungscc409.jpeg,2,1010
lungaca800.jpeg,0,621
lungscc4787.jpeg,2,1158
lungscc2015.jpeg,2,1138
lungaca2095.jpeg,0,736
lungaca2125.jpeg,0,705
lungn1597.jpeg,1,775
lungaca3852.jpeg,0,675
lungscc3760.jpeg,2,1236
lungscc702.jpeg,2,1101
lungn2535.jpeg,1,873
lungscc4082.jpeg,2,1041
lungaca4682.jpeg,0,582
lungn637.jpeg,1,994
lungn4438.jpeg,1,768
lungscc3130.jpeg,2,1190
lungn109.jpeg,1,873
lungaca574.jpeg,0,572
lungscc2467.jpeg,2,1041
lungaca2892.jpeg,0,634
lungn681.jpeg,1,807
lungn3946.jpeg,1,888
lungn1910.jpeg,1,833
lungscc23.jpeg,2,1211
lungn4215.jpeg,1,844
lungn3703.jpeg,1,918
lungscc1956.jpeg,2,1033
lungaca4744.jpeg,0,708
lungaca1921.jpeg,0,678
lungscc2891.jpeg,2,1107
lungn3196.jpeg,1,923
lungn4815.jpeg,1,812
lungaca3411.jpeg,0,710
lungaca4048.jpeg,0,601
lungn4193.jpeg,1,766
lungn4711.jpeg,1,818
lungn3800.jpeg,1,893
lungscc3353.jpeg,2,1037
lungaca2501.jpeg,0,697
lungscc3886.jpeg,2,1111
lungscc4568.jpeg,2,1125
lungn2203.jpeg,1,908
lungn4555.jpeg,1,771
lungn1004.jpeg,1,953
lungscc223.jpeg,2,1090
lungn1251.jpeg,1,783
lungscc2391.jpeg,2,1065
lungaca4319.jpeg,0,695
lungaca133.jpeg,0,558
lungn2000.jpeg,1,767
lungaca971.jpeg,0,508
lungn786.jpeg,1,869
lungn4299.jpeg,1,975
lungn4935.jpeg,1,985
lungscc2561.jpeg,2,1224
lungscc1274.jpeg,2,1126
lungaca3616.jpeg,0,521
lungaca843.jpeg,0,588
lungscc3477.jpeg,2,1194
lungscc256.jpeg,2,1056
lungscc4584.jpeg,2,1196
lungaca2970.jpeg,0,601
lungaca300.jpeg,0,590
lungscc2824.jpeg,2,1194
lungn4552.jpeg,1,848
lungn2439.jpeg,1,966
lungn4670.jpeg,1,910
lungaca2697.jpeg,0,561
lungscc1906.jpeg,2,1032
lungaca735.jpeg,0,530
lungscc4781.jpeg,2,1049
lungaca4825.jpeg,0,530
lungscc105.jpeg,2,1219
lungaca629.jpeg,0,723
lungscc2033.jpeg,2,1064
lungn4921.jpeg,1,981
lungaca1747.jpeg,0,743
lungn524.jpeg,1,962
lungaca2131.jpeg,0,688
lungn118.jpeg,1,777
lungaca2354.jpeg,0,571
lungscc3092.jpeg,2,1137
lungn721.jpeg,1,779
lungn657.jpeg,1,844
lungn3739.jpeg,1,844
lungaca2199.jpeg,0,557
lungaca2236.jpeg,0,563
lungscc1341.jpeg,2,1165
lungn4006.jpeg,1,770
lungaca3088.jpeg,0,593
lungscc4899.jpeg,2,1087
lungaca1345.jpeg,0,688
lungaca4121.jpeg,0,572
lungn1731.jpeg,1,834
lungn100.jpeg,1,910
lungn311.jpeg,1,792
lungaca4555.jpeg,0,579
lungaca539.jpeg,0,596
lungn2525.jpeg,1,962
lungscc741.jpeg,2,1063
lungaca521.jpeg,0,738
lungaca3153.jpeg,0,506
lungaca3714.jpeg,0,579
lungscc4285.jpeg,2,1037
lungscc1603.jpeg,2,1176
lungaca1115.jpeg,0,610
lungaca2710.jpeg,0,552
lungaca1824.jpeg,0,723
lungaca4895.jpeg,0,657
lungaca2254.jpeg,0,659
lungn4791.jpeg,1,771
lungn2419.jpeg,1,898
lungscc3192.jpeg,2,1041
lungaca4383.jpeg,0,663
lungn1773.jpeg,1,809
lungn1140.jpeg,1,827
lungscc1819.jpeg,2,1021
lungn444.jpeg,1,908
lungaca2408.jpeg,0,719
lungn2729.jpeg,1,930
lungn4947.jpeg,1,805
lungscc657.jpeg,2,1223
lungn2079.jpeg,1,971
lungaca2226.jpeg,0,743
lungaca2027.jpeg,0,614
lungscc4598.jpeg,2,1103
lungaca476.jpeg,0,579
lungaca2545.jpeg,0,530
lungscc4949.jpeg,2,1038
lungaca414.jpeg,0,630
lungaca1119.jpeg,0,533
lungn1072.jpeg,1,910
lungn818.jpeg,1,910
lungn3858.jpeg,1,795
lungscc3379.jpeg,2,1021
lungn690.jpeg,1,922
lungn1820.jpeg,1,804
lungn3021.jpeg,1,808
lungscc2458.jpeg,2,1062
lungaca4167.jpeg,0,531
lungscc2142.jpeg,2,1193
lungaca693.jpeg,0,622
lungn512.jpeg,1,983
lungaca4467.jpeg,0,533
lungn2255.jpeg,1,911
lungn3532.jpeg,1,849
lungn1713.jpeg,1,885
lungn2799.jpeg,1,781
lungscc4496.jpeg,2,1042
lungn1854.jpeg,1,836
lungscc2549.jpeg,2,1231
lungn4508.jpeg,1,929
lungscc4821.jpeg,2,1085
lungaca1594.jpeg,0,711
lungaca881.jpeg,0,512
lungaca882.jpeg,0,606
lungn4621.jpeg,1,832
lungaca3983.jpeg,0,680
lungaca745.jpeg,0,520
lungaca2217.jpeg,0,708
lungn537.jpeg,1,934
lungscc4272.jpeg,2,1192
lungn4723.jpeg,1,920
lungaca4515.jpeg,0,733
lungscc4969.jpeg,2,1215
lungn2214.jpeg,1,900
lungn3144.jpeg,1,949
lungn4966.jpeg,1,787
lungaca4641.jpeg,0,552
lungscc2438.jpeg,2,1104
lungaca3156.jpeg,0,509
lungscc2157.jpeg,2,1225
lungscc4524.jpeg,2,1218
lungaca4151.jpeg,0,634
lungaca1605.jpeg,0,697
lungaca2566.jpeg,0,534
lungn259.jpeg,1,982
lungn1983.jpeg,1,970
lungn2468.jpeg,1,759
lungn2235.jpeg,1,806
lungscc3344.jpeg,2,1023
lungn3949.jpeg,1,912
lungaca1746.jpeg,0,720
lungaca4032.jpeg,0,516
lungn4497.jpeg,1,910
lungaca442.jpeg,0,618
lungaca2509.jpeg,0,668
lungn2787.jpeg,1,777
lungaca1073.jpeg,0,583
lungaca1490.jpeg,0,548
lungscc1671.jpeg,2,1207
lungn2039.jpeg,1,881
lungn2434.jpeg,1,754
lungaca3258.jpeg,0,643
lungn4811.jpeg,1,963
lungn4782.jpeg,1,993
lungn1117.jpeg,1,787
lungscc1713.jpeg,2,1175
lungscc4065.jpeg,2,1225
lungscc3086.jpeg,2,1163
lungn4387.jpeg,1,873
lungaca1624.jpeg,0,512
lungscc4458.jpeg,2,1061
lungn1086.jpeg,1,755
lungscc735.jpeg,2,1118
lungn2067.jpeg,1,769
lungn4752.jpeg,1,806
lungaca2289.jpeg,0,530
lungn3288.jpeg,1,885
lungaca4245.jpeg,0,697
lungscc3122.jpeg,2,1177
lungn1871.jpeg,1,801
lungscc4736.jpeg,2,1020
lungaca4731.jpeg,0,651
lungn4249.jpeg,1,942
lungaca2056.jpeg,0,714
lungn1706.jpeg,1,892
lungscc770.jpeg,2,1191
lungn1206.jpeg,1,812
lungn1993.jpeg,1,985
lungaca633.jpeg,0,509
lungn4620.jpeg,1,988
lungaca2085.jpeg,0,572
lungaca853.jpeg,0,553
lungscc2373.jpeg,2,1020
lungaca4021.jpeg,0,582
lungn101.jpeg,1,851
lungaca1221.jpeg,0,598
lungaca331.jpeg,0,553
lungaca14.jpeg,0,560
lungscc3221.jpeg,2,1137
lungn4859.jpeg,1,831
lungscc694.jpeg,2,1053
lungscc1561.jpeg,2,1155
lungn2850.jpeg,1,863
lungaca1604.jpeg,0,572
lungn4073.jpeg,1,927
lungscc2920.jpeg,2,1125
lungaca2776.jpeg,0,542
lungscc1788.jpeg,2,1195
lungaca4877.jpeg,0,576
lungscc2460.jpeg,2,1078
lungn2374.jpeg,1,809
lungscc529.jpeg,2,1073
lungn2569.jpeg,1,753
lungaca4104.jpeg,0,583
lungn1655.jpeg,1,973
lungn1732.jpeg,1,919
lungscc326.jpeg,2,998
lungaca784.jpeg,0,569
lungn4894.jpeg,1,756
lungn4642.jpeg,1,865
lungaca2766.jpeg,0,578
lungn2895.jpeg,1,893
lungaca2325.jpeg,0,651
lungn1017.jpeg,1,917
lungaca3223.jpeg,0,572
lungn1215.jpeg,1,754
lungscc374.jpeg,2,1107
lungaca1157.jpeg,0,709
lungaca1823.jpeg,0,562
lungn998.jpeg,1,905
lungaca2143.jpeg,0,682
lungn488.jpeg,1,856
lungscc4357.jpeg,2,1122
lungn3286.jpeg,1,871
lungn3648.jpeg,1,842
lungscc2864.jpeg,2,1017
lungaca2927.jpeg,0,744
lungscc2810.jpeg,2,1147
lungn565.jpeg,1,885
lungaca1178.jpeg,0,627
lungn4295.jpeg,1,750
lungscc417.jpeg,2,1237
lungscc4642.jpeg,2,1229
lungn4772.jpeg,1,946
lungn1318.jpeg,1,827
lungn1380.jpeg,1,794
lungaca160.jpeg,0,612
lungn2581.jpeg,1,768
lungscc1294.jpeg,2,1240
lungscc4672.jpeg,2,1040
lungn469.jpeg,1,934
lungscc2178.jpeg,2,1107
lungaca4826.jpeg,0,568
lungscc2327.jpeg,2,1124
lungaca2468.jpeg,0,692
lungaca1390.jpeg,0,598
lungn555.jpeg,1,815
lungn1429.jpeg,1,834
lungn2134.jpeg,1,901
lungscc1709.jpeg,2,1226
lungn4311.jpeg,1,771
lungn1327.jpeg,1,790
lungscc348.jpeg,2,1122
lungscc1284.jpeg,2,1157
lungn406.jpeg,1,916
lungscc261.jpeg,2,1045
lungscc3965.jpeg,2,1156
lungscc4646.jpeg,2,1062
lungaca3567.jpeg,0,567
lungn4699.jpeg,1,829
lungaca3125.jpeg,0,529
lungaca1777.jpeg,0,715
lungn2602.jpeg,1,992
lungn2358.jpeg,1,822
lungscc2822.jpeg,2,1183
lungaca2067.jpeg,0,624
lungscc1768.jpeg,2,1221
lungn1896.jpeg,1,928
lungn1141.jpeg,1,847
lungaca4770.jpeg,0,635
lungscc4115.jpeg,2,1218
lungaca1376.jpeg,0,551
lungscc1876.jpeg,2,1075
lungscc2502.jpeg,2,1027
lungscc2478.jpeg,2,1220
lungn2596.jpeg,1,774
lungaca4878.jpeg,0,568
lungaca3982.jpeg,0,581
lungaca3636.jpeg,0,659
lungscc1816.jpeg,2,1075
lungscc3688.jpeg,2,1114
lungaca3380.jpeg,0,677
lungscc1959.jpeg,2,1129
lungaca2428.jpeg,0,610
lungn639.jpeg,1,834
lungn3546.jpeg,1,768
lungaca4140.jpeg,0,544
lungn3734.jpeg,1,814
lungscc4278.jpeg,2,1019
lungscc2198.jpeg,2,1048
lungscc4812.jpeg,2,1089
lungaca1617.jpeg,0,582
lungaca1518.jpeg,0,640
lungscc3331.jpeg,2,1175
lungn2545.jpeg,1,872
lungaca605.jpeg,0,529
lungscc2298.jpeg,2,1046
lungaca2132.jpeg,0,538
lungaca2558.jpeg,0,511
lungaca2138.jpeg,0,603
lungaca1233.jpeg,0,688
lungaca4833.jpeg,0,645
lungn3227.jpeg,1,818
lungn1484.jpeg,1,834
lungaca983.jpeg,0,651
lungn1479.jpeg,1,870
lungaca1392.jpeg,0,650
lungaca2078.jpeg,0,639
lungaca3131.jpeg,0,669
lungn3320.jpeg,1,963
lungn4521.jpeg,1,925
lungaca4920.jpeg,0,679
lungaca4044.jpeg,0,531
lungaca3842.jpeg,0,713
lungaca445.jpeg,0,631
lungscc2696.jpeg,2,1218
lungaca243.jpeg,0,623
lungscc4809.jpeg,2,1064
lungaca4637.jpeg,0,555
lungscc534.jpeg,2,1092
lungn57.jpeg,1,889
lungn3619.jpeg,1,889
lungscc4275.jpeg,2,1141
lungscc2716.jpeg,2,1038
lungn4829.jpeg,1,901
lungaca329.jpeg,0,562
lungaca907.jpeg,0,702
lungaca90.jpeg,0,603
lungn1673.jpeg,1,797
lungaca2344.jpeg,0,632
lungaca2979.jpeg,0,729
lungaca1982.jpeg,0,565
lungaca1102.jpeg,0,529
lungscc3181.jpeg,2,1127
lungaca2350.jpeg,0,527
lungn904.jpeg,1,991
lungaca2978.jpeg,0,621
lungaca4738.jpeg,0,574
lungaca4495.jpeg,0,560
lungn3588.jpeg,1,819
lungn2402.jpeg,1,832
lungscc3555.jpeg,2,1234
lungn4315.jpeg,1,933
lungscc4901.jpeg,2,1088
lungaca3646.jpeg,0,744
lungscc4249.jpeg,2,1161
lungaca4973.jpeg,0,578
lungscc3231.jpeg,2,1083
lungaca4465.jpeg,0,677
lungn1868.jpeg,1,904
lungaca900.jpeg,0,635
lungaca1571.jpeg,0,606
lungn3426.jpeg,1,851
lungscc331.jpeg,2,1007
lungaca4198.jpeg,0,620
lungn1520.jpeg,1,815
lungn2066.jpeg,1,769
lungaca1922.jpeg,0,708
lungn3089.jpeg,1,895
lungaca958.jpeg,0,610
lungaca337.jpeg,0,603
lungaca210.jpeg,0,639
lungaca620.jpeg,0,688
lungaca3781.jpeg,0,653
lungn58.jpeg,1,914
lungscc3105.jpeg,2,1012
lungaca4768.jpeg,0,689
lungscc1307.jpeg,2,1221
lungn1414.jpeg,1,902
lungscc4822.jpeg,2,1085
lungaca2987.jpeg,0,612
lungaca1194.jpeg,0,686
lungscc3241.jpeg,2,1181
lungscc313.jpeg,2,1034
lungscc2143.jpeg,2,1064
lungaca2460.jpeg,0,594
lungaca2964.jpeg,0,576
lungaca1651.jpeg,0,667
lungn309.jpeg,1,825
lungn2668.jpeg,1,894
lungn4853.jpeg,1,833
lungaca3691.jpeg,0,577
lungaca351.jpeg,0,605
lungn3125.jpeg,1,933
lungn3086.jpeg,1,974
lungaca3404.jpeg,0,736
lungscc1746.jpeg,2,1177
lungaca2319.jpeg,0,671
lungn2735.jpeg,1,972
lungn1497.jpeg,1,884
lungn400.jpeg,1,797
lungscc4889.jpeg,2,1194
lungaca2761.jpeg,0,735
lungn3107.jpeg,1,810
lungscc4147.jpeg,2,1156
lungscc4592.jpeg,2,1135
lungaca2890.jpeg,0,708
lungaca4922.jpeg,0,633
lungaca4423.jpeg,0,657
lungn4103.jpeg,1,805
lungn2756.jpeg,1,958
lungscc1256.jpeg,2,1236
lungaca4698.jpeg,0,539
lungaca1461.jpeg,0,737
lungn1976.jpeg,1,943
lungaca196.jpeg,0,724
lungn1260.jpeg,1,915
lungaca4614.jpeg,0,736
lungn1433.jpeg,1,962
lungn1088.jpeg,1,774
lungaca308.jpeg,0,600
lungn2133.jpeg,1,811
lungn2004.jpeg,1,930
lungaca4263.jpeg,0,616
lungaca739.jpeg,0,583
lungn4568.jpeg,1,795
lungscc1511.jpeg,2,1189
lungscc3372.jpeg,2,1110
lungaca2595.jpeg,0,643
lungaca3602.jpeg,0,606
lungscc426.jpeg,2,1184
lungscc2423.jpeg,2,1197
lungn204.jpeg,1,770
lungscc3817.jpeg,2,1010
lungscc841.jpeg,2,1196
lungscc1120.jpeg,2,1242
lungscc3073.jpeg,2,1088
lungn191.jpeg,1,901
lungscc598.jpeg,2,1089
lungn1410.jpeg,1,971
lungscc4511.jpeg,2,1188
lungscc743.jpeg,2,1015
lungn2227.jpeg,1,760
lungn2282.jpeg,1,962
lungn4984.jpeg,1,844
lungaca4667.jpeg,0,641
lungscc4913.jpeg,2,1204
lungaca3483.jpeg,0,721
lungn1192.jpeg,1,881
lungaca913.jpeg,0,602
lungscc1475.jpeg,2,1007
lungscc4588.jpeg,2,1131
lungn1865.jpeg,1,915
lungscc3532.jpeg,2,1009
lungscc4195.jpeg,2,1063
lungscc1616.jpeg,2,1124
lungn3910.jpeg,1,803
lungscc32.jpeg,2,1230
lungn3460.jpeg,1,924
lungaca1259.jpeg,0,718
lungaca347.jpeg,0,561
lungn734.jpeg,1,913
lungaca2562.jpeg,0,591
lungn1199.jpeg,1,941
lungn1149.jpeg,1,792
lungn745.jpeg,1,977
lungn3051.jpeg,1,960
lungaca4344.jpeg,0,531
lungscc4904.jpeg,2,1042
lungn2681.jpeg,1,944
lungn762.jpeg,1,794
lungaca4580.jpeg,0,617
lungn4522.jpeg,1,804
lungaca2612.jpeg,0,613
lungaca1483.jpeg,0,654
lungscc647.jpeg,2,1018
lungn2145.jpeg,1,802
lungn1103.jpeg,1,809
lungaca3513.jpeg,0,618
lungscc120.jpeg,2,1057
lungn910.jpeg,1,852
lungaca586.jpeg,0,609
lungaca4529.jpeg,0,639
lungaca1150.jpeg,0,573
lungscc2040.jpeg,2,1033
lungn3228.jpeg,1,954
lungn4099.jpeg,1,825
lungscc1515.jpeg,2,1107
lungn2999.jpeg,1,834
lungscc723.jpeg,2,1065
lungscc2462.jpeg,2,1005
lungscc2030.jpeg,2,1143
lungaca1110.jpeg,0,563
lungn1744.jpeg,1,884
lungscc1774.jpeg,2,1084
lungscc1411.jpeg,2,1049
lungaca1593.jpeg,0,702
lungscc4563.jpeg,2,1114
lungscc4890.jpeg,2,1005
lungaca468.jpeg,0,698
lungscc3805.jpeg,2,1212
lungaca3168.jpeg,0,614
lungn3287.jpeg,1,913
lungscc2429.jpeg,2,1020
lungscc2773.jpeg,2,1098
lungscc1919.jpeg,2,1196
lungscc202.jpeg,2,1098
lungaca1393.jpeg,0,600
lungn2391.jpeg,1,874
lungscc3072.jpeg,2,1031
lungaca2109.jpeg,0,727
lungn4553.jpeg,1,848
lungaca2972.jpeg,0,696
lungaca1570.jpeg,0,515
lungn4449.jpeg,1,797
lungaca737.jpeg,0,706
lungaca3553.jpeg,0,633
lungaca709.jpeg,0,585
lungn876.jpeg,1,837
lungscc2059.jpeg,2,1021
lungaca4418.jpeg,0,524
lungscc1655.jpeg,2,1033
lungaca3591.jpeg,0,644
lungscc3918.jpeg,2,1214
lungaca2695.jpeg,0,665
lungscc4621.jpeg,2,1179
lungscc1114.jpeg,2,999
lungn3749.jpeg,1,780
lungscc637.jpeg,2,1082
lungaca1775.jpeg,0,615
lungscc210.jpeg,2,1233
lungn2426.jpeg,1,839
lungaca1732.jpeg,0,574
lungscc3220.jpeg,2,1125
lungaca4527.jpeg,0,677
lungscc3447.jpeg,2,1018
lungscc303.jpeg,2,1161
lungaca1903.jpeg,0,510
lungscc1017.jpeg,2,1010
lungn3012.jpeg,1,923
lungaca2620.jpeg,0,649
lungn4538.jpeg,1,849
lungaca4138.jpeg,0,672
lungaca1910.jpeg,0,517
lungn217.jpeg,1,783
lungscc1641.jpeg,2,1071
lungn389.jpeg,1,964
lungaca1568.jpeg,0,693
lungn1080.jpeg,1,984
lungaca727.jpeg,0,724
lungaca891.jpeg,0,524
lungscc3371.jpeg,2,1043
lungaca3359.jpeg,0,565
lungscc1336.jpeg,2,1005
lungn1946.jpeg,1,778
lungn3469.jpeg,1,793
lungn1146.jpeg,1,769
lungaca3721.jpeg,0,725
lungaca17.jpeg,0,585
lungscc422.jpeg,2,1068
lungn705.jpeg,1,797
lungn1143.jpeg,1,822
lungn4119.jpeg,1,849
lungscc4628.jpeg,2,1092
lungn3608.jpeg,1,943
lungaca325.jpeg,0,538
lungaca4602.jpeg,0,681
lungaca4427.jpeg,0,744
lungaca1825.jpeg,0,602
lungscc1418.jpeg,2,1028
lungscc1012.jpeg,2,1117
lungscc2597.jpeg,2,1087
lungaca3929.jpeg,0,631
lungn1244.jpeg,1,933
lungn1881.jpeg,1,966
lungscc1904.jpeg,2,1114
lungscc4379.jpeg,2,1217
lungscc122.jpeg,2,1057
lungaca224.jpeg,0,514
lungaca501.jpeg,0,530
lungscc1013.jpeg,2,1047
lungscc3182.jpeg,2,1120
lungn601.jpeg,1,808
lungaca678.jpeg,0,706
lungn4232.jpeg,1,972
lungaca623.jpeg,0,538
lungn2507.jpeg,1,810
lungscc431.jpeg,2,1177
lungaca866.jpeg,0,522
lungscc4832.jpeg,2,1157
lungn1469.jpeg,1,975
lungaca3240.jpeg,0,638
lungn3035.jpeg,1,807
lungaca4333.jpeg,0,650
lungaca2594.jpeg,0,524
lungscc1377.jpeg,2,1083
lungaca4519.jpeg,0,700
lungaca2002.jpeg,0,740
lungaca3519.jpeg,0,741
lungscc2667.jpeg,2,1036
lungn2571.jpeg,1,824
lungaca3492.jpeg,0,626
lungscc3978.jpeg,2,1106
lungaca550.jpeg,0,680
lungaca998.jpeg,0,582
lungaca1209.jpeg,0,566
lungn3630.jpeg,1,845
lungaca527.jpeg,0,517
lungscc3362.jpeg,2,1086
lungaca1590.jpeg,0,617
lungn2189.jpeg,1,859
lungn3611.jpeg,1,841
lungn1341.jpeg,1,913
lungaca4378.jpeg,0,710
lungaca1240.jpeg,0,625
lungn4186.jpeg,1,948
lungaca1574.jpeg,0,590
lungaca4111.jpeg,0,553
lungn4357.jpeg,1,957
lungn25.jpeg,1,944
lungn4559.jpeg,1,919
lungaca2402.jpeg,0,721
lungscc19.jpeg,2,1031
lungn2136.jpeg,1,911
lungscc3649.jpeg,2,1206
lungscc907.jpeg,2,1009
lungn4051.jpeg,1,776
lungaca793.jpeg,0,599
lungaca968.jpeg,0,746
lungscc1634.jpeg,2,1110
lungscc2163.jpeg,2,1118
lungn1458.jpeg,1,815
lungn2210.jpeg,1,874
lungscc1917.jpeg,2,1039
lungscc1392.jpeg,2,1059
lungscc2897.jpeg,2,1226
lungaca3660.jpeg,0,552
lungaca1311.jpeg,0,517
lungaca4057.jpeg,0,524
lungn241.jpeg,1,890
lungaca2698.jpeg,0,641
lungn4758.jpeg,1,886
lungaca167.jpeg,0,614
lungscc3717.jpeg,2,1059
lungaca2913.jpeg,0,533
lungscc2977.jpeg,2,1112
lungaca3216.jpeg,0,746
lungaca1819.jpeg,0,538
lungaca2687.jpeg,0,615
lungaca1051.jpeg,0,690
lungscc917.jpeg,2,1161
lungscc799.jpeg,2,1075
lungaca4089.jpeg,0,719
lungaca3811.jpeg,0,627
lungn293.jpeg,1,795
lungscc2895.jpeg,2,1202
lungaca330.jpeg,0,625
lungaca2674.jpeg,0,676
lungaca543.jpeg,0,632
lungscc4569.jpeg,2,1243
lungn1097.jpeg,1,769
lungaca2053.jpeg,0,530
lungaca2068.jpeg,0,588
lungaca748.jpeg,0,587
lungaca1498.jpeg,0,507
lungn1374.jpeg,1,803
lungn1391.jpeg,1,915
lungn2501.jpeg,1,750
lungn4798.jpeg,1,962
lungn1323.jpeg,1,780
lungaca128.jpeg,0,643
lungn2773.jpeg,1,891
lungscc200.jpeg,2,1074
lungaca4037.jpeg,0,598
lungscc2454.jpeg,2,1119
lungn3861.jpeg,1,904
lungaca2608.jpeg,0,601
lungaca4630.jpeg,0,524
lungn3553.jpeg,1,881
lungscc2052.jpeg,2,1201
lungscc494.jpeg,2,1169
lungscc3193.jpeg,2,1015
lungscc4579.jpeg,2,1207
lungn3422.jpeg,1,833
lungscc720.jpeg,2,1139
lungn146.jpeg,1,786
lungn2688.jpeg,1,957
lungn4537.jpeg,1,818
lungaca2877.jpeg,0,580
lungn2993.jpeg,1,907
lungn2307.jpeg,1,932
lungaca884.jpeg,0,545
lungscc4308.jpeg,2,1216
lungscc4221.jpeg,2,1077
lungn1787.jpeg,1,800
lungaca2518.jpeg,0,565
lungn1092.jpeg,1,826
lungaca637.jpeg,0,591
lungaca2911.jpeg,0,688
lungn942.jpeg,1,938
lungaca4921.jpeg,0,606
lungaca1075.jpeg,0,684
lungaca3097.jpeg,0,534
lungaca4200.jpeg,0,692
lungn3810.jpeg,1,761
lungn889.jpeg,1,929
lungscc2291.jpeg,2,1074
lungn1900.jpeg,1,858
lungn4852.jpeg,1,771
lungaca4372.jpeg,0,554
lungn2991.jpeg,1,960
lungaca2941.jpeg,0,604
lungn2990.jpeg,1,864
lungscc876.jpeg,2,1028
lungn2352.jpeg,1,915
lungn1522.jpeg,1,788
lungaca557.jpeg,0,555
lungscc1910.jpeg,2,1137
lungn4287.jpeg,1,852
lungaca2552.jpeg,0,546
lungaca2447.jpeg,0,513
lungscc2764.jpeg,2,1200
lungn2362.jpeg,1,880
lungn273.jpeg,1,772
lungaca1375.jpeg,0,690
lungn3174.jpeg,1,983
lungscc569.jpeg,2,1141
lungn2155.jpeg,1,766
lungn4344.jpeg,1,776
lungscc108.jpeg,2,1000
lungscc151.jpeg,2,1006
lungn2811.jpeg,1,993
lungn2481.jpeg,1,915
lungaca1509.jpeg,0,595
lungn3971.jpeg,1,803
lungn423.jpeg,1,939
lungscc697.jpeg,2,1019
lungaca216.jpeg,0,704
lungaca1417.jpeg,0,622
lungscc1030.jpeg,2,1069
lungscc153.jpeg,2,1205
lungscc1043.jpeg,2,1075
lungscc2342.jpeg,2,1108
lungscc185.jpeg,2,1069
lungn2326.jpeg,1,849
lungscc368.jpeg,2,1038
lungn2585.jpeg,1,841
lungaca3795.jpeg,0,720
lungscc3378.jpeg,2,1022
lungn2683.jpeg,1,924
lungn4566.jpeg,1,855
lungn943.jpeg,1,837
lungscc3093.jpeg,2,1016
lungscc1856.jpeg,2,1121
lungscc903.jpeg,2,1035
lungscc3475.jpeg,2,1057
lungscc4803.jpeg,2,1238
lungn364.jpeg,1,790
lungn958.jpeg,1,898
lungn2201.jpeg,1,912
lungaca1405.jpeg,0,530
lungn2142.jpeg,1,902
lungscc1065.jpeg,2,1020
lungn3414.jpeg,1,813
lungscc4081.jpeg,2,1058
lungscc4175.jpeg,2,1039
lungscc3835.jpeg,2,1210
lungscc4246.jpeg,2,1181
lungscc487.jpeg,2,1155
lungn3226.jpeg,1,775
lungscc2992.jpeg,2,1131
lungscc3922.jpeg,2,1237
lungn3250.jpeg,1,783
lungaca2551.jpeg,0,711
lungaca2461.jpeg,0,585
lungscc3708.jpeg,2,1097
lungscc1116.jpeg,2,1087
lungscc2253.jpeg,2,1205
lungscc484.jpeg,2,1153
lungn297.jpeg,1,814
lungscc1339.jpeg,2,1057
lungscc94.jpeg,2,1101
lungscc3500.jpeg,2,1168
lungaca2798.jpeg,0,684
lungn1892.jpeg,1,775
lungscc4871.jpeg,2,1047
lungscc2318.jpeg,2,1091
lungn4839.jpeg,1,908
lungn1070.jpeg,1,837
lungaca3305.jpeg,0,727
lungscc1145.jpeg,2,1039
lungn4713.jpeg,1,818
lungn1631.jpeg,1,767
lungaca4725.jpeg,0,597
lungaca2825.jpeg,0,634
lungaca3253.jpeg,0,590
lungaca1282.jpeg,0,610
lungaca613.jpeg,0,740
lungn3075.jpeg,1,898
lungaca919.jpeg,0,587
lungscc2126.jpeg,2,1044
lungn3018.jpeg,1,853
lungaca1069.jpeg,0,537
lungaca52.jpeg,0,541
lungscc1042.jpeg,2,1038
lungaca4981.jpeg,0,640
lungscc4895.jpeg,2,1043
lungaca3487.jpeg,0,634
lungscc176.jpeg,2,1237
lungn4114.jpeg,1,912
lungscc4305.jpeg,2,1026
lungn1589.jpeg,1,901
lungscc4451.jpeg,2,1007
lungscc3630.jpeg,2,1188
lungscc991.jpeg,2,1166
lungscc4732.jpeg,2,1140
lungaca4537.jpeg,0,511
lungscc4131.jpeg,2,1209
lungn498.jpeg,1,911
lungaca4033.jpeg,0,670
lungscc960.jpeg,2,1091
lungscc1948.jpeg,2,1116
lungn1419.jpeg,1,753
lungn3533.jpeg,1,897
lungaca4708.jpeg,0,688
lungaca271.jpeg,0,730
lungaca4017.jpeg,0,690
lungscc3712.jpeg,2,1005
lungn1838.jpeg,1,753
lungscc4533.jpeg,2,1151
lungn1923.jpeg,1,757
lungaca4581.jpeg,0,662
lungscc3150.jpeg,2,1233
lungaca1379.jpeg,0,721
lungaca370.jpeg,0,540
lungaca3923.jpeg,0,740
lungaca3059.jpeg,0,693
lungn119.jpeg,1,968
lungaca186.jpeg,0,626
lungaca622.jpeg,0,533
lungaca2611.jpeg,0,667
lungaca452.jpeg,0,748
lungscc4965.jpeg,2,1197
lungaca2275.jpeg,0,721
lungaca84.jpeg,0,602
lungscc663.jpeg,2,1135
lungaca456.jpeg,0,520
lungscc3988.jpeg,2,1134
lungscc1297.jpeg,2,1052
lungaca373.jpeg,0,739
lungaca2470.jpeg,0,742
lungaca3382.jpeg,0,556
lungaca1569.jpeg,0,685
lungn48.jpeg,1,910
lungscc1862.jpeg,2,1054
lungscc3016.jpeg,2,1066
lungn805.jpeg,1,824
lungscc1279.jpeg,2,1172
lungaca3229.jpeg,0,701
lungn1312.jpeg,1,914
lungaca4274.jpeg,0,707
lungaca2971.jpeg,0,696
lungscc390.jpeg,2,1013
lungn378.jpeg,1,762
lungscc1472.jpeg,2,1050
lungaca2625.jpeg,0,534
lungscc8.jpeg,2,1101
lungaca435.jpeg,0,724
lungaca4924.jpeg,0,626
lungscc1764.jpeg,2,1163
lungscc3125.jpeg,2,1200
lungaca3561.jpeg,0,646
lungaca834.jpeg,0,590
lungscc3369.jpeg,2,1041
lungscc4197.jpeg,2,1201
lungscc362.jpeg,2,1167
lungn3348.jpeg,1,791
lungscc1635.jpeg,2,1034
lungaca2613.jpeg,0,746
lungaca719.jpeg,0,566
lungaca1300.jpeg,0,730
lungscc1251.jpeg,2,1130
lungscc2490.jpeg,2,1212
lungaca2058.jpeg,0,539
lungscc1495.jpeg,2,1147
lungn21.jpeg,1,799
lungaca3337.jpeg,0,704
lungn2019.jpeg,1,964
lungaca30.jpeg,0,599
lungn4857.jpeg,1,841
lungn172.jpeg,1,782
lungscc4470.jpeg,2,1196
lungaca2544.jpeg,0,689
lungscc2260.jpeg,2,1032
lungaca2451.jpeg,0,628
lungaca2349.jpeg,0,646
lungn1529.jpeg,1,876
lungscc4622.jpeg,2,1084
lungn2803.jpeg,1,966
lungscc2286.jpeg,2,1167
lungaca2044.jpeg,0,569
lungn2216.jpeg,1,785
lungaca4233.jpeg,0,613
lungscc745.jpeg,2,1096
lungaca3682.jpeg,0,624
lungn1224.jpeg,1,957
lungscc2721.jpeg,2,1074
lungaca169.jpeg,0,609
lungscc980.jpeg,2,1108
lungscc1961.jpeg,2,1140
lungaca646.jpeg,0,738
lungaca1893.jpeg,0,649
lungn1201.jpeg,1,751
lungn4065.jpeg,1,864
lungn3543.jpeg,1,796
lungn540.jpeg,1,777
lungscc618.jpeg,2,1030
lungaca1734.jpeg,0,638
lungn573.jpeg,1,980
lungn2436.jpeg,1,990
lungscc3902.jpeg,2,1098
lungn4950.jpeg,1,859
lungscc1027.jpeg,2,1035
lungscc2552.jpeg,2,998
lungscc4826.jpeg,2,1190
lungn4392.jpeg,1,806
lungscc1592.jpeg,2,1001
lungaca4890.jpeg,0,729
lungn1591.jpeg,1,798
lungn4398.jpeg,1,872
lungn4985.jpeg,1,782
lungn3958.jpeg,1,753
lungaca26.jpeg,0,669
lungscc2999.jpeg,2,1062
lungscc4933.jpeg,2,1089
lungn2934.jpeg,1,861
lungscc3334.jpeg,2,1033
lungn4729.jpeg,1,947
lungn1411.jpeg,1,946
lungaca4234.jpeg,0,519
lungscc1877.jpeg,2,1015
lungscc2691.jpeg,2,1104
lungn4241.jpeg,1,951
lungn4278.jpeg,1,779
lungn369.jpeg,1,781
lungn2288.jpeg,1,784
lungscc3485.jpeg,2,1211
lungscc152.jpeg,2,1220
lungaca1858.jpeg,0,549
lungscc2128.jpeg,2,1106
lungscc3791.jpeg,2,1095
lungn4686.jpeg,1,808
lungn3163.jpeg,1,913
lungn2054.jpeg,1,844
lungn159.jpeg,1,823
lungscc2997.jpeg,2,1135
lungscc4481.jpeg,2,1172
lungaca1863.jpeg,0,540
lungscc173.jpeg,2,1195
lungscc2337.jpeg,2,1026
lungn4757.jpeg,1,847
lungscc3847.jpeg,2,1160
lungscc875.jpeg,2,1175
lungn3520.jpeg,1,750
lungscc3108.jpeg,2,1086
lungn3415.jpeg,1,920
lungn4972.jpeg,1,942
lungn847.jpeg,1,932
lungaca1074.jpeg,0,702
lungn1376.jpeg,1,783
lungaca4117.jpeg,0,649
lungn4660.jpeg,1,773
lungaca4936.jpeg,0,610
lungaca1372.jpeg,0,629
lungaca3090.jpeg,0,622
lungn1459.jpeg,1,932
lungscc4102.jpeg,2,1158
lungaca2235.jpeg,0,652
lungscc3602.jpeg,2,1167
lungscc2270.jpeg,2,1051
lungscc3575.jpeg,2,1224
lungn1051.jpeg,1,793
lungaca1041.jpeg,0,641
lungscc4058.jpeg,2,1124
lungaca1037.jpeg,0,536
lungn4622.jpeg,1,866
lungscc48.jpeg,2,1083
lungn2411.jpeg,1,937
lungaca869.jpeg,0,605
lungn442.jpeg,1,951
lungscc732.jpeg,2,1225
lungn733.jpeg,1,913
lungscc976.jpeg,2,1151
lungaca1591.jpeg,0,688
lungn3655.jpeg,1,927
lungn4928.jpeg,1,884
lungaca2569.jpeg,0,536
lungaca1211.jpeg,0,666
lungscc1397.jpeg,2,1115
lungscc734.jpeg,2,1005
lungaca3979.jpeg,0,683
lungscc1225.jpeg,2,1096
lungscc66.jpeg,2,1030
lungn3916.jpeg,1,760
lungaca2055.jpeg,0,598
lungscc479.jpeg,2,1035
lungaca687.jpeg,0,673
lungscc3826.jpeg,2,1081
lungn655.jpeg,1,757
lungn1316.jpeg,1,808
lungn4869.jpeg,1,891
lungaca1368.jpeg,0,630
lungscc1220.jpeg,2,1183
lungn3465.jpeg,1,951
lungscc524.jpeg,2,998
lungn1995.jpeg,1,899
lungn4641.jpeg,1,865
lungaca345.jpeg,0,525
lungn2655.jpeg,1,764
lungn1980.jpeg,1,873
lungn3817.jpeg,1,830
lungscc800.jpeg,2,1055
lungn2458.jpeg,1,905
lungaca1741.jpeg,0,566
lungn2435.jpeg,1,867
lungn1841.jpeg,1,958
lungscc2105.jpeg,2,1002
lungn3745.jpeg,1,777
lungscc3758.jpeg,2,1037
lungn1317.jpeg,1,808
lungn1444.jpeg,1,757
lungaca4585.jpeg,0,538
lungn3727.jpeg,1,851
lungaca2193.jpeg,0,593
lungn233.jpeg,1,825
lungaca835.jpeg,0,590
lungaca3722.jpeg,0,692
lungaca2459.jpeg,0,638
lungscc1470.jpeg,2,1231
lungn4092.jpeg,1,814
lungscc391.jpeg,2,1158
lungn200.jpeg,1,951
lungn4870.jpeg,1,784
lungscc2273.jpeg,2,1080
lungn227.jpeg,1,865
lungscc2332.jpeg,2,1069
lungn3807.jpeg,1,863
lungscc3258.jpeg,2,1036
lungn3305.jpeg,1,834
lungn2125.jpeg,1,780
lungscc1750.jpeg,2,1057
lungaca1186.jpeg,0,592
lungn3078.jpeg,1,872
lungn4304.jpeg,1,878
lungn3103.jpeg,1,908
lungscc4371.jpeg,2,1098
lungscc1426.jpeg,2,1048
lungn1557.jpeg,1,759
lungaca1273.jpeg,0,590
lungaca2568.jpeg,0,738
lungscc398.jpeg,2,1128
lungaca2632.jpeg,0,526
lungaca1222.jpeg,0,643
lungn288.jpeg,1,828
lungn4956.jpeg,1,776
lungscc4536.jpeg,2,1005
lungscc150.jpeg,2,1045
lungscc3567.jpeg,2,998
lungn4094.jpeg,1,963
lungn3258.jpeg,1,850
lungscc1738.jpeg,2,1199
lungscc2577.jpeg,2,1182
lungaca3080.jpeg,0,676
lungscc4521.jpeg,2,1159
lungaca1463.jpeg,0,552
lungscc956.jpeg,2,1186
lungn2766.jpeg,1,910
lungn4291.jpeg,1,911
lungscc1780.jpeg,2,1130
lungaca213.jpeg,0,748
lungscc3063.jpeg,2,1011
lungscc4514.jpeg,2,1024
lungscc1235.jpeg,2,1208
lungscc3148.jpeg,2,1001
lungscc2945.jpeg,2,1189
lungaca413.jpeg,0,745
lungn2693.jpeg,1,883
lungaca2872.jpeg,0,674
lungn4539.jpeg,1,903
lungaca3077.jpeg,0,568
lungn392.jpeg,1,861
lungn1145.jpeg,1,880
lungaca681.jpeg,0,688
lungscc992.jpeg,2,1245
lungscc4684.jpeg,2,1134
lungscc4958.jpeg,2,1066
lungaca400.jpeg,0,591
lungscc3786.jpeg,2,1005
lungscc1245.jpeg,2,998
lungn3472.jpeg,1,770
lungn4080.jpeg,1,873
lungscc1254.jpeg,2,1037
lungn3032.jpeg,1,895
lungaca1306.jpeg,0,648
lungscc808.jpeg,2,1056
lungn4817.jpeg,1,767
lungscc1689.jpeg,2,1167
lungaca491.jpeg,0,650
lungaca1325.jpeg,0,647
lungn407.jpeg,1,843
lungaca390.jpeg,0,562
lungscc3647.jpeg,2,1131
lungn3707.jpeg,1,775
lungaca1257.jpeg,0,736
lungn3564.jpeg,1,893
lungscc4269.jpeg,2,1071
lungaca3779.jpeg,0,656
lungscc2909.jpeg,2,1215
lungaca2634.jpeg,0,718
lungscc2056.jpeg,2,1087
lungscc3390.jpeg,2,1138
lungscc3452.jpeg,2,1027
lungscc4619.jpeg,2,1231
lungaca1792.jpeg,0,579
lungscc1717.jpeg,2,1123
lungn2190.jpeg,1,882
lungscc279.jpeg,2,1117
lungaca1974.jpeg,0,586
lungscc2131.jpeg,2,1221
lungn1058.jpeg,1,926
lungaca4454.jpeg,0,733
lungaca1636.jpeg,0,598
lungaca1342.jpeg,0,530
lungn4784.jpeg,1,770
lungscc359.jpeg,2,1113
lungaca3642.jpeg,0,704
lungn2461.jpeg,1,768
lungscc2623.jpeg,2,1171
lungaca3824.jpeg,0,682
lungn214.jpeg,1,910
lungscc4729.jpeg,2,1044
lungn3522.jpeg,1,975
lungscc4310.jpeg,2,1167
lungscc2562.jpeg,2,1236
lungaca3215.jpeg,0,519
lungaca4202.jpeg,0,719
lungscc730.jpeg,2,1026
lungn895.jpeg,1,840
lungaca1441.jpeg,0,656
lungaca3667.jpeg,0,590
lungn4601.jpeg,1,883
lungaca3157.jpeg,0,557
lungn1644.jpeg,1,892
lungaca4005.jpeg,0,730
lungscc1323.jpeg,2,1122
lungn3336.jpeg,1,811
lungscc2843.jpeg,2,1129
lungn3593.jpeg,1,885
lungn3375.jpeg,1,840
lungscc3884.jpeg,2,1039
lungscc3573.jpeg,2,1102
lungn4590.jpeg,1,792
lungn1950.jpeg,1,955
lungscc4094.jpeg,2,1150
lungscc1440.jpeg,2,1195
lungscc3785.jpeg,2,1216
lungaca3037.jpeg,0,662
lungaca348.jpeg,0,745
lungn313.jpeg,1,811
lungscc4120.jpeg,2,1000
lungaca3433.jpeg,0,720
lungscc2797.jpeg,2,1148
lungscc952.jpeg,2,998
lungn4178.jpeg,1,749
lungn1621.jpeg,1,841
lungn1762.jpeg,1,886
lungscc1665.jpeg,2,1164
lungaca2789.jpeg,0,631
lungn2340.jpeg,1,833
lungaca1791.jpeg,0,710
lungscc156.jpeg,2,1129
lungn4376.jpeg,1,823
lungaca2675.jpeg,0,533
lungn3720.jpeg,1,833
lungn598.jpeg,1,757
lungaca4451.jpeg,0,545
lungaca2012.jpeg,0,688
lungn3837.jpeg,1,927
lungn4056.jpeg,1,756
lungn538.jpeg,1,949
lungscc674.jpeg,2,1094
lungaca1143.jpeg,0,594
lungaca3199.jpeg,0,643
lungscc4059.jpeg,2,1124
lungaca2640.jpeg,0,687
lungscc2636.jpeg,2,1000
lungn1696.jpeg,1,974
lungscc3342.jpeg,2,1007
lungn1921.jpeg,1,838
lungaca2279.jpeg,0,666
lungscc4941.jpeg,2,1067
lungn1590.jpeg,1,869
lungaca3851.jpeg,0,679
lungscc198.jpeg,2,999
lungn918.jpeg,1,756
lungn1167.jpeg,1,982
lungn1694.jpeg,1,865
lungscc3679.jpeg,2,1168
lungn787.jpeg,1,854
lungscc4104.jpeg,2,1023
lungscc369.jpeg,2,1075
lungscc1887.jpeg,2,1071
lungn1646.jpeg,1,854
lungn2357.jpeg,1,779
lungscc3508.jpeg,2,1102
lungaca2610.jpeg,0,627
lungaca618.jpeg,0,737
lungscc4641.jpeg,2,1069
lungn2580.jpeg,1,768
lungaca3985.jpeg,0,555
lungscc865.jpeg,2,1095
lungscc1775.jpeg,2,1186
lungn4005.jpeg,1,903
lungaca2861.jpeg,0,511
lungn1570.jpeg,1,934
lungaca2230.jpeg,0,643
lungn3829.jpeg,1,954
lungn35.jpeg,1,786
lungscc4290.jpeg,2,1039
lungaca4349.jpeg,0,568
lungscc139.jpeg,2,1074
lungscc4386.jpeg,2,1033
lungaca3993.jpeg,0,583
lungn950.jpeg,1,759
lungscc491.jpeg,2,1057
lungscc2325.jpeg,2,1086
lungn2958.jpeg,1,889
lungscc2732.jpeg,2,1242
lungn2059.jpeg,1,758
lungaca2293.jpeg,0,650
lungaca2895.jpeg,0,569
lungaca2191.jpeg,0,506
lungscc677.jpeg,2,1034
lungscc4317.jpeg,2,1022
lungn1584.jpeg,1,792
lungn953.jpeg,1,764
lungscc795.jpeg,2,1005
lungscc1312.jpeg,2,1007
lungaca1882.jpeg,0,577
lungaca95.jpeg,0,649
lungscc3625.jpeg,2,1050
lungaca4747.jpeg,0,719
lungn183.jpeg,1,945
lungscc3136.jpeg,2,1201
lungn2689.jpeg,1,775
lungscc659.jpeg,2,1065
lungscc3515.jpeg,2,1143
lungn3994.jpeg,1,911
lungscc283.jpeg,2,1102
lungscc4724.jpeg,2,1217
lungaca4399.jpeg,0,535
lungscc2123.jpeg,2,1208
lungscc2508.jpeg,2,1100
lungscc4320.jpeg,2,1187
lungscc910.jpeg,2,1069
lungaca110.jpeg,0,718
lungaca3201.jpeg,0,650
lungscc2035.jpeg,2,1124
lungn3936.jpeg,1,890
lungn1609.jpeg,1,772
lungscc1528.jpeg,2,998
lungn4673.jpeg,1,843
lungscc4950.jpeg,2,1169
lungscc3631.jpeg,2,1016
lungn4873.jpeg,1,826
lungscc630.jpeg,2,1045
lungn1378.jpeg,1,965
lungaca2048.jpeg,0,632
lungscc2008.jpeg,2,1208
lungaca470.jpeg,0,517
lungscc754.jpeg,2,1106
lungn2989.jpeg,1,864
lungn3716.jpeg,1,983
lungscc753.jpeg,2,1170
lungscc2060.jpeg,2,1187
lungn3094.jpeg,1,890
lungn4949.jpeg,1,845
lungscc4766.jpeg,2,1183
lungscc3946.jpeg,2,1120
lungn320.jpeg,1,791
lungn1593.jpeg,1,911
lungaca3470.jpeg,0,570
lungscc468.jpeg,2,1235
lungn2865.jpeg,1,946
lungn278.jpeg,1,921
lungaca3085.jpeg,0,625
lungscc3526.jpeg,2,1065
lungn1842.jpeg,1,813
lungn2376.jpeg,1,911
lungscc2089.jpeg,2,1037
lungscc127.jpeg,2,1178
lungscc2927.jpeg,2,1159
lungscc1648.jpeg,2,1132
lungn2299.jpeg,1,839
lungaca4311.jpeg,0,594
lungn3155.jpeg,1,991
lungscc3927.jpeg,2,1186
lungscc2301.jpeg,2,1233
lungn1540.jpeg,1,928
lungscc1892.jpeg,2,1244
lungaca3358.jpeg,0,604
lungaca986.jpeg,0,668
lungaca3222.jpeg,0,575
lungscc277.jpeg,2,1048
lungaca3958.jpeg,0,663
lungn3216.jpeg,1,776
lungscc3921.jpeg,2,1215
lungn3182.jpeg,1,823
lungscc2510.jpeg,2,1079
lungn2137.jpeg,1,918
lungaca1884.jpeg,0,627
lungaca880.jpeg,0,666
lungscc3671.jpeg,2,1146
lungaca1327.jpeg,0,516
lungn1569.jpeg,1,782
lungscc4453.jpeg,2,1023
lungscc3929.jpeg,2,1018
lungn3299.jpeg,1,980
lungaca3416.jpeg,0,547
lungaca2140.jpeg,0,622
lungn1508.jpeg,1,767
lungscc3097.jpeg,2,1238
lungaca1820.jpeg,0,538
lungn3883.jpeg,1,869
lungn695.jpeg,1,837
lungaca4281.jpeg,0,631
lungn845.jpeg,1,945
lungscc165.jpeg,2,1243
lungn4393.jpeg,1,826
lungn3787.jpeg,1,889
lungaca3821.jpeg,0,659
lungaca3534.jpeg,0,698
lungscc2507.jpeg,2,1154
lungn177.jpeg,1,761
lungn857.jpeg,1,876
lungscc2216.jpeg,2,1159
lungaca1539.jpeg,0,657
lungn1550.jpeg,1,979
lungaca432.jpeg,0,529
lungaca2119.jpeg,0,600
lungscc392.jpeg,2,1138
lungaca3006.jpeg,0,653
lungn4491.jpeg,1,785
lungaca2096.jpeg,0,630
lungn2280.jpeg,1,988
lungaca1436.jpeg,0,560
lungscc4918.jpeg,2,1176
lungn2570.jpeg,1,920
lungn3013.jpeg,1,917
lungscc3391.jpeg,2,1123
lungn2786.jpeg,1,777
lungn1352.jpeg,1,864
lungaca2532.jpeg,0,646
lungscc1598.jpeg,2,1163
lungn1492.jpeg,1,866
lungscc4545.jpeg,2,1021
lungn3811.jpeg,1,880
lungaca3738.jpeg,0,563
lungscc4135.jpeg,2,1216
lungn2451.jpeg,1,926
lungscc1533.jpeg,2,1176
lungaca3286.jpeg,0,654
lungscc4714.jpeg,2,1169
lungscc4022.jpeg,2,1075
lungn1758.jpeg,1,898
lungscc577.jpeg,2,1023
lungscc4332.jpeg,2,1197
lungaca4909.jpeg,0,638
lungn2727.jpeg,1,822
lungscc3399.jpeg,2,1102
lungscc2334.jpeg,2,1151
lungscc317.jpeg,2,1099
lungn1027.jpeg,1,850
lungaca2331.jpeg,0,691
lungn4707.jpeg,1,966
lungscc772.jpeg,2,1017
lungscc3689.jpeg,2,1032
lungscc1723.jpeg,2,1188
lungscc4768.jpeg,2,1167
lungn3791.jpeg,1,760
lungscc562.jpeg,2,1244
lungaca1952.jpeg,0,667
lungn587.jpeg,1,962
lungaca1072.jpeg,0,533
lungn3879.jpeg,1,776
lungn2665.jpeg,1,761
lungn2608.jpeg,1,790
lungscc4697.jpeg,2,1147
lungn1370.jpeg,1,916
lungscc3490.jpeg,2,1116
lungn4780.jpeg,1,810
lungaca3894.jpeg,0,736
lungn3605.jpeg,1,833
lungn1139.jpeg,1,949
lungaca285.jpeg,0,586
lungscc4450.jpeg,2,1179
lungscc1388.jpeg,2,1127
lungaca4829.jpeg,0,601
lungn4192.jpeg,1,942
lungn115.jpeg,1,827
lungscc3147.jpeg,2,1242
lungn4394.jpeg,1,904
lungaca4678.jpeg,0,710
lungn4515.jpeg,1,872
lungaca2282.jpeg,0,692
lungscc2724.jpeg,2,1088
lungscc1075.jpeg,2,1018
lungscc1182.jpeg,2,1006
lungscc2725.jpeg,2,1088
lungscc3803.jpeg,2,1231
lungscc4874.jpeg,2,1076
lungscc2699.jpeg,2,1147
lungn334.jpeg,1,942
lungscc170.jpeg,2,1185
lungscc4921.jpeg,2,1125
lungscc1632.jpeg,2,1160
lungn4544.jpeg,1,858
lungscc1602.jpeg,2,1101
lungaca2174.jpeg,0,527
lungn2979.jpeg,1,791
lungn3031.jpeg,1,895
lungaca2075.jpeg,0,631
lungn7.jpeg,1,834
lungscc724.jpeg,2,1080
lungaca3633.jpeg,0,533
lungn4292.jpeg,1,959
lungaca1848.jpeg,0,574
lungn3583.jpeg,1,756
lungaca1865.jpeg,0,600
lungaca753.jpeg,0,681
lungaca1900.jpeg,0,608
lungn1657.jpeg,1,793
lungaca3884.jpeg,0,591
lungaca3130.jpeg,0,652
lungscc1188.jpeg,2,1192
lungscc3901.jpeg,2,1110
lungscc2236.jpeg,2,1115
lungscc1706.jpeg,2,1202
lungscc2406.jpeg,2,1058
lungaca4779.jpeg,0,730
lungaca4169.jpeg,0,576
lungn476.jpeg,1,865
lungscc1103.jpeg,2,1190
lungaca3639.jpeg,0,572
lungn199.jpeg,1,913
lungscc434.jpeg,2,1167
lungscc3304.jpeg,2,1033
lungn2614.jpeg,1,830
lungscc3858.jpeg,2,1220
lungn1748.jpeg,1,891
lungscc4254.jpeg,2,1030
lungscc3259.jpeg,2,1029
lungn2968.jpeg,1,790
lungaca3147.jpeg,0,702
lungn1564.jpeg,1,755
lungscc481.jpeg,2,1000
lungn4793.jpeg,1,921
lungscc4594.jpeg,2,1009
lungaca4051.jpeg,0,662
lungaca2272.jpeg,0,574
lungn2576.jpeg,1,766
lungscc2139.jpeg,2,1047
lungaca1536.jpeg,0,722
lungscc2654.jpeg,2,1094
lungaca1416.jpeg,0,518
lungn481.jpeg,1,769
lungaca644.jpeg,0,570
lungscc4518.jpeg,2,1037
lungaca4963.jpeg,0,580
lungaca3511.jpeg,0,576
lungn4154.jpeg,1,868
lungscc3046.jpeg,2,1064
lungaca4412.jpeg,0,519
lungaca704.jpeg,0,609
lungscc12.jpeg,2,1073
lungaca4400.jpeg,0,707
lungaca1034.jpeg,0,701
lungscc1402.jpeg,2,999
lungn1759.jpeg,1,850
lungscc2697.jpeg,2,1218
lungscc4240.jpeg,2,1008
lungscc3579.jpeg,2,1012
lungn1930.jpeg,1,915
lungscc4462.jpeg,2,1111
lungscc1088.jpeg,2,1121
lungn475.jpeg,1,839
lungscc2715.jpeg,2,1094
lungscc4230.jpeg,2,1213
lungn4361.jpeg,1,964
lungaca2865.jpeg,0,572
lungaca3291.jpeg,0,517
lungscc1111.jpeg,2,1201
lungscc3614.jpeg,2,1116
lungaca2745.jpeg,0,592
lungscc2283.jpeg,2,1005
lungn3486.jpeg,1,962
lungscc733.jpeg,2,1225
lungscc3317.jpeg,2,1095
lungn2453.jpeg,1,986
lungscc1073.jpeg,2,1137
lungn2947.jpeg,1,752
lungn3139.jpeg,1,941
lungn491.jpeg,1,909
lungaca865.jpeg,0,744
lungn795.jpeg,1,883
lungaca3128.jpeg,0,598
lungn4418.jpeg,1,918
lungaca4965.jpeg,0,554
lungn2540.jpeg,1,840
lungn4129.jpeg,1,821
lungscc4330.jpeg,2,1149
lungn3622.jpeg,1,816
lungscc1317.jpeg,2,1024
lungscc3266.jpeg,2,1179
lungaca2534.jpeg,0,549
lungscc2494.jpeg,2,1134
lungscc3202.jpeg,2,1174
lungn2285.jpeg,1,970
lungn2384.jpeg,1,753
lungaca2032.jpeg,0,544
lungn4639.jpeg,1,827
lungn1463.jpeg,1,799
lungn3663.jpeg,1,866
lungscc3040.jpeg,2,1173
lungn1158.jpeg,1,879
lungaca1852.jpeg,0,566
lungaca2851.jpeg,0,631
lungaca1621.jpeg,0,708
lungaca2270.jpeg,0,560
lungn3027.jpeg,1,825
lungn2567.jpeg,1,976
lungscc4130.jpeg,2,1097
lungaca1201.jpeg,0,579
lungaca2147.jpeg,0,608
lungn1431.jpeg,1,752
lungaca1967.jpeg,0,644
lungscc234.jpeg,2,1064
lungscc1494.jpeg,2,1089
lungaca1927.jpeg,0,521
lungaca496.jpeg,0,558
lungn209.jpeg,1,796
lungn2508.jpeg,1,973
lungaca1421.jpeg,0,671
lungaca1195.jpeg,0,630
lungscc1077.jpeg,2,1224
lungn3555.jpeg,1,783
lungn3613.jpeg,1,797
lungscc1589.jpeg,2,1046
lungaca77.jpeg,0,631
lungaca825.jpeg,0,532
lungaca2420.jpeg,0,527
lungscc2247.jpeg,2,1046
lungscc464.jpeg,2,1125
lungaca3405.jpeg,0,736
lungn483.jpeg,1,804
lungscc905.jpeg,2,1182
lungn4976.jpeg,1,794
lungaca3799.jpeg,0,549
lungaca2629.jpeg,0,609
lungaca4322.jpeg,0,675
lungn1955.jpeg,1,888
lungscc2951.jpeg,2,1098
lungaca68.jpeg,0,539
lungn2611.jpeg,1,805
lungaca4548.jpeg,0,658
lungscc100.jpeg,2,1091
lungn2277.jpeg,1,833
lungscc2929.jpeg,2,1092
lungn3404.jpeg,1,773
lungaca2366.jpeg,0,568
lungscc4008.jpeg,2,1229
lungaca2403.jpeg,0,582
lungn4604.jpeg,1,770
lungaca832.jpeg,0,633
lungscc3224.jpeg,2,1018
lungn2823.jpeg,1,942
lungscc2564.jpeg,2,1193
lungaca3888.jpeg,0,570
lungn3213.jpeg,1,778
lungscc2221.jpeg,2,1207
lungscc2647.jpeg,2,1005
lungscc4099.jpeg,2,1168
lungn731.jpeg,1,819
lungaca1425.jpeg,0,644
lungn2757.jpeg,1,960
lungn4874.jpeg,1,812
lungn1861.jpeg,1,828
lungn3595.jpeg,1,883
lungn1100.jpeg,1,901
lungscc3980.jpeg,2,1141
lungaca4876.jpeg,0,700
lungscc1619.jpeg,2,1206
lungscc2830.jpeg,2,1043
lungn3156.jpeg,1,754
lungaca4445.jpeg,0,606
lungaca1043.jpeg,0,672
lungscc805.jpeg,2,1098
lungn194.jpeg,1,807
lungn619.jpeg,1,788
lungscc2435.jpeg,2,1125
lungn3056.jpeg,1,947
lungaca4286.jpeg,0,645
lungn2537.jpeg,1,757
lungscc4169.jpeg,2,1188
lungn4102.jpeg,1,769
lungscc2961.jpeg,2,1192
lungscc3648.jpeg,2,1035
lungn2089.jpeg,1,951
lungn880.jpeg,1,916
lungn3999.jpeg,1,802
lungaca1598.jpeg,0,524
lungaca2245.jpeg,0,688
lungaca4.jpeg,0,665
lungn2077.jpeg,1,854
lungaca1078.jpeg,0,723
lungaca1808.jpeg,0,700
lungscc4591.jpeg,2,1228
lungscc2589.jpeg,2,1094
lungaca2374.jpeg,0,639
lungaca1519.jpeg,0,567
lungscc79.jpeg,2,1198
lungaca1384.jpeg,0,694
lungaca1165.jpeg,0,652
lungn914.jpeg,1,807
lungscc3265.jpeg,2,1141
lungscc4268.jpeg,2,1166
lungscc1678.jpeg,2,1182
lungaca2637.jpeg,0,541
lungaca365.jpeg,0,666
lungaca2976.jpeg,0,660
lungn1640.jpeg,1,909
lungaca3942.jpeg,0,712
lungaca3920.jpeg,0,527
lungn3093.jpeg,1,901
lungscc2241.jpeg,2,1056
lungscc4157.jpeg,2,1044
lungn564.jpeg,1,975
lungscc1045.jpeg,2,1095
lungaca1847.jpeg,0,528
lungn2038.jpeg,1,953
lungaca2471.jpeg,0,632
lungn2270.jpeg,1,787
lungscc2759.jpeg,2,1206
lungn3269.jpeg,1,895
lungn667.jpeg,1,779
lungscc4639.jpeg,2,1124
lungscc705.jpeg,2,1014
lungscc61.jpeg,2,1085
lungscc2368.jpeg,2,1140
lungscc3032.jpeg,2,1215
lungscc1029.jpeg,2,1067
lungn3796.jpeg,1,816
lungscc60.jpeg,2,1033
lungaca860.jpeg,0,649
lungaca3504.jpeg,0,680
lungscc3381.jpeg,2,1056
lungn2639.jpeg,1,905
lungn2686.jpeg,1,975
lungaca1254.jpeg,0,611
lungn1804.jpeg,1,914
lungn1888.jpeg,1,762
lungaca2546.jpeg,0,617
lungaca4374.jpeg,0,526
lungn1784.jpeg,1,753
lungaca4024.jpeg,0,515
lungscc516.jpeg,2,1170
lungscc1541.jpeg,2,1024
lungscc1467.jpeg,2,1163
lungaca592.jpeg,0,586
lungaca4685.jpeg,0,725
lungn2264.jpeg,1,810
lungscc4841.jpeg,2,1087
lungscc4390.jpeg,2,1129
lungaca231.jpeg,0,620
lungscc2169.jpeg,2,1070
lungscc2451.jpeg,2,1195
lungn4838.jpeg,1,951
lungaca1561.jpeg,0,528
lungscc2390.jpeg,2,1227
lungscc2321.jpeg,2,1092
lungn2464.jpeg,1,896
lungaca1363.jpeg,0,644
lungaca3056.jpeg,0,691
lungn868.jpeg,1,926
lungaca1652.jpeg,0,673
lungaca4516.jpeg,0,643
lungn413.jpeg,1,914
lungn2953.jpeg,1,843
lungaca4460.jpeg,0,705
lungscc3773.jpeg,2,1121
lungscc4520.jpeg,2,1027
lungaca1715.jpeg,0,711
lungn3099.jpeg,1,798
lungn1565.jpeg,1,868
lungaca4987.jpeg,0,728
lungscc3010.jpeg,2,1059
lungn342.jpeg,1,836
lungscc405.jpeg,2,1235
lungaca359.jpeg,0,616
lungn2809.jpeg,1,967
lungn2262.jpeg,1,908
lungn3495.jpeg,1,936
lungscc896.jpeg,2,1064
lungscc815.jpeg,2,1230
lungn222.jpeg,1,985
lungn4931.jpeg,1,969
lungscc1128.jpeg,2,1050
lungaca965.jpeg,0,728
lungn3218.jpeg,1,990
lungscc3843.jpeg,2,1011
lungn4043.jpeg,1,863
lungscc3728.jpeg,2,1156
lungn2834.jpeg,1,768
lungn4015.jpeg,1,848
lungscc123.jpeg,2,1011
lungscc1096.jpeg,2,1026
lungaca1541.jpeg,0,730
lungn3071.jpeg,1,873
lungaca2898.jpeg,0,743
lungaca2628.jpeg,0,561
lungn897.jpeg,1,812
lungn3885.jpeg,1,966
lungaca1486.jpeg,0,536
lungaca1287.jpeg,0,688
lungscc199.jpeg,2,1015
lungscc3618.jpeg,2,1132
lungscc4751.jpeg,2,1207
lungscc459.jpeg,2,1020
lungn1729.jpeg,1,875
lungscc2871.jpeg,2,1210
lungaca2010.jpeg,0,617
lungn203.jpeg,1,928
lungscc3953.jpeg,2,1002
lungaca4241.jpeg,0,722
lungn881.jpeg,1,896
lungn3310.jpeg,1,979
lungaca88.jpeg,0,511
lungaca2777.jpeg,0,542
lungaca3680.jpeg,0,558
lungaca1815.jpeg,0,577
lungscc3489.jpeg,2,1245
lungn1578.jpeg,1,839
lungaca1783.jpeg,0,592
lungn2074.jpeg,1,811
lungaca418.jpeg,0,528
lungn1337.jpeg,1,911
lungscc555.jpeg,2,1099
lungscc2876.jpeg,2,1126
lungaca4105.jpeg,0,667
lungaca3323.jpeg,0,533
lungscc2109.jpeg,2,1094
lungaca1006.jpeg,0,734
lungscc1184.jpeg,2,1220
lungscc2242.jpeg,2,1056
lungaca87.jpeg,0,511
lungscc2032.jpeg,2,1111
lungscc1538.jpeg,2,1188
lungn902.jpeg,1,880
lungn2132.jpeg,1,776
lungaca2372.jpeg,0,538
lungaca1997.jpeg,0,714
lungscc1942.jpeg,2,1043
lungscc4307.jpeg,2,1209
lungaca2412.jpeg,0,545
lungscc2796.jpeg,2,1128
lungscc2514.jpeg,2,1068
lungscc281.jpeg,2,1102
lungaca2087.jpeg,0,664
lungscc329.jpeg,2,1020
lungn718.jpeg,1,839
lungscc3916.jpeg,2,1220
lungscc4142.jpeg,2,1180
lungscc1338.jpeg,2,1057
lungn54.jpeg,1,759
lungaca4771.jpeg,0,706
lungscc2524.jpeg,2,1177
lungn4471.jpeg,1,792
lungscc3504.jpeg,2,1084
lungscc3612.jpeg,2,1166
lungaca3148.jpeg,0,667
lungaca3583.jpeg,0,622
lungscc4174.jpeg,2,1171
lungaca2045.jpeg,0,545
lungaca338.jpeg,0,603
lungscc4946.jpeg,2,1190
lungscc769.jpeg,2,1092
lungn3850.jpeg,1,881
lungn3983.jpeg,1,825
lungscc1605.jpeg,2,1102
lungaca1799.jpeg,0,708
lungn2721.jpeg,1,929
lungaca1424.jpeg,0,701
lungn2873.jpeg,1,773
lungaca3804.jpeg,0,635
lungscc106.jpeg,2,1025
lungaca4178.jpeg,0,613
lungscc3274.jpeg,2,1061
lungaca2696.jpeg,0,698
lungn984.jpeg,1,791
lungscc4835.jpeg,2,1201
lungn4986.jpeg,1,949
lungn2166.jpeg,1,916
lungn1660.jpeg,1,980
lungn4885.jpeg,1,956
lungn995.jpeg,1,870
lungscc1559.jpeg,2,1229
lungaca2379.jpeg,0,518
lungaca2177.jpeg,0,563
lungn862.jpeg,1,982
lungaca3453.jpeg,0,618
lungaca1149.jpeg,0,573
lungscc3779.jpeg,2,1153
lungn4534.jpeg,1,888
lungscc1446.jpeg,2,1080
lungscc4348.jpeg,2,1047
lungaca2463.jpeg,0,687
lungn4529.jpeg,1,909
lungscc1843.jpeg,2,1032
lungaca487.jpeg,0,516
lungscc2187.jpeg,2,1192
lungaca3256.jpeg,0,646
lungn826.jpeg,1,941
lungn4716.jpeg,1,849
lungaca4741.jpeg,0,713
lungaca922.jpeg,0,664
lungscc4862.jpeg,2,1212
lungaca1918.jpeg,0,589
lungscc2685.jpeg,2,1077
lungscc3865.jpeg,2,1140
lungn3365.jpeg,1,783
lungscc2875.jpeg,2,1241
lungscc1600.jpeg,2,1050
lungaca361.jpeg,0,653
lungn535.jpeg,1,751
lungaca377.jpeg,0,669
lungn4593.jpeg,1,765
lungscc2874.jpeg,2,1062
lungscc2414.jpeg,2,1034
lungn2226.jpeg,1,855
lungaca883.jpeg,0,709
lungn1065.jpeg,1,766
lungscc2560.jpeg,2,1090
lungaca2564.jpeg,0,654
lungscc3974.jpeg,2,1046
lungscc3564.jpeg,2,1033
lungaca601.jpeg,0,607
lungaca3737.jpeg,0,669
lungn296.jpeg,1,751
lungn579.jpeg,1,771
lungaca4128.jpeg,0,570
lungscc4387.jpeg,2,1033
lungaca239.jpeg,0,578
lungaca1862.jpeg,0,647
lungscc71.jpeg,2,1075
lungaca2290.jpeg,0,524
lungn4569.jpeg,1,755
lungscc4037.jpeg,2,1204
lungscc3956.jpeg,2,1165
lungscc3680.jpeg,2,1168
lungn1197.jpeg,1,794
lungn130.jpeg,1,798
lungscc1328.jpeg,2,1135
lungscc2731.jpeg,2,1146
lungscc3518.jpeg,2,1219
lungscc4298.jpeg,2,1000
lungaca2103.jpeg,0,552
lungscc1197.jpeg,2,1128
lungn3768.jpeg,1,928
lungn4355.jpeg,1,913
lungaca4394.jpeg,0,584
lungaca3558.jpeg,0,731
lungaca3268.jpeg,0,523
lungscc2483.jpeg,2,1205
lungn2584.jpeg,1,752
lungscc2818.jpeg,2,1151
lungscc81.jpeg,2,1052
lungscc3251.jpeg,2,1058
lungn42.jpeg,1,821
lungscc4361.jpeg,2,1199
lungaca4040.jpeg,0,543
lungscc2007.jpeg,2,1049
lungaca2836.jpeg,0,516
lungaca2512.jpeg,0,630
lungn282.jpeg,1,851
lungn3126.jpeg,1,768
lungscc3966.jpeg,2,1198
lungscc4353.jpeg,2,1064
lungscc1815.jpeg,2,1115
lungn1967.jpeg,1,766
lungscc2091.jpeg,2,1039
lungscc1124.jpeg,2,1028
lungaca4574.jpeg,0,540
lungaca3570.jpeg,0,627
lungscc4316.jpeg,2,1088
lungaca544.jpeg,0,647
lungaca665.jpeg,0,549
lungscc2950.jpeg,2,1107
lungn3847.jpeg,1,831
lungn1505.jpeg,1,840
lungscc497.jpeg,2,1180
lungn1142.jpeg,1,777
lungscc1612.jpeg,2,1051
lungn3261.jpeg,1,992
lungscc2259.jpeg,2,1023
lungn4983.jpeg,1,899
lungn1658.jpeg,1,897
lungscc2762.jpeg,2,1109
lungaca2247.jpeg,0,746
lungscc3404.jpeg,2,1076
lungaca2753.jpeg,0,638
lungn2418.jpeg,1,898
lungn2882.jpeg,1,833
lungscc1991.jpeg,2,1190
lungscc1565.jpeg,2,1209
lungaca2888.jpeg,0,604
lungaca2198.jpeg,0,715
lungscc262.jpeg,2,1226
lungn799.jpeg,1,897
lungscc1806.jpeg,2,1005
lungscc1938.jpeg,2,1189
lungscc2633.jpeg,2,1119
lungscc1497.jpeg,2,1080
lungn4317.jpeg,1,978
lungn3220.jpeg,1,911
lungn1671.jpeg,1,953
lungn2403.jpeg,1,831
lungaca1187.jpeg,0,513
lungaca3609.jpeg,0,623
lungn4050.jpeg,1,972
lungscc2043.jpeg,2,1078
lungn822.jpeg,1,843
lungn80.jpeg,1,811
lungn2156.jpeg,1,771
lungscc489.jpeg,2,1085
lungaca4035.jpeg,0,524
lungn647.jpeg,1,843
lungscc2080.jpeg,2,1032
lungscc3738.jpeg,2,1168
lungn3898.jpeg,1,862
lungn947.jpeg,1,866
lungaca4595.jpeg,0,508
lungaca3715.jpeg,0,616
lungaca1191.jpeg,0,641
lungscc2275.jpeg,2,1054
lungscc1100.jpeg,2,1161
lungscc1425.jpeg,2,1082
lungaca4490.jpeg,0,554
lungscc3380.jpeg,2,1211
lungscc2672.jpeg,2,1001
lungscc1180.jpeg,2,1105
lungaca3375.jpeg,0,571
lungn624.jpeg,1,756
lungaca3664.jpeg,0,678
lungscc4229.jpeg,2,1213
lungaca3760.jpeg,0,715
lungaca4711.jpeg,0,562
lungscc3393.jpeg,2,1019
lungaca945.jpeg,0,512
lungaca1712.jpeg,0,662
lungn844.jpeg,1,859
lungaca4116.jpeg,0,729
lungaca4256.jpeg,0,668
lungscc2994.jpeg,2,1065
lungaca3974.jpeg,0,623
lungscc447.jpeg,2,1045
lungn1959.jpeg,1,818
lungaca4761.jpeg,0,527
lungscc3058.jpeg,2,1229
lungscc1356.jpeg,2,1132
lungaca240.jpeg,0,535
lungaca3092.jpeg,0,587
lungscc2378.jpeg,2,1018
lungaca2099.jpeg,0,579
lungn225.jpeg,1,782
lungscc4741.jpeg,2,1104
lungaca4501.jpeg,0,663
lungscc4975.jpeg,2,1117
lungscc3819.jpeg,2,1154
lungaca4379.jpeg,0,579
lungscc4827.jpeg,2,1011
lungscc1343.jpeg,2,1180
lungscc221.jpeg,2,1243
lungscc3539.jpeg,2,1113
lungscc3881.jpeg,2,1224
lungn1490.jpeg,1,752
lungaca2024.jpeg,0,738
lungn4671.jpeg,1,836
lungn559.jpeg,1,811
lungn1783.jpeg,1,903
lungn669.jpeg,1,769
lungscc1868.jpeg,2,1097
lungn3698.jpeg,1,754
lungaca4310.jpeg,0,710
lungn1926.jpeg,1,899
lungaca657.jpeg,0,566
lungaca717.jpeg,0,695
lungaca171.jpeg,0,628
lungn1775.jpeg,1,911
lungn2862.jpeg,1,901
lungn1768.jpeg,1,859
lungn1253.jpeg,1,891
lungscc1247.jpeg,2,1232
lungscc3469.jpeg,2,1103
lungscc2188.jpeg,2,1149
lungscc1666.jpeg,2,1061
lungn139.jpeg,1,817
lungscc672.jpeg,2,1136
lungn1901.jpeg,1,864
lungscc475.jpeg,2,1086
lungn2339.jpeg,1,947
lungaca1678.jpeg,0,526
lungscc867.jpeg,2,1043
lungscc1696.jpeg,2,1041
lungaca4994.jpeg,0,621
lungscc1585.jpeg,2,1043
lungn3114.jpeg,1,813
lungscc4191.jpeg,2,1002
lungn134.jpeg,1,871
lungn778.jpeg,1,845
lungn2254.jpeg,1,852
lungn2127.jpeg,1,804
lungn2309.jpeg,1,778
lungscc3510.jpeg,2,1152
lungn2582.jpeg,1,768
lungn934.jpeg,1,920
lungscc849.jpeg,2,1026
lungaca4468.jpeg,0,741
lungscc2534.jpeg,2,1015
lungaca2158.jpeg,0,589
lungaca1693.jpeg,0,735
lungscc1492.jpeg,2,1119
lungn3271.jpeg,1,765
lungscc3300.jpeg,2,1151
lungscc3102.jpeg,2,1100
lungscc3780.jpeg,2,1078
lungn3832.jpeg,1,897
lungscc2445.jpeg,2,1193
lungn3970.jpeg,1,841
lungaca2129.jpeg,0,601
lungn554.jpeg,1,882
lungn3954.jpeg,1,903
lungaca941.jpeg,0,565
lungn1173.jpeg,1,864
lungscc1332.jpeg,2,1151
lungaca266.jpeg,0,506
lungscc972.jpeg,2,1060
lungaca3897.jpeg,0,726
lungaca2672.jpeg,0,728
lungn2232.jpeg,1,782
lungaca74.jpeg,0,728
lungscc2878.jpeg,2,1033
lungaca2393.jpeg,0,561
lungaca4793.jpeg,0,668
lungn4004.jpeg,1,849
lungaca4149.jpeg,0,725
lungaca275.jpeg,0,644
lungscc1914.jpeg,2,1152
lungscc212.jpeg,2,1205
lungn2661.jpeg,1,886
lungaca1936.jpeg,0,550
lungaca2314.jpeg,0,509
lungaca4127.jpeg,0,619
lungscc4220.jpeg,2,998
lungn437.jpeg,1,959
lungaca2216.jpeg,0,666
lungn1664.jpeg,1,926
lungaca3890.jpeg,0,525
lungn271.jpeg,1,942
lungaca3065.jpeg,0,647
lungn1144.jpeg,1,780
lungn1710.jpeg,1,876
lungn220.jpeg,1,784
lungn4751.jpeg,1,898
lungn2273.jpeg,1,848
lungscc4206.jpeg,2,1056
lungaca4122.jpeg,0,671
lungaca787.jpeg,0,567
lungn4669.jpeg,1,837
lungn3457.jpeg,1,807
lungaca4164.jpeg,0,581
lungaca655.jpeg,0,594
lungn1213.jpeg,1,991
lungaca1587.jpeg,0,740
lungn3291.jpeg,1,912
lungaca1263.jpeg,0,726
lungn4196.jpeg,1,833
lungscc2679.jpeg,2,1013
lungn2822.jpeg,1,820
lungn890.jpeg,1,844
lungscc3264.jpeg,2,1033
lungaca2584.jpeg,0,708
lungscc4589.jpeg,2,1080
lungaca3099.jpeg,0,536
lungn4659.jpeg,1,818
lungn1162.jpeg,1,773
lungn1104.jpeg,1,854
lungn978.jpeg,1,798
lungscc1535.jpeg,2,1186
lungaca811.jpeg,0,648
lungaca4325.jpeg,0,742
lungn2891.jpeg,1,757
lungscc2461.jpeg,2,1085
lungaca1370.jpeg,0,605
lungn4161.jpeg,1,847
lungn160.jpeg,1,978
lungscc3991.jpeg,2,1104
lungscc3448.jpeg,2,1224
lungscc377.jpeg,2,1066
lungn4525.jpeg,1,991
lungaca4182.jpeg,0,508
lungscc411.jpeg,2,1111
lungaca3246.jpeg,0,565
lungn710.jpeg,1,853
lungscc4854.jpeg,2,1217
lungscc2606.jpeg,2,1033
lungn1066.jpeg,1,796
lungscc4118.jpeg,2,1079
lungscc2544.jpeg,2,1001
lungscc245.jpeg,2,1135
lungaca2676.jpeg,0,639
lungscc3017.jpeg,2,1166
lungscc26.jpeg,2,1056
lungn3074.jpeg,1,782
lungaca4992.jpeg,0,538
lungaca2787.jpeg,0,577
lungscc158.jpeg,2,1020
lungscc1884.jpeg,2,1202
lungscc2932.jpeg,2,1147
lungscc3396.jpeg,2,1148
lungn4074.jpeg,1,771
lungscc4908.jpeg,2,1006
lungaca1009.jpeg,0,669
lungscc4015.jpeg,2,1172
lungscc671.jpeg,2,1136
lungaca3014.jpeg,0,727
lungn501.jpeg,1,835
lungscc1389.jpeg,2,1005
lungaca3872.jpeg,0,530
lungn3679.jpeg,1,767
lungn4457.jpeg,1,929
lungaca3826.jpeg,0,654
lungscc2340.jpeg,2,1127
lungaca559.jpeg,0,569
lungscc2402.jpeg,2,1115
lungn3298.jpeg,1,858
lungn1011.jpeg,1,984
lungaca399.jpeg,0,509
lungscc4793.jpeg,2,1232
lungaca2926.jpeg,0,536
lungscc3666.jpeg,2,1099
lungscc206.jpeg,2,1099
lungaca107.jpeg,0,745
lungaca3697.jpeg,0,509
lungaca937.jpeg,0,552
lungaca4218.jpeg,0,739
lungaca1118.jpeg,0,523
lungaca2650.jpeg,0,596
lungn1269.jpeg,1,895
lungscc4362.jpeg,2,1009
lungscc1693.jpeg,2,1038
lungaca2400.jpeg,0,551
lungscc4053.jpeg,2,1171
lungscc3309.jpeg,2,1178
lungscc2278.jpeg,2,1009
lungn195.jpeg,1,996
lungaca925.jpeg,0,614
lungscc336.jpeg,2,1093
lungn176.jpeg,1,767
lungn3981.jpeg,1,915
lungn1666.jpeg,1,772
lungaca2862.jpeg,0,518
lungaca3185.jpeg,0,582
lungn3037.jpeg,1,756
lungaca3004.jpeg,0,629
lungaca4071.jpeg,0,658
lungn3161.jpeg,1,756
lungscc3446.jpeg,2,1102
lungn2886.jpeg,1,965
lungscc3168.jpeg,2,1143
lungn1786.jpeg,1,952
lungn3466.jpeg,1,908
lungn4248.jpeg,1,800
lungn713.jpeg,1,774
lungn2945.jpeg,1,910
lungn3189.jpeg,1,832
lungscc2530.jpeg,2,1075
lungaca3193.jpeg,0,647
lungaca548.jpeg,0,669
lungscc1089.jpeg,2,1079
lungaca2703.jpeg,0,605
lungn2926.jpeg,1,871
lungaca762.jpeg,0,559
lungaca3822.jpeg,0,575
lungn3770.jpeg,1,770
lungscc2574.jpeg,2,1000
lungaca286.jpeg,0,726
lungscc3442.jpeg,2,1084
lungscc3246.jpeg,2,1059
lungscc3167.jpeg,2,1238
lungn2812.jpeg,1,928
lungn4638.jpeg,1,826
lungn4364.jpeg,1,787
lungscc559.jpeg,2,1239
lungscc1303.jpeg,2,1149
lungaca2169.jpeg,0,598
lungscc4578.jpeg,2,1111
lungaca484.jpeg,0,626
lungscc1667.jpeg,2,1061
lungaca3688.jpeg,0,618
lungscc3349.jpeg,2,1213
lungscc4486.jpeg,2,1157
lungaca1437.jpeg,0,710
lungscc3523.jpeg,2,1227
lungscc4312.jpeg,2,1136
lungscc4173.jpeg,2,1027
lungscc2358.jpeg,2,1156
lungscc718.jpeg,2,1025
lungaca1000.jpeg,0,735
lungaca1618.jpeg,0,582
lungaca4455.jpeg,0,539
lungaca2756.jpeg,0,653
lungaca144.jpeg,0,677
lungaca610.jpeg,0,650
lungscc171.jpeg,2,1012
lungscc22.jpeg,2,1021
lungaca1702.jpeg,0,734
lungaca3485.jpeg,0,685
lungn1381.jpeg,1,794
lungscc1875.jpeg,2,1070
lungaca1582.jpeg,0,650
lungaca3377.jpeg,0,558
lungn4710.jpeg,1,756
lungscc1474.jpeg,2,998
lungn4159.jpeg,1,806
lungn2028.jpeg,1,943
lungaca877.jpeg,0,695
lungscc257.jpeg,2,1166
lungn3737.jpeg,1,757
lungn4028.jpeg,1,917
lungaca1247.jpeg,0,671
lungaca1707.jpeg,0,571
lungscc393.jpeg,2,1123
lungscc4113.jpeg,2,1076
lungscc1960.jpeg,2,1140
lungn41.jpeg,1,919
lungaca1567.jpeg,0,604
lungscc1837.jpeg,2,1050
lungscc4435.jpeg,2,1029
lungn500.jpeg,1,902
lungaca4561.jpeg,0,721
lungn1703.jpeg,1,754
lungn2023.jpeg,1,922
lungaca3538.jpeg,0,554
lungn4748.jpeg,1,963
lungscc1640.jpeg,2,1036
lungaca805.jpeg,0,664
lungaca4601.jpeg,0,597
lungn3799.jpeg,1,985
lungscc388.jpeg,2,1175
lungscc4500.jpeg,2,1245
lungscc564.jpeg,2,1132
lungscc762.jpeg,2,1232
lungaca3909.jpeg,0,675
lungaca1223.jpeg,0,600
lungscc462.jpeg,2,1176
lungn4672.jpeg,1,896
lungn3665.jpeg,1,984
lungscc3367.jpeg,2,1155
lungaca799.jpeg,0,684
lungn1207.jpeg,1,777
lungn3462.jpeg,1,871
lungscc2377.jpeg,2,1090
lungscc4673.jpeg,2,1105
lungaca1739.jpeg,0,620
lungn509.jpeg,1,786
lungaca863.jpeg,0,681
lungaca115.jpeg,0,685
lungaca4735.jpeg,0,718
lungaca2738.jpeg,0,661
lungscc814.jpeg,2,1001
lungaca3840.jpeg,0,656
lungscc214.jpeg,2,1013
lungn1256.jpeg,1,814
lungaca1773.jpeg,0,524
lungaca2037.jpeg,0,656
lungaca114.jpeg,0,685
lungn3132.jpeg,1,783
lungaca3233.jpeg,0,698
lungscc3669.jpeg,2,1234
lungn2841.jpeg,1,984
lungaca1104.jpeg,0,717
lungn4779.jpeg,1,878
lungn2731.jpeg,1,804
lungaca150.jpeg,0,520
lungn3142.jpeg,1,929
lungn2776.jpeg,1,873
lungn2872.jpeg,1,912
lungaca1068.jpeg,0,531
lungaca4971.jpeg,0,685
lungn4715.jpeg,1,973
lungscc1620.jpeg,2,1210
lungn922.jpeg,1,908
lungaca47.jpeg,0,630
lungaca4869.jpeg,0,743
lungn3001.jpeg,1,933
lungn3145.jpeg,1,777
lungscc722.jpeg,2,1124
lungscc4658.jpeg,2,1160
lungn906.jpeg,1,811
lungaca1332.jpeg,0,600
lungaca2590.jpeg,0,529
lungaca3269.jpeg,0,556
lungaca3991.jpeg,0,556
lungaca4618.jpeg,0,594
lungscc4224.jpeg,2,1048
lungn3020.jpeg,1,816
lungn536.jpeg,1,868
lungn3897.jpeg,1,987
lungn2598.jpeg,1,844
lungaca4884.jpeg,0,637
lungscc3893.jpeg,2,1147
lungscc4599.jpeg,2,1177
lungn4044.jpeg,1,761
lungaca3975.jpeg,0,540
lungn3571.jpeg,1,991
lungn1445.jpeg,1,985
lungscc216.jpeg,2,1158
lungaca2505.jpeg,0,525
lungn4645.jpeg,1,825
lungaca1788.jpeg,0,544
lungscc4150.jpeg,2,1146
lungscc1841.jpeg,2,1101
lungscc4141.jpeg,2,1063
lungn663.jpeg,1,872
lungn4502.jpeg,1,832
lungaca1185.jpeg,0,570
lungaca3870.jpeg,0,689
lungn345.jpeg,1,843
lungaca2977.jpeg,0,621
lungn1618.jpeg,1,916
lungaca3219.jpeg,0,615
lungn4198.jpeg,1,823
lungaca1625.jpeg,0,512
lungaca2320.jpeg,0,716
lungscc740.jpeg,2,1070
lungscc4582.jpeg,2,1218
lungscc1186.jpeg,2,1208
lungscc69.jpeg,2,1157
lungaca2239.jpeg,0,555
lungscc1360.jpeg,2,1170
lungaca2052.jpeg,0,717
lungaca1736.jpeg,0,551
lungscc3488.jpeg,2,1036
lungn1013.jpeg,1,794
lungn4297.jpeg,1,924
lungn2933.jpeg,1,948
lungn4877.jpeg,1,767
lungn3945.jpeg,1,835
lungn2810.jpeg,1,810
lungaca38.jpeg,0,730
lungn4613.jpeg,1,796
lungn599.jpeg,1,929
lungaca600.jpeg,0,675
lungaca899.jpeg,0,567
lungaca1204.jpeg,0,687
lungn1462.jpeg,1,990
lungn2839.jpeg,1,995
lungscc1588.jpeg,2,1234
lungaca569.jpeg,0,662
lungscc2521.jpeg,2,1162
lungaca4362.jpeg,0,671
lungn3830.jpeg,1,976
lungn2642.jpeg,1,752
lungscc4926.jpeg,2,1091
lungscc4764.jpeg,2,1127
lungscc2005.jpeg,2,1217
lungscc1957.jpeg,2,1106
lungn3263.jpeg,1,777
lungaca3196.jpeg,0,530
lungaca4621.jpeg,0,507
lungn1.jpeg,1,820
lungn4461.jpeg,1,806
lungn1267.jpeg,1,829
lungaca1844.jpeg,0,747
lungn701.jpeg,1,831
lungscc2450.jpeg,2,1064
lungscc4343.jpeg,2,1148
lungn1404.jpeg,1,811
lungn2240.jpeg,1,992
lungn1647.jpeg,1,996
lungscc290.jpeg,2,1154
lungaca96.jpeg,0,587
lungn4962.jpeg,1,802
lungn1257.jpeg,1,757
lungscc1098.jpeg,2,1209
lungaca2261.jpeg,0,592
lungn1220.jpeg,1,750
lungscc3597.jpeg,2,1005
lungscc4380.jpeg,2,1132
lungn662.jpeg,1,826
lungscc3557.jpeg,2,1046
lungaca4643.jpeg,0,599
lungn4145.jpeg,1,979
lungscc4964.jpeg,2,1244
lungscc192.jpeg,2,1190
lungaca966.jpeg,0,631
lungaca2559.jpeg,0,703
lungaca2583.jpeg,0,685
lungn4230.jpeg,1,846
lungscc3686.jpeg,2,1084
lungscc519.jpeg,2,1129
lungn1780.jpeg,1,912
lungaca1401.jpeg,0,689
lungscc4182.jpeg,2,1223
lungscc1432.jpeg,2,1091
lungaca3764.jpeg,0,597
lungn841.jpeg,1,925
lungscc3368.jpeg,2,1157
lungn3806.jpeg,1,865
lungscc2411.jpeg,2,1095
lungscc1882.jpeg,2,1036
lungn607.jpeg,1,806
lungscc3382.jpeg,2,1052
lungscc3006.jpeg,2,1118
lungaca4918.jpeg,0,515
lungaca2767.jpeg,0,632
lungn1008.jpeg,1,931
lungscc2491.jpeg,2,1082
lungn3413.jpeg,1,858
lungscc570.jpeg,2,1141
lungscc1524.jpeg,2,1231
lungn1798.jpeg,1,841
lungaca3461.jpeg,0,562
lungaca61.jpeg,0,549
lungaca3934.jpeg,0,684
lungn2172.jpeg,1,917
lungn1443.jpeg,1,873
lungaca4911.jpeg,0,713
lungscc3374.jpeg,2,1107
lungscc267.jpeg,2,1149
lungscc1496.jpeg,2,1124
lungscc3513.jpeg,2,1010
lungn4259.jpeg,1,931
lungn4182.jpeg,1,878
lungscc1469.jpeg,2,1168
lungn1304.jpeg,1,763
lungn3061.jpeg,1,831
lungn1827.jpeg,1,959
lungn3527.jpeg,1,912
lungaca248.jpeg,0,527
lungn2287.jpeg,1,857
lungscc220.jpeg,2,1023
lungn2224.jpeg,1,803
lungaca3914.jpeg,0,516
lungaca4260.jpeg,0,560
lungscc4014.jpeg,2,1161
lungn2659.jpeg,1,850
lungscc3992.jpeg,2,1213
lungscc3781.jpeg,2,1005
lungaca1140.jpeg,0,629
lungn4754.jpeg,1,806
lungaca2555.jpeg,0,564
lungn2927.jpeg,1,913
lungaca1562.jpeg,0,551
lungscc315.jpeg,2,1098
lungaca650.jpeg,0,544
lungaca4746.jpeg,0,634
lungn3529.jpeg,1,951
lungn618.jpeg,1,788
lungaca1915.jpeg,0,585
lungaca3987.jpeg,0,737
lungaca3083.jpeg,0,583
lungaca2221.jpeg,0,515
lungaca2952.jpeg,0,731
lungscc1646.jpeg,2,1045
lungscc2018.jpeg,2,1053
lungaca1459.jpeg,0,555
lungn1898.jpeg,1,770
lungn4309.jpeg,1,766
lungaca2849.jpeg,0,728
lungscc915.jpeg,2,1161
lungaca1630.jpeg,0,694
lungn1290.jpeg,1,940
lungscc901.jpeg,2,1139
lungn2471.jpeg,1,794
lungn4733.jpeg,1,836
lungn3773.jpeg,1,952
lungscc2620.jpeg,2,1134
lungscc4043.jpeg,2,1082
lungscc1211.jpeg,2,1153
lungscc4359.jpeg,2,1065
lungn2680.jpeg,1,966
lungn1000.jpeg,1,823
lungscc2256.jpeg,2,1204
lungn3101.jpeg,1,902
lungaca4697.jpeg,0,650
lungn4517.jpeg,1,865
lungscc1401.jpeg,2,1055
lungscc3534.jpeg,2,1026
lungn2905.jpeg,1,829
lungscc4472.jpeg,2,1079
lungscc2218.jpeg,2,1154
lungn3986.jpeg,1,846
lungscc1874.jpeg,2,1070
lungscc2183.jpeg,2,1021
lungaca997.jpeg,0,604
lungscc759.jpeg,2,1050
lungscc4651.jpeg,2,1118
lungn4745.jpeg,1,868
lungaca4668.jpeg,0,611
lungn4197.jpeg,1,938
lungaca1703.jpeg,0,683
lungn1107.jpeg,1,749
lungn228.jpeg,1,767
lungaca3403.jpeg,0,544
lungn3017.jpeg,1,764
lungaca136.jpeg,0,569
lungaca981.jpeg,0,658
lungscc1038.jpeg,2,1057
lungn4980.jpeg,1,795
lungaca63.jpeg,0,623
lungaca4486.jpeg,0,525
lungaca4853.jpeg,0,554
lungscc3586.jpeg,2,1119
lungaca1968.jpeg,0,651
lungaca4193.jpeg,0,686
lungaca3200.jpeg,0,683
lungaca3158.jpeg,0,657
lungaca641.jpeg,0,682
lungaca4043.jpeg,0,624
lungscc1574.jpeg,2,1165
lungscc3135.jpeg,2,1058
lungscc320.jpeg,2,1170
lungn142.jpeg,1,973
lungn4819.jpeg,1,822
lungscc676.jpeg,2,1041
lungaca1028.jpeg,0,508
lungaca3367.jpeg,0,595
lungscc4328.jpeg,2,1045
lungaca711.jpeg,0,532
lungn2250.jpeg,1,754
lungn256.jpeg,1,883
lungscc4091.jpeg,2,1071
lungaca4404.jpeg,0,588
lungaca2398.jpeg,0,629
lungn1090.jpeg,1,949
lungscc2170.jpeg,2,1157
lungaca2868.jpeg,0,570
lungscc4076.jpeg,2,1094
lungn1704.jpeg,1,990
lungscc4201.jpeg,2,1015
lungaca2502.jpeg,0,682
lungscc610.jpeg,2,1209
lungscc4522.jpeg,2,1076
lungn2381.jpeg,1,849
lungscc4259.jpeg,2,1095
lungn3082.jpeg,1,886
lungscc2205.jpeg,2,1243
lungaca645.jpeg,0,644
lungaca2083.jpeg,0,661
lungaca1431.jpeg,0,544
lungscc3268.jpeg,2,1019
lungaca2121.jpeg,0,739
lungn435.jpeg,1,809
lungn3252.jpeg,1,784
lungn267.jpeg,1,997
lungscc4865.jpeg,2,1186
lungaca1830.jpeg,0,524
lungn3526.jpeg,1,912
lungaca3844.jpeg,0,653
lungscc3119.jpeg,2,1155
lungscc3820.jpeg,2,1154
lungn2496.jpeg,1,792
lungn3644.jpeg,1,750
lungn3700.jpeg,1,776
lungscc843.jpeg,2,1035
lungn4567.jpeg,1,795
lungscc3068.jpeg,2,1157
lungn2075.jpeg,1,890
lungaca3244.jpeg,0,655
lungaca2999.jpeg,0,630
lungn3332.jpeg,1,932
lungscc2532.jpeg,2,1095
lungaca2744.jpeg,0,592
lungaca4441.jpeg,0,620
lungscc1250.jpeg,2,1188
lungscc4185.jpeg,2,1009
lungaca1677.jpeg,0,517
lungn4089.jpeg,1,923
lungn1908.jpeg,1,797
lungn1365.jpeg,1,919
lungscc2717.jpeg,2,1075
lungaca4631.jpeg,0,600
lungaca1271.jpeg,0,626
lungn4208.jpeg,1,917
lungaca4403.jpeg,0,558
lungn1252.jpeg,1,970
lungaca3043.jpeg,0,625
lungscc3383.jpeg,2,1036
lungscc1106.jpeg,2,1178
lungaca3635.jpeg,0,703
lungscc4335.jpeg,2,1168
lungscc2745.jpeg,2,1104
lungaca498.jpeg,0,555
lungaca3366.jpeg,0,529
lungaca3393.jpeg,0,722
lungn2037.jpeg,1,953
lungaca2033.jpeg,0,526
lungaca1853.jpeg,0,515
lungn3302.jpeg,1,942
lungscc3179.jpeg,2,1181
lungn2868.jpeg,1,879
lungscc4350.jpeg,2,1010
lungscc2258.jpeg,2,1023
lungaca3252.jpeg,0,709
lungscc2855.jpeg,2,1091
lungscc1576.jpeg,2,1038
lungscc2957.jpeg,2,1239
lungscc4129.jpeg,2,1225
lungn3187.jpeg,1,752
lungn2798.jpeg,1,781
lungaca595.jpeg,0,604
lungaca119.jpeg,0,708
lungn2835.jpeg,1,832
lungn3693.jpeg,1,895
lungaca2231.jpeg,0,650
lungaca1626.jpeg,0,675
lungaca3310.jpeg,0,524
lungscc1025.jpeg,2,1223
lungscc4294.jpeg,2,1185
lungn1856.jpeg,1,896
lungaca4225.jpeg,0,610
lungscc2369.jpeg,2,1221
lungn3180.jpeg,1,797
lungn2522.jpeg,1,938
lungscc4212.jpeg,2,1144
lungn4067.jpeg,1,960
lungscc2108.jpeg,2,1178
lungaca690.jpeg,0,520
lungn398.jpeg,1,927
lungaca109.jpeg,0,514
lungaca714.jpeg,0,693
lungaca3546.jpeg,0,620
lungaca1749.jpeg,0,524
lungn3474.jpeg,1,958
lungn2042.jpeg,1,965
lungscc2382.jpeg,2,1185
lungaca3414.jpeg,0,574
lungscc751.jpeg,2,1150
lungaca4655.jpeg,0,659
lungn878.jpeg,1,836
lungaca404.jpeg,0,704
lungn4116.jpeg,1,908
lungn4868.jpeg,1,794
lungn363.jpeg,1,865
lungaca1609.jpeg,0,665
lungaca2723.jpeg,0,699
lungaca2386.jpeg,0,513
lungaca2333.jpeg,0,638
lungn2482.jpeg,1,827
lungscc78.jpeg,2,1088
lungscc3352.jpeg,2,1152
lungn3987.jpeg,1,815
lungscc4313.jpeg,2,1169
lungscc1970.jpeg,2,1137
lungaca1883.jpeg,0,601
lungscc4251.jpeg,2,1183
lungn993.jpeg,1,861
lungaca4817.jpeg,0,524
lungn3369.jpeg,1,917
lungn1062.jpeg,1,912
lungscc879.jpeg,2,1134
lungscc4311.jpeg,2,1059
lungscc2854.jpeg,2,1235
lungn1476.jpeg,1,897
lungaca3464.jpeg,0,661
lungscc2583.jpeg,2,1085
lungn946.jpeg,1,841
lungn403.jpeg,1,981
lungn2805.jpeg,1,971
lungscc827.jpeg,2,1014
lungn3721.jpeg,1,943
lungaca1557.jpeg,0,548
lungaca596.jpeg,0,693
lungscc1393.jpeg,2,1030
lungaca314.jpeg,0,652
lungn4550.jpeg,1,912
lungaca2750.jpeg,0,554
lungscc3011.jpeg,2,1115
lungscc669.jpeg,2,1200
lungaca4185.jpeg,0,593
lungscc2217.jpeg,2,1193
lungaca364.jpeg,0,725
lungscc3499.jpeg,2,1072
lungaca2662.jpeg,0,581
lungaca3034.jpeg,0,599
lungscc3461.jpeg,2,1080
lungn2031.jpeg,1,896
lungaca1493.jpeg,0,586
lungaca267.jpeg,0,511
lungaca4629.jpeg,0,733
lungn487.jpeg,1,856
lungn3977.jpeg,1,941
lungaca2973.jpeg,0,639
lungscc3402.jpeg,2,1236
lungscc1712.jpeg,2,1217
lungn2367.jpeg,1,895
lungn2329.jpeg,1,877
lungn1738.jpeg,1,836
lungaca3249.jpeg,0,742
lungscc2785.jpeg,2,1072
lungscc3569.jpeg,2,1114
lungscc4414.jpeg,2,1135
lungscc3739.jpeg,2,1204
lungscc2591.jpeg,2,1115
lungaca2378.jpeg,0,520
lungscc1421.jpeg,2,1221
lungscc4828.jpeg,2,1167
lungaca817.jpeg,0,514
lungaca580.jpeg,0,644
lungaca2054.jpeg,0,530
lungn1809.jpeg,1,949
lungaca1987.jpeg,0,632
lungscc252.jpeg,2,1015
lungn4963.jpeg,1,883
lungaca175.jpeg,0,580
lungscc1121.jpeg,2,1192
lungscc3925.jpeg,2,1003
lungaca2359.jpeg,0,689
lungn4644.jpeg,1,825
lungaca301.jpeg,0,632
lungn1824.jpeg,1,867
lungn2104.jpeg,1,841
lungn4352.jpeg,1,749
lungaca1174.jpeg,0,618
lungscc3599.jpeg,2,1172
lungn4250.jpeg,1,912
lungaca581.jpeg,0,648
lungn813.jpeg,1,771
lungn2215.jpeg,1,947
lungscc3905.jpeg,2,1156
lungaca4424.jpeg,0,534
lungscc821.jpeg,2,998
lungscc4452.jpeg,2,1176
lungn4216.jpeg,1,893
lungn4316.jpeg,1,768
lungaca2920.jpeg,0,509
lungscc708.jpeg,2,1093
lungn4180.jpeg,1,957
lungscc2235.jpeg,2,1038
lungn525.jpeg,1,841
lungscc605.jpeg,2,1069
lungaca3076.jpeg,0,530
lungscc1380.jpeg,2,1219
lungaca448.jpeg,0,546
lungaca4431.jpeg,0,559
lungscc1150.jpeg,2,1182
lungaca879.jpeg,0,725
lungscc2740.jpeg,2,1232
lungscc3347.jpeg,2,1188
lungn2487.jpeg,1,968
lungscc4831.jpeg,2,1063
lungn454.jpeg,1,821
lungaca4573.jpeg,0,647
lungn3148.jpeg,1,805
lungscc2644.jpeg,2,1085
lungscc1253.jpeg,2,1037
lungscc1129.jpeg,2,1019
lungaca3855.jpeg,0,590
lungscc396.jpeg,2,1179
lungn4952.jpeg,1,882
lungn1716.jpeg,1,810
lungaca4805.jpeg,0,727
lungscc4398.jpeg,2,1048
lungaca4916.jpeg,0,655
lungn977.jpeg,1,798
lungscc1736.jpeg,2,1035
lungn2902.jpeg,1,880
lungaca4786.jpeg,0,681
lungscc3552.jpeg,2,1145
lungn4273.jpeg,1,934
lungaca1649.jpeg,0,627
lungscc1810.jpeg,2,1002
lungn2775.jpeg,1,873
lungscc4132.jpeg,2,1085
lungaca2855.jpeg,0,533
lungaca4776.jpeg,0,519
lungaca1172.jpeg,0,552
lungn4866.jpeg,1,965
lungn2996.jpeg,1,922
lungn4339.jpeg,1,822
lungscc1260.jpeg,2,1111
lungaca1391.jpeg,0,643
lungaca1402.jpeg,0,567
lungn1499.jpeg,1,891
lungaca1112.jpeg,0,550
lungn4229.jpeg,1,846
lungscc3641.jpeg,2,1207
lungn4142.jpeg,1,906
lungn3674.jpeg,1,915
lungaca2905.jpeg,0,714
lungaca334.jpeg,0,661
lungn965.jpeg,1,825
lungscc4134.jpeg,2,1108
lungscc3763.jpeg,2,1193
lungscc3945.jpeg,2,1127
lungn2588.jpeg,1,797
lungn4213.jpeg,1,985
lungn3780.jpeg,1,752
lungscc3973.jpeg,2,1071
lungscc4574.jpeg,2,1091
lungaca3361.jpeg,0,512
lungscc1026.jpeg,2,1035
lungscc149.jpeg,2,1040
lungn1250.jpeg,1,797
lungaca3011.jpeg,0,515
lungaca2579.jpeg,0,653
lungn4486.jpeg,1,861
lungn1949.jpeg,1,950
lungscc4041.jpeg,2,1020
lungaca4371.jpeg,0,651
lungn4107.jpeg,1,799
lungn3751.jpeg,1,805
lungscc1040.jpeg,2,1070
lungn4146.jpeg,1,953
lungaca251.jpeg,0,569
lungscc3560.jpeg,2,1149
lungaca3596.jpeg,0,554
lungaca921.jpeg,0,657
lungscc2637.jpeg,2,1000
lungscc602.jpeg,2,1054
lungaca3604.jpeg,0,607
lungn1862.jpeg,1,941
lungscc1069.jpeg,2,1032
lungscc3877.jpeg,2,1073
lungscc4106.jpeg,2,1117
lungaca3849.jpeg,0,725
lungscc310.jpeg,2,1142
lungn940.jpeg,1,785
lungaca3475.jpeg,0,522
lungaca1951.jpeg,0,639
lungaca565.jpeg,0,654
lungscc4089.jpeg,2,1146
lungscc3407.jpeg,2,1207
lungscc3792.jpeg,2,1034
lungaca4507.jpeg,0,679
lungscc343.jpeg,2,1112
lungn882.jpeg,1,906
lungaca1130.jpeg,0,664
lungn955.jpeg,1,757
lungaca2739.jpeg,0,508
lungn4684.jpeg,1,757
lungscc1879.jpeg,2,1098
lungscc3467.jpeg,2,1127
lungn2658.jpeg,1,758
lungn4188.jpeg,1,813
lungaca2621.jpeg,0,704
lungn4572.jpeg,1,934
lungaca4217.jpeg,0,739
lungscc1275.jpeg,2,1181
lungn2393.jpeg,1,987
lungaca4421.jpeg,0,622
lungscc2516.jpeg,2,1054
lungn4549.jpeg,1,912
lungn4661.jpeg,1,976
lungaca289.jpeg,0,585
lungaca4593.jpeg,0,564
lungaca1296.jpeg,0,723
lungaca1054.jpeg,0,569
lungn3411.jpeg,1,877
lungaca1373.jpeg,0,528
lungscc1444.jpeg,2,1196
lungn4943.jpeg,1,865
lungn3697.jpeg,1,789
lungscc2870.jpeg,2,1182
lungscc2280.jpeg,2,1155
lungaca1351.jpeg,0,660
lungaca3729.jpeg,0,623
lungn2283.jpeg,1,803
lungaca3988.jpeg,0,523
lungscc3541.jpeg,2,1178
lungaca4210.jpeg,0,717
lungscc660.jpeg,2,1068
lungn2967.jpeg,1,761
lungscc1944.jpeg,2,1031
lungn1059.jpeg,1,997
lungaca2937.jpeg,0,656
lungscc361.jpeg,2,1057
lungscc4448.jpeg,2,1123
lungaca4739.jpeg,0,638
lungn590.jpeg,1,828
lungscc1433.jpeg,2,1010
lungaca523.jpeg,0,510
lungaca2692.jpeg,0,701
lungscc2794.jpeg,2,1117
lungn4453.jpeg,1,873
lungn4607.jpeg,1,874
lungn409.jpeg,1,884
lungscc3205.jpeg,2,1168
lungaca996.jpeg,0,687
lungaca1642.jpeg,0,542
lungscc2856.jpeg,2,1238
lungscc873.jpeg,2,1233
lungaca4609.jpeg,0,522
lungscc4755.jpeg,2,1196
lungscc3871.jpeg,2,1186
lungscc2362.jpeg,2,1046
lungn2365.jpeg,1,956
lungn1680.jpeg,1,853
lungn2739.jpeg,1,852
lungscc59.jpeg,2,1026
lungaca731.jpeg,0,558
lungn1717.jpeg,1,993
lungaca3971.jpeg,0,732
lungaca3203.jpeg,0,600
lungn1394.jpeg,1,812
lungn747.jpeg,1,862
lungscc1891.jpeg,2,1208
lungn1198.jpeg,1,760
lungscc2935.jpeg,2,1078
lungscc4512.jpeg,2,1016
lungscc586.jpeg,2,1073
lungn4726.jpeg,1,862
lungaca1258.jpeg,0,548
lungscc4199.jpeg,2,999
lungscc4434.jpeg,2,1088
lungscc2852.jpeg,2,1213
lungaca4608.jpeg,0,525
lungaca712.jpeg,0,552
lungn168.jpeg,1,751
lungn2278.jpeg,1,823
lungn4821.jpeg,1,956
lungaca4950.jpeg,0,649
lungn446.jpeg,1,980
lungn2964.jpeg,1,816
lungscc237.jpeg,2,1086
lungscc3319.jpeg,2,1031
lungscc556.jpeg,2,1056
lungn1187.jpeg,1,752
lungn4880.jpeg,1,761
lungscc42.jpeg,2,1117
lungscc3104.jpeg,2,1207
lungn4379.jpeg,1,803
lungscc2207.jpeg,2,1213
lungaca3896.jpeg,0,710
lungaca2921.jpeg,0,518
lungn3516.jpeg,1,966
lungn4439.jpeg,1,978
lungaca1184.jpeg,0,657
lungscc3936.jpeg,2,1100
lungscc4112.jpeg,2,1076
lungaca2297.jpeg,0,680
lungn3484.jpeg,1,916
lungn2488.jpeg,1,804
lungaca2148.jpeg,0,525
lungaca1932.jpeg,0,683
lungscc1893.jpeg,2,1233
lungn2960.jpeg,1,784
lungn1817.jpeg,1,930
lungaca2388.jpeg,0,744
lungn2797.jpeg,1,788
lungaca4304.jpeg,0,651
lungaca2449.jpeg,0,536
lungaca4809.jpeg,0,545
lungn3988.jpeg,1,815
lungscc642.jpeg,2,1093
lungn451.jpeg,1,800
lungaca2093.jpeg,0,544
lungn2272.jpeg,1,766
lungaca4385.jpeg,0,721
lungn1509.jpeg,1,930
lungn2893.jpeg,1,929
lungscc2351.jpeg,2,1063
lungaca2018.jpeg,0,508
lungaca4134.jpeg,0,609
lungn2378.jpeg,1,762
lungn2645.jpeg,1,841
lungn4808.jpeg,1,844
lungscc2943.jpeg,2,1136
lungscc3595.jpeg,2,1225
lungscc2171.jpeg,2,1169
lungaca4439.jpeg,0,653
lungscc2352.jpeg,2,1142
lungn3058.jpeg,1,823
lungn3117.jpeg,1,862
lungn3508.jpeg,1,769
lungaca2928.jpeg,0,744
lungscc2335.jpeg,2,1151
lungscc1476.jpeg,2,1003
lungn4730.jpeg,1,981
lungscc2753.jpeg,2,1121
lungscc380.jpeg,2,1029
lungaca754.jpeg,0,614
lungscc2585.jpeg,2,1120
lungaca288.jpeg,0,726
lungaca3617.jpeg,0,530
lungscc1194.jpeg,2,1003
lungaca354.jpeg,0,718
lungscc2395.jpeg,2,1155
lungn405.jpeg,1,989
lungscc2428.jpeg,2,1020
lungaca4417.jpeg,0,661
lungscc4463.jpeg,2,1185
lungscc780.jpeg,2,1228
lungscc1478.jpeg,2,1125
lungaca1312.jpeg,0,580
lungn2621.jpeg,1,971
lungscc4271.jpeg,2,1001
lungaca1456.jpeg,0,581
lungscc2669.jpeg,2,1029
lungscc2070.jpeg,2,1123
lungaca2805.jpeg,0,597
lungaca4312.jpeg,0,726
lungscc2838.jpeg,2,1045
lungaca1886.jpeg,0,667
lungscc5.jpeg,2,1144
lungscc4731.jpeg,2,1129
lungscc568.jpeg,2,1013
lungscc621.jpeg,2,1063
lungscc616.jpeg,2,1005
lungaca955.jpeg,0,542
lungscc1233.jpeg,2,1046
lungn4649.jpeg,1,776
lungaca3554.jpeg,0,607
lungscc3087.jpeg,2,1214
lungscc1331.jpeg,2,1151
lungn2877.jpeg,1,786
lungaca2841.jpeg,0,543
lungaca3447.jpeg,0,555
lungaca463.jpeg,0,534
lungn1668.jpeg,1,947
lungaca176.jpeg,0,560
lungscc1652.jpeg,2,1149
lungn3275.jpeg,1,799
lungaca2070.jpeg,0,569
lungn4257.jpeg,1,841
lungn1990.jpeg,1,764
lungaca1055.jpeg,0,694
lungscc4263.jpeg,2,1042
lungaca3571.jpeg,0,639
lungscc1164.jpeg,2,1165
lungscc3546.jpeg,2,1189
lungscc1014.jpeg,2,1164
lungaca2762.jpeg,0,633
lungscc4602.jpeg,2,1038
lungn2472.jpeg,1,917
lungn2697.jpeg,1,952
lungaca244.jpeg,0,540
lungn3459.jpeg,1,918
lungn3767.jpeg,1,928
lungscc882.jpeg,2,1148
lungaca222.jpeg,0,554
lungaca311.jpeg,0,707
lungscc3658.jpeg,2,1177
lungaca2145.jpeg,0,597
lungn1750.jpeg,1,795
lungn2860.jpeg,1,909
lungn1794.jpeg,1,927
lungn2068.jpeg,1,925
lungn179.jpeg,1,956
lungn3515.jpeg,1,799
lungscc3521.jpeg,2,1121
lungn3355.jpeg,1,858
lungaca1063.jpeg,0,563
lungscc2829.jpeg,2,1240
lungscc4006.jpeg,2,1182
lungscc4612.jpeg,2,1036
lungscc1558.jpeg,2,1060
lungscc44.jpeg,2,1037
lungn1398.jpeg,1,845
lungn2257.jpeg,1,888
lungn208.jpeg,1,874
lungscc4606.jpeg,2,1095
lungscc1187.jpeg,2,1230
lungscc4734.jpeg,2,1158
lungscc507.jpeg,2,1021
lungaca1998.jpeg,0,543
lungaca3977.jpeg,0,734
lungscc3253.jpeg,2,1041
lungscc3517.jpeg,2,1051
lungscc2512.jpeg,2,1223
lungscc328.jpeg,2,1019
lungscc3782.jpeg,2,1103
lungscc4557.jpeg,2,998
lungscc777.jpeg,2,1068
lungn1069.jpeg,1,935
lungaca3041.jpeg,0,667
lungn2579.jpeg,1,981
lungaca1360.jpeg,0,682
lungscc2.jpeg,2,1116
lungn2682.jpeg,1,950
lungscc679.jpeg,2,1099
lungn326.jpeg,1,802
lungaca3052.jpeg,0,641
lungaca4100.jpeg,0,552
lungscc1782.jpeg,2,1027
lungn494.jpeg,1,869
lungscc3913.jpeg,2,1239
lungaca1139.jpeg,0,691
lungaca1305.jpeg,0,644
lungscc2068.jpeg,2,1221
lungscc4092.jpeg,2,1239
lungscc4664.jpeg,2,1031
lungscc1155.jpeg,2,1009
lungscc1530.jpeg,2,1019
lungn1800.jpeg,1,881
lungscc280.jpeg,2,1188
lungn4540.jpeg,1,928
lungscc3740.jpeg,2,1231
lungaca3048.jpeg,0,654
lungaca612.jpeg,0,652
lungscc2982.jpeg,2,1092
lungn2556.jpeg,1,789
lungn2394.jpeg,1,771
lungn4231.jpeg,1,788
lungn2538.jpeg,1,985
lungscc1345.jpeg,2,1203
lungscc1056.jpeg,2,1029
lungn4120.jpeg,1,903
lungaca2531.jpeg,0,524
lungaca42.jpeg,0,525
lungaca3926.jpeg,0,635
lungscc1921.jpeg,2,1080
lungscc2323.jpeg,2,1185
lungaca954.jpeg,0,563
lungaca1090.jpeg,0,574
lungscc3561.jpeg,2,1197
lungaca798.jpeg,0,583
lungn1138.jpeg,1,915
lungaca1429.jpeg,0,609
lungaca293.jpeg,0,515
lungscc3417.jpeg,2,1127
lungscc4222.jpeg,2,1019
lungn4511.jpeg,1,826
lungaca4657.jpeg,0,729
lungscc3851.jpeg,2,1074
lungscc4148.jpeg,2,1145
lungaca3002.jpeg,0,554
lungn2415.jpeg,1,893
lungscc2231.jpeg,2,1200
lungscc3107.jpeg,2,1237
lungaca535.jpeg,0,584
lungaca2493.jpeg,0,673
lungn2716.jpeg,1,889
lungn938.jpeg,1,797
lungscc4505.jpeg,2,1179
lungn533.jpeg,1,760
lungaca3788.jpeg,0,596
lungscc3667.jpeg,2,1056
lungn1367.jpeg,1,785
lungaca4897.jpeg,0,682
lungaca2481.jpeg,0,539
lungn2915.jpeg,1,811
lungscc3562.jpeg,2,1170
lungaca2755.jpeg,0,585
lungscc1208.jpeg,2,1080
lungn4288.jpeg,1,852
lungn819.jpeg,1,836
lungscc4066.jpeg,2,1225
lungn4640.jpeg,1,847
lungn4406.jpeg,1,815
lungaca4294.jpeg,0,575
lungn1268.jpeg,1,961
lungscc2098.jpeg,2,1067
lungaca3951.jpeg,0,629
lungaca4171.jpeg,0,523
lungscc3698.jpeg,2,1237
lungaca1905.jpeg,0,641
lungscc1216.jpeg,2,1127
lungscc1174.jpeg,2,1056
lungscc1371.jpeg,2,1173
lungn1679.jpeg,1,760
lungscc2290.jpeg,2,1075
lungscc3529.jpeg,2,1060
lungn929.jpeg,1,770
lungn2901.jpeg,1,974
lungaca2430.jpeg,0,576
lungn1129.jpeg,1,783
lungscc4637.jpeg,2,1089
lungaca1573.jpeg,0,545
lungscc1395.jpeg,2,1157
lungaca3874.jpeg,0,631
lungscc3815.jpeg,2,1047
lungscc4137.jpeg,2,1167
lungn1747.jpeg,1,855
lungscc2192.jpeg,2,998
lungn2051.jpeg,1,868
lungn3431.jpeg,1,884
lungaca3144.jpeg,0,627
lungn4256.jpeg,1,962
lungaca3657.jpeg,0,656
lungaca849.jpeg,0,583
lungaca1045.jpeg,0,691
lungn1562.jpeg,1,923
lungscc3976.jpeg,2,1001
lungn2981.jpeg,1,871
lungscc3294.jpeg,2,1206
lungscc1740.jpeg,2,1241
lungn1360.jpeg,1,942
lungn2504.jpeg,1,775
lungn1897.jpeg,1,940
lungaca1205.jpeg,0,589
lungscc2798.jpeg,2,1137
lungscc1548.jpeg,2,1143
lungscc4019.jpeg,2,1165
lungn143.jpeg,1,849
lungaca3859.jpeg,0,670
lungn677.jpeg,1,809
lungscc4068.jpeg,2,1078
lungn3173.jpeg,1,952
lungn260.jpeg,1,964
lungscc1846.jpeg,2,1213
lungscc2120.jpeg,2,1056
lungn1342.jpeg,1,888
lungscc3191.jpeg,2,1075
lungaca1400.jpeg,0,555
lungscc4234.jpeg,2,1037
lungaca4806.jpeg,0,607
lungscc2542.jpeg,2,1045
lungaca403.jpeg,0,575
lungn1422.jpeg,1,870
lungscc850.jpeg,2,1181
lungaca2670.jpeg,0,568
lungn4961.jpeg,1,775
lungaca850.jpeg,0,741
lungaca1658.jpeg,0,593
lungscc2805.jpeg,2,1238
lungscc1683.jpeg,2,1241
lungaca1762.jpeg,0,552
lungscc2200.jpeg,2,1114
lungaca3331.jpeg,0,520
lungn3095.jpeg,1,809
lungscc3909.jpeg,2,1046
lungaca4820.jpeg,0,600
lungaca4337.jpeg,0,539
lungaca2218.jpeg,0,708
lungaca2830.jpeg,0,679
lungaca816.jpeg,0,554
lungscc2708.jpeg,2,1059
lungn3525.jpeg,1,842
lungscc240.jpeg,2,1079
lungscc4855.jpeg,2,1049
lungn4442.jpeg,1,763
lungaca4607.jpeg,0,744
lungscc4645.jpeg,2,1062
lungn2898.jpeg,1,886
lungscc3549.jpeg,2,999
lungscc4145.jpeg,2,1107
lungaca4836.jpeg,0,518
lungscc3286.jpeg,2,1089
lungaca2150.jpeg,0,674
lungn2331.jpeg,1,952
lungn4258.jpeg,1,979
lungn3496.jpeg,1,816
lungn1523.jpeg,1,778
lungn2141.jpeg,1,879
lungn4514.jpeg,1,872
lungn4795.jpeg,1,763
lungscc35.jpeg,2,1044
lungn3219.jpeg,1,966
lungn1541.jpeg,1,980
lungscc4239.jpeg,2,1139
lungscc2215.jpeg,2,1236
lungn3274.jpeg,1,990
lungn3447.jpeg,1,790
lungn1754.jpeg,1,808
lungscc4080.jpeg,2,1180
lungn1209.jpeg,1,974
lungn4541.jpeg,1,982
lungn1073.jpeg,1,836
lungscc3519.jpeg,2,1017
lungaca1695.jpeg,0,596
lungaca3159.jpeg,0,671
lungaca122.jpeg,0,569
lungaca1418.jpeg,0,722
lungn4421.jpeg,1,749
lungaca131.jpeg,0,700
lungscc1117.jpeg,2,1042
lungscc4265.jpeg,2,1056
lungscc851.jpeg,2,1097
lungn4294.jpeg,1,762
lungn412.jpeg,1,923
lungaca2994.jpeg,0,698
lungaca3939.jpeg,0,603
lungscc557.jpeg,2,1166
lungaca198.jpeg,0,550
lungn3568.jpeg,1,886
lungn2259.jpeg,1,885
lungaca3725.jpeg,0,679
lungaca3493.jpeg,0,732
lungaca3333.jpeg,0,729
lungaca27.jpeg,0,740
lungaca874.jpeg,0,551
lungn4408.jpeg,1,765
lungaca2352.jpeg,0,714
lungn3893.jpeg,1,928
lungscc4709.jpeg,2,1183
lungaca4232.jpeg,0,662
lungaca3640.jpeg,0,572
lungaca609.jpeg,0,731
lungaca840.jpeg,0,683
lungscc4893.jpeg,2,1041
lungaca2721.jpeg,0,646
lungn4424.jpeg,1,802
lungn1674.jpeg,1,970
lungn76.jpeg,1,867
lungaca4230.jpeg,0,696
lungaca4624.jpeg,0,584
lungscc273.jpeg,2,1053
lungscc4548.jpeg,2,1056
lungaca4161.jpeg,0,669
lungscc3962.jpeg,2,1180
lungscc1081.jpeg,2,1143
lungn4423.jpeg,1,819
lungn2758.jpeg,1,977
lungaca1850.jpeg,0,532
lungaca4194.jpeg,0,554
lungn807.jpeg,1,870
lungaca304.jpeg,0,743
lungn2816.jpeg,1,877
lungn3618.jpeg,1,828
lungaca1730.jpeg,0,514
lungn4115.jpeg,1,818
lungaca3512.jpeg,0,737
lungn3812.jpeg,1,825
lungn514.jpeg,1,942
lungaca4821.jpeg,0,669
lungscc2345.jpeg,2,1216
lungn3339.jpeg,1,946
lungscc2225.jpeg,2,1025
lungaca3875.jpeg,0,688
lungscc3459.jpeg,2,1119
lungn4643.jpeg,1,780
lungn4512.jpeg,1,904
lungaca1121.jpeg,0,553
lungaca1631.jpeg,0,632
lungscc2894.jpeg,2,1022
lungn4194.jpeg,1,834
lungscc3799.jpeg,2,1105
lungaca1994.jpeg,0,600
lungn853.jpeg,1,852
lungscc1897.jpeg,2,1231
lungscc4133.jpeg,2,1109
lungscc166.jpeg,2,1090
lungaca4754.jpeg,0,524
lungscc1953.jpeg,2,1132
lungn756.jpeg,1,873
lungn3184.jpeg,1,933
lungn3157.jpeg,1,972
lungn1212.jpeg,1,846
lungscc2622.jpeg,2,1061
lungaca4113.jpeg,0,723
lungn4589.jpeg,1,789
lungscc211.jpeg,2,1144
lungscc3814.jpeg,2,1243
lungaca4984.jpeg,0,530
lungn3687.jpeg,1,804
lungaca1096.jpeg,0,678
lungn1285.jpeg,1,885
lungn495.jpeg,1,854
lungn806.jpeg,1,861
lungscc4677.jpeg,2,1149
lungn4658.jpeg,1,912
lungaca4438.jpeg,0,616
lungaca405.jpeg,0,682
lungn3974.jpeg,1,889
lungn1320.jpeg,1,863
lungscc2779.jpeg,2,1239
lungscc4165.jpeg,2,1138
lungscc1930.jpeg,2,1209
lungn2361.jpeg,1,780
lungn2110.jpeg,1,984
lungn842.jpeg,1,925
lungscc3889.jpeg,2,1081
lungn4712.jpeg,1,818
lungaca1286.jpeg,0,617
lungscc4318.jpeg,2,1099
lungn4388.jpeg,1,868
lungn1132.jpeg,1,838
lungscc2028.jpeg,2,1076
lungn4100.jpeg,1,825
lungn4530.jpeg,1,909
lungaca2416.jpeg,0,595
lungn3470.jpeg,1,770
lungaca2495.jpeg,0,506
lungn1637.jpeg,1,781
lungscc4666.jpeg,2,1099
lungaca4195.jpeg,0,528
lungscc2353.jpeg,2,1075
lungscc993.jpeg,2,1029
lungn4468.jpeg,1,829
lungn790.jpeg,1,924
lungn65.jpeg,1,767
lungscc927.jpeg,2,1041
lungaca64.jpeg,0,516
lungscc537.jpeg,2,1119
lungaca1265.jpeg,0,582
lungn3523.jpeg,1,871
lungaca1479.jpeg,0,575
lungscc1095.jpeg,2,1241
lungn963.jpeg,1,968
lungn4368.jpeg,1,926
lungscc4067.jpeg,2,1078
lungscc1898.jpeg,2,1138
lungscc1487.jpeg,2,1092
lungn802.jpeg,1,858
lungaca1757.jpeg,0,588
lungaca3655.jpeg,0,718
lungscc4433.jpeg,2,999
lungscc3895.jpeg,2,1206
lungscc2511.jpeg,2,1119
lungn720.jpeg,1,779
lungaca228.jpeg,0,616
lungaca2464.jpeg,0,582
lungaca2906.jpeg,0,652
lungn2231.jpeg,1,795
lungscc3804.jpeg,2,1053
lungscc2742.jpeg,2,1014
lungn1690.jpeg,1,758
lungaca4008.jpeg,0,536
lungscc147.jpeg,2,1116
lungscc2085.jpeg,2,1104
lungn3627.jpeg,1,939
lungaca822.jpeg,0,579
lungscc4900.jpeg,2,1087
lungscc470.jpeg,2,1112
lungn962.jpeg,1,761
lungn1436.jpeg,1,884
lungn1357.jpeg,1,874
lungaca3248.jpeg,0,727
lungaca4456.jpeg,0,571
lungn1677.jpeg,1,857
lungaca2134.jpeg,0,519
lungaca3806.jpeg,0,539
lungscc2069.jpeg,2,1138
lungn6.jpeg,1,834
lungaca2473.jpeg,0,743
lungscc416.jpeg,2,1081
lungn703.jpeg,1,831
lungaca4759.jpeg,0,549
lungscc1556.jpeg,2,1119
lungaca3808.jpeg,0,599
lungscc92.jpeg,2,1077
lungscc3460.jpeg,2,1147
lungaca2491.jpeg,0,583
lungn2761.jpeg,1,927
lungn1777.jpeg,1,749
lungscc1857.jpeg,2,1121
lungn2265.jpeg,1,810
lungaca659.jpeg,0,679
lungaca1156.jpeg,0,727
lungaca3431.jpeg,0,694
lungn422.jpeg,1,872
lungn1866.jpeg,1,915
lungn3685.jpeg,1,769
lungscc238.jpeg,2,1122
lungn1074.jpeg,1,916
lungaca4019.jpeg,0,532
lungscc1353.jpeg,2,1046
lungn3111.jpeg,1,964
lungaca4434.jpeg,0,548
lungscc1391.jpeg,2,1194
lungscc2145.jpeg,2,1051
lungaca2071.jpeg,0,635
lungscc3100.jpeg,2,1111
lungaca1663.jpeg,0,712
lungaca1527.jpeg,0,684
lungaca1534.jpeg,0,509
lungscc3628.jpeg,2,1212
lungn616.jpeg,1,829
lungscc893.jpeg,2,1076
lungscc4383.jpeg,2,1174
lungscc597.jpeg,2,1086
lungn3402.jpeg,1,842
lungscc1668.jpeg,2,1236
lungaca4646.jpeg,0,639
lungn1245.jpeg,1,832
lungscc1739.jpeg,2,1155
lungscc2898.jpeg,2,1217
lungscc1234.jpeg,2,1045
lungn1415.jpeg,1,802
lungn810.jpeg,1,942
lungn197.jpeg,1,791
lungaca290.jpeg,0,721
lungn2143.jpeg,1,749
lungn201.jpeg,1,883
lungscc46.jpeg,2,1039
lungaca2867.jpeg,0,570
lungn1006.jpeg,1,953
lungn135.jpeg,1,842
lungn2293.jpeg,1,814
lungscc3007.jpeg,2,1172
lungn2350.jpeg,1,808
lungscc2766.jpeg,2,1002
lungaca2600.jpeg,0,600
lungn4207.jpeg,1,855
lungscc445.jpeg,2,1036
lungscc3660.jpeg,2,1200
lungaca134.jpeg,0,588
lungn2213.jpeg,1,848
lungn856.jpeg,1,959
lungscc2609.jpeg,2,1028
lungn824.jpeg,1,794
lungn2660.jpeg,1,827
lungaca3089.jpeg,0,603
lungn2867.jpeg,1,955
lungaca3730.jpeg,0,540
lungaca2049.jpeg,0,535
lungaca2278.jpeg,0,566
lungn1280.jpeg,1,762
lungn1089.jpeg,1,898
lungn699.jpeg,1,873
lungn1712.jpeg,1,819
lungn3825.jpeg,1,924
lungn1468.jpeg,1,750
lungn2528.jpeg,1,965
lungn1857.jpeg,1,832
lungaca1036.jpeg,0,738
lungaca3096.jpeg,0,612
lungn1581.jpeg,1,859
lungaca3995.jpeg,0,667
lungn4845.jpeg,1,824
lungaca4284.jpeg,0,741
lungn2130.jpeg,1,991
lungaca2237.jpeg,0,550
lungn3321.jpeg,1,847
lungscc3778.jpeg,2,1210
lungscc2184.jpeg,2,1056
lungscc2519.jpeg,2,1199
lungn2400.jpeg,1,896
lungn1166.jpeg,1,793
lungn4979.jpeg,1,816
lungscc3718.jpeg,2,1030
lungn1377.jpeg,1,965
lungscc4932.jpeg,2,1185
lungn3881.jpeg,1,799
lungn3951.jpeg,1,773
lungn979.jpeg,1,807
lungn3684.jpeg,1,790
lungaca4509.jpeg,0,590
lungaca4567.jpeg,0,566
lungn2677.jpeg,1,852
lungscc728.jpeg,2,1184
lungn4296.jpeg,1,879
lungn98.jpeg,1,905
lungscc3299.jpeg,2,1228
lungscc2926.jpeg,2,1164
lungaca3071.jpeg,0,539
lungn691.jpeg,1,772
lungn2561.jpeg,1,918
lungn3038.jpeg,1,879
lungn4053.jpeg,1,798
lungaca3670.jpeg,0,720
lungn2292.jpeg,1,795
lungscc4400.jpeg,2,1176
lungscc1311.jpeg,2,1048
lungaca185.jpeg,0,742
lungaca978.jpeg,0,701
lungn3774.jpeg,1,983
lungn4753.jpeg,1,806
lungn280.jpeg,1,988
lungn324.jpeg,1,885
lungn4353.jpeg,1,791
lungn4587.jpeg,1,932
lungn10.jpeg,1,931
lungaca4401.jpeg,0,652
lungn1891.jpeg,1,842
lungn2937.jpeg,1,820
lungaca4063.jpeg,0,534
lungaca2592.jpeg,0,731
lungn4221.jpeg,1,939
lungscc1551.jpeg,2,1083
lungscc4983.jpeg,2,1237
lungaca3290.jpeg,0,686
lungaca4172.jpeg,0,601
lungn1483.jpeg,1,796
lungscc1594.jpeg,2,1233
lungscc3158.jpeg,2,1123
lungaca3899.jpeg,0,713
lungscc668.jpeg,2,1127
lungn3455.jpeg,1,809
lungaca2179.jpeg,0,680
lungn2100.jpeg,1,938
lungn4199.jpeg,1,978
lungscc1760.jpeg,2,1150
lungn1168.jpeg,1,964
lungscc134.jpeg,2,1015
lungn3267.jpeg,1,882
lungscc1664.jpeg,2,1047
lungaca70.jpeg,0,563
lungscc137.jpeg,2,1240
lungscc2767.jpeg,2,1194
lungaca2617.jpeg,0,660
lungn1077.jpeg,1,979
lungn3062.jpeg,1,953
lungaca4176.jpeg,0,538
lungn783.jpeg,1,852
lungn1076.jpeg,1,832
lungn673.jpeg,1,932
lungaca1414.jpeg,0,723
lungaca419.jpeg,0,551
lungscc13.jpeg,2,1173
lungn1733.jpeg,1,947
lungaca844.jpeg,0,531
lungaca1585.jpeg,0,581
lungscc93.jpeg,2,1020
lungaca2537.jpeg,0,669
lungn2754.jpeg,1,877
lungaca4730.jpeg,0,609
lungn3696.jpeg,1,815
lungn1714.jpeg,1,842
lungn269.jpeg,1,820
lungaca1396.jpeg,0,669
lungaca4250.jpeg,0,744
lungscc4984.jpeg,2,1025
lungscc3928.jpeg,2,1128
lungaca2090.jpeg,0,525
lungscc2592.jpeg,2,1180
lungscc1676.jpeg,2,1124
lungaca510.jpeg,0,625
lungaca4136.jpeg,0,747
lungscc613.jpeg,2,1118
lungn654.jpeg,1,755
lungn3784.jpeg,1,965
lungscc2834.jpeg,2,1198
lungaca3101.jpeg,0,536
lungn2709.jpeg,1,803
lungn3351.jpeg,1,878
lungaca4767.jpeg,0,705
lungn2010.jpeg,1,754
lungaca2879.jpeg,0,554
lungn1944.jpeg,1,781
lungn2349.jpeg,1,899
lungscc3730.jpeg,2,1166
lungscc4718.jpeg,2,1031
lungscc1871.jpeg,2,1222
lungaca3754.jpeg,0,553
lungscc163.jpeg,2,1117
lungaca4482.jpeg,0,572
lungscc1716.jpeg,2,1129
lungn1157.jpeg,1,879
lungscc3577.jpeg,2,1154
lungaca1984.jpeg,0,565
lungn3452.jpeg,1,781
lungaca4096.jpeg,0,527
lungn3937.jpeg,1,966
lungaca1806.jpeg,0,699
lungn4195.jpeg,1,919
lungn769.jpeg,1,985
lungaca2227.jpeg,0,524
lungn4151.jpeg,1,941
lungaca3455.jpeg,0,599
lungn4191.jpeg,1,800
lungscc3861.jpeg,2,1013
lungn4635.jpeg,1,963
lungscc4277.jpeg,2,998
lungaca1644.jpeg,0,689
lungn3794.jpeg,1,937
lungn517.jpeg,1,796
lungn4727.jpeg,1,800
lungscc4791.jpeg,2,1048
lungaca3055.jpeg,0,580
lungn3612.jpeg,1,931
lungaca3862.jpeg,0,714
lungn3729.jpeg,1,828
lungscc4039.jpeg,2,1123
lungscc545.jpeg,2,1229
lungn1614.jpeg,1,938
lungaca2677.jpeg,0,702
lungaca4885.jpeg,0,661
lungaca1093.jpeg,0,551
lungn4.jpeg,1,900
lungscc3643.jpeg,2,1083
lungaca3753.jpeg,0,711
lungscc2831.jpeg,2,1110
lungn3922.jpeg,1,963
lungaca1860.jpeg,0,632
lungn171.jpeg,1,899
lungscc4571.jpeg,2,1073
lungn2769.jpeg,1,763
lungscc195.jpeg,2,1169
lungscc783.jpeg,2,1151
lungscc3940.jpeg,2,1060
lungn2854.jpeg,1,930
lungaca1086.jpeg,0,736
lungn3718.jpeg,1,862
lungaca2271.jpeg,0,718
lungaca567.jpeg,0,677
lungaca4393.jpeg,0,584
lungn966.jpeg,1,825
lungaca199.jpeg,0,740
lungscc97.jpeg,2,1018
lungaca3728.jpeg,0,647
lungn2344.jpeg,1,783
lungn4832.jpeg,1,950
lungaca4579.jpeg,0,577
lungn2531.jpeg,1,855
lungn3256.jpeg,1,915
lungaca1589.jpeg,0,737
lungaca3873.jpeg,0,577
lungscc3405.jpeg,2,1092
lungaca3191.jpeg,0,545
lungaca2553.jpeg,0,546
lungn3358.jpeg,1,823
lungscc2580.jpeg,2,1184
lungscc1415.jpeg,2,1197
lungn2261.jpeg,1,818
lungn1880.jpeg,1,966
lungn1148.jpeg,1,781
lungscc1848.jpeg,2,1152
lungaca2659.jpeg,0,543
lungn352.jpeg,1,937
lungscc4989.jpeg,2,1223
lungn2725.jpeg,1,812
lungn4009.jpeg,1,983
lungaca3348.jpeg,0,611
lungaca4009.jpeg,0,510
lungaca2375.jpeg,0,711
lungaca4301.jpeg,0,510
lungn246.jpeg,1,996
lungn2289.jpeg,1,914
lungaca3518.jpeg,0,676
lungscc2868.jpeg,2,1223
lungaca1939.jpeg,0,705
lungscc3890.jpeg,2,1122
lungscc646.jpeg,2,1073
lungscc2501.jpeg,2,1027
lungaca1657.jpeg,0,593
lungscc2722.jpeg,2,1034
lungscc2223.jpeg,2,1195
lungn838.jpeg,1,974
lungn1413.jpeg,1,959
lungscc4457.jpeg,2,1235
lungscc2129.jpeg,2,1168
lungn2157.jpeg,1,919
lungaca149.jpeg,0,511
lungscc3411.jpeg,2,1147
lungscc655.jpeg,2,1086
lungaca562.jpeg,0,552
lungaca856.jpeg,0,506
lungscc341.jpeg,2,1235
lungn464.jpeg,1,814
lungaca2013.jpeg,0,639
lungscc4216.jpeg,2,1163
lungn2830.jpeg,1,994
lungaca3734.jpeg,0,527
lungn1114.jpeg,1,982
lungn1796.jpeg,1,921
lungscc3279.jpeg,2,1081
lungaca1619.jpeg,0,655
lungscc4907.jpeg,2,1036
lungaca1586.jpeg,0,640
lungn2341.jpeg,1,896
lungaca2487.jpeg,0,552
lungn2789.jpeg,1,761
lungscc1138.jpeg,2,1235
lungaca2894.jpeg,0,675
lungn2275.jpeg,1,919
lungscc2882.jpeg,2,1057
lungn3300.jpeg,1,864
lungscc575.jpeg,2,1084
lungaca3868.jpeg,0,740
lungn245.jpeg,1,807
lungscc4264.jpeg,2,1145
lungscc4243.jpeg,2,1241
lungscc2947.jpeg,2,1096
lungaca3093.jpeg,0,572
lungscc1757.jpeg,2,1043
lungaca1293.jpeg,0,684
lungn1670.jpeg,1,851
lungscc1596.jpeg,2,1170
lungaca2417.jpeg,0,521
lungaca3921.jpeg,0,699
lungscc3293.jpeg,2,1065
lungaca2950.jpeg,0,720
lungn2128.jpeg,1,894
lungscc2202.jpeg,2,1117
lungscc4936.jpeg,2,1131
lungn518.jpeg,1,785
lungscc4542.jpeg,2,1216
lungn2551.jpeg,1,761
lungscc4163.jpeg,2,1129
lungscc4872.jpeg,2,1091
lungaca3482.jpeg,0,532
lungn4609.jpeg,1,912
lungscc4143.jpeg,2,1041
lungn670.jpeg,1,925
lungscc72.jpeg,2,1180
lungaca1565.jpeg,0,552
lungn2111.jpeg,1,816
lungn3748.jpeg,1,822
lungaca4670.jpeg,0,559
lungn4075.jpeg,1,905
lungscc3287.jpeg,2,1089
lungn4152.jpeg,1,795
lungn1466.jpeg,1,971
lungn4155.jpeg,1,782
lungn612.jpeg,1,780
lungn3041.jpeg,1,817
lungn3741.jpeg,1,782
lungn4305.jpeg,1,964
lungaca3653.jpeg,0,526
lungn2107.jpeg,1,931
lungscc3236.jpeg,2,1206
lungn3015.jpeg,1,838
lungaca4137.jpeg,0,559
lungscc4629.jpeg,2,1092
lungn981.jpeg,1,959
lungscc2769.jpeg,2,1005
lungaca1397.jpeg,0,563
lungaca4261.jpeg,0,718
lungn263.jpeg,1,861
lungscc4038.jpeg,2,1204
lungaca4879.jpeg,0,617
lungaca4435.jpeg,0,526
lungscc3248.jpeg,2,1169
lungn4923.jpeg,1,933
lungn344.jpeg,1,831
lungscc1997.jpeg,2,1160
lungn1755.jpeg,1,782
lungaca4816.jpeg,0,670
lungn4933.jpeg,1,936
lungaca2.jpeg,0,664
lungn2752.jpeg,1,964
lungn798.jpeg,1,940
lungaca443.jpeg,0,568
lungn2343.jpeg,1,953
lungscc4349.jpeg,2,1171
lungscc4902.jpeg,2,1156
lungn3096.jpeg,1,892
lungaca4848.jpeg,0,658
lungn3235.jpeg,1,987
lungaca3905.jpeg,0,693
lungscc2518.jpeg,2,1135
lungscc1378.jpeg,2,1083
lungscc1094.jpeg,2,1062
lungn3183.jpeg,1,837
lungaca1926.jpeg,0,623
lungaca4749.jpeg,0,679
lungaca3188.jpeg,0,727
lungaca374.jpeg,0,739
lungaca3400.jpeg,0,608
lungn1295.jpeg,1,824
lungaca836.jpeg,0,717
lungaca1503.jpeg,0,596
lungaca1264.jpeg,0,653
lungaca3930.jpeg,0,533
lungn4889.jpeg,1,867
lungn515.jpeg,1,848
lungn909.jpeg,1,852
lungaca1507.jpeg,0,549
lungaca1669.jpeg,0,570
lungaca1892.jpeg,0,593
lungscc3240.jpeg,2,1181
lungaca3735.jpeg,0,699
lungscc2130.jpeg,2,1141
lungscc4005.jpeg,2,1079
lungn4272.jpeg,1,782
lungaca2746.jpeg,0,665
lungaca1144.jpeg,0,690
lungaca927.jpeg,0,642
lungscc2652.jpeg,2,1005
lungn4451.jpeg,1,784
lungscc4823.jpeg,2,1177
lungscc4078.jpeg,2,1115
lungscc2065.jpeg,2,1175
lungn3136.jpeg,1,838
lungscc4360.jpeg,2,1000
lungscc3318.jpeg,2,1110
lungn2139.jpeg,1,750
lungaca2809.jpeg,0,536
lungscc3616.jpeg,2,1001
lungscc3678.jpeg,2,1044
lungscc1168.jpeg,2,1142
lungscc2440.jpeg,2,1090
lungscc3531.jpeg,2,1228
lungaca1979.jpeg,0,604
lungaca4420.jpeg,0,593
lungn147.jpeg,1,861
lungscc3576.jpeg,2,1010
lungn4338.jpeg,1,777
lungn804.jpeg,1,920
lungaca980.jpeg,0,561
lungn1218.jpeg,1,944
lungaca2091.jpeg,0,609
lungscc2758.jpeg,2,1068
lungscc4370.jpeg,2,1096
lungn123.jpeg,1,805
lungaca21.jpeg,0,735
lungaca4462.jpeg,0,568
lungscc4627.jpeg,2,1076
lungn4160.jpeg,1,904
lungn873.jpeg,1,797
lungn1727.jpeg,1,820
lungn3907.jpeg,1,988
lungaca3114.jpeg,0,589
lungaca4974.jpeg,0,549
lungscc1936.jpeg,2,1169
lungaca4807.jpeg,0,626
lungaca614.jpeg,0,588
lungscc3435.jpeg,2,1174
lungscc2801.jpeg,2,1173
lungscc2432.jpeg,2,1023
lungn3203.jpeg,1,939
lungscc2603.jpeg,2,1192
lungn4586.jpeg,1,788
lungaca326.jpeg,0,519
lungn20.jpeg,1,765
lungn640.jpeg,1,919
lungn1932.jpeg,1,850
lungscc340.jpeg,2,1164
lungn986.jpeg,1,802
lungn14.jpeg,1,949
lungscc3439.jpeg,2,1138
lungaca615.jpeg,0,705
lungn4969.jpeg,1,861
lungscc231.jpeg,2,1143
lungaca3698.jpeg,0,703
lungaca1007.jpeg,0,734
lungscc953.jpeg,2,1176
lungaca4839.jpeg,0,572
lungaca2086.jpeg,0,657
lungaca743.jpeg,0,636
lungn2973.jpeg,1,852
lungaca1017.jpeg,0,568
lungscc1553.jpeg,2,1081
lungn4237.jpeg,1,756
lungaca1851.jpeg,0,687
lungaca3778.jpeg,0,710
lungn3234.jpeg,1,874
lungaca1704.jpeg,0,714
lungscc2328.jpeg,2,1035
lungscc988.jpeg,2,1156
lungn1999.jpeg,1,827
lungn1788.jpeg,1,942
lungaca2321.jpeg,0,592
lungaca467.jpeg,0,592
lungaca4095.jpeg,0,549
lungscc2984.jpeg,2,1191
lungn272.jpeg,1,772
lungaca1764.jpeg,0,577
lungscc3919.jpeg,2,1106
lungscc931.jpeg,2,1203
lungn814.jpeg,1,796
lungscc3464.jpeg,2,1033
lungscc2866.jpeg,2,1237
lungaca2380.jpeg,0,722
lungn243.jpeg,1,966
lungaca2954.jpeg,0,549
lungn1586.jpeg,1,754
lungn3364.jpeg,1,887
lungscc3166.jpeg,2,1102
lungn1294.jpeg,1,753
lungscc28.jpeg,2,1116
lungaca4999.jpeg,0,657
lungaca409.jpeg,0,738
lungscc4564.jpeg,2,1186
lungaca164.jpeg,0,513
lungn4395.jpeg,1,827
lungn1134.jpeg,1,751
lungn1183.jpeg,1,900
lungaca2643.jpeg,0,620
lungscc4819.jpeg,2,1062
lungaca1774.jpeg,0,703
lungaca2185.jpeg,0,538
lungaca2514.jpeg,0,547
lungscc3303.jpeg,2,1026
lungn3491.jpeg,1,891
lungaca1938.jpeg,0,542
lungaca1261.jpeg,0,638
lungn4836.jpeg,1,912
lungn2997.jpeg,1,848
lungn3066.jpeg,1,857
lungn2651.jpeg,1,917
lungaca1780.jpeg,0,664
lungaca1505.jpeg,0,590
lungscc1715.jpeg,2,1106
lungaca1608.jpeg,0,648
lungaca2098.jpeg,0,586
lungaca1871.jpeg,0,542
lungscc3454.jpeg,2,1076
lungscc4551.jpeg,2,1166
lungn1123.jpeg,1,836
lungaca3886.jpeg,0,671
lungn1042.jpeg,1,756
lungaca1495.jpeg,0,638
lungscc1542.jpeg,2,1024
lungn3165.jpeg,1,878
lungn2410.jpeg,1,891
lungaca1070.jpeg,0,706
lungn3701.jpeg,1,776
lungscc715.jpeg,2,1111
lungaca3319.jpeg,0,530
lungaca1374.jpeg,0,541
lungaca2488.jpeg,0,530
lungn385.jpeg,1,878
lungaca294.jpeg,0,719
lungn2183.jpeg,1,779
lungscc943.jpeg,2,1049
lungscc4252.jpeg,2,1011
lungaca551.jpeg,0,680
lungscc2836.jpeg,2,1187
lungn1718.jpeg,1,793
lungn3076.jpeg,1,840
lungaca1106.jpeg,0,524
lungn1749.jpeg,1,891
lungn2035.jpeg,1,841
lungaca3551.jpeg,0,634
lungscc990.jpeg,2,1052
lungscc890.jpeg,2,1112
lungaca3137.jpeg,0,523
lungn746.jpeg,1,997
lungscc2770.jpeg,2,1038
lungaca3720.jpeg,0,655
lungscc3668.jpeg,2,1056
lungaca1793.jpeg,0,594
lungn304.jpeg,1,939
lungaca2985.jpeg,0,730
lungn3521.jpeg,1,924
lungn4862.jpeg,1,881
lungscc2842.jpeg,2,1205
lungaca3710.jpeg,0,554
lungscc1935.jpeg,2,1011
lungaca369.jpeg,0,529
lungaca3479.jpeg,0,656
lungscc3456.jpeg,2,1133
lungn661.jpeg,1,826
lungaca660.jpeg,0,735
lungaca111.jpeg,0,586
lungaca3608.jpeg,0,529
lungaca1706.jpeg,0,669
lungaca3611.jpeg,0,743
lungscc1451.jpeg,2,1209
lungaca2631.jpeg,0,605
lungn4209.jpeg,1,760
lungaca1544.jpeg,0,697
lungaca3841.jpeg,0,656
lungn2698.jpeg,1,926
lungaca1203.jpeg,0,687
lungaca1542.jpeg,0,730
lungaca4766.jpeg,0,705
lungscc1896.jpeg,2,1163
lungn4220.jpeg,1,860
lungn1029.jpeg,1,863
lungn737.jpeg,1,912
lungn1847.jpeg,1,922
lungscc541.jpeg,2,1131
lungn3598.jpeg,1,964
lungscc1821.jpeg,2,1056
lungaca3810.jpeg,0,627
lungaca3499.jpeg,0,516
lungscc1607.jpeg,2,1027
lungaca4239.jpeg,0,520
lungn4269.jpeg,1,868
lungaca4566.jpeg,0,725
lungscc3133.jpeg,2,1142
lungn341.jpeg,1,768
lungaca3401.jpeg,0,513
lungn2284.jpeg,1,965
lungscc687.jpeg,2,1144
lungaca1756.jpeg,0,624
lungn4048.jpeg,1,754
lungn1254.jpeg,1,838
lungn493.jpeg,1,892
lungscc3672.jpeg,2,1040
lungn4507.jpeg,1,868
lungn576.jpeg,1,912
lungaca3420.jpeg,0,678
lungscc2986.jpeg,2,1012
lungaca4827.jpeg,0,577
lungaca1314.jpeg,0,629
lungn3657.jpeg,1,785
lungaca2708.jpeg,0,656
lungscc1623.jpeg,2,1033
lungaca1113.jpeg,0,640
lungn3614.jpeg,1,783
lungaca4369.jpeg,0,522
lungaca3510.jpeg,0,635
lungscc4088.jpeg,2,1116
lungscc3566.jpeg,2,1053
lungaca541.jpeg,0,732
lungn2335.jpeg,1,927
lungn3658.jpeg,1,785
lungaca4186.jpeg,0,659
lungn2205.jpeg,1,993
lungaca1134.jpeg,0,614
lungaca194.jpeg,0,598
lungscc4016.jpeg,2,1222
lungscc520.jpeg,2,1129
lungscc4875.jpeg,2,1111
lungaca3847.jpeg,0,695
lungn4610.jpeg,1,912
lungn1425.jpeg,1,987
lungaca3996.jpeg,0,636
lungaca4627.jpeg,0,516
lungn646.jpeg,1,979
lungscc229.jpeg,2,1154
lungn2772.jpeg,1,857
lungscc1439.jpeg,2,1083
lungn1083.jpeg,1,941
lungscc232.jpeg,2,1111
lungscc3627.jpeg,2,1019
lungscc2384.jpeg,2,1081
lungaca4208.jpeg,0,540
lungn1047.jpeg,1,951
lungscc2811.jpeg,2,1182
lungscc4916.jpeg,2,1084
lungscc3284.jpeg,2,1119
lungaca3399.jpeg,0,619
lungn38.jpeg,1,862
lungaca4353.jpeg,0,684
lungscc4004.jpeg,2,1121
lungaca2729.jpeg,0,530
lungn1079.jpeg,1,828
lungaca4308.jpeg,0,560
lungaca4299.jpeg,0,681
lungn2086.jpeg,1,975
lungn550.jpeg,1,859
lungaca2686.jpeg,0,520
lungaca1229.jpeg,0,569
lungn1521.jpeg,1,788
lungscc1002.jpeg,2,1072
lungaca3490.jpeg,0,633
lungaca1834.jpeg,0,722
lungscc2249.jpeg,2,1049
lungaca2088.jpeg,0,597
lungaca3182.jpeg,0,552
lungscc4419.jpeg,2,1162
lungaca2474.jpeg,0,516
lungscc2267.jpeg,2,1092
lungn2843.jpeg,1,760
lungn1741.jpeg,1,979
lungaca276.jpeg,0,513
lungscc2412.jpeg,2,1096
lungaca1464.jpeg,0,552
lungn4693.jpeg,1,780
lungscc818.jpeg,2,1197
lungscc1628.jpeg,2,1183
lungn2163.jpeg,1,921
lungn4750.jpeg,1,963
lungn4210.jpeg,1,760
lungaca1129.jpeg,0,664
lungn1110.jpeg,1,802
lungaca3544.jpeg,0,552
lungn4204.jpeg,1,887
lungaca181.jpeg,0,685
lungn2518.jpeg,1,766
lungscc4214.jpeg,2,1170
lungscc3993.jpeg,2,1024
lungscc3291.jpeg,2,1035
lungscc3824.jpeg,2,1051
lungn125.jpeg,1,788
lungscc4326.jpeg,2,1071
lungaca272.jpeg,0,664
lungaca1224.jpeg,0,699
lungaca2773.jpeg,0,598
lungaca362.jpeg,0,604
lungaca3049.jpeg,0,614
lungn774.jpeg,1,939
lungscc4454.jpeg,2,1023
lungn2423.jpeg,1,872
lungn138.jpeg,1,817
lungaca2064.jpeg,0,680
lungn1356.jpeg,1,870
lungscc1277.jpeg,2,1109
lungscc1316.jpeg,2,1024
lungn4183.jpeg,1,878
lungscc1489.jpeg,2,1133
lungscc2635.jpeg,2,1089
lungscc3199.jpeg,2,1071
lungn635.jpeg,1,800
lungaca3061.jpeg,0,708
lungaca1942.jpeg,0,555
lungaca211.jpeg,0,673
lungscc691.jpeg,2,1231
lungn4342.jpeg,1,792
lungaca585.jpeg,0,561
lungn1116.jpeg,1,877
lungn4029.jpeg,1,838
lungaca4792.jpeg,0,658
lungaca4736.jpeg,0,710
lungaca4603.jpeg,0,608
lungn2385.jpeg,1,786
lungn4328.jpeg,1,914
lungscc4942.jpeg,2,1162
lungscc4208.jpeg,2,1056
lungscc1560.jpeg,2,1155
lungn2286.jpeg,1,794
lungscc919.jpeg,2,1177
lungn3575.jpeg,1,776
lungscc4286.jpeg,2,1061
lungn2894.jpeg,1,899
lungn665.jpeg,1,839
lungn4061.jpeg,1,883
lungaca4870.jpeg,0,521
lungscc1167.jpeg,2,1157
lungscc4047.jpeg,2,1090
lungaca2007.jpeg,0,706
lungscc3008.jpeg,2,1002
lungaca4883.jpeg,0,546
lungn3695.jpeg,1,815
lungscc4114.jpeg,2,1051
lungn1603.jpeg,1,824
lungaca3749.jpeg,0,667
lungn1373.jpeg,1,831
lungscc686.jpeg,2,1144
lungn75.jpeg,1,867
lungaca2732.jpeg,0,601
lungaca2630.jpeg,0,641
lungn1979.jpeg,1,836
lungaca3210.jpeg,0,569
lungscc4683.jpeg,2,1176
lungn1992.jpeg,1,757
lungaca4891.jpeg,0,587
lungaca792.jpeg,0,599
lungscc717.jpeg,2,1133
lungscc2425.jpeg,2,1033
lungaca2339.jpeg,0,678
lungn4767.jpeg,1,856
lungaca509.jpeg,0,562
lungaca1058.jpeg,0,731
lungn1560.jpeg,1,889
lungscc3254.jpeg,2,1043
lungn3167.jpeg,1,993
lungn2223.jpeg,1,916
lungn4253.jpeg,1,833
lungn3623.jpeg,1,868
lungscc3034.jpeg,2,1114
lungaca2299.jpeg,0,531
lungn1753.jpeg,1,808
lungn1517.jpeg,1,859
lungscc4292.jpeg,2,1111
lungaca1476.jpeg,0,622
lungn4242.jpeg,1,818
lungaca1439.jpeg,0,528
lungaca2327.jpeg,0,668
lungscc2376.jpeg,2,1104
lungscc215.jpeg,2,1141
lungn3010.jpeg,1,984
lungscc1550.jpeg,2,1051
lungaca4512.jpeg,0,530
lungscc4162.jpeg,2,1013
lungaca1581.jpeg,0,646
lungaca2161.jpeg,0,565
lungaca1389.jpeg,0,734
lungaca4370.jpeg,0,628
lungscc768.jpeg,2,1112
lungscc4863.jpeg,2,1048
lungn2046.jpeg,1,853
lungscc461.jpeg,2,1007
lungaca3175.jpeg,0,586
lungaca4518.jpeg,0,669
lungn1478.jpeg,1,964
lungn2974.jpeg,1,892
lungaca4472.jpeg,0,673
lungscc1517.jpeg,2,1021
lungscc2787.jpeg,2,1163
lungaca4268.jpeg,0,633
lungscc2168.jpeg,2,1070
lungscc3422.jpeg,2,1070
lungscc1330.jpeg,2,1069
lungn2442.jpeg,1,876
lungscc765.jpeg,2,1125
lungn2674.jpeg,1,909
lungn1728.jpeg,1,987
lungn4570.jpeg,1,814
lungaca1171.jpeg,0,576
lungaca3425.jpeg,0,675
lungn4728.jpeg,1,922
lungn2200.jpeg,1,885
lungaca2370.jpeg,0,556
lungscc4561.jpeg,2,1023
lungscc218.jpeg,2,1048
lungaca1189.jpeg,0,510
lungaca2322.jpeg,0,648
lungn4783.jpeg,1,973
lungn432.jpeg,1,909
lungaca1128.jpeg,0,697
lungn1831.jpeg,1,975
lungscc3920.jpeg,2,1231
lungscc2339.jpeg,2,1127
lungaca4407.jpeg,0,556
lungaca4390.jpeg,0,634
lungaca2011.jpeg,0,688
lungaca4346.jpeg,0,737
lungscc1754.jpeg,2,1189
lungn467.jpeg,1,899
lungn1527.jpeg,1,807
lungn2135.jpeg,1,890
lungscc648.jpeg,2,1018
lungscc4847.jpeg,2,1245
lungn3430.jpeg,1,884
lungscc1086.jpeg,2,1086
lungscc1787.jpeg,2,1133
lungaca841.jpeg,0,550
lungn2001.jpeg,1,779
lungaca4228.jpeg,0,530
lungaca3816.jpeg,0,673
lungscc1502.jpeg,2,1162
lungscc3735.jpeg,2,1208
lungn395.jpeg,1,766
lungn2546.jpeg,1,872
lungaca3421.jpeg,0,708
lungaca1929.jpeg,0,524
lungscc2588.jpeg,2,1165
lungaca1953.jpeg,0,746
lungn2122.jpeg,1,822
lungn4871.jpeg,1,850
lungaca2705.jpeg,0,616
lungn2500.jpeg,1,876
lungaca3445.jpeg,0,624
lungn1792.jpeg,1,875
lungscc2481.jpeg,2,1197
lungscc3314.jpeg,2,1142
lungn2878.jpeg,1,787
lungaca2714.jpeg,0,692
lungaca4982.jpeg,0,624
lungaca1087.jpeg,0,630
lungaca219.jpeg,0,513
lungn604.jpeg,1,934
lungaca3408.jpeg,0,580
lungn3517.jpeg,1,911
lungscc3764.jpeg,2,1076
lungaca4951.jpeg,0,575
lungscc1952.jpeg,2,1208
lungscc260.jpeg,2,1239
lungn1924.jpeg,1,985
lungscc1134.jpeg,2,1137
lungscc756.jpeg,2,1221
lungn4254.jpeg,1,989
lungn2944.jpeg,1,785
lungaca1879.jpeg,0,539
lungn1915.jpeg,1,884
lungscc4625.jpeg,2,1173
lungn3064.jpeg,1,970
lungscc4624.jpeg,2,1024
lungn1559.jpeg,1,884
lungn3254.jpeg,1,985
lungscc1685.jpeg,2,1103
lungn3758.jpeg,1,890
lungn1681.jpeg,1,853
lungscc4668.jpeg,2,1036
lungaca4077.jpeg,0,548
lungn2857.jpeg,1,801
lungscc471.jpeg,2,1159
lungaca4307.jpeg,0,580
lungscc3875.jpeg,2,1016
lungn290.jpeg,1,794
lungaca2476.jpeg,0,646
lungaca98.jpeg,0,657
lungscc4653.jpeg,2,1222
lungscc4680.jpeg,2,1019
lungaca3345.jpeg,0,614
lungaca3765.jpeg,0,597
lungn335.jpeg,1,912
lungscc1269.jpeg,2,1124
lungn2653.jpeg,1,838
lungaca2598.jpeg,0,683
lungaca1786.jpeg,0,642
lungaca3803.jpeg,0,689
lungaca212.jpeg,0,562
lungscc4355.jpeg,2,1086
lungaca281.jpeg,0,517
lungn4283.jpeg,1,845
lungaca2604.jpeg,0,531
lungscc1791.jpeg,2,1237
lungn3464.jpeg,1,775
lungaca4422.jpeg,0,649
lungaca4757.jpeg,0,643
lungscc4763.jpeg,2,1181
lungscc2354.jpeg,2,1041
lungaca1554.jpeg,0,630
lungscc3856.jpeg,2,1042
lungscc1362.jpeg,2,1044
lungn3467.jpeg,1,773
lungscc131.jpeg,2,1075
lungscc3343.jpeg,2,1007
lungscc3004.jpeg,2,1161
lungaca2556.jpeg,0,508
lungscc408.jpeg,2,1010
lungscc1766.jpeg,2,1168
lungaca493.jpeg,0,699
lungn785.jpeg,1,892
lungn4775.jpeg,1,924
lungn2006.jpeg,1,846
lungaca3353.jpeg,0,544
lungscc962.jpeg,2,1171
lungn4831.jpeg,1,944
lungscc3070.jpeg,2,1095
lungscc4922.jpeg,2,1073
lungaca3410.jpeg,0,560
lungn3304.jpeg,1,994
lungaca3530.jpeg,0,738
lungaca62.jpeg,0,549
lungn332.jpeg,1,977
lungn1226.jpeg,1,818
lungn127.jpeg,1,799
lungaca1458.jpeg,0,624
lungscc4784.jpeg,2,1072
lungaca3063.jpeg,0,626
lungn632.jpeg,1,770
lungscc1067.jpeg,2,1023
lungaca975.jpeg,0,657
lungaca1125.jpeg,0,659
lungn1734.jpeg,1,833
lungaca165.jpeg,0,648
lungn2936.jpeg,1,874
lungscc2300.jpeg,2,1244
lungscc1445.jpeg,2,1080
lungscc1770.jpeg,2,1179
lungscc3841.jpeg,2,1118
lungscc4613.jpeg,2,1245
lungn3427.jpeg,1,831
lungn1567.jpeg,1,808
lungn1815.jpeg,1,880
lungn2899.jpeg,1,777
lungn4171.jpeg,1,932
lungscc1540.jpeg,2,1018
lungscc2719.jpeg,2,1189
lungn1770.jpeg,1,792
lungn4377.jpeg,1,752
lungscc862.jpeg,2,1058
lungscc2144.jpeg,2,1012
lungaca2317.jpeg,0,572
lungn2449.jpeg,1,861
lungaca4780.jpeg,0,704
lungscc701.jpeg,2,1101
lungscc3610.jpeg,2,1088
lungn1726.jpeg,1,926
lungaca371.jpeg,0,743
lungn4941.jpeg,1,840
lungaca392.jpeg,0,625
lungn2109.jpeg,1,828
lungscc3273.jpeg,2,1018
lungscc685.jpeg,2,1049
lungaca3607.jpeg,0,590
lungn3063.jpeg,1,803
lungscc4614.jpeg,2,1116
lungscc112.jpeg,2,1229
lungscc1292.jpeg,2,1240
lungn4024.jpeg,1,803
lungaca145.jpeg,0,556
lungn3917.jpeg,1,751
lungn4501.jpeg,1,962
lungn2691.jpeg,1,912
lungscc4245.jpeg,2,1126
lungaca2073.jpeg,0,576
lungscc1869.jpeg,2,1127
lungaca4264.jpeg,0,653
lungaca4170.jpeg,0,618
lungn1424.jpeg,1,874
lungn715.jpeg,1,758
lungscc1546.jpeg,2,1238
lungaca3384.jpeg,0,613
lungaca4986.jpeg,0,568
lungscc2167.jpeg,2,1167
lungn4826.jpeg,1,991
lungn761.jpeg,1,884
lungn3656.jpeg,1,900
lungn3378.jpeg,1,904
lungn4362.jpeg,1,877
lungscc2967.jpeg,2,1007
lungaca2215.jpeg,0,566
lungaca2548.jpeg,0,741
lungn2836.jpeg,1,851
lungaca3095.jpeg,0,572
lungn2859.jpeg,1,776
lungaca3186.jpeg,0,725
lungscc817.jpeg,2,1175
lungscc4794.jpeg,2,1084
lungscc3776.jpeg,2,1223
lungscc3465.jpeg,2,1078
lungscc737.jpeg,2,1183
lungaca4163.jpeg,0,700
lungn893.jpeg,1,915
lungn2763.jpeg,1,796
lungscc2330.jpeg,2,1009
lungscc1429.jpeg,2,1213
lungn153.jpeg,1,800
lungscc4020.jpeg,2,1142
lungn2474.jpeg,1,937
lungaca4862.jpeg,0,604
lungn140.jpeg,1,817
lungn4128.jpeg,1,927
lungn2323.jpeg,1,773
lungaca2422.jpeg,0,543
lungn1379.jpeg,1,889
lungn4577.jpeg,1,968
lungaca742.jpeg,0,546
lungscc3806.jpeg,2,1048
lungaca2520.jpeg,0,692
lungscc2901.jpeg,2,1244
lungscc4218.jpeg,2,1123
lungscc1651.jpeg,2,1192
lungn1189.jpeg,1,803
lungn2819.jpeg,1,864
lungaca66.jpeg,0,739
lungaca974.jpeg,0,722
lungaca20.jpeg,0,515
lungaca1827.jpeg,0,602
lungscc3292.jpeg,2,1035
lungscc3972.jpeg,2,1029
lungn3221.jpeg,1,762
lungaca3155.jpeg,0,506
lungaca3690.jpeg,0,599
lungaca515.jpeg,0,520
lungn754.jpeg,1,768
lungn944.jpeg,1,921
lungn4591.jpeg,1,991
lungaca2715.jpeg,0,545
lungn1217.jpeg,1,854
lungn578.jpeg,1,900
lungn4347.jpeg,1,966
lungn151.jpeg,1,926
lungn1039.jpeg,1,798
lungscc1177.jpeg,2,1146
lungaca2576.jpeg,0,586
lungn652.jpeg,1,795
lungscc1340.jpeg,2,1057
lungscc2540.jpeg,2,1116
lungn3528.jpeg,1,802
lungn321.jpeg,1,871
lungscc2303.jpeg,2,1144
lungn2828.jpeg,1,922
lungaca3082.jpeg,0,627
lungaca1489.jpeg,0,668
lungaca3940.jpeg,0,657
lungaca579.jpeg,0,644
lungscc550.jpeg,2,1201
lungn4556.jpeg,1,771
lungscc4938.jpeg,2,1182
lungscc4858.jpeg,2,1170
lungscc2100.jpeg,2,1126
lungaca358.jpeg,0,574
lungaca1071.jpeg,0,601
lungn1338.jpeg,1,955
lungscc4919.jpeg,2,1114
lungaca3581.jpeg,0,518
lungn546.jpeg,1,956
lungn384.jpeg,1,773
lungaca2585.jpeg,0,708
lungn3444.jpeg,1,827
lungaca1629.jpeg,0,607
lungaca1235.jpeg,0,639
lungaca3166.jpeg,0,513
lungscc1125.jpeg,2,1168
lungn3175.jpeg,1,977
lungaca4861.jpeg,0,687
lungaca2912.jpeg,0,688
lungn371.jpeg,1,792
lungaca4363.jpeg,0,716
lungn3112.jpeg,1,877
lungscc3282.jpeg,2,1237
lungn1105.jpeg,1,946
lungn1266.jpeg,1,769
lungn2082.jpeg,1,959
lungaca2365.jpeg,0,618
lungaca2182.jpeg,0,618
lungaca3208.jpeg,0,588
lungaca4413.jpeg,0,546
lungscc1434.jpeg,2,1039
lungscc3623.jpeg,2,1168
lungscc2132.jpeg,2,1053
lungscc1491.jpeg,2,1017
lungaca1977.jpeg,0,687
lungn2730.jpeg,1,801
lungaca2406.jpeg,0,666
lungaca2814.jpeg,0,641
lungn3181.jpeg,1,943
lungscc4374.jpeg,2,1052
lungn611.jpeg,1,822
lungaca3514.jpeg,0,568
lungaca31.jpeg,0,677
lungaca2848.jpeg,0,618
lungn212.jpeg,1,938
lungscc3747.jpeg,2,1023
lungn1588.jpeg,1,901
lungn2687.jpeg,1,885
lungscc4700.jpeg,2,1008
lungn4647.jpeg,1,846
lungscc3062.jpeg,2,1011
lungaca3703.jpeg,0,730
lungn375.jpeg,1,852
lungscc144.jpeg,2,1021
lungscc1584.jpeg,2,999
lungscc174.jpeg,2,1081
lungn1627.jpeg,1,826
lungaca3543.jpeg,0,547
lungscc3866.jpeg,2,1231
lungaca682.jpeg,0,676
lungn4855.jpeg,1,933
lungaca3693.jpeg,0,711
lungscc4192.jpeg,2,1002
lungn926.jpeg,1,928
lungaca3497.jpeg,0,694
lungaca3775.jpeg,0,672
lungscc3419.jpeg,2,1109
lungscc4382.jpeg,2,1233
lungn751.jpeg,1,919
lungscc1825.jpeg,2,1001
lungscc782.jpeg,2,1155
lungscc1132.jpeg,2,1134
lungscc1543.jpeg,2,1173
lungn2009.jpeg,1,781
lungn2040.jpeg,1,759
lungn3334.jpeg,1,754
lungn683.jpeg,1,749
lungn2407.jpeg,1,889
lungn1894.jpeg,1,773
lungscc1403.jpeg,2,1107
lungaca2028.jpeg,0,522
lungscc4805.jpeg,2,1039
lungn1322.jpeg,1,780
lungn1052.jpeg,1,770
lungaca2633.jpeg,0,560
lungn2649.jpeg,1,995
lungscc794.jpeg,2,1059
lungaca1635.jpeg,0,670
lungaca2945.jpeg,0,692
lungn3746.jpeg,1,777
lungscc311.jpeg,2,1180
lungaca4154.jpeg,0,709
lungscc289.jpeg,2,1010
lungn1635.jpeg,1,846
lungn2244.jpeg,1,956
lungscc4808.jpeg,2,1185
lungaca2084.jpeg,0,511
lungaca4157.jpeg,0,720
lungaca1236.jpeg,0,613
lungn4434.jpeg,1,947
lungn3856.jpeg,1,816
lungaca2810.jpeg,0,744
lungaca2775.jpeg,0,581
lungscc3651.jpeg,2,1229
lungscc2865.jpeg,2,1017
lungn2330.jpeg,1,864
lungaca1369.jpeg,0,580
lungscc4075.jpeg,2,1070
lungscc4940.jpeg,2,1067
lungscc4144.jpeg,2,1095
lungaca3783.jpeg,0,573
lungn4849.jpeg,1,800
lungscc109.jpeg,2,1000
lungn2801.jpeg,1,854
lungn2690.jpeg,1,967
lungaca429.jpeg,0,549
lungscc1905.jpeg,2,1032
lungscc548.jpeg,2,1002
lungn4234.jpeg,1,798
lungscc4971.jpeg,2,1232
lungn2228.jpeg,1,969
lungaca500.jpeg,0,576
lungaca1415.jpeg,0,593
lungn4333.jpeg,1,934
lungaca3454.jpeg,0,568
lungn1945.jpeg,1,991
lungaca1019.jpeg,0,601
lungaca2135.jpeg,0,723
lungn1785.jpeg,1,858
lungn706.jpeg,1,759
lungaca785.jpeg,0,610
lungscc1644.jpeg,2,1105
lungn4200.jpeg,1,910
lungscc1980.jpeg,2,1147
lungscc2893.jpeg,2,1022
lungaca3374.jpeg,0,563
lungn702.jpeg,1,831
lungscc1853.jpeg,2,1191
lungn4890.jpeg,1,811
lungn1969.jpeg,1,875
lungn1902.jpeg,1,861
lungscc1044.jpeg,2,1203
lungaca4947.jpeg,0,518
lungn1249.jpeg,1,931
lungn468.jpeg,1,893
lungaca480.jpeg,0,620
lungscc2119.jpeg,2,1211
lungn3557.jpeg,1,855
lungscc3822.jpeg,2,1092
lungn3098.jpeg,1,798
lungaca1462.jpeg,0,737
lungscc3697.jpeg,2,1219
lungscc3326.jpeg,2,1245
lungn3909.jpeg,1,803
lungn1730.jpeg,1,772
lungscc2057.jpeg,2,1031
lungaca382.jpeg,0,567
lungaca593.jpeg,0,579
lungscc2459.jpeg,2,1184
lungn4243.jpeg,1,878
lungaca3122.jpeg,0,569
lungscc4399.jpeg,2,1048
lungn2701.jpeg,1,848
lungscc2082.jpeg,2,1188
lungscc4820.jpeg,2,1033
lungaca7.jpeg,0,561
lungn3723.jpeg,1,933
lungn1204.jpeg,1,898
lungaca1949.jpeg,0,662
lungscc384.jpeg,2,1220
lungscc666.jpeg,2,1069
lungaca2769.jpeg,0,516
lungaca4733.jpeg,0,672
lungn1947.jpeg,1,778
lungn429.jpeg,1,932
lungaca360.jpeg,0,585
lungscc3511.jpeg,2,1037
lungn4382.jpeg,1,995
lungaca2771.jpeg,0,670
lungaca590.jpeg,0,747
lungaca3793.jpeg,0,632
lungn3225.jpeg,1,842
lungn2447.jpeg,1,787
lungscc3145.jpeg,2,1029
lungaca2889.jpeg,0,582
lungn668.jpeg,1,769
lungn2304.jpeg,1,880
lungaca4023.jpeg,0,634
lungscc450.jpeg,2,1049
lungaca1940.jpeg,0,531
lungn832.jpeg,1,839
lungscc4868.jpeg,2,1104
lungaca395.jpeg,0,564
lungscc3699.jpeg,2,1086
lungscc4190.jpeg,2,1109
lungscc3859.jpeg,2,1033
lungscc88.jpeg,2,1168
lungaca3422.jpeg,0,634
lungn3480.jpeg,1,900
lungn3423.jpeg,1,921
lungaca696.jpeg,0,575
lungn2492.jpeg,1,945
lungaca4716.jpeg,0,524
lungn3371.jpeg,1,816
lungscc2904.jpeg,2,1174
lungscc4807.jpeg,2,1111
lungn2778.jpeg,1,844
lungaca4298.jpeg,0,570
lungn3105.jpeg,1,883
lungn1686.jpeg,1,985
lungaca870.jpeg,0,691
lungscc4769.jpeg,2,1169
lungscc2165.jpeg,2,1216
lungn3943.jpeg,1,918
lungaca537.jpeg,0,719
lungscc2763.jpeg,2,1005
lungn1232.jpeg,1,787
lungscc4636.jpeg,2,1119
lungaca2820.jpeg,0,691
lungn4062.jpeg,1,770
lungn249.jpeg,1,819
lungscc110.jpeg,2,1210
lungscc4617.jpeg,2,1208
lungn3067.jpeg,1,891
lungn3270.jpeg,1,972
lungscc2889.jpeg,2,1110
lungscc3582.jpeg,2,1195
lungaca2560.jpeg,0,622
lungscc3113.jpeg,2,1080
lungn4030.jpeg,1,937
lungaca1152.jpeg,0,634
lungaca3520.jpeg,0,711
lungn3651.jpeg,1,787
lungaca2126.jpeg,0,569
lungscc678.jpeg,2,1031
lungn1050.jpeg,1,878
lungaca828.jpeg,0,725
lungscc4046.jpeg,2,1148
lungn2631.jpeg,1,940
lungaca2259.jpeg,0,534
lungn350.jpeg,1,923
lungn1634.jpeg,1,894
lungn765.jpeg,1,937
lungn4858.jpeg,1,841
lungaca104.jpeg,0,592
lungn2871.jpeg,1,871
lungaca4859.jpeg,0,663
lungn4615.jpeg,1,821
lungaca3116.jpeg,0,666
lungaca4892.jpeg,0,575
lungn2815.jpeg,1,897
lungscc3734.jpeg,2,1045
lungscc1786.jpeg,2,1064
lungscc4707.jpeg,2,1209
lungn3666.jpeg,1,984
lungn1264.jpeg,1,872
lungaca4188.jpeg,0,591
lungaca4494.jpeg,0,560
lungaca299.jpeg,0,545
lungaca4475.jpeg,0,723
lungn1705.jpeg,1,809
lungaca1217.jpeg,0,549
lungn1916.jpeg,1,855
lungscc3497.jpeg,2,1230
lungscc1509.jpeg,2,1115
lungscc3802.jpeg,2,1129
lungaca3531.jpeg,0,665
lungaca814.jpeg,0,747
lungaca3970.jpeg,0,626
lungn2785.jpeg,1,847
lungaca636.jpeg,0,622
lungscc1597.jpeg,2,1044
lungn1298.jpeg,1,862
lungn2383.jpeg,1,940
lungn3604.jpeg,1,821
lungaca2494.jpeg,0,625
lungaca3527.jpeg,0,619
lungscc1883.jpeg,2,1036
lungaca3341.jpeg,0,738
lungscc429.jpeg,2,1033
lungn66.jpeg,1,761
lungaca4058.jpeg,0,508
lungscc2179.jpeg,2,1107
lungn2315.jpeg,1,911
lungaca322.jpeg,0,599
lungscc922.jpeg,2,1094
lungscc1049.jpeg,2,1022
lungn192.jpeg,1,892
lungscc2088.jpeg,2,1173
lungaca1341.jpeg,0,737
lungscc4304.jpeg,2,1162
lungaca942.jpeg,0,666
lungn2539.jpeg,1,782
lungscc1925.jpeg,2,1151
lungaca4917.jpeg,0,655
lungaca4941.jpeg,0,533
lungscc177.jpeg,2,1086
lungscc1441.jpeg,2,1219
lungaca1785.jpeg,0,698
lungscc4576.jpeg,2,1010
lungscc1383.jpeg,2,1068
lungaca1039.jpeg,0,658
lungscc1732.jpeg,2,1191
lungn2534.jpeg,1,923
lungaca4207.jpeg,0,647
lungscc3082.jpeg,2,1144
lungn3873.jpeg,1,895
lungscc4296.jpeg,2,1121
lungn4520.jpeg,1,801
lungn3158.jpeg,1,799
lungaca908.jpeg,0,519
lungaca1790.jpeg,0,560
lungscc410.jpeg,2,1092
lungscc2135.jpeg,2,1101
lungaca2260.jpeg,0,681
lungn3113.jpeg,1,877
lungn1532.jpeg,1,842
lungscc39.jpeg,2,1020
lungscc1557.jpeg,2,1054
lungscc4541.jpeg,2,1177
lungn3100.jpeg,1,955
lungn3852.jpeg,1,889
lungn3443.jpeg,1,758
lungn3329.jpeg,1,930
lungscc2598.jpeg,2,1145
lungaca4266.jpeg,0,693
lungn866.jpeg,1,920
lungscc3494.jpeg,2,1006
lungscc4373.jpeg,2,1042
lungn1605.jpeg,1,983
lungscc1473.jpeg,2,998
lungscc224.jpeg,2,1235
lungn945.jpeg,1,768
lungscc4324.jpeg,2,1036
lungscc2166.jpeg,2,1002
lungn189.jpeg,1,972
lungscc1965.jpeg,2,1212
lungaca4236.jpeg,0,602
lungaca3654.jpeg,0,560
lungscc297.jpeg,2,1210
lungscc205.jpeg,2,1021
lungaca135.jpeg,0,555
lungn2351.jpeg,1,782
lungn2096.jpeg,1,770
lungscc2730.jpeg,2,1036
lungn3537.jpeg,1,870
lungn79.jpeg,1,776
lungaca1031.jpeg,0,671
lungaca174.jpeg,0,745
lungscc3335.jpeg,2,1214
lungscc3923.jpeg,2,1007
lungscc3590.jpeg,2,1009
lungscc1773.jpeg,2,1082
lungn1465.jpeg,1,966
lungaca806.jpeg,0,712
lungscc432.jpeg,2,1183
lungaca168.jpeg,0,674
lungn2186.jpeg,1,968
lungaca2348.jpeg,0,731
lungscc4566.jpeg,2,1134
lungn4349.jpeg,1,946
lungn771.jpeg,1,826
lungscc2061.jpeg,2,1046
lungaca1843.jpeg,0,641
lungscc4154.jpeg,2,1217
lungaca3457.jpeg,0,688
lungaca2369.jpeg,0,631
lungscc2703.jpeg,2,1109
lungaca3015.jpeg,0,569
lungn2978.jpeg,1,791
lungscc1018.jpeg,2,1100
lungscc3619.jpeg,2,1197
lungn1525.jpeg,1,799
lungn3428.jpeg,1,803
lungn511.jpeg,1,952
lungn915.jpeg,1,950
lungaca2458.jpeg,0,574
lungn2597.jpeg,1,899
lungn1599.jpeg,1,954
lungscc3457.jpeg,2,1086
lungaca3694.jpeg,0,660
lungn3646.jpeg,1,924
lungaca4681.jpeg,0,721
lungaca1452.jpeg,0,670
lungn3311.jpeg,1,797
lungn4343.jpeg,1,867
lungscc2972.jpeg,2,1125
lungscc2389.jpeg,2,1139
lungscc872.jpeg,2,1006
lungn4834.jpeg,1,924
lungn3756.jpeg,1,792
lungn2219.jpeg,1,823
lungn3818.jpeg,1,781
lungn2149.jpeg,1,864
lungn1600.jpeg,1,973
lungaca1276.jpeg,0,733
lungaca2364.jpeg,0,618
lungscc1705.jpeg,2,1156
lungscc2812.jpeg,2,1060
lungaca3265.jpeg,0,555
lungscc2182.jpeg,2,1042
lungaca3251.jpeg,0,607
lungaca4162.jpeg,0,563
lungaca4694.jpeg,0,623
lungscc1060.jpeg,2,1174
lungn3104.jpeg,1,773
lungscc4728.jpeg,2,1205
lungaca3054.jpeg,0,611
lungn4771.jpeg,1,944
lungscc4295.jpeg,2,1064
lungn1933.jpeg,1,812
lungn1412.jpeg,1,911
lungaca4014.jpeg,0,514
lungn4717.jpeg,1,948
lungscc1751.jpeg,2,1194
lungn2943.jpeg,1,785
lungn885.jpeg,1,937
lungn1180.jpeg,1,772
lungaca4980.jpeg,0,700
lungaca3564.jpeg,0,563
lungscc881.jpeg,2,1243
lungaca1016.jpeg,0,537
lungaca4074.jpeg,0,628
lungscc3899.jpeg,2,1167
lungaca2329.jpeg,0,686
lungscc3005.jpeg,2,1118
lungscc3078.jpeg,2,1239
lungaca3209.jpeg,0,531
lungaca3666.jpeg,0,709
lungn60.jpeg,1,941
lungn276.jpeg,1,981
lungaca1742.jpeg,0,742
lungscc124.jpeg,2,1011
lungscc4474.jpeg,2,1035
lungaca49.jpeg,0,560
lungaca1310.jpeg,0,642
lungn2562.jpeg,1,762
lungaca2974.jpeg,0,702
lungscc154.jpeg,2,1044
lungscc1190.jpeg,2,1129
lungn732.jpeg,1,791
lungscc2755.jpeg,2,1196
lungscc510.jpeg,2,1226
lungn1830.jpeg,1,975
lungscc1052.jpeg,2,1056
lungscc53.jpeg,2,1000
lungscc4586.jpeg,2,1079
lungscc1677.jpeg,2,1065
lungscc344.jpeg,2,1111
lungaca3024.jpeg,0,543
lungn3788.jpeg,1,794
lungscc1087.jpeg,2,1086
lungaca1759.jpeg,0,537
lungaca3428.jpeg,0,732
lungn3645.jpeg,1,902
lungn2069.jpeg,1,830
lungscc4892.jpeg,2,1115
lungn3789.jpeg,1,891
lungscc1778.jpeg,2,1188
lungscc3410.jpeg,2,1025
lungscc2487.jpeg,2,1138
lungaca2162.jpeg,0,565
lungaca970.jpeg,0,621
lungscc3298.jpeg,2,1008
lungscc3842.jpeg,2,1200
lungn3401.jpeg,1,885
lungaca2539.jpeg,0,550
lungn1021.jpeg,1,751
lungscc3948.jpeg,2,1103
lungscc970.jpeg,2,1147
lungscc4538.jpeg,2,1103
lungn2441.jpeg,1,959
lungaca4997.jpeg,0,575
lungn2206.jpeg,1,928
lungscc2839.jpeg,2,1150
lungaca969.jpeg,0,723
lungscc3604.jpeg,2,1178
lungaca3448.jpeg,0,610
lungaca1280.jpeg,0,550
lungaca1986.jpeg,0,727
lungscc3054.jpeg,2,1210
lungn3851.jpeg,1,759
lungscc3077.jpeg,2,1046
lungaca4684.jpeg,0,573
lungn4690.jpeg,1,904
lungscc2881.jpeg,2,1222
lungscc1431.jpeg,2,1102
lungaca4968.jpeg,0,547
lungn4096.jpeg,1,822
lungaca511.jpeg,0,637
lungaca864.jpeg,0,738
lungn4055.jpeg,1,756
lungaca1920.jpeg,0,573
lungscc356.jpeg,2,1210
lungn3352.jpeg,1,903
lungn1568.jpeg,1,808
lungn182.jpeg,1,856
lungn688.jpeg,1,926
lungscc1413.jpeg,2,1174
lungaca3628.jpeg,0,728
lungaca2943.jpeg,0,566
lungscc565.jpeg,2,1174
lungaca4227.jpeg,0,539
lungaca4810.jpeg,0,549
lungscc3076.jpeg,2,1146
lungaca4763.jpeg,0,699
lungscc2535.jpeg,2,1107
lungscc3229.jpeg,2,1185
lungaca2956.jpeg,0,700
lungaca2243.jpeg,0,577
lungscc363.jpeg,2,1194
lungscc994.jpeg,2,1226
lungn180.jpeg,1,829
lungaca4875.jpeg,0,669
lungaca1208.jpeg,0,655
lungscc2427.jpeg,2,1019
lungaca1821.jpeg,0,627
lungscc421.jpeg,2,1124
lungscc133.jpeg,2,1095
lungaca3388.jpeg,0,625
lungscc3322.jpeg,2,1187
lungaca4332.jpeg,0,683
lungaca4309.jpeg,0,718
lungaca1029.jpeg,0,508
lungaca202.jpeg,0,610
lungaca1336.jpeg,0,531
lungn431.jpeg,1,778
lungn3153.jpeg,1,781
lungn523.jpeg,1,933
lungscc3030.jpeg,2,1077
lungaca1948.jpeg,0,601
lungaca4502.jpeg,0,589
lungaca3372.jpeg,0,714
lungscc964.jpeg,2,1195
lungscc501.jpeg,2,1203
lungaca250.jpeg,0,539
lungn1858.jpeg,1,832
lungscc3589.jpeg,2,1147
lungaca4487.jpeg,0,745
lungaca4996.jpeg,0,520
lungn247.jpeg,1,959
lungscc2695.jpeg,2,1111
lungn920.jpeg,1,951
lungaca1468.jpeg,0,627
lungscc1610.jpeg,2,1207
lungaca4069.jpeg,0,525
lungaca1381.jpeg,0,719
lungaca3192.jpeg,0,535
lungaca1395.jpeg,0,714
lungn2955.jpeg,1,803
lungscc3878.jpeg,2,1047
lungn1064.jpeg,1,766
lungn1974.jpeg,1,797
lungscc4416.jpeg,2,1199
lungn202.jpeg,1,954
lungn4749.jpeg,1,963
lungn4367.jpeg,1,960
lungscc115.jpeg,2,1097
lungscc4840.jpeg,2,1034
lungaca10.jpeg,0,668
lungscc3664.jpeg,2,1115
lungaca3045.jpeg,0,622
lungn3077.jpeg,1,812
lungscc2430.jpeg,2,1048
lungscc3211.jpeg,2,1123
lungaca2167.jpeg,0,535
lungscc1814.jpeg,2,1038
lungn2907.jpeg,1,894
lungn4764.jpeg,1,956
lungn3544.jpeg,1,821
lungn2851.jpeg,1,777
lungaca2123.jpeg,0,707
lungaca4523.jpeg,0,537
lungaca1614.jpeg,0,574
lungscc1569.jpeg,2,1002
lungn1638.jpeg,1,781
lungaca2661.jpeg,0,563
lungaca1168.jpeg,0,542
lungaca1995.jpeg,0,724
lungaca2918.jpeg,0,621
lungscc2788.jpeg,2,1129
lungscc1789.jpeg,2,1017
lungaca3503.jpeg,0,652
lungaca4321.jpeg,0,634
lungn3966.jpeg,1,943
lungaca4109.jpeg,0,625
lungn625.jpeg,1,819
lungscc1278.jpeg,2,1109
lungaca2251.jpeg,0,661
lungn3862.jpeg,1,860
lungn505.jpeg,1,957
lungscc4172.jpeg,2,1090
lungaca3946.jpeg,0,747
lungaca1024.jpeg,0,673
lungscc3458.jpeg,2,1122
lungscc4713.jpeg,2,1030
lungaca236.jpeg,0,584
lungn1972.jpeg,1,834
lungaca1908.jpeg,0,745
lungaca411.jpeg,0,522
lungaca4211.jpeg,0,521
lungn4040.jpeg,1,872
lungn854.jpeg,1,798
lungaca1445.jpeg,0,512
lungscc1529.jpeg,2,1077
lungscc681.jpeg,2,1245
lungn3381.jpeg,1,761
lungaca2507.jpeg,0,658
lungaca3242.jpeg,0,552
lungscc4906.jpeg,2,1187
lungscc2158.jpeg,2,1078
lungaca3573.jpeg,0,673
lungaca2655.jpeg,0,632
lungscc2191.jpeg,2,1033
lungaca1413.jpeg,0,546
lungaca1896.jpeg,0,534
lungaca583.jpeg,0,698
lungn252.jpeg,1,967
lungaca1142.jpeg,0,616
lungn4573.jpeg,1,898
lungn4090.jpeg,1,838
lungaca1770.jpeg,0,637
lungn3926.jpeg,1,992
lungscc3620.jpeg,2,1163
lungaca3003.jpeg,0,560
lungaca2664.jpeg,0,588
lungn4532.jpeg,1,798
lungaca129.jpeg,0,739
lungaca4696.jpeg,0,733
lungscc2778.jpeg,2,1040
lungscc928.jpeg,2,1160
lungaca2273.jpeg,0,547
lungn1031.jpeg,1,974
lungaca4463.jpeg,0,601
lungscc4149.jpeg,2,1234
lungn4110.jpeg,1,892
lungn1188.jpeg,1,916
lungscc3563.jpeg,2,1044
lungscc547.jpeg,2,1085
lungscc1136.jpeg,2,1152
lungn4374.jpeg,1,947
lungscc1454.jpeg,2,1222
lungscc1319.jpeg,2,1064
lungaca1551.jpeg,0,747
lungn1594.jpeg,1,918
lungn3759.jpeg,1,911
lungaca2309.jpeg,0,723
lungaca4557.jpeg,0,690
lungscc2698.jpeg,2,1237
lungaca3938.jpeg,0,637
lungaca2785.jpeg,0,552
lungscc877.jpeg,2,1023
lungaca4976.jpeg,0,647
lungn1934.jpeg,1,872
lungn474.jpeg,1,904
lungscc4698.jpeg,2,1080
lungscc251.jpeg,2,1038
lungscc948.jpeg,2,1028
lungaca3895.jpeg,0,605
lungaca3585.jpeg,0,587
lungn4127.jpeg,1,922
lungaca3949.jpeg,0,548
lungscc2529.jpeg,2,1169
lungaca3815.jpeg,0,684
lungn289.jpeg,1,794
lungscc2711.jpeg,2,1136
lungaca1761.jpeg,0,737
lungscc2608.jpeg,2,1214
lungscc1647.jpeg,2,1132
lungscc1765.jpeg,2,1028
lungscc1322.jpeg,2,1017
lungaca3086.jpeg,0,625
lungn3530.jpeg,1,976
lungaca3700.jpeg,0,587
lungaca3484.jpeg,0,507
lungaca1963.jpeg,0,682
lungscc4040.jpeg,2,1179
lungscc2350.jpeg,2,1070
lungscc888.jpeg,2,1061
lungscc1544.jpeg,2,1164
lungscc2067.jpeg,2,1033
lungscc2141.jpeg,2,1010
lungn2880.jpeg,1,922
lungaca1135.jpeg,0,559
lungscc3849.jpeg,2,1096
lungn1467.jpeg,1,876
lungn1359.jpeg,1,907
lungaca842.jpeg,0,542
lungn2312.jpeg,1,890
lungscc1435.jpeg,2,1111
lungscc145.jpeg,2,1021
lungaca2525.jpeg,0,709
lungn157.jpeg,1,797
lungn2779.jpeg,1,915
lungscc419.jpeg,2,1119
lungn1486.jpeg,1,978
lungaca1307.jpeg,0,510
lungn2094.jpeg,1,878
lungscc2343.jpeg,2,1103
lungn1598.jpeg,1,818
lungaca4120.jpeg,0,557
lungscc2375.jpeg,2,1188
lungn4022.jpeg,1,752
lungn3244.jpeg,1,933
lungn900.jpeg,1,761
lungn2890.jpeg,1,755
lungaca4184.jpeg,0,509
lungscc1192.jpeg,2,1141
lungaca3696.jpeg,0,508
lungaca328.jpeg,0,645
lungaca2607.jpeg,0,523
lungn4934.jpeg,1,814
lungn1154.jpeg,1,950
lungscc3301.jpeg,2,1151
lungaca2693.jpeg,0,648
lungscc1107.jpeg,2,1063
lungn1580.jpeg,1,790
lungscc1834.jpeg,2,1214
lungn2554.jpeg,1,895
lungn2433.jpeg,1,754
lungscc1735.jpeg,2,1119
lungaca2479.jpeg,0,699
lungaca3916.jpeg,0,733
lungaca1160.jpeg,0,731
lungscc1382.jpeg,2,1089
lungscc2918.jpeg,2,1188
lungscc2536.jpeg,2,1198
lungn1055.jpeg,1,958
lungscc1939.jpeg,2,1055
lungn2847.jpeg,1,929
lungaca4903.jpeg,0,561
lungaca3118.jpeg,0,584
lungaca2264.jpeg,0,525
lungaca2924.jpeg,0,619
lungscc188.jpeg,2,1127
lungaca2837.jpeg,0,595
lungscc1684.jpeg,2,1126
lungaca4798.jpeg,0,507
lungaca3494.jpeg,0,590
lungn1740.jpeg,1,841
lungn368.jpeg,1,856
lungn2138.jpeg,1,955
lungn2392.jpeg,1,907
lungaca3115.jpeg,0,565
lungn1311.jpeg,1,760
lungaca336.jpeg,0,509
lungscc3138.jpeg,2,999
lungn2364.jpeg,1,804
lungscc2949.jpeg,2,1107
lungn1669.jpeg,1,962
lungscc293.jpeg,2,1122
lungscc3110.jpeg,2,1079
lungn3224.jpeg,1,975
lungscc3741.jpeg,2,1138
lungscc4215.jpeg,2,1044
lungscc3085.jpeg,2,1033
lungaca1309.jpeg,0,525
lungaca624.jpeg,0,627
lungscc1310.jpeg,2,1082
lungaca4197.jpeg,0,663
lungaca3462.jpeg,0,636
lungaca4221.jpeg,0,640
lungscc1172.jpeg,2,1022
lungn2140.jpeg,1,879
lungscc665.jpeg,2,1009
lungscc3444.jpeg,2,1104
lungn1012.jpeg,1,855
lungn1556.jpeg,1,759
lungscc736.jpeg,2,1216
lungaca177.jpeg,0,594
lungscc4750.jpeg,2,1143
lungn1454.jpeg,1,859
lungaca4893.jpeg,0,715
lungscc1865.jpeg,2,1009
lungaca4442.jpeg,0,582
lungaca1126.jpeg,0,659
lungscc2405.jpeg,2,1180
lungn2845.jpeg,1,969
lungscc4758.jpeg,2,1008
lungaca3910.jpeg,0,633
lungscc1036.jpeg,2,1183
lungn3874.jpeg,1,781
lungscc1996.jpeg,2,1201
lungn2952.jpeg,1,843
lungscc3836.jpeg,2,1184
lungn666.jpeg,1,777
lungn3257.jpeg,1,758
lungn1678.jpeg,1,857
lungn1361.jpeg,1,912
lungaca4222.jpeg,0,740
lungaca4633.jpeg,0,707
lungaca1533.jpeg,0,520
lungn610.jpeg,1,779
lungscc1122.jpeg,2,1149
lungaca2205.jpeg,0,747
lungn3726.jpeg,1,851
lungscc1539.jpeg,2,1090
lungn1964.jpeg,1,813
lungaca3407.jpeg,0,580
lungscc3280.jpeg,2,1219
lungn2526.jpeg,1,831
lungscc4811.jpeg,2,1122
lungaca2457.jpeg,0,528
lungscc1453.jpeg,2,1200
lungscc2847.jpeg,2,1101
lungaca1794.jpeg,0,713
lungn1418.jpeg,1,817
lungn3676.jpeg,1,949
lungn2510.jpeg,1,786
lungn2738.jpeg,1,901
lungaca3324.jpeg,0,533
lungscc3971.jpeg,2,1146
lungscc3783.jpeg,2,1118
lungn651.jpeg,1,816
lungscc4948.jpeg,2,1063
lungaca1231.jpeg,0,706
lungaca2673.jpeg,0,599
lungaca3787.jpeg,0,719
lungscc2826.jpeg,2,1063
lungaca2712.jpeg,0,582
lungaca1138.jpeg,0,514
lungscc3556.jpeg,2,1046
lungn4082.jpeg,1,906
lungaca1832.jpeg,0,509
lungaca3706.jpeg,0,674
lungn2220.jpeg,1,989
lungscc2086.jpeg,2,1090
lungaca2808.jpeg,0,644
lungaca1751.jpeg,0,539
lungscc652.jpeg,2,1092
lungaca4734.jpeg,0,672
lungn2646.jpeg,1,979
lungscc4464.jpeg,2,1064
lungscc2774.jpeg,2,1087
lungn4816.jpeg,1,872
lungaca732.jpeg,0,555
lungaca3315.jpeg,0,640
lungaca4717.jpeg,0,511
lungn4306.jpeg,1,980
lungn3785.jpeg,1,884
lungscc532.jpeg,2,1027
lungaca553.jpeg,0,624
lungscc3869.jpeg,2,1176
lungscc560.jpeg,2,1049
lungn1196.jpeg,1,995
lungaca3029.jpeg,0,576
lungaca335.jpeg,0,506
lungn1963.jpeg,1,958
lungaca2719.jpeg,0,516
lungscc2148.jpeg,2,1035
lungaca4471.jpeg,0,684
lungaca2258.jpeg,0,704
lungscc2121.jpeg,2,1234
lungn3561.jpeg,1,914
lungn4325.jpeg,1,917
lungaca415.jpeg,0,514
lungn415.jpeg,1,914
lungaca3019.jpeg,0,743
lungaca926.jpeg,0,510
lungscc226.jpeg,2,1027
lungaca728.jpeg,0,707
lungaca471.jpeg,0,554
lungn3776.jpeg,1,820
lungaca3856.jpeg,0,717
lungscc573.jpeg,2,1215
lungscc278.jpeg,2,1101
lungscc1471.jpeg,2,1123
lungn2671.jpeg,1,830
lungscc3855.jpeg,2,1088
lungscc3397.jpeg,2,1090
lungn4709.jpeg,1,756
lungscc490.jpeg,2,1005
lungn3403.jpeg,1,908
lungaca2523.jpeg,0,607
lungaca4361.jpeg,0,557
lungaca2039.jpeg,0,573
lungaca3202.jpeg,0,650
lungaca3390.jpeg,0,659
lungaca2456.jpeg,0,691
lungscc3794.jpeg,2,1052
lungscc4539.jpeg,2,1103
lungaca3068.jpeg,0,530
lungaca1869.jpeg,0,581
lungscc1947.jpeg,2,1245
lungn141.jpeg,1,973
lungaca2346.jpeg,0,516
lungscc2595.jpeg,2,1041
lungaca4130.jpeg,0,665
lungaca3557.jpeg,0,516
lungaca221.jpeg,0,745
lungaca4706.jpeg,0,539
lungscc3838.jpeg,2,1120
lungaca2940.jpeg,0,552
lungn972.jpeg,1,754
lungn1406.jpeg,1,901
lungaca4419.jpeg,0,509
lungscc4516.jpeg,2,1152
lungscc440.jpeg,2,1107
lungaca2467.jpeg,0,678
lungscc2526.jpeg,2,1057
lungscc1085.jpeg,2,1086
lungscc355.jpeg,2,1210
lungscc1929.jpeg,2,1097
lungn3229.jpeg,1,948
lungn1389.jpeg,1,844
lungn4444.jpeg,1,832
lungn24.jpeg,1,892
lungn4565.jpeg,1,855
lungscc399.jpeg,2,1148
lungaca1512.jpeg,0,527
lungn132.jpeg,1,971
lungn3597.jpeg,1,770
lungscc2626.jpeg,2,1017
lungscc1158.jpeg,2,1109
lungscc2210.jpeg,2,1091
lungaca3574.jpeg,0,673
lungscc4915.jpeg,2,1123
lungscc3538.jpeg,2,1161
lungn3990.jpeg,1,789
lungaca1196.jpeg,0,630
lungn4528.jpeg,1,776
lungaca4447.jpeg,0,607
lungn3921.jpeg,1,808
lungscc84.jpeg,2,1105
lungscc2964.jpeg,2,1106
lungn4666.jpeg,1,952
lungaca1550.jpeg,0,747
lungn2524.jpeg,1,906
lungn1383.jpeg,1,937
lungscc2180.jpeg,2,1107
lungn2782.jpeg,1,949
lungaca4888.jpeg,0,518
lungscc1849.jpeg,2,1173
lungn3374.jpeg,1,840
lungaca1010.jpeg,0,669
lungscc3337.jpeg,2,1028
lungn1274.jpeg,1,869
lungaca2284.jpeg,0,719
lungn4571.jpeg,1,782
lungaca1661.jpeg,0,722
lungn2116.jpeg,1,808
lungn211.jpeg,1,905
lungaca1802.jpeg,0,569
lungn237.jpeg,1,894
lungscc3031.jpeg,2,1019
lungaca4489.jpeg,0,605
lungaca4644.jpeg,0,556
lungaca4521.jpeg,0,542
lungscc3239.jpeg,2,1004
lungaca2062.jpeg,0,571
lungscc3977.jpeg,2,1197
lungaca2203.jpeg,0,534
lungaca1.jpeg,0,664
lungscc844.jpeg,2,1065
lungn3011.jpeg,1,891
lungaca911.jpeg,0,660
lungscc1737.jpeg,2,1008
lungaca461.jpeg,0,704
lungn1720.jpeg,1,770
lungn3603.jpeg,1,919
lungscc4923.jpeg,2,1018
lungn4233.jpeg,1,811
lungaca2782.jpeg,0,537
lungn641.jpeg,1,935
lungn3872.jpeg,1,882
lungscc1355.jpeg,2,1208
lungn2097.jpeg,1,861
lungn3473.jpeg,1,897
lungaca1564.jpeg,0,663
lungn2844.jpeg,1,969
lungn2985.jpeg,1,793
lungaca2122.jpeg,0,707
lungn1291.jpeg,1,948
lungn1061.jpeg,1,942
lungaca4562.jpeg,0,604
lungscc3328.jpeg,2,1049
lungn4996.jpeg,1,807
lungscc4502.jpeg,2,1049
lungaca564.jpeg,0,728
lungn2239.jpeg,1,939
lungaca4199.jpeg,0,620
lungscc4276.jpeg,2,1158
lungscc4488.jpeg,2,1055
lungscc4164.jpeg,2,1158
lungaca2807.jpeg,0,570
lungaca680.jpeg,0,556
lungscc3051.jpeg,2,1139
lungaca3516.jpeg,0,556
lungaca2074.jpeg,0,599
lungn4359.jpeg,1,810
lungn32.jpeg,1,849
lungn3128.jpeg,1,836
lungaca570.jpeg,0,741
lungaca4590.jpeg,0,553
lungscc1462.jpeg,2,999
lungaca4220.jpeg,0,640
lungscc437.jpeg,2,999
lungscc757.jpeg,2,1221
lungscc4301.jpeg,2,1155
lungscc1213.jpeg,2,1033
lungaca3018.jpeg,0,529
lungaca2526.jpeg,0,732
lungaca3629.jpeg,0,728
lungaca3695.jpeg,0,506
lungn2491.jpeg,1,856
lungscc4844.jpeg,2,1211
lungscc2050.jpeg,2,1075
lungaca182.jpeg,0,695
lungaca1595.jpeg,0,625
lungn4293.jpeg,1,876
lungn4680.jpeg,1,816
lungscc3061.jpeg,2,1118
lungaca2961.jpeg,0,558
lungscc3951.jpeg,2,1177
lungaca4115.jpeg,0,509
lungscc1140.jpeg,2,1091
lungn3869.jpeg,1,880
lungscc1055.jpeg,2,1116
lungscc2976.jpeg,2,1091
lungscc4127.jpeg,2,1126
lungn1491.jpeg,1,916
lungn2514.jpeg,1,960
lungn2191.jpeg,1,778
lungscc4849.jpeg,2,1046
lungaca3621.jpeg,0,563
lungscc528.jpeg,2,1148
lungaca1606.jpeg,0,654
lungscc1878.jpeg,2,1107
lungn1278.jpeg,1,950
lungscc3797.jpeg,2,1040
lungn1456.jpeg,1,882
lungaca1765.jpeg,0,617
lungaca4513.jpeg,0,530
lungn399.jpeg,1,919
lungn4275.jpeg,1,904
lungn4812.jpeg,1,758
lungaca3317.jpeg,0,610
lungaca740.jpeg,0,583
lungn3939.jpeg,1,971
lungscc4186.jpeg,2,1009
lungscc1181.jpeg,2,1150
lungn3448.jpeg,1,769
lungn4452.jpeg,1,795
lungn2005.jpeg,1,846
lungscc2888.jpeg,2,1096
lungaca4837.jpeg,0,729
lungscc2006.jpeg,2,1220
lungaca2819.jpeg,0,605
lungaca4664.jpeg,0,681
lungn4267.jpeg,1,914
lungscc1424.jpeg,2,1179
lungscc3958.jpeg,2,1063
lungaca2817.jpeg,0,736
lungn4416.jpeg,1,996
lungn1920.jpeg,1,917
lungscc1836.jpeg,2,1231
lungaca769.jpeg,0,551
lungscc4931.jpeg,2,1111
lungn424.jpeg,1,939
lungn1853.jpeg,1,823
lungaca1973.jpeg,0,554
lungaca1460.jpeg,0,569
lungscc3445.jpeg,2,1016
lungscc1675.jpeg,2,1139
lungscc454.jpeg,2,1033
lungscc27.jpeg,2,1052
lungscc3693.jpeg,2,1027
lungscc1210.jpeg,2,1153
lungn4001.jpeg,1,883
lungn644.jpeg,1,873
lungn1642.jpeg,1,901
lungscc3039.jpeg,2,1047
lungscc594.jpeg,2,1017
lungn96.jpeg,1,848
lungaca2440.jpeg,0,564
lungaca833.jpeg,0,596
lungn1693.jpeg,1,939
lungn1692.jpeg,1,939
lungn2695.jpeg,1,753
lungaca1020.jpeg,0,627
lungn2218.jpeg,1,943
lungscc382.jpeg,2,1045
lungscc1447.jpeg,2,1060
lungscc909.jpeg,2,1009
lungscc2386.jpeg,2,1079
lungn1174.jpeg,1,824
lungaca1840.jpeg,0,619
lungaca3689.jpeg,0,568
lungscc1643.jpeg,2,1046
lungaca2646.jpeg,0,573
lungaca78.jpeg,0,688
lungscc2014.jpeg,2,1141
lungscc4232.jpeg,2,1164
lungscc4108.jpeg,2,1104
lungaca4235.jpeg,0,621
lungaca4905.jpeg,0,611
lungaca2114.jpeg,0,529
lungscc1776.jpeg,2,1117
lungaca751.jpeg,0,697
lungaca1694.jpeg,0,675
lungaca2722.jpeg,0,549
lungscc706.jpeg,2,1014
lungaca1269.jpeg,0,607
lungscc3721.jpeg,2,1041
lungscc4657.jpeg,2,1055
lungscc1149.jpeg,2,1139
lungaca1004.jpeg,0,540
lungaca827.jpeg,0,655
lungaca2593.jpeg,0,670
lungscc2799.jpeg,2,1137
lungscc1329.jpeg,2,1153
lungscc3998.jpeg,2,1091
lungscc1601.jpeg,2,1215
lungaca215.jpeg,0,587
lungn1639.jpeg,1,867
lungn2192.jpeg,1,867
lungscc1046.jpeg,2,1110
lungaca2550.jpeg,0,673
lungscc1752.jpeg,2,1136
lungn2946.jpeg,1,752
lungaca1289.jpeg,0,741
lungscc4596.jpeg,2,1181
lungn3245.jpeg,1,916
lungaca2224.jpeg,0,647
lungscc629.jpeg,2,1198
lungscc2077.jpeg,2,1232
lungaca1645.jpeg,0,537
lungn3677.jpeg,1,827
lungscc2116.jpeg,2,1107
lungn1595.jpeg,1,902
lungscc689.jpeg,2,1214
lungn2168.jpeg,1,759
lungscc4340.jpeg,2,1023
lungscc2333.jpeg,2,1069
lungn3933.jpeg,1,754
lungscc4740.jpeg,2,1137
lungaca1230.jpeg,0,728
lungn2774.jpeg,1,764
lungscc4425.jpeg,2,1190
lungn2237.jpeg,1,904
lungscc2233.jpeg,2,1011
lungn3211.jpeg,1,788
lungn2866.jpeg,1,996
lungn3563.jpeg,1,936
lungaca4030.jpeg,0,545
lungscc1481.jpeg,2,1152
lungaca1262.jpeg,0,594
lungn2017.jpeg,1,810
lungn3176.jpeg,1,820
lungaca2582.jpeg,0,620
lungaca3912.jpeg,0,549
lungn4437.jpeg,1,921
lungaca4031.jpeg,0,529
lungn1447.jpeg,1,806
lungaca2127.jpeg,0,552
lungaca3123.jpeg,0,569
lungscc3075.jpeg,2,1052
lungscc2649.jpeg,2,1057
lungn348.jpeg,1,891
lungscc731.jpeg,2,1181
lungaca1931.jpeg,0,598
lungaca4782.jpeg,0,682
lungaca4713.jpeg,0,723
lungscc1728.jpeg,2,1171
lungscc4111.jpeg,2,1039
lungn2838.jpeg,1,881
lungscc1962.jpeg,2,1231
lungaca2731.jpeg,0,599
lungaca4834.jpeg,0,621
lungscc1512.jpeg,2,999
lungscc1137.jpeg,2,1164
lungn2316.jpeg,1,902
lungscc1622.jpeg,2,1151
lungscc3440.jpeg,2,1077
lungscc2039.jpeg,2,1228
lungscc675.jpeg,2,1075
lungn991.jpeg,1,813
lungaca854.jpeg,0,564
lungaca1807.jpeg,0,539
lungaca4935.jpeg,0,555
lungn1040.jpeg,1,971
lungscc4795.jpeg,2,1114
lungaca3446.jpeg,0,531
lungn3867.jpeg,1,761
lungaca2486.jpeg,0,737
lungaca436.jpeg,0,699
lungn561.jpeg,1,966
lungscc1423.jpeg,2,1179
lungaca4367.jpeg,0,665
lungaca1457.jpeg,0,542
lungn4025.jpeg,1,931
lungaca2418.jpeg,0,643
lungscc4753.jpeg,2,1218
lungscc3551.jpeg,2,1087
lungn600.jpeg,1,893
lungn1450.jpeg,1,860
lungaca3932.jpeg,0,667
lungaca4975.jpeg,0,529
lungscc3057.jpeg,2,1135
lungscc3001.jpeg,2,1126
lungn792.jpeg,1,957
lungaca4119.jpeg,0,715
lungscc509.jpeg,2,1145
lungscc2317.jpeg,2,1037
lungscc690.jpeg,2,1168
lungscc4987.jpeg,2,1119
lungn595.jpeg,1,764
lungaca1480.jpeg,0,572
lungaca766.jpeg,0,526
lungaca3000.jpeg,0,580
lungscc3151.jpeg,2,1205
lungn638.jpeg,1,796
lungn365.jpeg,1,956
lungaca4925.jpeg,0,694
lungscc312.jpeg,2,1041
lungscc4377.jpeg,2,1029
lungaca4481.jpeg,0,715
lungaca3164.jpeg,0,644
lungscc1227.jpeg,2,1087
lungaca3755.jpeg,0,660
lungscc1680.jpeg,2,1060
lungn3952.jpeg,1,954
lungn1528.jpeg,1,918
lungn461.jpeg,1,783
lungaca2454.jpeg,0,517
lungscc91.jpeg,2,998
lungn3715.jpeg,1,870
lungaca1331.jpeg,0,549
lungscc640.jpeg,2,1188
lungn2930.jpeg,1,810
lungn3408.jpeg,1,976
lungaca648.jpeg,0,641
lungn679.jpeg,1,854
lungaca4146.jpeg,0,693
lungn2420.jpeg,1,840
lungn2008.jpeg,1,895
lungscc3275.jpeg,2,1061
lungscc4233.jpeg,2,1164
lungscc3310.jpeg,2,1070
lungn2179.jpeg,1,898
lungscc2281.jpeg,2,1085
lungaca137.jpeg,0,737
lungscc1818.jpeg,2,1034
lungaca1237.jpeg,0,673
lungaca4813.jpeg,0,623
lungn2131.jpeg,1,867
lungn4848.jpeg,1,907
lungaca2870.jpeg,0,665
lungaca4426.jpeg,0,619
lungaca2688.jpeg,0,729
lungaca2990.jpeg,0,592
lungaca3745.jpeg,0,601
lungn1790.jpeg,1,766
lungn4545.jpeg,1,787
lungscc2610.jpeg,2,1140
lungn2613.jpeg,1,856
lungn712.jpeg,1,814
lungn1495.jpeg,1,759
lungn3166.jpeg,1,810
lungscc493.jpeg,2,1094
lungaca4479.jpeg,0,603
lungaca568.jpeg,0,556
lungaca356.jpeg,0,528
lungaca13.jpeg,0,526
lungn374.jpeg,1,901
lungaca1894.jpeg,0,649
lungscc727.jpeg,2,1135
lungn1395.jpeg,1,880
lungaca3307.jpeg,0,529
lungaca1668.jpeg,0,619
lungscc3798.jpeg,2,1040
lungscc1662.jpeg,2,1014
lungscc1579.jpeg,2,1075
lungn3353.jpeg,1,793
lungn3750.jpeg,1,780
lungn2243.jpeg,1,956
lungscc1501.jpeg,2,1155
lungaca3638.jpeg,0,557
lungscc319.jpeg,2,1116
lungscc3984.jpeg,2,1053
lungaca2936.jpeg,0,726
lungscc2966.jpeg,2,1221
lungaca3379.jpeg,0,677
lungaca1763.jpeg,0,552
lungscc2594.jpeg,2,1055
lungaca3663.jpeg,0,678
lungscc130.jpeg,2,1038
lungscc3088.jpeg,2,1013
lungscc1629.jpeg,2,1057
lungscc4583.jpeg,2,1219
lungscc2431.jpeg,2,1176
lungaca3354.jpeg,0,554
lungaca3588.jpeg,0,712
lungn2396.jpeg,1,947
lungscc70.jpeg,2,1115
lungscc1154.jpeg,2,1135
lungn513.jpeg,1,997
lungscc24.jpeg,2,1099
lungscc2783.jpeg,2,1149
lungscc385.jpeg,2,1220
lungn1330.jpeg,1,925
lungn4800.jpeg,1,866
lungaca378.jpeg,0,563
lungaca2958.jpeg,0,581
lungaca298.jpeg,0,709
lungn3908.jpeg,1,832
lungn2559.jpeg,1,807
lungn2564.jpeg,1,749
lungn3389.jpeg,1,892
lungaca4288.jpeg,0,553
lungn67.jpeg,1,974
lungaca4728.jpeg,0,744
lungscc4283.jpeg,2,1016
lungscc2713.jpeg,2,1178
lungn4516.jpeg,1,886
lungscc2566.jpeg,2,1076
lungaca4949.jpeg,0,659
lungaca1322.jpeg,0,596
lungn286.jpeg,1,995
lungn3821.jpeg,1,809
lungn2241.jpeg,1,863
lungaca4729.jpeg,0,609
lungaca1356.jpeg,0,659
lungaca3623.jpeg,0,542
lungaca3575.jpeg,0,645
lungaca2001.jpeg,0,558
lungn3280.jpeg,1,959
lungscc2900.jpeg,2,1049
lungaca4107.jpeg,0,673
lungaca4165.jpeg,0,740
lungscc314.jpeg,2,1098
lungaca4090.jpeg,0,675
lungn1475.jpeg,1,770
lungscc2683.jpeg,2,998
lungn2685.jpeg,1,819
lungaca2291.jpeg,0,524
lungn4564.jpeg,1,828
lungaca1097.jpeg,0,634
lungaca319.jpeg,0,635
lungscc776.jpeg,2,1124
lungaca929.jpeg,0,668
lungaca54.jpeg,0,585
lungscc4674.jpeg,2,1226
lungscc505.jpeg,2,1088
lungscc4074.jpeg,2,1136
lungscc2310.jpeg,2,1077
lungaca2144.jpeg,0,597
lungscc3252.jpeg,2,1055
lungn1271.jpeg,1,789
lungn1837.jpeg,1,940
lungscc4315.jpeg,2,1098
lungscc1976.jpeg,2,1100
lungscc632.jpeg,2,1132
lungscc3363.jpeg,2,1000
lungaca3790.jpeg,0,578
lungscc307.jpeg,2,1165
lungscc3588.jpeg,2,1139
lungaca3109.jpeg,0,528
lungscc856.jpeg,2,1136
lungaca73.jpeg,0,728
lungaca3236.jpeg,0,514
lungscc3777.jpeg,2,1206
lungn219.jpeg,1,891
lungscc4319.jpeg,2,1099
lungscc4856.jpeg,2,1049
lungaca2207.jpeg,0,736
lungscc3021.jpeg,2,1006
lungscc1714.jpeg,2,1044
lungn419.jpeg,1,949
lungaca4894.jpeg,0,557
lungaca3053.jpeg,0,651
lungn2764.jpeg,1,797
lungaca3152.jpeg,0,506
lungn3047.jpeg,1,964
lungscc1321.jpeg,2,1219
lungscc1531.jpeg,2,1082
lungscc2456.jpeg,2,1124
lungn4893.jpeg,1,944
lungn2386.jpeg,1,877
lungn3849.jpeg,1,843
lungaca349.jpeg,0,668
lungn4785.jpeg,1,861
lungscc3821.jpeg,2,1143
lungscc1178.jpeg,2,1105
lungn1191.jpeg,1,797
lungn4417.jpeg,1,950
lungscc2558.jpeg,2,1125
lungscc3795.jpeg,2,1036
lungaca1354.jpeg,0,511
lungscc4762.jpeg,2,1181
lungn4971.jpeg,1,800
lungaca4328.jpeg,0,529
lungn4172.jpeg,1,789
lungn1613.jpeg,1,938
lungscc1805.jpeg,2,1109
lungscc820.jpeg,2,1013
lungaca4865.jpeg,0,584
lungn3239.jpeg,1,919
lungscc3646.jpeg,2,1147
lungn1791.jpeg,1,875
lungn1702.jpeg,1,945
lungscc4011.jpeg,2,1225
lungaca1854.jpeg,0,584
lungn2550.jpeg,1,767
lungaca1962.jpeg,0,557
lungaca4029.jpeg,0,709
lungaca4899.jpeg,0,644
lungaca1701.jpeg,0,717
lungaca1976.jpeg,0,663
lungn2948.jpeg,1,763
lungscc54.jpeg,2,1210
lungn656.jpeg,1,985
lungn2600.jpeg,1,827
lungscc3184.jpeg,2,1108
lungscc2076.jpeg,2,1020
lungscc1337.jpeg,2,1113
lungaca1179.jpeg,0,702
lungscc4883.jpeg,2,1209
lungaca3568.jpeg,0,568
lungn867.jpeg,1,824
lungaca505.jpeg,0,639
lungn643.jpeg,1,989
lungaca946.jpeg,0,727
lungscc4656.jpeg,2,1142
lungaca65.jpeg,0,646
lungscc2579.jpeg,2,1153
lungaca2186.jpeg,0,639
lungn3268.jpeg,1,895
lungaca3867.jpeg,0,740
lungaca4868.jpeg,0,647
lungaca192.jpeg,0,516
lungscc2072.jpeg,2,1053
lungaca32.jpeg,0,538
lungscc2975.jpeg,2,1037
lungscc3271.jpeg,2,1137
lungn4689.jpeg,1,963
lungn1182.jpeg,1,900
lungscc1354.jpeg,2,1217
lungaca1698.jpeg,0,545
lungscc1352.jpeg,2,1099
lungaca1784.jpeg,0,592
lungscc840.jpeg,2,1196
lungn709.jpeg,1,838
lungn1514.jpeg,1,894
lungscc3112.jpeg,2,1227
lungscc3172.jpeg,2,1089
lungscc4146.jpeg,2,1098
lungscc2776.jpeg,2,1099
lungn50.jpeg,1,763
lungn3436.jpeg,1,941
lungaca254.jpeg,0,538
lungaca804.jpeg,0,591
lungaca397.jpeg,0,524
lungaca4583.jpeg,0,533
lungn3246.jpeg,1,832
lungscc1385.jpeg,2,1151
lungn3835.jpeg,1,813
lungn347.jpeg,1,931
lungn2260.jpeg,1,818
lungn1461.jpeg,1,776
lungscc512.jpeg,2,1208
lungaca3427.jpeg,0,742
lungn3877.jpeg,1,867
lungaca2092.jpeg,0,544
lungscc2741.jpeg,2,1101
lungaca3586.jpeg,0,704
lungaca1477.jpeg,0,591
lungaca53.jpeg,0,594
lungn2744.jpeg,1,802
lungaca4588.jpeg,0,711
lungscc1827.jpeg,2,1244
lungaca469.jpeg,0,672
lungscc3373.jpeg,2,1074
lungn2637.jpeg,1,862
lungaca4083.jpeg,0,551
lungn1543.jpeg,1,820
lungaca3978.jpeg,0,549
lungn2297.jpeg,1,758
lungscc3149.jpeg,2,1208
lungscc4696.jpeg,2,1237
lungscc2244.jpeg,2,1052
lungscc914.jpeg,2,1120
lungaca2822.jpeg,0,586
lungn3118.jpeg,1,800
lungaca2151.jpeg,0,641
lungn2.jpeg,1,922
lungscc4760.jpeg,2,1069
lungaca2574.jpeg,0,686
lungscc1922.jpeg,2,1068
lungaca187.jpeg,0,545
lungn1615.jpeg,1,989
lungscc3080.jpeg,2,1150
lungaca1648.jpeg,0,627
lungaca2765.jpeg,0,569
lungscc4960.jpeg,2,1187
lungn2056.jpeg,1,893
lungscc404.jpeg,2,1164
lungn568.jpeg,1,940
lungscc4255.jpeg,2,1136
lungaca2484.jpeg,0,569
lungscc3570.jpeg,2,1093
lungscc2329.jpeg,2,1210
lungn1957.jpeg,1,775
lungaca1383.jpeg,0,606
lungscc628.jpeg,2,1088
lungn2409.jpeg,1,857
lungscc2567.jpeg,2,1100
lungaca2925.jpeg,0,681
lungn4263.jpeg,1,889
lungscc2533.jpeg,2,1015
lungn3303.jpeg,1,875
lungscc488.jpeg,2,1026
lungn1349.jpeg,1,858
lungscc4631.jpeg,2,1100
lungn4246.jpeg,1,858
lungaca931.jpeg,0,710
lungn319.jpeg,1,762
lungn1869.jpeg,1,968
lungaca226.jpeg,0,586
lungn1426.jpeg,1,862
lungn4480.jpeg,1,749
lungaca1717.jpeg,0,562
lungaca3860.jpeg,0,524
lungscc4775.jpeg,2,1043
lungaca1018.jpeg,0,631
lungaca871.jpeg,0,691
lungscc1110.jpeg,2,1180
lungscc2001.jpeg,2,1046
lungn457.jpeg,1,841
lungaca963.jpeg,0,618
lungaca466.jpeg,0,701
lungn3115.jpeg,1,920
lungscc2807.jpeg,2,1064
lungn3259.jpeg,1,904
lungscc1166.jpeg,2,1094
lungn3708.jpeg,1,908
lungn626.jpeg,1,835
lungscc3045.jpeg,2,1191
lungn3804.jpeg,1,886
lungaca756.jpeg,0,525
lungaca930.jpeg,0,514
lungaca2799.jpeg,0,673
lungn4876.jpeg,1,860
lungscc4027.jpeg,2,1166
lungscc1702.jpeg,2,1031
lungaca3423.jpeg,0,584
lungaca2381.jpeg,0,591
lungscc235.jpeg,2,1207
lungaca3139.jpeg,0,556
lungaca4147.jpeg,0,565
lungaca238.jpeg,0,732
lungaca3801.jpeg,0,624
lungn3087.jpeg,1,805
lungscc31.jpeg,2,1049
lungaca2023.jpeg,0,681
lungn4913.jpeg,1,800
lungn2710.jpeg,1,797
lungaca3362.jpeg,0,735
lungn3241.jpeg,1,947
lungscc2388.jpeg,2,1139
lungn3973.jpeg,1,797
lungscc1966.jpeg,2,1232
lungscc506.jpeg,2,1042
lungscc2537.jpeg,2,1198
lungn4236.jpeg,1,911
lungscc2294.jpeg,2,1087
lungaca2701.jpeg,0,668
lungn3388.jpeg,1,809
lungscc4266.jpeg,2,1056
lungn2164.jpeg,1,768
lungaca1640.jpeg,0,740
lungaca180.jpeg,0,507
lungscc3233.jpeg,2,1086
lungaca2813.jpeg,0,609
lungn1355.jpeg,1,870
lungn126.jpeg,1,909
lungscc4742.jpeg,2,1102
lungn696.jpeg,1,921
lungscc1206.jpeg,2,1191
lungscc1419.jpeg,2,1013
lungn3620.jpeg,1,941
lungscc2359.jpeg,2,1066
lungn2072.jpeg,1,778
lungscc4554.jpeg,2,1205
lungscc4988.jpeg,2,1223
lungscc987.jpeg,2,1074
lungscc255.jpeg,2,1099
lungaca3998.jpeg,0,637
lungaca75.jpeg,0,577
lungscc1795.jpeg,2,1227
lungaca4721.jpeg,0,575
lungscc2447.jpeg,2,1092
lungscc661.jpeg,2,1000
lungn2469.jpeg,1,828
lungn458.jpeg,1,979
lungaca1744.jpeg,0,647
lungaca4446.jpeg,0,633
lungaca421.jpeg,0,547
lungaca2792.jpeg,0,688
lungaca530.jpeg,0,560
lungscc3968.jpeg,2,1052
lungn2634.jpeg,1,861
lungscc1958.jpeg,2,1168
lungn714.jpeg,1,934
lungn3458.jpeg,1,911
lungscc4281.jpeg,2,1117
lungaca3322.jpeg,0,556
lungscc2581.jpeg,2,1026
lungaca2102.jpeg,0,541
lungaca4545.jpeg,0,522
lungn1081.jpeg,1,794
lungn4867.jpeg,1,794
lungn4169.jpeg,1,859
lungaca1481.jpeg,0,572
lungn216.jpeg,1,906
lungn9.jpeg,1,931
lungn4008.jpeg,1,787
lungscc3327.jpeg,2,1242
lungaca3327.jpeg,0,741
lungn3822.jpeg,1,944
lungn3962.jpeg,1,875
lungaca4142.jpeg,0,713
lungscc2958.jpeg,2,1226
lungaca1198.jpeg,0,580
lungaca1682.jpeg,0,629
lungscc2765.jpeg,2,1002
lungaca3541.jpeg,0,541
lungn1448.jpeg,1,827
lungscc4996.jpeg,2,1127
lungn4391.jpeg,1,898
lungscc4025.jpeg,2,1107
lungaca2280.jpeg,0,708
lungscc2919.jpeg,2,1125
lungn4133.jpeg,1,785
lungn3116.jpeg,1,820
lungn1799.jpeg,1,931
lungaca2277.jpeg,0,565
lungaca2852.jpeg,0,662
lungn441.jpeg,1,802
lungscc4559.jpeg,2,1232
lungaca4388.jpeg,0,566
lungscc773.jpeg,2,1237
lungaca3413.jpeg,0,579
lungscc874.jpeg,2,1230
lungaca502.jpeg,0,601
lungn5.jpeg,1,771
lungscc4402.jpeg,2,1117
lungn4737.jpeg,1,828
lungscc4777.jpeg,2,1066
lungn2063.jpeg,1,863
lungaca4158.jpeg,0,720
lungaca1122.jpeg,0,603
lungaca3673.jpeg,0,683
lungscc2991.jpeg,2,1131
lungscc3067.jpeg,2,1165
lungscc1518.jpeg,2,1046
lungaca230.jpeg,0,532
lungn4578.jpeg,1,974
lungaca852.jpeg,0,546
lungn3688.jpeg,1,956
lungscc2274.jpeg,2,1068
lungn316.jpeg,1,798
lungn4762.jpeg,1,822
lungn755.jpeg,1,763
lungaca4814.jpeg,0,595
lungaca1353.jpeg,0,524
lungaca488.jpeg,0,670
lungn3616.jpeg,1,884
lungn51.jpeg,1,896
lungn2703.jpeg,1,834
lungscc418.jpeg,2,1196
lungscc3882.jpeg,2,1061
lungaca617.jpeg,0,555
lungscc4909.jpeg,2,1001
lungaca2441.jpeg,0,509
lungscc4440.jpeg,2,1242
lungaca2337.jpeg,0,604
lungn1698.jpeg,1,956
lungscc2379.jpeg,2,1235
lungaca2453.jpeg,0,517
lungscc1104.jpeg,2,1190
lungscc2356.jpeg,2,1240
lungn1526.jpeg,1,809
lungaca1662.jpeg,0,682
lungscc1785.jpeg,2,1191
lungscc2322.jpeg,2,1191
lungn1131.jpeg,1,917
lungn137.jpeg,1,818
lungn659.jpeg,1,949
lungscc1153.jpeg,2,1008
lungn3899.jpeg,1,875
lungn1985.jpeg,1,984
lungscc2103.jpeg,2,1177
lungscc2523.jpeg,2,1108
lungn1163.jpeg,1,878
lungscc1719.jpeg,2,1084
lungn1737.jpeg,1,943
lungn3713.jpeg,1,787
lungaca2288.jpeg,0,529
lungn1998.jpeg,1,898
lungscc1141.jpeg,2,1091
lungscc1759.jpeg,2,1045
lungn359.jpeg,1,898
lungscc1747.jpeg,2,1216
lungscc3437.jpeg,2,1214
lungscc552.jpeg,2,1240
lungn3190.jpeg,1,851
lungn582.jpeg,1,821
lungaca4709.jpeg,0,676
lungn698.jpeg,1,910
lungn1485.jpeg,1,989
lungaca910.jpeg,0,562
lungscc4537.jpeg,2,1103
lungscc1320.jpeg,2,1218
lungaca4444.jpeg,0,678
lungaca1173.jpeg,0,530
lungscc1410.jpeg,2,1105
lungaca4778.jpeg,0,625
lungscc1455.jpeg,2,1011
lungscc828.jpeg,2,1128
lungscc258.jpeg,2,1029
lungn1978.jpeg,1,768
lungn166.jpeg,1,760
lungscc2646.jpeg,2,1120
lungscc1899.jpeg,2,1179
lungscc2541.jpeg,2,1146
lungn1259.jpeg,1,985
lungaca552.jpeg,0,558
lungaca1772.jpeg,0,506
lungscc4999.jpeg,2,1200
lungscc350.jpeg,2,1139
lungn3581.jpeg,1,971
lungaca904.jpeg,0,601
lungscc1185.jpeg,2,1049
lungscc2265.jpeg,2,1027
lungaca1272.jpeg,0,578
lungscc3187.jpeg,2,1172
lungn2432.jpeg,1,815
lungscc3662.jpeg,2,1063
lungscc4783.jpeg,2,1197
lungaca2844.jpeg,0,740
lungaca3438.jpeg,0,733
lungscc593.jpeg,2,1081
lungaca3582.jpeg,0,703
lungaca628.jpeg,0,711
lungaca3135.jpeg,0,537
lungscc2272.jpeg,2,1065
lungscc4193.jpeg,2,1011
lungscc2906.jpeg,2,1192
lungaca2015.jpeg,0,746
lungn1403.jpeg,1,990
lungn4138.jpeg,1,763
lungscc551.jpeg,2,1055
lungaca2022.jpeg,0,712
lungn3209.jpeg,1,846
lungn3419.jpeg,1,848
lungn1118.jpeg,1,920
lungn2802.jpeg,1,966
lungscc2099.jpeg,2,1069
lungn1689.jpeg,1,934
lungn2154.jpeg,1,766
lungn954.jpeg,1,853
lungaca2947.jpeg,0,679
lungn386.jpeg,1,928
lungaca2533.jpeg,0,643
lungn3487.jpeg,1,866
lungscc599.jpeg,2,1131
lungn2117.jpeg,1,808
lungscc4417.jpeg,2,1009
lungscc3989.jpeg,2,1128
lungn4111.jpeg,1,807
lungaca3619.jpeg,0,733
lungscc330.jpeg,2,1048
lungaca4902.jpeg,0,744
lungn3356.jpeg,1,983
lungn3326.jpeg,1,761
lungaca2642.jpeg,0,589
lungscc4759.jpeg,2,1153
lungn4519.jpeg,1,825
lungn840.jpeg,1,801
lungaca3913.jpeg,0,647
lungn2301.jpeg,1,777
lungscc925.jpeg,2,1201
lungn2643.jpeg,1,752
lungaca3023.jpeg,0,714
lungaca3719.jpeg,0,582
lungn4059.jpeg,1,924
lungn4813.jpeg,1,827
lungaca4847.jpeg,0,614
lungn1127.jpeg,1,797
lungn2475.jpeg,1,941
lungaca2763.jpeg,0,742
lungaca1349.jpeg,0,553
lungn4432.jpeg,1,994
lungaca1563.jpeg,0,551
lungaca3424.jpeg,0,679
lungaca4539.jpeg,0,518
lungaca4345.jpeg,0,737
lungn1779.jpeg,1,885
lungscc1523.jpeg,2,1205
lungscc4947.jpeg,2,1005
lungn1241.jpeg,1,834
lungaca1083.jpeg,0,648
lungaca3066.jpeg,0,623
lungscc3495.jpeg,2,1217
lungn3948.jpeg,1,967
lungscc977.jpeg,2,1078
lungn1997.jpeg,1,782
lungaca2570.jpeg,0,665
lungscc2632.jpeg,2,1079
lungaca4635.jpeg,0,669
lungaca1971.jpeg,0,517
lungaca4620.jpeg,0,507
lungscc1907.jpeg,2,1134
lungn4456.jpeg,1,757
lungn4929.jpeg,1,984
lungn957.jpeg,1,844
lungn3912.jpeg,1,759
lungn2380.jpeg,1,817
lungaca1612.jpeg,0,629
lungscc347.jpeg,2,1017
lungscc1288.jpeg,2,1189
lungaca716.jpeg,0,620
lungaca2262.jpeg,0,513
lungaca1403.jpeg,0,537
lungscc3267.jpeg,2,1077
lungaca1803.jpeg,0,578
lungaca2955.jpeg,0,714
lungaca1637.jpeg,0,539
lungscc2515.jpeg,2,1000
lungn4380.jpeg,1,759
lungn4164.jpeg,1,767
lungscc1516.jpeg,2,1107
lungscc2641.jpeg,2,1062
lungscc2969.jpeg,2,1023
lungaca4354.jpeg,0,660
lungn3624.jpeg,1,868
lungn3284.jpeg,1,879
lungn741.jpeg,1,878
lungscc2355.jpeg,2,1160
lungscc4525.jpeg,2,1237
lungn107.jpeg,1,784
lungaca4498.jpeg,0,594
lungaca3489.jpeg,0,735
lungn497.jpeg,1,996
lungn2112.jpeg,1,985
lungn606.jpeg,1,840
lungn969.jpeg,1,769
lungn2858.jpeg,1,804
lungaca464.jpeg,0,712
lungaca1945.jpeg,0,530
lungn77.jpeg,1,972
lungaca4640.jpeg,0,689
lungn1893.jpeg,1,818
lungaca2165.jpeg,0,590
lungn4843.jpeg,1,964
lungaca2171.jpeg,0,650
lungaca4568.jpeg,0,634
lungscc3653.jpeg,2,1155
lungn3109.jpeg,1,940
lungn2144.jpeg,1,888
lungaca4408.jpeg,0,662
lungn4260.jpeg,1,759
lungscc191.jpeg,2,1183
lungscc826.jpeg,2,1134
lungn404.jpeg,1,823
lungn4489.jpeg,1,771
lungscc1372.jpeg,2,1164
lungscc135.jpeg,2,1096
lungaca1313.jpeg,0,548
lungaca4626.jpeg,0,516
lungn3664.jpeg,1,887
lungscc2554.jpeg,2,1082
lungscc779.jpeg,2,1060
lungaca472.jpeg,0,586
lungn1951.jpeg,1,876
lungn507.jpeg,1,849
lungn2599.jpeg,1,963
lungn4994.jpeg,1,799
lungn4318.jpeg,1,752
lungscc1170.jpeg,2,1095
lungaca4273.jpeg,0,600
lungscc1412.jpeg,2,1132
lungaca188.jpeg,0,590
lungscc1267.jpeg,2,1025
lungaca1876.jpeg,0,537
lungaca2340.jpeg,0,634
lungn1277.jpeg,1,807
lungscc1577.jpeg,2,1142
lungscc4478.jpeg,2,1184
lungn3033.jpeg,1,792
lungaca3563.jpeg,0,549
lungscc2676.jpeg,2,1205
lungn3501.jpeg,1,929
lungaca1378.jpeg,0,687
lungscc1726.jpeg,2,1090
lungaca506.jpeg,0,702
lungn4801.jpeg,1,965
lungscc3829.jpeg,2,1122
lungscc3338.jpeg,2,1013
lungscc253.jpeg,2,1107
lungaca3717.jpeg,0,552
lungaca1091.jpeg,0,616
lungn1396.jpeg,1,829
lungn2737.jpeg,1,799
lungaca2155.jpeg,0,547
lungn4766.jpeg,1,961
lungn1390.jpeg,1,915
lungn648.jpeg,1,887
lungn921.jpeg,1,818
lungscc1093.jpeg,2,1135
lungaca752.jpeg,0,570
lungscc2374.jpeg,2,1232
lungscc2371.jpeg,2,998
lungaca4929.jpeg,0,724
lungscc2195.jpeg,2,1082
lungaca3885.jpeg,0,657
lungscc2584.jpeg,2,1120
lungaca4858.jpeg,0,653
lungscc2886.jpeg,2,1063
lungaca3230.jpeg,0,744
lungn3327.jpeg,1,761
lungn343.jpeg,1,866
lungaca3579.jpeg,0,593
lungscc3713.jpeg,2,1118
lungscc3429.jpeg,2,1203
lungaca2573.jpeg,0,642
lungscc302.jpeg,2,1033
lungn3434.jpeg,1,784
lungaca2431.jpeg,0,568
lungn4036.jpeg,1,782
lungscc3787.jpeg,2,1030
lungscc1466.jpeg,2,1144
lungaca2178.jpeg,0,550
lungn1709.jpeg,1,950
lungscc4013.jpeg,2,1103
lungaca2031.jpeg,0,544
lungscc3657.jpeg,2,1161
lungscc1404.jpeg,2,1022
lungscc1218.jpeg,2,1005
lungscc1289.jpeg,2,1189
lungaca1578.jpeg,0,516
lungaca1364.jpeg,0,614
lungn329.jpeg,1,793
lungn4833.jpeg,1,756
lungaca1616.jpeg,0,620
lungscc2029.jpeg,2,1143
lungscc2714.jpeg,2,1178
lungscc4436.jpeg,2,1040
lungn190.jpeg,1,811
lungaca1944.jpeg,0,539
lungn1803.jpeg,1,760
lungn1977.jpeg,1,933
lungn11.jpeg,1,784
lungscc3812.jpeg,2,1117
lungscc4231.jpeg,2,1047
lungaca1478.jpeg,0,649
lungscc1807.jpeg,2,1108
lungscc2700.jpeg,2,1035
lungaca674.jpeg,0,581
lungaca2442.jpeg,0,518
lungscc3358.jpeg,2,1193
lungn2573.jpeg,1,800
lungscc1866.jpeg,2,1229
lungaca2399.jpeg,0,710
lungscc4167.jpeg,2,1084
lungaca4648.jpeg,0,667
lungn2308.jpeg,1,792
lungscc1688.jpeg,2,1183
lungaca684.jpeg,0,583
lungaca2490.jpeg,0,627
lungn2196.jpeg,1,946
lungaca2786.jpeg,0,728
lungaca1428.jpeg,0,609
lungscc4358.jpeg,2,1119
lungscc3887.jpeg,2,1111
lungscc4801.jpeg,2,1173
lungn4770.jpeg,1,778
lungaca563.jpeg,0,568
lungn1836.jpeg,1,928
lungn1407.jpeg,1,892
lungscc4432.jpeg,2,1055
lungn4086.jpeg,1,855
lungn2071.jpeg,1,789
lungn1288.jpeg,1,883
lungscc1212.jpeg,2,1004
lungaca4276.jpeg,0,588
lungaca3831.jpeg,0,658
lungaca1909.jpeg,0,686
lungscc3719.jpeg,2,1136
lungscc4717.jpeg,2,1043
lungn4121.jpeg,1,948
lungaca4079.jpeg,0,526
lungaca3595.jpeg,0,580
lungn956.jpeg,1,868
lungaca3385.jpeg,0,746
lungaca2689.jpeg,0,591
lungn1331.jpeg,1,956
lungn1002.jpeg,1,873
lungn4611.jpeg,1,900
lungscc1420.jpeg,2,1140
lungaca1506.jpeg,0,694
lungaca3040.jpeg,0,741
lungaca1440.jpeg,0,638
lungscc2883.jpeg,2,1059
lungaca3419.jpeg,0,582
lungaca4845.jpeg,0,536
lungscc2398.jpeg,2,1127
lungscc3818.jpeg,2,1010
lungn2519.jpeg,1,848
lungn816.jpeg,1,933
lungn3025.jpeg,1,847
lungaca4432.jpeg,0,559
lungn664.jpeg,1,886
lungscc2639.jpeg,2,1135
lungaca18.jpeg,0,678
lungaca3817.jpeg,0,636
lungaca4180.jpeg,0,602
lungn3055.jpeg,1,821
lungscc591.jpeg,2,1012
lungscc508.jpeg,2,1099
lungaca2342.jpeg,0,742
lungaca3796.jpeg,0,595
lungn1036.jpeg,1,788
lungscc1955.jpeg,2,1233
lungscc2988.jpeg,2,1079
lungn1098.jpeg,1,805
lungn3043.jpeg,1,897
lungaca4187.jpeg,0,615
lungn4203.jpeg,1,866
lungaca2880.jpeg,0,691
lungscc3189.jpeg,2,1038
lungscc2424.jpeg,2,1072
lungn2081.jpeg,1,807
lungaca1881.jpeg,0,618
lungscc4974.jpeg,2,1186
lungn526.jpeg,1,866
lungaca1964.jpeg,0,534
lungaca3967.jpeg,0,606
lungscc3098.jpeg,2,1159
lungn707.jpeg,1,828
lungn193.jpeg,1,869
lungaca1782.jpeg,0,534
lungscc3455.jpeg,2,1100
lungscc1011.jpeg,2,1014
lungn402.jpeg,1,947
lungn2184.jpeg,1,779
lungscc4352.jpeg,2,1191
lungn2520.jpeg,1,785
lungscc2380.jpeg,2,1076
lungn1237.jpeg,1,907
lungn4887.jpeg,1,894
lungn1430.jpeg,1,768
lungaca1776.jpeg,0,591
lungaca127.jpeg,0,734
lungscc2083.jpeg,2,1125
lungscc3677.jpeg,2,1144
lungscc1730.jpeg,2,1076
lungn181.jpeg,1,805
lungn1872.jpeg,1,845
lungaca2521.jpeg,0,512
lungn1845.jpeg,1,987
lungaca3626.jpeg,0,576
lungscc2692.jpeg,2,1016
lungn1336.jpeg,1,854
lungaca2414.jpeg,0,529
lungaca3750.jpeg,0,613
lungscc2618.jpeg,2,1186
lungn2180.jpeg,1,840
lungn490.jpeg,1,778
lungaca778.jpeg,0,717
lungaca3001.jpeg,0,514
lungaca1779.jpeg,0,704
lungscc357.jpeg,2,1184
lungaca3321.jpeg,0,568
lungscc3729.jpeg,2,1021
lungaca2345.jpeg,0,623
lungaca4257.jpeg,0,514
lungaca1950.jpeg,0,662
lungaca2274.jpeg,0,552
lungscc680.jpeg,2,1166
lungn3790.jpeg,1,760
lungn3343.jpeg,1,762
lungaca3614.jpeg,0,521
lungscc1522.jpeg,2,1197
lungn2900.jpeg,1,761
lungn2884.jpeg,1,978
lungn2647.jpeg,1,931
lungscc1729.jpeg,2,1076
lungn3493.jpeg,1,969
lungscc1148.jpeg,2,1121
lungscc65.jpeg,2,1113
lungscc1007.jpeg,2,1020
lungaca576.jpeg,0,534
lungscc2349.jpeg,2,1178
lungaca3364.jpeg,0,578
lungscc2965.jpeg,2,1204
lungscc3809.jpeg,2,1023
lungaca3062.jpeg,0,735
lungaca2089.jpeg,0,665
lungscc1691.jpeg,2,1063
lungaca4623.jpeg,0,666
lungaca3373.jpeg,0,539
lungn240.jpeg,1,765
lungscc118.jpeg,2,1120
lungscc1985.jpeg,2,1069
lungn4496.jpeg,1,768
lungn4149.jpeg,1,923
lungscc1407.jpeg,2,1166
lungscc3827.jpeg,2,1086
lungn1767.jpeg,1,846
lungaca3857.jpeg,0,731
lungscc1127.jpeg,2,1123
lungn2640.jpeg,1,833
lungn2726.jpeg,1,847
lungaca3931.jpeg,0,583
lungaca1274.jpeg,0,647
lungscc1021.jpeg,2,1086
lungscc2933.jpeg,2,1210
lungn1310.jpeg,1,884
lungscc1092.jpeg,2,1000
lungn3894.jpeg,1,948
lungscc1537.jpeg,2,1117
lungn4619.jpeg,1,896
lungscc2573.jpeg,2,1131
lungn2529.jpeg,1,970
lungaca1855.jpeg,0,633
lungaca1095.jpeg,0,565
lungn3540.jpeg,1,862
lungscc1351.jpeg,2,1156
lungaca3893.jpeg,0,559
lungscc4693.jpeg,2,1171
lungscc3276.jpeg,2,1010
lungaca4549.jpeg,0,609
lungn552.jpeg,1,859
lungaca283.jpeg,0,554
lungscc117.jpeg,2,1127
lungscc2196.jpeg,2,1048
lungaca1253.jpeg,0,658
lungn4126.jpeg,1,820
lungscc2313.jpeg,2,1014
lungscc2003.jpeg,2,1045
lungscc2821.jpeg,2,1113
lungscc4544.jpeg,2,1095
lungn1687.jpeg,1,808
lungaca4330.jpeg,0,524
lungaca201.jpeg,0,542
lungn891.jpeg,1,893
lungn4899.jpeg,1,957
lungn2587.jpeg,1,843
lungaca923.jpeg,0,664
lungn452.jpeg,1,922
lungscc4018.jpeg,2,1194
lungaca4689.jpeg,0,742
lungn291.jpeg,1,760
lungaca4219.jpeg,0,669
lungaca1248.jpeg,0,671
lungn4389.jpeg,1,899
lungscc1964.jpeg,2,1212
lungscc3939.jpeg,2,1210
lungaca1720.jpeg,0,557
lungscc4299.jpeg,2,1228
lungn4097.jpeg,1,761
lungn2887.jpeg,1,784
lungscc4986.jpeg,2,1079
lungn3357.jpeg,1,938
lungn593.jpeg,1,941
lungaca1151.jpeg,0,655
lungscc420.jpeg,2,1139
lungscc3370.jpeg,2,1203
lungn4190.jpeg,1,907
lungaca3298.jpeg,0,721
lungaca764.jpeg,0,554
lungn4177.jpeg,1,852
lungscc4754.jpeg,2,1025
lungaca2371.jpeg,0,676
lungscc2922.jpeg,2,1016
lungscc2970.jpeg,2,1134
lungscc4210.jpeg,2,1006
lungscc3385.jpeg,2,1220
lungn1814.jpeg,1,780
lungscc1165.jpeg,2,1165
lungaca2968.jpeg,0,523
lungaca3542.jpeg,0,713
lungn4701.jpeg,1,895
lungn2566.jpeg,1,885
lungscc2122.jpeg,2,1226
lungscc2955.jpeg,2,1105
lungscc2705.jpeg,2,1118
lungscc1606.jpeg,2,1024
lungaca3459.jpeg,0,667
lungn2123.jpeg,1,761
lungscc2101.jpeg,2,1033
lungn4844.jpeg,1,858
lungscc1028.jpeg,2,1060
lungaca4934.jpeg,0,571
lungaca2401.jpeg,0,532
lungn3976.jpeg,1,794
lungn4939.jpeg,1,929
lungaca2997.jpeg,0,642
lungscc3424.jpeg,2,1094
lungn2328.jpeg,1,793
lungn4443.jpeg,1,896
lungn116.jpeg,1,827
lungn2291.jpeg,1,853
lungn3975.jpeg,1,889
lungn2266.jpeg,1,903
lungaca1502.jpeg,0,633
lungaca3165.jpeg,0,513
lungn3260.jpeg,1,847
lungaca2030.jpeg,0,561
lungscc3702.jpeg,2,1139
lungaca2478.jpeg,0,724
lungaca4059.jpeg,0,659
lungscc4990.jpeg,2,1223
lungaca76.jpeg,0,631
lungn2975.jpeg,1,756
lungscc540.jpeg,2,1147
lungaca1474.jpeg,0,602
lungscc1654.jpeg,2,1044
lungscc4051.jpeg,2,1091
lungn2881.jpeg,1,875
lungscc2983.jpeg,2,1191
lungn1032.jpeg,1,956
lungscc2306.jpeg,2,1072
lungn425.jpeg,1,886
lungn2855.jpeg,1,790
lungn4977.jpeg,1,857
lungscc4843.jpeg,2,1022
lungn2047.jpeg,1,936
lungn4599.jpeg,1,879
lungscc1335.jpeg,2,1097
lungaca2480.jpeg,0,652
lungn4447.jpeg,1,931
lungn3531.jpeg,1,810
lungn3585.jpeg,1,879
lungscc4207.jpeg,2,1056
lungn4481.jpeg,1,888
lungn1925.jpeg,1,774
lungn2062.jpeg,1,767
lungaca928.jpeg,0,745
lungscc3585.jpeg,2,1122
lungscc3955.jpeg,2,1165
lungaca3016.jpeg,0,626
lungn2087.jpeg,1,957
lungscc1347.jpeg,2,1015
lungscc3694.jpeg,2,1010
lungn2704.jpeg,1,837
lungscc4752.jpeg,2,1195
lungscc4323.jpeg,2,1036
lungscc3296.jpeg,2,1182
lungn4940.jpeg,1,934
lungn1641.jpeg,1,990
lungn935.jpeg,1,820
lungn775.jpeg,1,968
lungaca2530.jpeg,0,623
lungaca1523.jpeg,0,568
lungaca4334.jpeg,0,699
lungn187.jpeg,1,789
lungn2663.jpeg,1,779
lungaca1199.jpeg,0,605
lungscc1070.jpeg,2,1014
lungn4411.jpeg,1,890
lungn3164.jpeg,1,802
lungscc3003.jpeg,2,1078
lungn1807.jpeg,1,929
lungn2347.jpeg,1,891
lungscc1152.jpeg,2,1210
lungaca3238.jpeg,0,526
lungn2829.jpeg,1,875
lungaca1722.jpeg,0,614
lungn1071.jpeg,1,768
lungaca3881.jpeg,0,593
lungscc2234.jpeg,2,1059
lungn3795.jpeg,1,853
lungn1305.jpeg,1,873
lungaca3282.jpeg,0,682
lungscc383.jpeg,2,1006
lungaca155.jpeg,0,649
lungaca2605.jpeg,0,618
lungn2767.jpeg,1,836
lungn2837.jpeg,1,831
lungscc457.jpeg,2,1231
lungaca4339.jpeg,0,542
lungaca4942.jpeg,0,673
lungscc771.jpeg,2,1051
lungn3959.jpeg,1,952
lungn3335.jpeg,1,776
lungscc250.jpeg,2,1157
lungn3040.jpeg,1,775
lungn4397.jpeg,1,860
lungn2961.jpeg,1,941
lungaca245.jpeg,0,646
lungn1489.jpeg,1,752
lungscc1850.jpeg,2,1027
lungaca3126.jpeg,0,529
lungscc2985.jpeg,2,1064
lungaca3167.jpeg,0,665
lungscc1812.jpeg,2,1136
lungaca3121.jpeg,0,606
lungn84.jpeg,1,957
lungscc588.jpeg,2,1112
lungn1161.jpeg,1,888
lungaca532.jpeg,0,693
lungscc4726.jpeg,2,1132
lungn697.jpeg,1,910
lungn2413.jpeg,1,755
lungn2485.jpeg,1,886
lungscc3323.jpeg,2,1052
lungscc3846.jpeg,2,1075
lungscc3261.jpeg,2,1226
lungaca761.jpeg,0,559
lungscc1609.jpeg,2,1236
lungaca4192.jpeg,0,747
lungn1652.jpeg,1,802
lungscc4471.jpeg,2,1196
lungn2770.jpeg,1,873
lungscc886.jpeg,2,1018
lungaca4742.jpeg,0,585
lungscc2134.jpeg,2,1048
lungn674.jpeg,1,792
lungn3476.jpeg,1,920
lungaca3712.jpeg,0,528
lungscc4489.jpeg,2,1041
lungscc563.jpeg,2,1132
lungscc3359.jpeg,2,1039
lungn3649.jpeg,1,786
lungscc2923.jpeg,2,1152
lungaca2784.jpeg,0,539
lungn2821.jpeg,1,997
lungaca91.jpeg,0,603
lungscc1246.jpeg,2,1077
lungaca2077.jpeg,0,741
lungaca2815.jpeg,0,745
lungaca4047.jpeg,0,577
lungscc515.jpeg,2,1144
lungaca3280.jpeg,0,649
lungscc2963.jpeg,2,1072
lungscc113.jpeg,2,1004
lungaca2561.jpeg,0,591
lungaca1880.jpeg,0,618
lungn4909.jpeg,1,861
lungn793.jpeg,1,775
lungscc4689.jpeg,2,1091
lungaca918.jpeg,0,722
lungscc1743.jpeg,2,1085
lungaca952.jpeg,0,600
lungaca4377.jpeg,0,629
lungaca4889.jpeg,0,729
lungn105.jpeg,1,984
lungaca1060.jpeg,0,598
lungn4400.jpeg,1,865
lungaca905.jpeg,0,538
lungaca2298.jpeg,0,624
lungn1348.jpeg,1,940
lungscc2931.jpeg,2,1223
lungscc3617.jpeg,2,1244
lungscc4426.jpeg,2,1038
lungaca3275.jpeg,0,511
lungscc748.jpeg,2,1099
lungaca3320.jpeg,0,530
lungaca810.jpeg,0,648
lungscc427.jpeg,2,1184
lungscc3079.jpeg,2,1226
lungn1943.jpeg,1,788
lungscc829.jpeg,2,1243
lungaca2172.jpeg,0,600
lungaca3624.jpeg,0,588
lungaca1001.jpeg,0,727
lungscc4049.jpeg,2,1224
lungn4938.jpeg,1,774
lungaca2107.jpeg,0,606
lungn2794.jpeg,1,925
lungaca4707.jpeg,0,556
lungaca3224.jpeg,0,657
lungn3792.jpeg,1,914
lungn797.jpeg,1,793
lungscc4546.jpeg,2,1145
lungn2869.jpeg,1,819
lungscc3103.jpeg,2,1207
lungn1170.jpeg,1,858
lungn2586.jpeg,1,979
lungaca3966.jpeg,0,606
lungaca3711.jpeg,0,718
lungscc4289.jpeg,2,1171
lungscc1486.jpeg,2,1238
lungaca2615.jpeg,0,553
lungscc4767.jpeg,2,1011
lungscc3186.jpeg,2,1216
lungn2619.jpeg,1,944
lungn4331.jpeg,1,795
lungaca1064.jpeg,0,550
lungaca4398.jpeg,0,549
lungscc3954.jpeg,2,1011
lungn2541.jpeg,1,850
lungn136.jpeg,1,957
lungaca4318.jpeg,0,620
lungscc2885.jpeg,2,1070
lungaca1725.jpeg,0,698
lungn572.jpeg,1,813
lungscc2952.jpeg,2,1066
lungscc4955.jpeg,2,1110
lungscc4487.jpeg,2,1038
lungn2369.jpeg,1,789
lungn1299.jpeg,1,919
lungaca1670.jpeg,0,570
lungscc713.jpeg,2,1037
lungn285.jpeg,1,797
lungn4978.jpeg,1,937
lungn3504.jpeg,1,808
lungscc781.jpeg,2,1199
lungn4282.jpeg,1,804
lungn391.jpeg,1,861
lungscc3834.jpeg,2,1035
lungaca1188.jpeg,0,648
lungn2185.jpeg,1,822
lungaca2938.jpeg,0,713
lungscc4951.jpeg,2,1180
lungaca1572.jpeg,0,633
lungaca1665.jpeg,0,597
lungaca1970.jpeg,0,672
lungscc3481.jpeg,2,1055
lungn2412.jpeg,1,795
lungscc1286.jpeg,2,1115
lungscc415.jpeg,2,1083
lungn858.jpeg,1,835
lungscc2019.jpeg,2,1082
lungscc4121.jpeg,2,1182
lungn883.jpeg,1,843
lungn1093.jpeg,1,904
lungaca4937.jpeg,0,567
lungn773.jpeg,1,860
lungaca533.jpeg,0,678
lungscc2578.jpeg,2,1067
lungscc3117.jpeg,2,1228
lungscc4836.jpeg,2,1201
lungaca741.jpeg,0,702
lungscc635.jpeg,2,1231
lungscc1222.jpeg,2,1055
lungaca321.jpeg,0,599
lungaca2367.jpeg,0,568
lungaca2294.jpeg,0,527
lungn3363.jpeg,1,953
lungscc1031.jpeg,2,1004
lungaca4915.jpeg,0,573
lungn4147.jpeg,1,783
lungaca4306.jpeg,0,668
lungn4445.jpeg,1,866
lungscc1058.jpeg,2,1046
lungscc1720.jpeg,2,1101
lungscc3315.jpeg,2,1142
lungscc2400.jpeg,2,1165
lungscc1282.jpeg,2,1030
lungaca4789.jpeg,0,738
lungaca4440.jpeg,0,663
lungn4872.jpeg,1,806
lungaca1981.jpeg,0,565
lungn3360.jpeg,1,752
lungaca2382.jpeg,0,704
lungscc2443.jpeg,2,1037
lungscc4189.jpeg,2,1225
lungaca4719.jpeg,0,622
lungn4446.jpeg,1,843
lungscc719.jpeg,2,1025
lungaca3545.jpeg,0,507
lungaca658.jpeg,0,692
lungaca485.jpeg,0,545
lungscc897.jpeg,2,1051
lungn1219.jpeg,1,946
lungn1774.jpeg,1,966
lungn1231.jpeg,1,786
lungaca3707.jpeg,0,674
lungscc2748.jpeg,2,1111
lungaca3355.jpeg,0,554
lungaca4989.jpeg,0,631
lungaca1291.jpeg,0,702
lungscc1035.jpeg,2,1108
lungaca2343.jpeg,0,578
lungn4965.jpeg,1,793
lungscc3114.jpeg,2,1000
lungscc1005.jpeg,2,1077
lungscc2663.jpeg,2,1031
lungn339.jpeg,1,947
lungn4535.jpeg,1,842
lungscc3219.jpeg,2,1186
lungn4372.jpeg,1,796
lungn2696.jpeg,1,920
lungscc1240.jpeg,2,1205
lungscc1753.jpeg,2,1094
lungaca2706.jpeg,0,594
lungn3007.jpeg,1,803
lungn4350.jpeg,1,918
lungaca1487.jpeg,0,614
lungn2167.jpeg,1,803
lungaca2969.jpeg,0,631
lungn1326.jpeg,1,880
lungscc3434.jpeg,2,1208
lungaca4898.jpeg,0,534
lungaca3103.jpeg,0,510
lungn4861.jpeg,1,931
lungaca2806.jpeg,0,570
lungn1542.jpeg,1,997
lungscc2133.jpeg,2,1215
lungaca4881.jpeg,0,702
lungaca855.jpeg,0,661
lungn3534.jpeg,1,982
lungaca707.jpeg,0,611
lungaca4034.jpeg,0,734
lungaca1540.jpeg,0,730
lungscc778.jpeg,2,1068
lungscc2899.jpeg,2,1220
lungscc3200.jpeg,2,1105
lungaca3312.jpeg,0,714
lungaca151.jpeg,0,520
lungscc546.jpeg,2,1184
lungn1507.jpeg,1,865
lungscc3128.jpeg,2,1113
lungscc2266.jpeg,2,1039
lungscc4242.jpeg,2,1228
lungscc538.jpeg,2,1227
lungaca1295.jpeg,0,723
lungn2251.jpeg,1,754
lungaca1232.jpeg,0,577
lungscc2063.jpeg,2,1244
lungaca3736.jpeg,0,699
lungaca3641.jpeg,0,704
lungscc1687.jpeg,2,1118
lungn4946.jpeg,1,769
lungscc4188.jpeg,2,1181
lungn4543.jpeg,1,877
lungn4174.jpeg,1,754
lungn2032.jpeg,1,896
lungn3398.jpeg,1,749
lungn2616.jpeg,1,754
lungaca1260.jpeg,0,718
lungscc2709.jpeg,2,1059
lungn4597.jpeg,1,944
lungn196.jpeg,1,835
lungscc295.jpeg,2,1131
lungaca3012.jpeg,0,606
lungscc2137.jpeg,2,1114
lungaca2466.jpeg,0,565
lungn3034.jpeg,1,971
lungn1981.jpeg,1,843
lungaca4223.jpeg,0,555
lungaca1969.jpeg,0,642
lungaca4476.jpeg,0,602
lungn129.jpeg,1,892
lungn2484.jpeg,1,886
lungn3385.jpeg,1,788
lungn2483.jpeg,1,939
lungaca873.jpeg,0,656
lungscc148.jpeg,2,1029
lungaca85.jpeg,0,506
lungscc1175.jpeg,2,1166
lungscc1656.jpeg,2,1106
lungn2088.jpeg,1,775
lungaca3578.jpeg,0,509
lungn1986.jpeg,1,855
lungaca2713.jpeg,0,565
lungn1899.jpeg,1,858
lungaca2021.jpeg,0,659
lungscc2661.jpeg,2,1015
lungscc1659.jpeg,2,1179
lungscc1296.jpeg,2,1099
lungn1552.jpeg,1,831
lungn2212.jpeg,1,922
lungaca3634.jpeg,0,621
lungscc2555.jpeg,2,1101
lungaca2847.jpeg,0,737
lungaca1467.jpeg,0,599
lungscc1016.jpeg,2,1027
lungscc1205.jpeg,2,1191
lungscc4891.jpeg,2,1169
lungaca4811.jpeg,0,720
lungscc4924.jpeg,2,1152
lungn1659.jpeg,1,813
lungaca3067.jpeg,0,516
lungaca1316.jpeg,0,616
lungaca2917.jpeg,0,553
lungscc2152.jpeg,2,1069
lungaca723.jpeg,0,633
lungn1455.jpeg,1,856
lungaca3637.jpeg,0,729
lungscc3053.jpeg,2,1054
lungscc3831.jpeg,2,1089
lungscc378.jpeg,2,1211
lungn1440.jpeg,1,764
lungscc2819.jpeg,2,1108
lungn1239.jpeg,1,900
lungn2914.jpeg,1,781
lungscc4397.jpeg,2,1048
lungn3775.jpeg,1,874
lungaca4732.jpeg,0,642
lungn1927.jpeg,1,844
lungaca3723.jpeg,0,515
lungaca1738.jpeg,0,589
lungaca3436.jpeg,0,717
lungn1778.jpeg,1,835
lungaca1633.jpeg,0,516
lungn61.jpeg,1,899
lungaca4295.jpeg,0,715
lungn99.jpeg,1,947
lungaca1654.jpeg,0,562
lungscc67.jpeg,2,1030
lungn1864.jpeg,1,844
lungn3130.jpeg,1,988
lungaca1727.jpeg,0,611
lungaca2424.jpeg,0,700
lungn825.jpeg,1,838
lungaca1283.jpeg,0,552
lungn3930.jpeg,1,815
lungscc3606.jpeg,2,1095
lungn1766.jpeg,1,829
lungn3446.jpeg,1,825
lungaca1947.jpeg,0,599
lungaca1767.jpeg,0,519
lungn4415.jpeg,1,807
lungn1968.jpeg,1,922
lungaca2197.jpeg,0,587
lungscc2288.jpeg,2,1178
lungscc4287.jpeg,2,1061
lungn283.jpeg,1,831
lungn4677.jpeg,1,784
lungscc132.jpeg,2,1203
lungn3512.jpeg,1,829
lungaca2181.jpeg,0,635
lungaca2063.jpeg,0,680
lungaca2287.jpeg,0,590
lungn418.jpeg,1,868
lungn4307.jpeg,1,862
lungscc852.jpeg,2,1108
lungaca616.jpeg,0,531
lungaca2896.jpeg,0,590
lungscc4026.jpeg,2,1099
lungn4185.jpeg,1,903
lungaca4927.jpeg,0,743
lungaca771.jpeg,0,687
lungn215.jpeg,1,910
lungn3210.jpeg,1,830
lungscc1285.jpeg,2,1038
lungn3556.jpeg,1,970
lungscc1405.jpeg,2,1145
lungn4475.jpeg,1,892
lungaca3960.jpeg,0,507
lungaca3254.jpeg,0,540
lungscc4952.jpeg,2,1041
lungscc2548.jpeg,2,1163
lungn3342.jpeg,1,762
lungaca3119.jpeg,0,675
lungn89.jpeg,1,849
lungscc4375.jpeg,2,1166
lungscc3527.jpeg,2,1210
lungscc478.jpeg,2,1227
lungaca1303.jpeg,0,654
lungn3420.jpeg,1,900
lungaca2042.jpeg,0,692
lungscc4676.jpeg,2,1230
lungn1364.jpeg,1,772
lungaca668.jpeg,0,595
lungn3710.jpeg,1,793
lungaca1735.jpeg,0,616
lungn3124.jpeg,1,823
lungscc498.jpeg,2,1058
lungn596.jpeg,1,816
lungaca3547.jpeg,0,573
lungscc2209.jpeg,2,1024
lungn2368.jpeg,1,788
lungn3188.jpeg,1,916
lungscc823.jpeg,2,1212
lungaca561.jpeg,0,737
lungscc4789.jpeg,2,1053
lungscc486.jpeg,2,1153
lungscc402.jpeg,2,1130
lungn1633.jpeg,1,769
lungn258.jpeg,1,849
lungaca4560.jpeg,0,687
lungaca1472.jpeg,0,621
lungaca3659.jpeg,0,532
lungn4705.jpeg,1,799
lungaca1465.jpeg,0,728
lungscc2034.jpeg,2,1133
lungscc1477.jpeg,2,1134
lungn1324.jpeg,1,780
lungscc1978.jpeg,2,1133
lungscc4228.jpeg,2,1093
lungscc2756.jpeg,2,1131
lungn3146.jpeg,1,974
lungn2513.jpeg,1,824
lungscc3663.jpeg,2,1169
lungn2160.jpeg,1,981
lungn4606.jpeg,1,952
lungaca3968.jpeg,0,633
lungaca2079.jpeg,0,625
lungscc4815.jpeg,2,1054
lungaca51.jpeg,0,579
lungn2085.jpeg,1,879
lungn2252.jpeg,1,776
lungscc3746.jpeg,2,998
lungscc3789.jpeg,2,1142
lungaca1537.jpeg,0,591
lungscc4366.jpeg,2,1070
lungn4542.jpeg,1,982
lungaca1294.jpeg,0,625
lungaca801.jpeg,0,661
lungn744.jpeg,1,952
lungn1971.jpeg,1,771
lungaca1579.jpeg,0,734
lungn2972.jpeg,1,852
lungn2783.jpeg,1,949
lungaca3189.jpeg,0,569
lungscc947.jpeg,2,1214
lungn2431.jpeg,1,882
lungn428.jpeg,1,956
lungaca1380.jpeg,0,573
lungn1994.jpeg,1,929
lungaca4335.jpeg,0,543
lungaca3900.jpeg,0,547
lungaca4271.jpeg,0,530
lungn2233.jpeg,1,934
lungn3903.jpeg,1,921
lungaca4724.jpeg,0,612
lungaca2803.jpeg,0,704
lungscc3069.jpeg,2,1038
lungaca1329.jpeg,0,598
lungn2495.jpeg,1,830
lungscc2309.jpeg,2,1123
lungaca2827.jpeg,0,584
lungaca2332.jpeg,0,710
lungaca2305.jpeg,0,556
lungaca1526.jpeg,0,684
lungn2808.jpeg,1,842
lungscc1108.jpeg,2,1142
lungscc2449.jpeg,2,1092
lungscc3388.jpeg,2,1028
lungscc2979.jpeg,2,1010
lungaca1500.jpeg,0,719
lungscc4976.jpeg,2,1016
lungscc2048.jpeg,2,1070
lungscc2251.jpeg,2,1175
lungn506.jpeg,1,967
lungaca255.jpeg,0,538
lungaca3105.jpeg,0,641
lungn4888.jpeg,1,789
lungscc3636.jpeg,2,1236
lungn1246.jpeg,1,841
lungscc1698.jpeg,2,1160
lungscc4327.jpeg,2,1040
lungn207.jpeg,1,787
lungaca2899.jpeg,0,731
lungn3262.jpeg,1,777
lungn453.jpeg,1,900
lungaca2223.jpeg,0,694
lungscc583.jpeg,2,1104
lungn531.jpeg,1,857
lungscc2862.jpeg,2,1207
lungaca4443.jpeg,0,678
lungaca4662.jpeg,0,619
lungscc1493.jpeg,2,1089
lungscc159.jpeg,2,1232
lungaca2966.jpeg,0,576
lungn2817.jpeg,1,980
lungaca2644.jpeg,0,685
lungaca2190.jpeg,0,661
lungn3941.jpeg,1,946
lungn836.jpeg,1,968
lungscc477.jpeg,2,1089
lungscc3769.jpeg,2,1017
lungscc2837.jpeg,2,1166
lungscc4739.jpeg,2,1125
lungaca3992.jpeg,0,676
lungscc2492.jpeg,2,1082
lungaca4056.jpeg,0,506
lungn52.jpeg,1,931
lungscc1567.jpeg,2,1108
lungscc1998.jpeg,2,1022
lungaca2983.jpeg,0,715
lungn3524.jpeg,1,888
lungaca4317.jpeg,0,604
lungaca2733.jpeg,0,533
lungaca4003.jpeg,0,518
lungaca424.jpeg,0,695
lungaca97.jpeg,0,557
lungn2986.jpeg,1,940
lungn4284.jpeg,1,788
lungn257.jpeg,1,954
lungaca2106.jpeg,0,735
lungn2670.jpeg,1,895
lungaca1726.jpeg,0,609
lungn1582.jpeg,1,856
lungscc1669.jpeg,2,1159
lungn1697.jpeg,1,925
lungn4302.jpeg,1,842
lungaca1549.jpeg,0,628
lungaca4292.jpeg,0,703
lungn608.jpeg,1,847
lungaca630.jpeg,0,621
lungaca2609.jpeg,0,617
lungaca1603.jpeg,0,587
lungaca3021.jpeg,0,549
lungscc2655.jpeg,2,1157
lungn1372.jpeg,1,866
lungaca3437.jpeg,0,733
lungaca2902.jpeg,0,646
lungaca3524.jpeg,0,671
lungaca200.jpeg,0,740
lungscc744.jpeg,2,1096
lungn2795.jpeg,1,846
lungscc981.jpeg,2,1161
lungscc1135.jpeg,2,1102
lungaca627.jpeg,0,702
lungscc1003.jpeg,2,998
lungaca2652.jpeg,0,578
lungscc4346.jpeg,2,1024
lungn3372.jpeg,1,757
lungaca4213.jpeg,0,524
lungaca2572.jpeg,0,609
lungscc4071.jpeg,2,1108
lungaca4389.jpeg,0,708
lungscc3453.jpeg,2,1171
lungaca3211.jpeg,0,737
lungaca3370.jpeg,0,699
lungscc4880.jpeg,2,1124
lungscc3788.jpeg,2,1030
lungn2577.jpeg,1,905
lungn4482.jpeg,1,888
lungscc2418.jpeg,2,1029
lungaca305.jpeg,0,521
lungn3205.jpeg,1,863
lungscc3473.jpeg,2,1172
lungn1176.jpeg,1,926
lungaca191.jpeg,0,623
lungscc38.jpeg,2,1168
lungaca4359.jpeg,0,622
lungscc193.jpeg,2,1165
lungscc321.jpeg,2,1033
lungaca2485.jpeg,0,610
lungscc861.jpeg,2,1180
lungaca4341.jpeg,0,624
lungscc1023.jpeg,2,1079
lungscc1485.jpeg,2,1112
lungscc1179.jpeg,2,1105
lungaca4278.jpeg,0,531
lungaca3828.jpeg,0,619
lungn1875.jpeg,1,932
lungscc3201.jpeg,2,1132
lungaca3184.jpeg,0,582
lungn2941.jpeg,1,796
lungaca1760.jpeg,0,539
lungn1438.jpeg,1,760
lungaca3207.jpeg,0,581
lungaca19.jpeg,0,634
lungscc1276.jpeg,2,1120
lungscc1183.jpeg,2,1006
lungaca683.jpeg,0,583
lungn1684.jpeg,1,751
lungaca1079.jpeg,0,657
lungaca4612.jpeg,0,651
lungscc4170.jpeg,2,1188
lungaca3965.jpeg,0,675
lungaca4143.jpeg,0,653
lungn1887.jpeg,1,918
lungn3296.jpeg,1,753
lungn4087.jpeg,1,855
lungscc4219.jpeg,2,1179
lungscc2489.jpeg,2,1179
lungscc4796.jpeg,2,1114
lungscc4873.jpeg,2,1010
lungaca3394.jpeg,0,587
lungscc146.jpeg,2,1052
lungscc624.jpeg,2,1169
lungn2733.jpeg,1,805
lungaca2113.jpeg,0,535
lungscc3052.jpeg,2,1182
lungn4824.jpeg,1,781
lungscc2372.jpeg,2,1077
lungn1195.jpeg,1,884
lungscc1118.jpeg,2,1052
lungn3379.jpeg,1,847
lungn4741.jpeg,1,937
lungaca2668.jpeg,0,552
lungscc2277.jpeg,2,1067
lungscc2825.jpeg,2,1059
lungn2594.jpeg,1,937
lungscc606.jpeg,2,1151
lungscc358.jpeg,2,1113
lungaca3829.jpeg,0,614
lungn2650.jpeg,1,784
lungscc3926.jpeg,2,1023
lungaca332.jpeg,0,602
lungaca4133.jpeg,0,609
lungscc196.jpeg,2,1055
lungn1263.jpeg,1,860
lungscc3568.jpeg,2,1101
lungaca227.jpeg,0,629
lungn4176.jpeg,1,811
lungscc2297.jpeg,2,1056
lungaca2504.jpeg,0,744
lungaca2304.jpeg,0,631
lungscc4743.jpeg,2,1102
lungaca3225.jpeg,0,682
lungscc833.jpeg,2,1073
lungscc3674.jpeg,2,1045
lungaca1155.jpeg,0,633
lungaca1868.jpeg,0,563
lungn381.jpeg,1,819
lungaca101.jpeg,0,712
lungaca1027.jpeg,0,723
lungn764.jpeg,1,760
lungscc1193.jpeg,2,1084
lungaca1674.jpeg,0,674
lungscc186.jpeg,2,1126
lungaca3768.jpeg,0,592
lungn1781.jpeg,1,802
lungaca2829.jpeg,0,719
lungscc4460.jpeg,2,1143
lungn3824.jpeg,1,955
lungn2740.jpeg,1,996
lungaca280.jpeg,0,736
lungaca1255.jpeg,0,642
lungn2712.jpeg,1,887
lungscc4363.jpeg,2,1026
lungaca2843.jpeg,0,563
lungscc4876.jpeg,2,1100
lungaca3.jpeg,0,716
lungscc3656.jpeg,2,1103
lungn3690.jpeg,1,805
lungscc3516.jpeg,2,1012
lungn2281.jpeg,1,962
lungscc1858.jpeg,2,1079
lungn529.jpeg,1,828
lungscc3637.jpeg,2,1238
lungn2314.jpeg,1,807
lungscc4567.jpeg,2,1117
lungaca3599.jpeg,0,507
lungn1816.jpeg,1,880
lungn4245.jpeg,1,948
lungn4557.jpeg,1,771
lungn3337.jpeg,1,854
