filename,label,group_id
lungaca10.jpeg,0,668
lungaca1000.jpeg,0,735
lungaca1001.jpeg,0,727
lungaca1003.jpeg,0,626
lungaca1004.jpeg,0,540
lungaca1005.jpeg,0,530
lungaca1006.jpeg,0,734
lungaca1007.jpeg,0,734
lungaca1008.jpeg,0,652
lungaca101.jpeg,0,712
lungaca1011.jpeg,0,563
lungaca1012.jpeg,0,740
lungaca1013.jpeg,0,624
lungaca1014.jpeg,0,689
lungaca1015.jpeg,0,537
lungaca1016.jpeg,0,537
lungaca1019.jpeg,0,601
lungaca1021.jpeg,0,741
lungaca1022.jpeg,0,639
lungaca1023.jpeg,0,673
lungaca1024.jpeg,0,673
lungaca1027.jpeg,0,723
lungaca1028.jpeg,0,508
lungaca1029.jpeg,0,508
lungaca1030.jpeg,0,591
lungaca1031.jpeg,0,671
lungaca1034.jpeg,0,701
lungaca1035.jpeg,0,644
lungaca1036.jpeg,0,738
lungaca1037.jpeg,0,536
lungaca1038.jpeg,0,510
lungaca1039.jpeg,0,658
lungaca1040.jpeg,0,658
lungaca1042.jpeg,0,651
lungaca1044.jpeg,0,605
lungaca1045.jpeg,0,691
lungaca1046.jpeg,0,560
lungaca1047.jpeg,0,629
lungaca1048.jpeg,0,528
lungaca1050.jpeg,0,594
lungaca1051.jpeg,0,690
lungaca1052.jpeg,0,604
lungaca1056.jpeg,0,540
lungaca1057.jpeg,0,521
lungaca1058.jpeg,0,731
lungaca1061.jpeg,0,724
lungaca1062.jpeg,0,539
lungaca1063.jpeg,0,563
lungaca1064.jpeg,0,550
lungaca1065.jpeg,0,550
lungaca1068.jpeg,0,531
lungaca1069.jpeg,0,537
lungaca1070.jpeg,0,706
lungaca1071.jpeg,0,601
lungaca1072.jpeg,0,533
lungaca1073.jpeg,0,583
lungaca1074.jpeg,0,702
lungaca1075.jpeg,0,684
lungaca1077.jpeg,0,636
lungaca1078.jpeg,0,723
lungaca1079.jpeg,0,657
lungaca108.jpeg,0,517
lungaca1080.jpeg,0,671
lungaca1081.jpeg,0,701
lungaca1082.jpeg,0,738
lungaca1083.jpeg,0,648
lungaca1084.jpeg,0,665
lungaca1085.jpeg,0,609
lungaca1086.jpeg,0,736
lungaca1087.jpeg,0,630
lungaca1089.jpeg,0,718
lungaca109.jpeg,0,514
lungaca1091.jpeg,0,616
lungaca1094.jpeg,0,573
lungaca1097.jpeg,0,634
lungaca1098.jpeg,0,719
lungaca1099.jpeg,0,633
lungaca11.jpeg,0,630
lungaca110.jpeg,0,718
lungaca1100.jpeg,0,607
lungaca1101.jpeg,0,545
lungaca1102.jpeg,0,529
lungaca1103.jpeg,0,529
lungaca1104.jpeg,0,717
lungaca1105.jpeg,0,731
lungaca1106.jpeg,0,524
lungaca1109.jpeg,0,527
lungaca111.jpeg,0,586
lungaca1110.jpeg,0,563
lungaca1111.jpeg,0,550
lungaca1112.jpeg,0,550
lungaca1114.jpeg,0,740
lungaca1116.jpeg,0,576
lungaca1117.jpeg,0,523
lungaca1118.jpeg,0,523
lungaca1119.jpeg,0,533
lungaca112.jpeg,0,629
lungaca1121.jpeg,0,553
lungaca1122.jpeg,0,603
lungaca1123.jpeg,0,703
lungaca1124.jpeg,0,659
lungaca1125.jpeg,0,659
lungaca1126.jpeg,0,659
lungaca1127.jpeg,0,557
lungaca1132.jpeg,0,534
lungaca1133.jpeg,0,513
lungaca1134.jpeg,0,614
lungaca1136.jpeg,0,668
lungaca1138.jpeg,0,514
lungaca1139.jpeg,0,691
lungaca1140.jpeg,0,629
lungaca1141.jpeg,0,579
lungaca1142.jpeg,0,616
lungaca1143.jpeg,0,594
lungaca1144.jpeg,0,690
lungaca1145.jpeg,0,726
lungaca1146.jpeg,0,653
lungaca1147.jpeg,0,663
lungaca1148.jpeg,0,552
lungaca1149.jpeg,0,573
lungaca1150.jpeg,0,573
lungaca1152.jpeg,0,634
lungaca1153.jpeg,0,512
lungaca1154.jpeg,0,512
lungaca1155.jpeg,0,633
lungaca1156.jpeg,0,727
lungaca1157.jpeg,0,709
lungaca1158.jpeg,0,732
lungaca1159.jpeg,0,530
lungaca116.jpeg,0,573
lungaca1160.jpeg,0,731
lungaca1161.jpeg,0,643
lungaca1164.jpeg,0,714
lungaca1165.jpeg,0,652
lungaca1166.jpeg,0,700
lungaca1167.jpeg,0,740
lungaca1169.jpeg,0,555
lungaca1171.jpeg,0,576
lungaca1172.jpeg,0,552
lungaca1173.jpeg,0,530
lungaca1175.jpeg,0,728
lungaca1179.jpeg,0,702
lungaca118.jpeg,0,725
lungaca1181.jpeg,0,660
lungaca1182.jpeg,0,603
lungaca1184.jpeg,0,657
lungaca1187.jpeg,0,513
lungaca1188.jpeg,0,648
lungaca1189.jpeg,0,510
lungaca1190.jpeg,0,561
lungaca1192.jpeg,0,611
lungaca1193.jpeg,0,642
lungaca1194.jpeg,0,686
lungaca1195.jpeg,0,630
lungaca1196.jpeg,0,630
lungaca1199.jpeg,0,605
lungaca12.jpeg,0,554
lungaca120.jpeg,0,727
lungaca1200.jpeg,0,554
lungaca1201.jpeg,0,579
lungaca1203.jpeg,0,687
lungaca1204.jpeg,0,687
lungaca1205.jpeg,0,589
lungaca1207.jpeg,0,573
lungaca1210.jpeg,0,666
lungaca1211.jpeg,0,666
lungaca1214.jpeg,0,675
lungaca1215.jpeg,0,675
lungaca1218.jpeg,0,516
lungaca1219.jpeg,0,516
lungaca1220.jpeg,0,521
lungaca1222.jpeg,0,643
lungaca1223.jpeg,0,600
lungaca1225.jpeg,0,714
lungaca1226.jpeg,0,558
lungaca1227.jpeg,0,588
lungaca1228.jpeg,0,531
lungaca1230.jpeg,0,728
lungaca1231.jpeg,0,706
lungaca1232.jpeg,0,577
lungaca1234.jpeg,0,741
lungaca1235.jpeg,0,639
lungaca1236.jpeg,0,613
lungaca1237.jpeg,0,673
lungaca1238.jpeg,0,562
lungaca1239.jpeg,0,636
lungaca124.jpeg,0,521
lungaca1242.jpeg,0,703
lungaca1243.jpeg,0,622
lungaca1244.jpeg,0,591
lungaca1245.jpeg,0,649
lungaca1246.jpeg,0,572
lungaca1247.jpeg,0,671
lungaca1248.jpeg,0,671
lungaca1251.jpeg,0,701
lungaca1252.jpeg,0,510
lungaca1253.jpeg,0,658
lungaca1254.jpeg,0,611
lungaca1255.jpeg,0,642
lungaca1257.jpeg,0,736
lungaca1259.jpeg,0,718
lungaca126.jpeg,0,734
lungaca1260.jpeg,0,718
lungaca1262.jpeg,0,594
lungaca1263.jpeg,0,726
lungaca1264.jpeg,0,653
lungaca1266.jpeg,0,692
lungaca1268.jpeg,0,675
lungaca1269.jpeg,0,607
lungaca127.jpeg,0,734
lungaca1271.jpeg,0,626
lungaca1272.jpeg,0,578
lungaca1274.jpeg,0,647
lungaca1275.jpeg,0,647
lungaca1278.jpeg,0,527
lungaca1279.jpeg,0,700
lungaca128.jpeg,0,643
lungaca1280.jpeg,0,550
lungaca1283.jpeg,0,552
lungaca1285.jpeg,0,706
lungaca1286.jpeg,0,617
lungaca1288.jpeg,0,533
lungaca1289.jpeg,0,741
lungaca1290.jpeg,0,741
lungaca1291.jpeg,0,702
lungaca1292.jpeg,0,613
lungaca1293.jpeg,0,684
lungaca1295.jpeg,0,723
lungaca1296.jpeg,0,723
lungaca1297.jpeg,0,511
lungaca1298.jpeg,0,509
lungaca1301.jpeg,0,671
lungaca1304.jpeg,0,534
lungaca1305.jpeg,0,644
lungaca1306.jpeg,0,648
lungaca1307.jpeg,0,510
lungaca131.jpeg,0,700
lungaca1310.jpeg,0,642
lungaca1311.jpeg,0,517
lungaca1314.jpeg,0,629
lungaca1315.jpeg,0,579
lungaca1316.jpeg,0,616
lungaca1317.jpeg,0,653
lungaca1318.jpeg,0,687
lungaca132.jpeg,0,558
lungaca1320.jpeg,0,666
lungaca1321.jpeg,0,606
lungaca1323.jpeg,0,742
lungaca1324.jpeg,0,607
lungaca1325.jpeg,0,647
lungaca1326.jpeg,0,516
lungaca1327.jpeg,0,516
lungaca133.jpeg,0,558
lungaca1332.jpeg,0,600
lungaca1333.jpeg,0,700
lungaca1334.jpeg,0,680
lungaca1335.jpeg,0,588
lungaca1336.jpeg,0,531
lungaca1337.jpeg,0,555
lungaca1339.jpeg,0,689
lungaca134.jpeg,0,588
lungaca1340.jpeg,0,689
lungaca1341.jpeg,0,737
lungaca1342.jpeg,0,530
lungaca1347.jpeg,0,662
lungaca1348.jpeg,0,519
lungaca1349.jpeg,0,553
lungaca135.jpeg,0,555
lungaca1350.jpeg,0,660
lungaca1351.jpeg,0,660
lungaca1352.jpeg,0,506
lungaca1353.jpeg,0,524
lungaca1354.jpeg,0,511
lungaca1355.jpeg,0,703
lungaca1356.jpeg,0,659
lungaca1357.jpeg,0,622
lungaca1358.jpeg,0,557
lungaca1359.jpeg,0,557
lungaca1360.jpeg,0,682
lungaca1362.jpeg,0,681
lungaca1363.jpeg,0,644
lungaca1364.jpeg,0,614
lungaca1365.jpeg,0,614
lungaca1367.jpeg,0,517
lungaca1368.jpeg,0,630
lungaca137.jpeg,0,737
lungaca1370.jpeg,0,605
lungaca1371.jpeg,0,586
lungaca1372.jpeg,0,629
lungaca1373.jpeg,0,528
lungaca1375.jpeg,0,690
lungaca1378.jpeg,0,687
lungaca138.jpeg,0,523
lungaca1380.jpeg,0,573
lungaca1381.jpeg,0,719
lungaca1383.jpeg,0,606
lungaca1385.jpeg,0,632
lungaca1386.jpeg,0,521
lungaca1387.jpeg,0,731
lungaca1389.jpeg,0,734
lungaca139.jpeg,0,617
lungaca1391.jpeg,0,643
lungaca1392.jpeg,0,650
lungaca1393.jpeg,0,600
lungaca1395.jpeg,0,714
lungaca1397.jpeg,0,563
lungaca1398.jpeg,0,550
lungaca1399.jpeg,0,680
lungaca14.jpeg,0,560
lungaca140.jpeg,0,617
lungaca1400.jpeg,0,555
lungaca1401.jpeg,0,689
lungaca1402.jpeg,0,567
lungaca1403.jpeg,0,537
lungaca1404.jpeg,0,539
lungaca1405.jpeg,0,530
lungaca1406.jpeg,0,530
lungaca1407.jpeg,0,617
lungaca1408.jpeg,0,696
lungaca1410.jpeg,0,741
lungaca1411.jpeg,0,519
lungaca1412.jpeg,0,684
lungaca1414.jpeg,0,723
lungaca1416.jpeg,0,518
lungaca1417.jpeg,0,622
lungaca1418.jpeg,0,722
lungaca142.jpeg,0,617
lungaca1420.jpeg,0,557
lungaca1421.jpeg,0,671
lungaca1424.jpeg,0,701
lungaca1425.jpeg,0,644
lungaca1427.jpeg,0,522
lungaca1428.jpeg,0,609
lungaca1429.jpeg,0,609
lungaca1432.jpeg,0,517
lungaca1433.jpeg,0,605
lungaca1434.jpeg,0,691
lungaca1436.jpeg,0,560
lungaca1437.jpeg,0,710
lungaca1438.jpeg,0,528
lungaca1439.jpeg,0,528
lungaca1443.jpeg,0,573
lungaca1444.jpeg,0,666
lungaca1445.jpeg,0,512
lungaca1446.jpeg,0,675
lungaca1447.jpeg,0,742
lungaca1448.jpeg,0,626
lungaca1449.jpeg,0,545
lungaca1450.jpeg,0,647
lungaca1451.jpeg,0,540
lungaca1455.jpeg,0,563
lungaca1456.jpeg,0,581
lungaca1458.jpeg,0,624
lungaca1459.jpeg,0,555
lungaca146.jpeg,0,637
lungaca1461.jpeg,0,737
lungaca1462.jpeg,0,737
lungaca1463.jpeg,0,552
lungaca1464.jpeg,0,552
lungaca1465.jpeg,0,728
lungaca1469.jpeg,0,741
lungaca147.jpeg,0,723
lungaca1470.jpeg,0,553
lungaca1472.jpeg,0,621
lungaca1473.jpeg,0,602
lungaca1474.jpeg,0,602
lungaca1475.jpeg,0,729
lungaca1476.jpeg,0,622
lungaca1477.jpeg,0,591
lungaca1478.jpeg,0,649
lungaca148.jpeg,0,661
lungaca1480.jpeg,0,572
lungaca1481.jpeg,0,572
lungaca1485.jpeg,0,738
lungaca1486.jpeg,0,536
lungaca1487.jpeg,0,614
lungaca1489.jpeg,0,668
lungaca149.jpeg,0,511
lungaca1492.jpeg,0,560
lungaca1493.jpeg,0,586
lungaca1494.jpeg,0,579
lungaca1496.jpeg,0,726
lungaca1497.jpeg,0,713
lungaca1498.jpeg,0,507
lungaca1499.jpeg,0,512
lungaca1500.jpeg,0,719
lungaca1501.jpeg,0,606
lungaca1502.jpeg,0,633
lungaca1504.jpeg,0,732
lungaca1509.jpeg,0,595
lungaca1510.jpeg,0,521
lungaca1512.jpeg,0,527
lungaca1513.jpeg,0,527
lungaca1514.jpeg,0,724
lungaca1515.jpeg,0,543
lungaca1516.jpeg,0,539
lungaca1517.jpeg,0,563
lungaca1519.jpeg,0,567
lungaca152.jpeg,0,518
lungaca1520.jpeg,0,737
lungaca1521.jpeg,0,552
lungaca1522.jpeg,0,530
lungaca1526.jpeg,0,684
lungaca1527.jpeg,0,684
lungaca1529.jpeg,0,637
lungaca153.jpeg,0,703
lungaca1531.jpeg,0,621
lungaca1532.jpeg,0,661
lungaca1534.jpeg,0,509
lungaca1535.jpeg,0,603
lungaca1536.jpeg,0,722
lungaca1537.jpeg,0,591
lungaca1539.jpeg,0,657
lungaca154.jpeg,0,622
lungaca1543.jpeg,0,671
lungaca1545.jpeg,0,665
lungaca1548.jpeg,0,561
lungaca155.jpeg,0,649
lungaca1550.jpeg,0,747
lungaca1551.jpeg,0,747
lungaca1554.jpeg,0,630
lungaca1555.jpeg,0,554
lungaca1558.jpeg,0,691
lungaca1559.jpeg,0,629
lungaca156.jpeg,0,587
lungaca1560.jpeg,0,629
lungaca1561.jpeg,0,528
lungaca1564.jpeg,0,663
lungaca1565.jpeg,0,552
lungaca1566.jpeg,0,604
lungaca1567.jpeg,0,604
lungaca157.jpeg,0,572
lungaca1571.jpeg,0,606
lungaca1572.jpeg,0,633
lungaca1573.jpeg,0,545
lungaca1576.jpeg,0,540
lungaca1577.jpeg,0,743
lungaca1578.jpeg,0,516
lungaca1579.jpeg,0,734
lungaca158.jpeg,0,704
lungaca1580.jpeg,0,524
lungaca1581.jpeg,0,646
lungaca1582.jpeg,0,650
lungaca1583.jpeg,0,652
lungaca1584.jpeg,0,652
lungaca1585.jpeg,0,581
lungaca1587.jpeg,0,740
lungaca1588.jpeg,0,588
lungaca1589.jpeg,0,737
lungaca1590.jpeg,0,617
lungaca1593.jpeg,0,702
lungaca1596.jpeg,0,660
lungaca1597.jpeg,0,661
lungaca1598.jpeg,0,524
lungaca1599.jpeg,0,703
lungaca16.jpeg,0,616
lungaca1600.jpeg,0,722
lungaca1601.jpeg,0,587
lungaca1602.jpeg,0,587
lungaca1603.jpeg,0,587
lungaca1604.jpeg,0,572
lungaca1608.jpeg,0,648
lungaca1609.jpeg,0,665
lungaca161.jpeg,0,712
lungaca1611.jpeg,0,560
lungaca1612.jpeg,0,629
lungaca1613.jpeg,0,579
lungaca1615.jpeg,0,585
lungaca1616.jpeg,0,620
lungaca162.jpeg,0,701
lungaca1622.jpeg,0,692
lungaca1623.jpeg,0,512
lungaca1624.jpeg,0,512
lungaca1625.jpeg,0,512
lungaca1626.jpeg,0,675
lungaca1627.jpeg,0,606
lungaca1628.jpeg,0,633
lungaca1629.jpeg,0,607
lungaca163.jpeg,0,681
lungaca1631.jpeg,0,632
lungaca1632.jpeg,0,529
lungaca1633.jpeg,0,516
lungaca1634.jpeg,0,595
lungaca1637.jpeg,0,539
lungaca1638.jpeg,0,680
lungaca1639.jpeg,0,558
lungaca164.jpeg,0,513
lungaca1640.jpeg,0,740
lungaca1643.jpeg,0,689
lungaca1644.jpeg,0,689
lungaca1645.jpeg,0,537
lungaca165.jpeg,0,648
lungaca1650.jpeg,0,583
lungaca1651.jpeg,0,667
lungaca1652.jpeg,0,673
lungaca1654.jpeg,0,562
lungaca1655.jpeg,0,636
lungaca1656.jpeg,0,660
lungaca1659.jpeg,0,722
lungaca166.jpeg,0,648
lungaca1661.jpeg,0,722
lungaca1662.jpeg,0,682
lungaca1663.jpeg,0,712
lungaca167.jpeg,0,614
lungaca1672.jpeg,0,648
lungaca1676.jpeg,0,736
lungaca1677.jpeg,0,517
lungaca1680.jpeg,0,586
lungaca1681.jpeg,0,629
lungaca1682.jpeg,0,629
lungaca1684.jpeg,0,579
lungaca1686.jpeg,0,713
lungaca1687.jpeg,0,713
lungaca1688.jpeg,0,552
lungaca1689.jpeg,0,687
lungaca169.jpeg,0,609
lungaca1690.jpeg,0,604
lungaca1691.jpeg,0,620
lungaca1692.jpeg,0,573
lungaca1693.jpeg,0,735
lungaca1694.jpeg,0,675
lungaca1696.jpeg,0,732
lungaca1697.jpeg,0,732
lungaca1698.jpeg,0,545
lungaca17.jpeg,0,585
lungaca1701.jpeg,0,717
lungaca1702.jpeg,0,734
lungaca1704.jpeg,0,714
lungaca1705.jpeg,0,714
lungaca1707.jpeg,0,571
lungaca1708.jpeg,0,555
lungaca1711.jpeg,0,696
lungaca1712.jpeg,0,662
lungaca1713.jpeg,0,741
lungaca1716.jpeg,0,562
lungaca1717.jpeg,0,562
lungaca1719.jpeg,0,729
lungaca172.jpeg,0,611
lungaca1720.jpeg,0,557
lungaca1721.jpeg,0,681
lungaca1722.jpeg,0,614
lungaca1725.jpeg,0,698
lungaca1726.jpeg,0,609
lungaca1727.jpeg,0,611
lungaca1728.jpeg,0,611
lungaca1729.jpeg,0,605
lungaca173.jpeg,0,747
lungaca1730.jpeg,0,514
lungaca1731.jpeg,0,528
lungaca1735.jpeg,0,616
lungaca1737.jpeg,0,687
lungaca1738.jpeg,0,589
lungaca1739.jpeg,0,620
lungaca1742.jpeg,0,742
lungaca1743.jpeg,0,545
lungaca1744.jpeg,0,647
lungaca1745.jpeg,0,647
lungaca1747.jpeg,0,743
lungaca1748.jpeg,0,595
lungaca1749.jpeg,0,524
lungaca1750.jpeg,0,707
lungaca1751.jpeg,0,539
lungaca1752.jpeg,0,563
lungaca1753.jpeg,0,581
lungaca1754.jpeg,0,581
lungaca1755.jpeg,0,680
lungaca1756.jpeg,0,624
lungaca1757.jpeg,0,588
lungaca1759.jpeg,0,537
lungaca176.jpeg,0,560
lungaca1760.jpeg,0,539
lungaca1761.jpeg,0,737
lungaca1762.jpeg,0,552
lungaca1763.jpeg,0,552
lungaca1764.jpeg,0,577
lungaca1765.jpeg,0,617
lungaca1766.jpeg,0,662
lungaca1767.jpeg,0,519
lungaca177.jpeg,0,594
lungaca1770.jpeg,0,637
lungaca1771.jpeg,0,602
lungaca1772.jpeg,0,506
lungaca1773.jpeg,0,524
lungaca1774.jpeg,0,703
lungaca1776.jpeg,0,591
lungaca1777.jpeg,0,715
lungaca1778.jpeg,0,557
lungaca1779.jpeg,0,704
lungaca178.jpeg,0,726
lungaca1781.jpeg,0,682
lungaca1782.jpeg,0,534
lungaca1785.jpeg,0,698
lungaca1786.jpeg,0,642
lungaca1789.jpeg,0,691
lungaca179.jpeg,0,663
lungaca1790.jpeg,0,560
lungaca1791.jpeg,0,710
lungaca1792.jpeg,0,579
lungaca1793.jpeg,0,594
lungaca1794.jpeg,0,713
lungaca1795.jpeg,0,604
lungaca1796.jpeg,0,604
lungaca180.jpeg,0,507
lungaca1800.jpeg,0,675
lungaca1803.jpeg,0,578
lungaca1804.jpeg,0,524
lungaca1805.jpeg,0,527
lungaca1807.jpeg,0,539
lungaca1808.jpeg,0,700
lungaca1809.jpeg,0,740
lungaca1810.jpeg,0,635
lungaca1811.jpeg,0,539
lungaca1812.jpeg,0,576
lungaca1813.jpeg,0,530
lungaca1815.jpeg,0,577
lungaca1817.jpeg,0,617
lungaca1818.jpeg,0,538
lungaca1819.jpeg,0,538
lungaca1820.jpeg,0,538
lungaca1822.jpeg,0,562
lungaca1823.jpeg,0,562
lungaca1824.jpeg,0,723
lungaca1825.jpeg,0,602
lungaca1826.jpeg,0,602
lungaca1827.jpeg,0,602
lungaca1828.jpeg,0,564
lungaca1829.jpeg,0,506
lungaca1830.jpeg,0,524
lungaca1831.jpeg,0,508
lungaca1832.jpeg,0,509
lungaca1833.jpeg,0,703
lungaca1834.jpeg,0,722
lungaca1835.jpeg,0,722
lungaca1836.jpeg,0,649
lungaca184.jpeg,0,735
lungaca1841.jpeg,0,644
lungaca1842.jpeg,0,536
lungaca1844.jpeg,0,747
lungaca1845.jpeg,0,686
lungaca1846.jpeg,0,629
lungaca1847.jpeg,0,528
lungaca1849.jpeg,0,585
lungaca185.jpeg,0,742
lungaca1850.jpeg,0,532
lungaca1851.jpeg,0,687
lungaca1854.jpeg,0,584
lungaca1855.jpeg,0,633
lungaca1856.jpeg,0,727
lungaca1857.jpeg,0,578
lungaca1859.jpeg,0,632
lungaca186.jpeg,0,626
lungaca1860.jpeg,0,632
lungaca1861.jpeg,0,529
lungaca1862.jpeg,0,647
lungaca1863.jpeg,0,540
lungaca1864.jpeg,0,734
lungaca1865.jpeg,0,600
lungaca1866.jpeg,0,707
lungaca1867.jpeg,0,652
lungaca1868.jpeg,0,563
lungaca1869.jpeg,0,581
lungaca187.jpeg,0,545
lungaca1870.jpeg,0,740
lungaca1872.jpeg,0,624
lungaca1873.jpeg,0,555
lungaca1874.jpeg,0,635
lungaca1875.jpeg,0,537
lungaca1876.jpeg,0,537
lungaca1877.jpeg,0,539
lungaca1878.jpeg,0,539
lungaca1879.jpeg,0,539
lungaca1882.jpeg,0,577
lungaca1883.jpeg,0,601
lungaca1885.jpeg,0,583
lungaca1886.jpeg,0,667
lungaca1888.jpeg,0,553
lungaca1889.jpeg,0,621
lungaca189.jpeg,0,529
lungaca1890.jpeg,0,602
lungaca1893.jpeg,0,649
lungaca1894.jpeg,0,649
lungaca1896.jpeg,0,534
lungaca1897.jpeg,0,534
lungaca1899.jpeg,0,681
lungaca19.jpeg,0,634
lungaca190.jpeg,0,647
lungaca1901.jpeg,0,738
lungaca1902.jpeg,0,513
lungaca1903.jpeg,0,510
lungaca1904.jpeg,0,698
lungaca1907.jpeg,0,642
lungaca1909.jpeg,0,686
lungaca1910.jpeg,0,517
lungaca1911.jpeg,0,554
lungaca1913.jpeg,0,726
lungaca1914.jpeg,0,585
lungaca1915.jpeg,0,585
lungaca1916.jpeg,0,585
lungaca1917.jpeg,0,663
lungaca1918.jpeg,0,589
lungaca192.jpeg,0,516
lungaca1920.jpeg,0,573
lungaca1923.jpeg,0,512
lungaca1924.jpeg,0,578
lungaca1927.jpeg,0,521
lungaca1929.jpeg,0,524
lungaca193.jpeg,0,595
lungaca1934.jpeg,0,707
lungaca1935.jpeg,0,550
lungaca1936.jpeg,0,550
lungaca1937.jpeg,0,581
lungaca1939.jpeg,0,705
lungaca1940.jpeg,0,531
lungaca1941.jpeg,0,555
lungaca1942.jpeg,0,555
lungaca1944.jpeg,0,539
lungaca1945.jpeg,0,530
lungaca1946.jpeg,0,523
lungaca1948.jpeg,0,601
lungaca1949.jpeg,0,662
lungaca1950.jpeg,0,662
lungaca1951.jpeg,0,639
lungaca1952.jpeg,0,667
lungaca1954.jpeg,0,562
lungaca1955.jpeg,0,553
lungaca1956.jpeg,0,524
lungaca1958.jpeg,0,703
lungaca1959.jpeg,0,622
lungaca196.jpeg,0,724
lungaca1960.jpeg,0,722
lungaca1961.jpeg,0,587
lungaca1962.jpeg,0,557
lungaca1963.jpeg,0,682
lungaca1964.jpeg,0,534
lungaca1965.jpeg,0,701
lungaca1966.jpeg,0,644
lungaca1967.jpeg,0,644
lungaca1968.jpeg,0,651
lungaca1969.jpeg,0,642
lungaca197.jpeg,0,707
lungaca1971.jpeg,0,517
lungaca1972.jpeg,0,605
lungaca1973.jpeg,0,554
lungaca1974.jpeg,0,586
lungaca1975.jpeg,0,653
lungaca1976.jpeg,0,663
lungaca1977.jpeg,0,687
lungaca1978.jpeg,0,687
lungaca1979.jpeg,0,604
lungaca198.jpeg,0,550
lungaca1986.jpeg,0,727
lungaca1987.jpeg,0,632
lungaca1988.jpeg,0,535
lungaca199.jpeg,0,740
lungaca1990.jpeg,0,734
lungaca1991.jpeg,0,646
lungaca1994.jpeg,0,600
lungaca1995.jpeg,0,724
lungaca1997.jpeg,0,714
lungaca1998.jpeg,0,543
lungaca1999.jpeg,0,680
lungaca200.jpeg,0,740
lungaca2001.jpeg,0,558
lungaca2002.jpeg,0,740
lungaca2003.jpeg,0,552
lungaca2006.jpeg,0,523
lungaca2007.jpeg,0,706
lungaca2009.jpeg,0,617
lungaca2010.jpeg,0,617
lungaca2013.jpeg,0,639
lungaca2014.jpeg,0,639
lungaca2016.jpeg,0,660
lungaca2017.jpeg,0,637
lungaca2018.jpeg,0,508
lungaca2019.jpeg,0,509
lungaca2020.jpeg,0,603
lungaca2021.jpeg,0,659
lungaca2022.jpeg,0,712
lungaca2023.jpeg,0,681
lungaca2024.jpeg,0,738
lungaca2025.jpeg,0,536
lungaca2027.jpeg,0,614
lungaca2028.jpeg,0,522
lungaca2029.jpeg,0,561
lungaca203.jpeg,0,576
lungaca2030.jpeg,0,561
lungaca2034.jpeg,0,629
lungaca2036.jpeg,0,579
lungaca2038.jpeg,0,713
lungaca2039.jpeg,0,573
lungaca204.jpeg,0,552
lungaca2041.jpeg,0,692
lungaca2042.jpeg,0,692
lungaca2045.jpeg,0,545
lungaca2047.jpeg,0,632
lungaca2048.jpeg,0,632
lungaca2049.jpeg,0,535
lungaca205.jpeg,0,577
lungaca2050.jpeg,0,647
lungaca2051.jpeg,0,647
lungaca2052.jpeg,0,717
lungaca2053.jpeg,0,530
lungaca2054.jpeg,0,530
lungaca2056.jpeg,0,714
lungaca2057.jpeg,0,652
lungaca2058.jpeg,0,539
lungaca2059.jpeg,0,563
lungaca2060.jpeg,0,700
lungaca2061.jpeg,0,700
lungaca2062.jpeg,0,571
lungaca2063.jpeg,0,680
lungaca2064.jpeg,0,680
lungaca2065.jpeg,0,680
lungaca2067.jpeg,0,624
lungaca2068.jpeg,0,588
lungaca2069.jpeg,0,555
lungaca2071.jpeg,0,635
lungaca2072.jpeg,0,537
lungaca2073.jpeg,0,576
lungaca2076.jpeg,0,533
lungaca2077.jpeg,0,741
lungaca2078.jpeg,0,639
lungaca208.jpeg,0,533
lungaca2080.jpeg,0,637
lungaca2081.jpeg,0,621
lungaca2082.jpeg,0,621
lungaca2083.jpeg,0,661
lungaca2084.jpeg,0,511
lungaca2085.jpeg,0,572
lungaca2086.jpeg,0,657
lungaca2089.jpeg,0,665
lungaca209.jpeg,0,583
lungaca2091.jpeg,0,609
lungaca2094.jpeg,0,686
lungaca2095.jpeg,0,736
lungaca2096.jpeg,0,630
lungaca2097.jpeg,0,514
lungaca2098.jpeg,0,586
lungaca2099.jpeg,0,579
lungaca21.jpeg,0,735
lungaca210.jpeg,0,639
lungaca2103.jpeg,0,552
lungaca2104.jpeg,0,589
lungaca2106.jpeg,0,735
lungaca2107.jpeg,0,606
lungaca2108.jpeg,0,633
lungaca2109.jpeg,0,727
lungaca211.jpeg,0,673
lungaca2110.jpeg,0,607
lungaca2113.jpeg,0,535
lungaca2114.jpeg,0,529
lungaca2116.jpeg,0,521
lungaca2117.jpeg,0,731
lungaca2119.jpeg,0,600
lungaca212.jpeg,0,562
lungaca2122.jpeg,0,707
lungaca2123.jpeg,0,707
lungaca2124.jpeg,0,624
lungaca2125.jpeg,0,705
lungaca2127.jpeg,0,552
lungaca2129.jpeg,0,601
lungaca2132.jpeg,0,538
lungaca2133.jpeg,0,583
lungaca2134.jpeg,0,519
lungaca2135.jpeg,0,723
lungaca2137.jpeg,0,603
lungaca2138.jpeg,0,603
lungaca2139.jpeg,0,703
lungaca214.jpeg,0,621
lungaca2140.jpeg,0,622
lungaca2142.jpeg,0,682
lungaca2143.jpeg,0,682
lungaca2149.jpeg,0,522
lungaca215.jpeg,0,587
lungaca2156.jpeg,0,663
lungaca2157.jpeg,0,687
lungaca2158.jpeg,0,589
lungaca216.jpeg,0,704
lungaca2164.jpeg,0,578
lungaca2167.jpeg,0,535
lungaca2170.jpeg,0,643
lungaca2171.jpeg,0,650
lungaca2172.jpeg,0,600
lungaca2173.jpeg,0,527
lungaca2174.jpeg,0,527
lungaca2175.jpeg,0,707
lungaca2176.jpeg,0,563
lungaca2177.jpeg,0,563
lungaca2178.jpeg,0,550
lungaca2179.jpeg,0,680
lungaca2181.jpeg,0,635
lungaca2183.jpeg,0,617
lungaca2185.jpeg,0,538
lungaca2186.jpeg,0,639
lungaca2187.jpeg,0,673
lungaca2188.jpeg,0,636
lungaca2189.jpeg,0,602
lungaca219.jpeg,0,513
lungaca2190.jpeg,0,661
lungaca2191.jpeg,0,506
lungaca2194.jpeg,0,518
lungaca2195.jpeg,0,722
lungaca2196.jpeg,0,591
lungaca2197.jpeg,0,587
lungaca2198.jpeg,0,715
lungaca2199.jpeg,0,557
lungaca2200.jpeg,0,682
lungaca2203.jpeg,0,534
lungaca2204.jpeg,0,510
lungaca2205.jpeg,0,747
lungaca2207.jpeg,0,736
lungaca2208.jpeg,0,605
lungaca2209.jpeg,0,554
lungaca2210.jpeg,0,718
lungaca2211.jpeg,0,616
lungaca2212.jpeg,0,594
lungaca2213.jpeg,0,585
lungaca2214.jpeg,0,532
lungaca2216.jpeg,0,666
lungaca2219.jpeg,0,634
lungaca222.jpeg,0,554
lungaca2220.jpeg,0,692
lungaca2222.jpeg,0,578
lungaca2224.jpeg,0,647
lungaca2226.jpeg,0,743
lungaca2227.jpeg,0,524
lungaca2228.jpeg,0,524
lungaca2229.jpeg,0,646
lungaca2230.jpeg,0,643
lungaca2231.jpeg,0,650
lungaca2232.jpeg,0,600
lungaca2233.jpeg,0,652
lungaca2234.jpeg,0,652
lungaca2235.jpeg,0,652
lungaca2236.jpeg,0,563
lungaca2237.jpeg,0,550
lungaca2238.jpeg,0,571
lungaca2239.jpeg,0,555
lungaca224.jpeg,0,514
lungaca2240.jpeg,0,689
lungaca2241.jpeg,0,530
lungaca2242.jpeg,0,728
lungaca2243.jpeg,0,577
lungaca2246.jpeg,0,741
lungaca2248.jpeg,0,636
lungaca225.jpeg,0,554
lungaca2250.jpeg,0,602
lungaca2251.jpeg,0,661
lungaca2252.jpeg,0,509
lungaca2253.jpeg,0,603
lungaca2254.jpeg,0,659
lungaca2256.jpeg,0,622
lungaca2257.jpeg,0,649
lungaca2258.jpeg,0,704
lungaca2259.jpeg,0,534
lungaca226.jpeg,0,586
lungaca2260.jpeg,0,681
lungaca2262.jpeg,0,513
lungaca2263.jpeg,0,510
lungaca2265.jpeg,0,522
lungaca2266.jpeg,0,561
lungaca2268.jpeg,0,736
lungaca2269.jpeg,0,560
lungaca227.jpeg,0,629
lungaca2270.jpeg,0,560
lungaca2271.jpeg,0,718
lungaca2274.jpeg,0,552
lungaca2276.jpeg,0,507
lungaca2279.jpeg,0,666
lungaca228.jpeg,0,616
lungaca2281.jpeg,0,634
lungaca2282.jpeg,0,692
lungaca2283.jpeg,0,512
lungaca2284.jpeg,0,719
lungaca2288.jpeg,0,529
lungaca2289.jpeg,0,530
lungaca2290.jpeg,0,524
lungaca2291.jpeg,0,524
lungaca2292.jpeg,0,643
lungaca2293.jpeg,0,650
lungaca2294.jpeg,0,527
lungaca2295.jpeg,0,652
lungaca2296.jpeg,0,563
lungaca2297.jpeg,0,680
lungaca2298.jpeg,0,624
lungaca2299.jpeg,0,531
lungaca230.jpeg,0,532
lungaca2301.jpeg,0,537
lungaca2309.jpeg,0,723
lungaca231.jpeg,0,620
lungaca2310.jpeg,0,723
lungaca2312.jpeg,0,602
lungaca2313.jpeg,0,524
lungaca2314.jpeg,0,509
lungaca2316.jpeg,0,659
lungaca2317.jpeg,0,572
lungaca2318.jpeg,0,704
lungaca2319.jpeg,0,671
lungaca2322.jpeg,0,648
lungaca2325.jpeg,0,651
lungaca2326.jpeg,0,611
lungaca2327.jpeg,0,668
lungaca2329.jpeg,0,686
lungaca2330.jpeg,0,554
lungaca2331.jpeg,0,691
lungaca2332.jpeg,0,710
lungaca2334.jpeg,0,594
lungaca2335.jpeg,0,713
lungaca2337.jpeg,0,604
lungaca2340.jpeg,0,634
lungaca2341.jpeg,0,719
lungaca2342.jpeg,0,742
lungaca2343.jpeg,0,578
lungaca2344.jpeg,0,632
lungaca2346.jpeg,0,516
lungaca2347.jpeg,0,731
lungaca2348.jpeg,0,731
lungaca2349.jpeg,0,646
lungaca235.jpeg,0,634
lungaca2350.jpeg,0,527
lungaca2351.jpeg,0,527
lungaca2352.jpeg,0,714
lungaca2354.jpeg,0,571
lungaca2355.jpeg,0,571
lungaca2356.jpeg,0,588
lungaca2357.jpeg,0,531
lungaca2359.jpeg,0,689
lungaca236.jpeg,0,584
lungaca2360.jpeg,0,537
lungaca2362.jpeg,0,737
lungaca2363.jpeg,0,530
lungaca2368.jpeg,0,728
lungaca237.jpeg,0,675
lungaca2372.jpeg,0,538
lungaca2374.jpeg,0,639
lungaca2376.jpeg,0,562
lungaca2377.jpeg,0,511
lungaca2379.jpeg,0,518
lungaca238.jpeg,0,732
lungaca2380.jpeg,0,722
lungaca2381.jpeg,0,591
lungaca2382.jpeg,0,704
lungaca2384.jpeg,0,644
lungaca2385.jpeg,0,513
lungaca2386.jpeg,0,513
lungaca2387.jpeg,0,536
lungaca239.jpeg,0,578
lungaca2390.jpeg,0,665
lungaca2393.jpeg,0,561
lungaca2394.jpeg,0,609
lungaca2396.jpeg,0,691
lungaca2397.jpeg,0,629
lungaca2398.jpeg,0,629
lungaca2399.jpeg,0,710
lungaca240.jpeg,0,535
lungaca2401.jpeg,0,532
lungaca2404.jpeg,0,725
lungaca2406.jpeg,0,666
lungaca2408.jpeg,0,719
lungaca2409.jpeg,0,607
lungaca241.jpeg,0,529
lungaca2410.jpeg,0,607
lungaca2411.jpeg,0,626
lungaca2412.jpeg,0,545
lungaca2413.jpeg,0,632
lungaca2414.jpeg,0,529
lungaca2415.jpeg,0,529
lungaca2416.jpeg,0,595
lungaca2417.jpeg,0,521
lungaca2418.jpeg,0,643
lungaca2419.jpeg,0,650
lungaca2420.jpeg,0,527
lungaca2422.jpeg,0,543
lungaca2423.jpeg,0,539
lungaca2424.jpeg,0,700
lungaca2425.jpeg,0,680
lungaca2426.jpeg,0,558
lungaca2429.jpeg,0,689
lungaca2430.jpeg,0,576
lungaca2432.jpeg,0,706
lungaca2433.jpeg,0,706
lungaca2434.jpeg,0,696
lungaca2435.jpeg,0,662
lungaca2436.jpeg,0,538
lungaca2437.jpeg,0,673
lungaca2439.jpeg,0,660
lungaca244.jpeg,0,540
lungaca2440.jpeg,0,564
lungaca2441.jpeg,0,509
lungaca2442.jpeg,0,518
lungaca2444.jpeg,0,572
lungaca2446.jpeg,0,644
lungaca2447.jpeg,0,513
lungaca2448.jpeg,0,648
lungaca2449.jpeg,0,536
lungaca245.jpeg,0,646
lungaca2450.jpeg,0,522
lungaca2452.jpeg,0,686
lungaca2453.jpeg,0,517
lungaca2454.jpeg,0,517
lungaca2455.jpeg,0,554
lungaca2456.jpeg,0,691
lungaca2457.jpeg,0,528
lungaca2460.jpeg,0,594
lungaca2461.jpeg,0,585
lungaca2462.jpeg,0,532
lungaca2463.jpeg,0,687
lungaca2465.jpeg,0,573
lungaca2468.jpeg,0,692
lungaca2469.jpeg,0,512
lungaca247.jpeg,0,600
lungaca2470.jpeg,0,742
lungaca2471.jpeg,0,632
lungaca2472.jpeg,0,529
lungaca2473.jpeg,0,743
lungaca2474.jpeg,0,516
lungaca2475.jpeg,0,731
lungaca2476.jpeg,0,646
lungaca2478.jpeg,0,724
lungaca248.jpeg,0,527
lungaca2480.jpeg,0,652
lungaca2481.jpeg,0,539
lungaca2482.jpeg,0,550
lungaca2483.jpeg,0,550
lungaca2486.jpeg,0,737
lungaca2487.jpeg,0,552
lungaca2488.jpeg,0,530
lungaca2489.jpeg,0,577
lungaca249.jpeg,0,714
lungaca2491.jpeg,0,583
lungaca2492.jpeg,0,702
lungaca2493.jpeg,0,673
lungaca2495.jpeg,0,506
lungaca2497.jpeg,0,603
lungaca2498.jpeg,0,715
lungaca2499.jpeg,0,557
lungaca25.jpeg,0,707
lungaca250.jpeg,0,539
lungaca2500.jpeg,0,557
lungaca2502.jpeg,0,682
lungaca2507.jpeg,0,658
lungaca2509.jpeg,0,668
lungaca2511.jpeg,0,686
lungaca2512.jpeg,0,630
lungaca2515.jpeg,0,552
lungaca2516.jpeg,0,620
lungaca2517.jpeg,0,573
lungaca252.jpeg,0,576
lungaca2520.jpeg,0,692
lungaca2521.jpeg,0,512
lungaca2522.jpeg,0,719
lungaca2523.jpeg,0,607
lungaca2525.jpeg,0,709
lungaca2526.jpeg,0,732
lungaca2527.jpeg,0,545
lungaca2528.jpeg,0,632
lungaca2529.jpeg,0,535
lungaca2531.jpeg,0,524
lungaca2532.jpeg,0,646
lungaca2533.jpeg,0,643
lungaca2538.jpeg,0,563
lungaca2539.jpeg,0,550
lungaca254.jpeg,0,538
lungaca2540.jpeg,0,571
lungaca2542.jpeg,0,531
lungaca2544.jpeg,0,689
lungaca2545.jpeg,0,530
lungaca2546.jpeg,0,617
lungaca2547.jpeg,0,617
lungaca2548.jpeg,0,741
lungaca255.jpeg,0,538
lungaca2550.jpeg,0,673
lungaca2555.jpeg,0,564
lungaca2556.jpeg,0,508
lungaca2557.jpeg,0,508
lungaca2558.jpeg,0,511
lungaca2559.jpeg,0,703
lungaca2560.jpeg,0,622
lungaca2561.jpeg,0,591
lungaca2562.jpeg,0,591
lungaca2565.jpeg,0,534
lungaca2566.jpeg,0,534
lungaca2568.jpeg,0,738
lungaca2569.jpeg,0,536
lungaca257.jpeg,0,741
lungaca2570.jpeg,0,665
lungaca2572.jpeg,0,609
lungaca2573.jpeg,0,642
lungaca2574.jpeg,0,686
lungaca2575.jpeg,0,517
lungaca2576.jpeg,0,586
lungaca2578.jpeg,0,713
lungaca2579.jpeg,0,653
lungaca258.jpeg,0,667
lungaca2580.jpeg,0,532
lungaca2581.jpeg,0,552
lungaca2582.jpeg,0,620
lungaca2586.jpeg,0,727
lungaca2588.jpeg,0,626
lungaca259.jpeg,0,613
lungaca2590.jpeg,0,529
lungaca2591.jpeg,0,516
lungaca2592.jpeg,0,731
lungaca2594.jpeg,0,524
lungaca2595.jpeg,0,643
lungaca2596.jpeg,0,643
lungaca260.jpeg,0,613
lungaca2600.jpeg,0,600
lungaca2602.jpeg,0,581
lungaca2603.jpeg,0,740
lungaca2604.jpeg,0,531
lungaca2607.jpeg,0,523
lungaca2608.jpeg,0,601
lungaca2609.jpeg,0,617
lungaca261.jpeg,0,684
lungaca2611.jpeg,0,667
lungaca2612.jpeg,0,613
lungaca2614.jpeg,0,636
lungaca2615.jpeg,0,553
lungaca2616.jpeg,0,660
lungaca2617.jpeg,0,660
lungaca2619.jpeg,0,703
lungaca262.jpeg,0,684
lungaca2620.jpeg,0,649
lungaca2621.jpeg,0,704
lungaca2622.jpeg,0,671
lungaca2625.jpeg,0,534
lungaca2627.jpeg,0,513
lungaca2628.jpeg,0,561
lungaca2629.jpeg,0,609
lungaca263.jpeg,0,723
lungaca2631.jpeg,0,605
lungaca2633.jpeg,0,560
lungaca2634.jpeg,0,718
lungaca2636.jpeg,0,616
lungaca2638.jpeg,0,594
lungaca264.jpeg,0,621
lungaca2640.jpeg,0,687
lungaca2641.jpeg,0,507
lungaca2642.jpeg,0,589
lungaca2643.jpeg,0,620
lungaca2646.jpeg,0,573
lungaca2648.jpeg,0,725
lungaca2649.jpeg,0,584
lungaca2652.jpeg,0,578
lungaca2653.jpeg,0,545
lungaca2654.jpeg,0,545
lungaca2655.jpeg,0,632
lungaca2657.jpeg,0,717
lungaca2658.jpeg,0,643
lungaca2659.jpeg,0,543
lungaca266.jpeg,0,506
lungaca2660.jpeg,0,543
lungaca2661.jpeg,0,563
lungaca2662.jpeg,0,581
lungaca2664.jpeg,0,588
lungaca2665.jpeg,0,531
lungaca2666.jpeg,0,689
lungaca2667.jpeg,0,635
lungaca2668.jpeg,0,552
lungaca267.jpeg,0,511
lungaca2672.jpeg,0,728
lungaca2675.jpeg,0,533
lungaca2676.jpeg,0,639
lungaca2677.jpeg,0,702
lungaca2678.jpeg,0,613
lungaca2679.jpeg,0,519
lungaca268.jpeg,0,591
lungaca2682.jpeg,0,562
lungaca2683.jpeg,0,562
lungaca2684.jpeg,0,506
lungaca2685.jpeg,0,506
lungaca2688.jpeg,0,729
lungaca2689.jpeg,0,591
lungaca269.jpeg,0,587
lungaca2691.jpeg,0,682
lungaca2692.jpeg,0,701
lungaca2693.jpeg,0,648
lungaca2694.jpeg,0,648
lungaca2695.jpeg,0,665
lungaca2696.jpeg,0,698
lungaca2697.jpeg,0,561
lungaca27.jpeg,0,740
lungaca2701.jpeg,0,668
lungaca2702.jpeg,0,736
lungaca2703.jpeg,0,605
lungaca2704.jpeg,0,554
lungaca2705.jpeg,0,616
lungaca2706.jpeg,0,594
lungaca2707.jpeg,0,726
lungaca2709.jpeg,0,653
lungaca2710.jpeg,0,552
lungaca2711.jpeg,0,620
lungaca2714.jpeg,0,692
lungaca2715.jpeg,0,545
lungaca2717.jpeg,0,540
lungaca2718.jpeg,0,540
lungaca2719.jpeg,0,516
lungaca2721.jpeg,0,646
lungaca2724.jpeg,0,543
lungaca2725.jpeg,0,680
lungaca2727.jpeg,0,624
lungaca2728.jpeg,0,624
lungaca2729.jpeg,0,530
lungaca2732.jpeg,0,601
lungaca2733.jpeg,0,533
lungaca2734.jpeg,0,538
lungaca2735.jpeg,0,741
lungaca2737.jpeg,0,660
lungaca2738.jpeg,0,661
lungaca2739.jpeg,0,508
lungaca274.jpeg,0,701
lungaca2740.jpeg,0,591
lungaca2741.jpeg,0,715
lungaca2742.jpeg,0,657
lungaca2746.jpeg,0,665
lungaca2747.jpeg,0,651
lungaca2748.jpeg,0,554
lungaca2749.jpeg,0,554
lungaca275.jpeg,0,644
lungaca2750.jpeg,0,554
lungaca2751.jpeg,0,691
lungaca2755.jpeg,0,585
lungaca2756.jpeg,0,653
lungaca2757.jpeg,0,532
lungaca2759.jpeg,0,507
lungaca276.jpeg,0,513
lungaca2761.jpeg,0,735
lungaca2762.jpeg,0,633
lungaca2763.jpeg,0,742
lungaca2764.jpeg,0,607
lungaca2766.jpeg,0,578
lungaca2767.jpeg,0,632
lungaca2768.jpeg,0,540
lungaca2769.jpeg,0,516
lungaca277.jpeg,0,536
lungaca2770.jpeg,0,595
lungaca2772.jpeg,0,734
lungaca2774.jpeg,0,652
lungaca2775.jpeg,0,581
lungaca2780.jpeg,0,705
lungaca2781.jpeg,0,635
lungaca2782.jpeg,0,537
lungaca2783.jpeg,0,537
lungaca2784.jpeg,0,539
lungaca2785.jpeg,0,552
lungaca2786.jpeg,0,728
lungaca2787.jpeg,0,577
lungaca279.jpeg,0,658
lungaca2790.jpeg,0,617
lungaca2791.jpeg,0,696
lungaca2793.jpeg,0,533
lungaca2794.jpeg,0,583
lungaca2795.jpeg,0,702
lungaca2796.jpeg,0,613
lungaca2797.jpeg,0,519
lungaca2798.jpeg,0,684
lungaca2799.jpeg,0,673
lungaca280.jpeg,0,736
lungaca2801.jpeg,0,660
lungaca2802.jpeg,0,518
lungaca2803.jpeg,0,704
lungaca2808.jpeg,0,644
lungaca2809.jpeg,0,536
lungaca281.jpeg,0,517
lungaca2811.jpeg,0,510
lungaca2813.jpeg,0,609
lungaca2817.jpeg,0,736
lungaca2818.jpeg,0,605
lungaca2819.jpeg,0,605
lungaca2820.jpeg,0,691
lungaca2821.jpeg,0,560
lungaca2822.jpeg,0,586
lungaca2823.jpeg,0,653
lungaca2825.jpeg,0,634
lungaca2826.jpeg,0,692
lungaca2827.jpeg,0,584
lungaca2828.jpeg,0,512
lungaca2829.jpeg,0,719
lungaca283.jpeg,0,554
lungaca2831.jpeg,0,742
lungaca2833.jpeg,0,545
lungaca2834.jpeg,0,743
lungaca2835.jpeg,0,743
lungaca2836.jpeg,0,516
lungaca2837.jpeg,0,595
lungaca2838.jpeg,0,643
lungaca2840.jpeg,0,714
lungaca2841.jpeg,0,543
lungaca2842.jpeg,0,652
lungaca2843.jpeg,0,563
lungaca2844.jpeg,0,740
lungaca2846.jpeg,0,567
lungaca2847.jpeg,0,737
lungaca2849.jpeg,0,728
lungaca285.jpeg,0,586
lungaca2850.jpeg,0,577
lungaca2852.jpeg,0,662
lungaca2854.jpeg,0,533
lungaca2855.jpeg,0,533
lungaca2856.jpeg,0,639
lungaca2857.jpeg,0,636
lungaca2858.jpeg,0,621
lungaca2859.jpeg,0,661
lungaca286.jpeg,0,726
lungaca2860.jpeg,0,508
lungaca2861.jpeg,0,511
lungaca2862.jpeg,0,518
lungaca2863.jpeg,0,715
lungaca2864.jpeg,0,572
lungaca2865.jpeg,0,572
lungaca2869.jpeg,0,513
lungaca287.jpeg,0,726
lungaca2870.jpeg,0,665
lungaca2871.jpeg,0,614
lungaca2873.jpeg,0,651
lungaca2875.jpeg,0,668
lungaca2878.jpeg,0,514
lungaca2879.jpeg,0,554
lungaca288.jpeg,0,726
lungaca2880.jpeg,0,691
lungaca2882.jpeg,0,586
lungaca2883.jpeg,0,616
lungaca2886.jpeg,0,507
lungaca2887.jpeg,0,604
lungaca2888.jpeg,0,604
lungaca289.jpeg,0,585
lungaca2891.jpeg,0,634
lungaca2892.jpeg,0,634
lungaca2894.jpeg,0,675
lungaca2897.jpeg,0,529
lungaca2898.jpeg,0,743
lungaca2899.jpeg,0,731
lungaca2901.jpeg,0,524
lungaca2902.jpeg,0,646
lungaca2903.jpeg,0,643
lungaca2904.jpeg,0,600
lungaca2905.jpeg,0,714
lungaca2906.jpeg,0,652
lungaca2907.jpeg,0,652
lungaca2909.jpeg,0,567
lungaca291.jpeg,0,507
lungaca2910.jpeg,0,728
lungaca2913.jpeg,0,533
lungaca2914.jpeg,0,538
lungaca2915.jpeg,0,613
lungaca2916.jpeg,0,636
lungaca2917.jpeg,0,553
lungaca2918.jpeg,0,621
lungaca292.jpeg,0,589
lungaca2920.jpeg,0,509
lungaca2921.jpeg,0,518
lungaca2922.jpeg,0,591
lungaca2925.jpeg,0,681
lungaca2926.jpeg,0,536
lungaca2929.jpeg,0,609
lungaca2930.jpeg,0,611
lungaca2932.jpeg,0,560
lungaca2933.jpeg,0,528
lungaca2936.jpeg,0,726
lungaca2938.jpeg,0,713
lungaca2939.jpeg,0,585
lungaca294.jpeg,0,719
lungaca2940.jpeg,0,552
lungaca2941.jpeg,0,604
lungaca2942.jpeg,0,589
lungaca2944.jpeg,0,692
lungaca2945.jpeg,0,692
lungaca2946.jpeg,0,584
lungaca2949.jpeg,0,727
lungaca295.jpeg,0,735
lungaca2952.jpeg,0,731
lungaca2955.jpeg,0,714
lungaca2956.jpeg,0,700
lungaca2957.jpeg,0,571
lungaca2958.jpeg,0,581
lungaca296.jpeg,0,633
lungaca2960.jpeg,0,558
lungaca2961.jpeg,0,558
lungaca2962.jpeg,0,689
lungaca2963.jpeg,0,567
lungaca2964.jpeg,0,576
lungaca2965.jpeg,0,576
lungaca2966.jpeg,0,576
lungaca2967.jpeg,0,737
lungaca2968.jpeg,0,523
lungaca297.jpeg,0,742
lungaca2970.jpeg,0,601
lungaca2971.jpeg,0,696
lungaca2972.jpeg,0,696
lungaca2973.jpeg,0,639
lungaca2974.jpeg,0,702
lungaca2975.jpeg,0,684
lungaca2976.jpeg,0,660
lungaca2977.jpeg,0,621
lungaca2978.jpeg,0,621
lungaca2979.jpeg,0,729
lungaca298.jpeg,0,709
lungaca2980.jpeg,0,729
lungaca2981.jpeg,0,715
lungaca2982.jpeg,0,715
lungaca2983.jpeg,0,715
lungaca2984.jpeg,0,557
lungaca2989.jpeg,0,712
lungaca299.jpeg,0,545
lungaca2992.jpeg,0,648
lungaca2993.jpeg,0,536
lungaca2994.jpeg,0,698
lungaca2995.jpeg,0,658
lungaca2996.jpeg,0,609
lungaca2997.jpeg,0,642
lungaca2998.jpeg,0,668
lungaca2999.jpeg,0,630
lungaca3001.jpeg,0,514
lungaca3002.jpeg,0,554
lungaca3003.jpeg,0,560
lungaca3004.jpeg,0,629
lungaca3006.jpeg,0,653
lungaca3007.jpeg,0,663
lungaca3008.jpeg,0,663
lungaca301.jpeg,0,632
lungaca3010.jpeg,0,507
lungaca3012.jpeg,0,606
lungaca3014.jpeg,0,727
lungaca3016.jpeg,0,626
lungaca3017.jpeg,0,732
lungaca3018.jpeg,0,529
lungaca3019.jpeg,0,743
lungaca302.jpeg,0,647
lungaca3020.jpeg,0,530
lungaca3023.jpeg,0,714
lungaca3024.jpeg,0,543
lungaca3025.jpeg,0,550
lungaca3026.jpeg,0,581
lungaca3029.jpeg,0,576
lungaca3030.jpeg,0,737
lungaca3031.jpeg,0,552
lungaca3033.jpeg,0,728
lungaca3035.jpeg,0,601
lungaca3037.jpeg,0,662
lungaca3038.jpeg,0,662
lungaca304.jpeg,0,743
lungaca3040.jpeg,0,741
lungaca3041.jpeg,0,667
lungaca3044.jpeg,0,703
lungaca3045.jpeg,0,622
lungaca3046.jpeg,0,715
lungaca3049.jpeg,0,614
lungaca305.jpeg,0,521
lungaca3050.jpeg,0,522
lungaca3051.jpeg,0,609
lungaca3053.jpeg,0,651
lungaca3054.jpeg,0,611
lungaca3056.jpeg,0,691
lungaca3058.jpeg,0,690
lungaca306.jpeg,0,524
lungaca3060.jpeg,0,620
lungaca3062.jpeg,0,735
lungaca3063.jpeg,0,626
lungaca3064.jpeg,0,578
lungaca3065.jpeg,0,647
lungaca3067.jpeg,0,516
lungaca3068.jpeg,0,530
lungaca3069.jpeg,0,650
lungaca307.jpeg,0,646
lungaca3070.jpeg,0,652
lungaca3071.jpeg,0,539
lungaca3072.jpeg,0,571
lungaca3073.jpeg,0,555
lungaca3075.jpeg,0,635
lungaca3076.jpeg,0,530
lungaca3078.jpeg,0,577
lungaca308.jpeg,0,600
lungaca3081.jpeg,0,538
lungaca3083.jpeg,0,583
lungaca3084.jpeg,0,684
lungaca3089.jpeg,0,603
lungaca3090.jpeg,0,622
lungaca3091.jpeg,0,649
lungaca3092.jpeg,0,587
lungaca3093.jpeg,0,572
lungaca3094.jpeg,0,572
lungaca3095.jpeg,0,572
lungaca3097.jpeg,0,534
lungaca3099.jpeg,0,536
lungaca3101.jpeg,0,536
lungaca3102.jpeg,0,614
lungaca3103.jpeg,0,510
lungaca3104.jpeg,0,658
lungaca3106.jpeg,0,747
lungaca3108.jpeg,0,710
lungaca3109.jpeg,0,528
lungaca311.jpeg,0,707
lungaca3112.jpeg,0,713
lungaca3113.jpeg,0,604
lungaca3114.jpeg,0,589
lungaca3116.jpeg,0,666
lungaca3117.jpeg,0,584
lungaca3118.jpeg,0,584
lungaca3119.jpeg,0,675
lungaca312.jpeg,0,714
lungaca3120.jpeg,0,675
lungaca3121.jpeg,0,606
lungaca3124.jpeg,0,578
lungaca3125.jpeg,0,529
lungaca3126.jpeg,0,529
lungaca313.jpeg,0,543
lungaca3130.jpeg,0,652
lungaca3133.jpeg,0,555
lungaca3134.jpeg,0,555
lungaca3135.jpeg,0,537
lungaca3136.jpeg,0,728
lungaca3137.jpeg,0,523
lungaca314.jpeg,0,652
lungaca3140.jpeg,0,662
lungaca3142.jpeg,0,533
lungaca3145.jpeg,0,741
lungaca3146.jpeg,0,639
lungaca3147.jpeg,0,702
lungaca3148.jpeg,0,667
lungaca3151.jpeg,0,602
lungaca3152.jpeg,0,506
lungaca3153.jpeg,0,506
lungaca3154.jpeg,0,506
lungaca3155.jpeg,0,506
lungaca3156.jpeg,0,509
lungaca3157.jpeg,0,557
lungaca3158.jpeg,0,657
lungaca3159.jpeg,0,671
lungaca316.jpeg,0,740
lungaca3160.jpeg,0,671
lungaca3164.jpeg,0,644
lungaca3165.jpeg,0,513
lungaca3166.jpeg,0,513
lungaca3167.jpeg,0,665
lungaca3168.jpeg,0,614
lungaca3169.jpeg,0,510
lungaca317.jpeg,0,588
lungaca3170.jpeg,0,658
lungaca3171.jpeg,0,609
lungaca3174.jpeg,0,560
lungaca3175.jpeg,0,586
lungaca3176.jpeg,0,528
lungaca3177.jpeg,0,528
lungaca3178.jpeg,0,616
lungaca3180.jpeg,0,653
lungaca3181.jpeg,0,532
lungaca3182.jpeg,0,552
lungaca3186.jpeg,0,725
lungaca3188.jpeg,0,727
lungaca319.jpeg,0,635
lungaca3190.jpeg,0,732
lungaca3191.jpeg,0,545
lungaca3192.jpeg,0,535
lungaca3193.jpeg,0,647
lungaca3194.jpeg,0,647
lungaca3195.jpeg,0,595
lungaca3196.jpeg,0,530
lungaca3198.jpeg,0,734
lungaca3199.jpeg,0,643
lungaca32.jpeg,0,538
lungaca320.jpeg,0,635
lungaca3201.jpeg,0,650
lungaca3202.jpeg,0,650
lungaca3203.jpeg,0,600
lungaca3206.jpeg,0,581
lungaca3207.jpeg,0,581
lungaca3208.jpeg,0,588
lungaca3209.jpeg,0,531
lungaca3211.jpeg,0,737
lungaca3212.jpeg,0,728
lungaca3214.jpeg,0,538
lungaca3215.jpeg,0,519
lungaca3217.jpeg,0,564
lungaca3220.jpeg,0,729
lungaca3221.jpeg,0,722
lungaca3223.jpeg,0,572
lungaca3224.jpeg,0,657
lungaca3225.jpeg,0,682
lungaca3227.jpeg,0,712
lungaca3229.jpeg,0,701
lungaca323.jpeg,0,577
lungaca3231.jpeg,0,665
lungaca3232.jpeg,0,510
lungaca3233.jpeg,0,698
lungaca3234.jpeg,0,698
lungaca3235.jpeg,0,514
lungaca3236.jpeg,0,514
lungaca324.jpeg,0,533
lungaca3241.jpeg,0,653
lungaca3242.jpeg,0,552
lungaca3243.jpeg,0,589
lungaca3247.jpeg,0,666
lungaca3248.jpeg,0,727
lungaca3249.jpeg,0,742
lungaca325.jpeg,0,538
lungaca3250.jpeg,0,607
lungaca3251.jpeg,0,607
lungaca3252.jpeg,0,709
lungaca3254.jpeg,0,540
lungaca3255.jpeg,0,595
lungaca3256.jpeg,0,646
lungaca3258.jpeg,0,643
lungaca326.jpeg,0,519
lungaca3260.jpeg,0,527
lungaca3262.jpeg,0,539
lungaca3264.jpeg,0,588
lungaca3265.jpeg,0,555
lungaca3267.jpeg,0,537
lungaca3268.jpeg,0,523
lungaca327.jpeg,0,673
lungaca3270.jpeg,0,538
lungaca3272.jpeg,0,553
lungaca3273.jpeg,0,564
lungaca3274.jpeg,0,564
lungaca3275.jpeg,0,511
lungaca3277.jpeg,0,603
lungaca3278.jpeg,0,659
lungaca3279.jpeg,0,722
lungaca3280.jpeg,0,649
lungaca3282.jpeg,0,682
lungaca3283.jpeg,0,682
lungaca3288.jpeg,0,611
lungaca329.jpeg,0,562
lungaca3290.jpeg,0,686
lungaca3291.jpeg,0,517
lungaca3292.jpeg,0,605
lungaca3294.jpeg,0,586
lungaca3296.jpeg,0,690
lungaca3299.jpeg,0,604
lungaca33.jpeg,0,583
lungaca3301.jpeg,0,719
lungaca3302.jpeg,0,719
lungaca3305.jpeg,0,727
lungaca3307.jpeg,0,529
lungaca3308.jpeg,0,529
lungaca3309.jpeg,0,734
lungaca331.jpeg,0,553
lungaca3310.jpeg,0,524
lungaca3312.jpeg,0,714
lungaca3313.jpeg,0,581
lungaca3314.jpeg,0,680
lungaca3316.jpeg,0,558
lungaca3318.jpeg,0,537
lungaca3319.jpeg,0,530
lungaca332.jpeg,0,602
lungaca3320.jpeg,0,530
lungaca3323.jpeg,0,533
lungaca3324.jpeg,0,533
lungaca3325.jpeg,0,533
lungaca3326.jpeg,0,538
lungaca3327.jpeg,0,741
lungaca3328.jpeg,0,637
lungaca3329.jpeg,0,637
lungaca3333.jpeg,0,729
lungaca3334.jpeg,0,722
lungaca3335.jpeg,0,649
lungaca3336.jpeg,0,557
lungaca3337.jpeg,0,704
lungaca334.jpeg,0,661
lungaca3341.jpeg,0,738
lungaca3342.jpeg,0,513
lungaca3343.jpeg,0,513
lungaca3344.jpeg,0,614
lungaca3345.jpeg,0,614
lungaca3346.jpeg,0,609
lungaca3347.jpeg,0,609
lungaca3348.jpeg,0,611
lungaca335.jpeg,0,506
lungaca3354.jpeg,0,554
lungaca3355.jpeg,0,554
lungaca3357.jpeg,0,604
lungaca3358.jpeg,0,604
lungaca336.jpeg,0,509
lungaca3360.jpeg,0,666
lungaca3361.jpeg,0,512
lungaca3362.jpeg,0,735
lungaca3364.jpeg,0,578
lungaca3365.jpeg,0,632
lungaca3366.jpeg,0,529
lungaca3367.jpeg,0,595
lungaca337.jpeg,0,603
lungaca3372.jpeg,0,714
lungaca3373.jpeg,0,539
lungaca3374.jpeg,0,563
lungaca3375.jpeg,0,571
lungaca3377.jpeg,0,558
lungaca3378.jpeg,0,737
lungaca338.jpeg,0,603
lungaca3383.jpeg,0,662
lungaca3384.jpeg,0,613
lungaca3387.jpeg,0,562
lungaca339.jpeg,0,659
lungaca3390.jpeg,0,659
lungaca3391.jpeg,0,659
lungaca3392.jpeg,0,622
lungaca3393.jpeg,0,722
lungaca3394.jpeg,0,587
lungaca3395.jpeg,0,587
lungaca3396.jpeg,0,587
lungaca3397.jpeg,0,572
lungaca340.jpeg,0,657
lungaca3401.jpeg,0,513
lungaca3402.jpeg,0,698
lungaca3404.jpeg,0,736
lungaca3405.jpeg,0,736
lungaca3406.jpeg,0,517
lungaca341.jpeg,0,671
lungaca3410.jpeg,0,560
lungaca3411.jpeg,0,710
lungaca3412.jpeg,0,528
lungaca3413.jpeg,0,579
lungaca3417.jpeg,0,663
lungaca3418.jpeg,0,532
lungaca342.jpeg,0,682
lungaca3422.jpeg,0,634
lungaca3423.jpeg,0,584
lungaca3425.jpeg,0,675
lungaca3427.jpeg,0,742
lungaca3428.jpeg,0,732
lungaca343.jpeg,0,681
lungaca3435.jpeg,0,540
lungaca3436.jpeg,0,717
lungaca3439.jpeg,0,646
lungaca3442.jpeg,0,707
lungaca3445.jpeg,0,624
lungaca3446.jpeg,0,531
lungaca3447.jpeg,0,555
lungaca3449.jpeg,0,567
lungaca3451.jpeg,0,576
lungaca3452.jpeg,0,530
lungaca3459.jpeg,0,667
lungaca346.jpeg,0,698
lungaca3460.jpeg,0,684
lungaca3461.jpeg,0,562
lungaca3462.jpeg,0,636
lungaca3463.jpeg,0,621
lungaca3464.jpeg,0,661
lungaca3465.jpeg,0,715
lungaca3466.jpeg,0,557
lungaca3469.jpeg,0,682
lungaca347.jpeg,0,561
lungaca3471.jpeg,0,644
lungaca3473.jpeg,0,536
lungaca3474.jpeg,0,510
lungaca3475.jpeg,0,522
lungaca3476.jpeg,0,736
lungaca3477.jpeg,0,630
lungaca3478.jpeg,0,690
lungaca3481.jpeg,0,585
lungaca3482.jpeg,0,532
lungaca3484.jpeg,0,507
lungaca3487.jpeg,0,634
lungaca3488.jpeg,0,634
lungaca3489.jpeg,0,735
lungaca349.jpeg,0,668
lungaca3490.jpeg,0,633
lungaca3491.jpeg,0,607
lungaca3492.jpeg,0,626
lungaca3493.jpeg,0,732
lungaca3499.jpeg,0,516
lungaca35.jpeg,0,639
lungaca3500.jpeg,0,734
lungaca3501.jpeg,0,734
lungaca3502.jpeg,0,527
lungaca3503.jpeg,0,652
lungaca3504.jpeg,0,680
lungaca3506.jpeg,0,558
lungaca3507.jpeg,0,531
lungaca3508.jpeg,0,555
lungaca3509.jpeg,0,635
lungaca351.jpeg,0,605
lungaca3510.jpeg,0,635
lungaca3511.jpeg,0,576
lungaca3512.jpeg,0,737
lungaca3519.jpeg,0,741
lungaca352.jpeg,0,560
lungaca3521.jpeg,0,660
lungaca3522.jpeg,0,703
lungaca3523.jpeg,0,649
lungaca3524.jpeg,0,671
lungaca3525.jpeg,0,682
lungaca3528.jpeg,0,644
lungaca353.jpeg,0,718
lungaca3530.jpeg,0,738
lungaca3531.jpeg,0,665
lungaca3532.jpeg,0,522
lungaca3533.jpeg,0,522
lungaca3534.jpeg,0,698
lungaca3538.jpeg,0,554
lungaca354.jpeg,0,718
lungaca3540.jpeg,0,616
lungaca3542.jpeg,0,713
lungaca3544.jpeg,0,552
lungaca3545.jpeg,0,507
lungaca3546.jpeg,0,620
lungaca3547.jpeg,0,573
lungaca3548.jpeg,0,573
lungaca355.jpeg,0,586
lungaca3551.jpeg,0,634
lungaca3552.jpeg,0,584
lungaca3553.jpeg,0,633
lungaca3554.jpeg,0,607
lungaca3555.jpeg,0,709
lungaca3556.jpeg,0,516
lungaca3557.jpeg,0,516
lungaca3558.jpeg,0,731
lungaca3559.jpeg,0,731
lungaca356.jpeg,0,528
lungaca3560.jpeg,0,646
lungaca3561.jpeg,0,646
lungaca3564.jpeg,0,563
lungaca3567.jpeg,0,567
lungaca3569.jpeg,0,662
lungaca357.jpeg,0,579
lungaca3571.jpeg,0,639
lungaca3572.jpeg,0,702
lungaca3573.jpeg,0,673
lungaca3574.jpeg,0,673
lungaca3577.jpeg,0,602
lungaca3578.jpeg,0,509
lungaca3580.jpeg,0,603
lungaca3581.jpeg,0,518
lungaca3582.jpeg,0,703
lungaca3583.jpeg,0,622
lungaca3584.jpeg,0,649
lungaca3585.jpeg,0,587
lungaca3586.jpeg,0,704
lungaca3588.jpeg,0,712
lungaca3589.jpeg,0,712
lungaca359.jpeg,0,616
lungaca3590.jpeg,0,681
lungaca3591.jpeg,0,644
lungaca3596.jpeg,0,554
lungaca3597.jpeg,0,586
lungaca3598.jpeg,0,663
lungaca3599.jpeg,0,507
lungaca36.jpeg,0,637
lungaca360.jpeg,0,585
lungaca3600.jpeg,0,589
lungaca3602.jpeg,0,606
lungaca3603.jpeg,0,727
lungaca3604.jpeg,0,607
lungaca3605.jpeg,0,578
lungaca3606.jpeg,0,578
lungaca3608.jpeg,0,529
lungaca361.jpeg,0,653
lungaca3610.jpeg,0,540
lungaca3611.jpeg,0,743
lungaca3612.jpeg,0,516
lungaca3614.jpeg,0,521
lungaca3615.jpeg,0,521
lungaca3616.jpeg,0,521
lungaca3617.jpeg,0,530
lungaca362.jpeg,0,604
lungaca3620.jpeg,0,600
lungaca3621.jpeg,0,563
lungaca3622.jpeg,0,700
lungaca3624.jpeg,0,588
lungaca3625.jpeg,0,537
lungaca3626.jpeg,0,576
lungaca3627.jpeg,0,530
lungaca3628.jpeg,0,728
lungaca3629.jpeg,0,728
lungaca3630.jpeg,0,617
lungaca3632.jpeg,0,662
lungaca3633.jpeg,0,533
lungaca3634.jpeg,0,621
lungaca3635.jpeg,0,703
lungaca3636.jpeg,0,659
lungaca3637.jpeg,0,729
lungaca3638.jpeg,0,557
lungaca3639.jpeg,0,572
lungaca364.jpeg,0,725
lungaca3640.jpeg,0,572
lungaca3641.jpeg,0,704
lungaca3642.jpeg,0,704
lungaca3644.jpeg,0,534
lungaca3647.jpeg,0,665
lungaca365.jpeg,0,666
lungaca3650.jpeg,0,630
lungaca3654.jpeg,0,560
lungaca3655.jpeg,0,718
lungaca3656.jpeg,0,594
lungaca3659.jpeg,0,532
lungaca366.jpeg,0,692
lungaca3660.jpeg,0,552
lungaca3661.jpeg,0,604
lungaca3666.jpeg,0,709
lungaca3671.jpeg,0,731
lungaca3674.jpeg,0,600
lungaca3676.jpeg,0,707
lungaca3677.jpeg,0,571
lungaca3678.jpeg,0,581
lungaca368.jpeg,0,578
lungaca3680.jpeg,0,558
lungaca3681.jpeg,0,558
lungaca3682.jpeg,0,624
lungaca3683.jpeg,0,635
lungaca3684.jpeg,0,539
lungaca3685.jpeg,0,539
lungaca3686.jpeg,0,737
lungaca3687.jpeg,0,737
lungaca369.jpeg,0,529
lungaca3691.jpeg,0,577
lungaca3692.jpeg,0,662
lungaca3694.jpeg,0,660
lungaca3695.jpeg,0,506
lungaca3696.jpeg,0,508
lungaca3697.jpeg,0,509
lungaca3698.jpeg,0,703
lungaca37.jpeg,0,621
lungaca370.jpeg,0,540
lungaca3700.jpeg,0,587
lungaca3702.jpeg,0,557
lungaca3705.jpeg,0,513
lungaca3708.jpeg,0,611
lungaca371.jpeg,0,743
lungaca3710.jpeg,0,554
lungaca3711.jpeg,0,718
lungaca3712.jpeg,0,528
lungaca3713.jpeg,0,528
lungaca3714.jpeg,0,579
lungaca3715.jpeg,0,616
lungaca3716.jpeg,0,585
lungaca3717.jpeg,0,552
lungaca3718.jpeg,0,620
lungaca3721.jpeg,0,725
lungaca3722.jpeg,0,692
lungaca3728.jpeg,0,647
lungaca3730.jpeg,0,540
lungaca3731.jpeg,0,521
lungaca3733.jpeg,0,600
lungaca3734.jpeg,0,527
lungaca3738.jpeg,0,563
lungaca3739.jpeg,0,581
lungaca3740.jpeg,0,624
lungaca3741.jpeg,0,705
lungaca3742.jpeg,0,567
lungaca3743.jpeg,0,728
lungaca3745.jpeg,0,601
lungaca3748.jpeg,0,667
lungaca3749.jpeg,0,667
lungaca375.jpeg,0,714
lungaca3750.jpeg,0,613
lungaca3751.jpeg,0,673
lungaca3754.jpeg,0,553
lungaca3755.jpeg,0,660
lungaca3756.jpeg,0,661
lungaca3757.jpeg,0,661
lungaca3758.jpeg,0,524
lungaca3759.jpeg,0,508
lungaca376.jpeg,0,714
lungaca3760.jpeg,0,715
lungaca3761.jpeg,0,572
lungaca3762.jpeg,0,682
lungaca3763.jpeg,0,534
lungaca3767.jpeg,0,701
lungaca3772.jpeg,0,651
lungaca3773.jpeg,0,611
lungaca3776.jpeg,0,514
lungaca3778.jpeg,0,710
lungaca378.jpeg,0,563
lungaca3781.jpeg,0,653
lungaca3783.jpeg,0,573
lungaca3787.jpeg,0,719
lungaca379.jpeg,0,563
lungaca3790.jpeg,0,578
lungaca3793.jpeg,0,632
lungaca3794.jpeg,0,529
lungaca3796.jpeg,0,595
lungaca3797.jpeg,0,717
lungaca3798.jpeg,0,734
lungaca380.jpeg,0,740
lungaca3800.jpeg,0,539
lungaca3801.jpeg,0,624
lungaca3802.jpeg,0,588
lungaca3803.jpeg,0,689
lungaca3804.jpeg,0,635
lungaca3805.jpeg,0,539
lungaca3806.jpeg,0,539
lungaca3807.jpeg,0,530
lungaca3809.jpeg,0,617
lungaca381.jpeg,0,588
lungaca3812.jpeg,0,741
lungaca3813.jpeg,0,702
lungaca3814.jpeg,0,613
lungaca3815.jpeg,0,684
lungaca3816.jpeg,0,673
lungaca3817.jpeg,0,636
lungaca3818.jpeg,0,637
lungaca382.jpeg,0,567
lungaca3821.jpeg,0,659
lungaca3823.jpeg,0,557
lungaca3824.jpeg,0,682
lungaca3825.jpeg,0,682
lungaca3829.jpeg,0,614
lungaca3830.jpeg,0,614
lungaca3831.jpeg,0,658
lungaca3833.jpeg,0,668
lungaca3835.jpeg,0,630
lungaca3837.jpeg,0,586
lungaca3838.jpeg,0,586
lungaca384.jpeg,0,523
lungaca3842.jpeg,0,713
lungaca3844.jpeg,0,653
lungaca3846.jpeg,0,604
lungaca3848.jpeg,0,725
lungaca3849.jpeg,0,725
lungaca385.jpeg,0,577
lungaca3850.jpeg,0,719
lungaca3852.jpeg,0,675
lungaca3853.jpeg,0,606
lungaca3854.jpeg,0,607
lungaca3856.jpeg,0,717
lungaca3857.jpeg,0,731
lungaca3860.jpeg,0,524
lungaca3862.jpeg,0,714
lungaca3863.jpeg,0,543
lungaca3864.jpeg,0,550
lungaca3865.jpeg,0,550
lungaca3867.jpeg,0,740
lungaca3868.jpeg,0,740
lungaca3870.jpeg,0,689
lungaca3871.jpeg,0,567
lungaca3872.jpeg,0,530
lungaca3873.jpeg,0,577
lungaca3877.jpeg,0,613
lungaca3878.jpeg,0,621
lungaca3879.jpeg,0,602
lungaca388.jpeg,0,667
lungaca3880.jpeg,0,508
lungaca3882.jpeg,0,659
lungaca3884.jpeg,0,591
lungaca3885.jpeg,0,657
lungaca3886.jpeg,0,671
lungaca3889.jpeg,0,648
lungaca3892.jpeg,0,611
lungaca3894.jpeg,0,736
lungaca3895.jpeg,0,605
lungaca3896.jpeg,0,710
lungaca3897.jpeg,0,726
lungaca3899.jpeg,0,713
lungaca39.jpeg,0,682
lungaca390.jpeg,0,562
lungaca3903.jpeg,0,589
lungaca3904.jpeg,0,589
lungaca3906.jpeg,0,620
lungaca3909.jpeg,0,675
lungaca391.jpeg,0,562
lungaca3910.jpeg,0,633
lungaca3913.jpeg,0,647
lungaca3914.jpeg,0,516
lungaca3915.jpeg,0,530
lungaca3917.jpeg,0,524
lungaca3919.jpeg,0,600
lungaca3920.jpeg,0,527
lungaca3922.jpeg,0,571
lungaca3923.jpeg,0,740
lungaca3925.jpeg,0,531
lungaca3926.jpeg,0,635
lungaca3927.jpeg,0,537
lungaca393.jpeg,0,553
lungaca3930.jpeg,0,533
lungaca3931.jpeg,0,583
lungaca3932.jpeg,0,667
lungaca3934.jpeg,0,684
lungaca3938.jpeg,0,637
lungaca3939.jpeg,0,603
lungaca394.jpeg,0,723
lungaca3940.jpeg,0,657
lungaca3941.jpeg,0,704
lungaca3942.jpeg,0,712
lungaca3943.jpeg,0,712
lungaca3946.jpeg,0,747
lungaca3948.jpeg,0,605
lungaca395.jpeg,0,564
lungaca3950.jpeg,0,586
lungaca3951.jpeg,0,629
lungaca3954.jpeg,0,616
lungaca3955.jpeg,0,594
lungaca3956.jpeg,0,690
lungaca3957.jpeg,0,653
lungaca3958.jpeg,0,663
lungaca3959.jpeg,0,532
lungaca396.jpeg,0,524
lungaca3960.jpeg,0,507
lungaca3962.jpeg,0,604
lungaca3963.jpeg,0,666
lungaca3964.jpeg,0,735
lungaca3965.jpeg,0,675
lungaca3966.jpeg,0,606
lungaca3967.jpeg,0,606
lungaca3968.jpeg,0,633
lungaca397.jpeg,0,524
lungaca3970.jpeg,0,626
lungaca3971.jpeg,0,732
lungaca3972.jpeg,0,545
lungaca3973.jpeg,0,535
lungaca3975.jpeg,0,540
lungaca3976.jpeg,0,540
lungaca3977.jpeg,0,734
lungaca3980.jpeg,0,650
lungaca3982.jpeg,0,581
lungaca3983.jpeg,0,680
lungaca3984.jpeg,0,558
lungaca3985.jpeg,0,555
lungaca3986.jpeg,0,555
lungaca3987.jpeg,0,737
lungaca3988.jpeg,0,523
lungaca3989.jpeg,0,577
lungaca399.jpeg,0,509
lungaca3993.jpeg,0,583
lungaca3994.jpeg,0,702
lungaca3995.jpeg,0,667
lungaca3996.jpeg,0,636
lungaca3998.jpeg,0,637
lungaca3999.jpeg,0,621
lungaca4.jpeg,0,665
lungaca40.jpeg,0,644
lungaca400.jpeg,0,591
lungaca4000.jpeg,0,564
lungaca4001.jpeg,0,661
lungaca4003.jpeg,0,518
lungaca4006.jpeg,0,671
lungaca4007.jpeg,0,681
lungaca4008.jpeg,0,536
lungaca4009.jpeg,0,510
lungaca4013.jpeg,0,517
lungaca4014.jpeg,0,514
lungaca4015.jpeg,0,528
lungaca4016.jpeg,0,616
lungaca4017.jpeg,0,690
lungaca4018.jpeg,0,585
lungaca4019.jpeg,0,532
lungaca4020.jpeg,0,604
lungaca4023.jpeg,0,634
lungaca4025.jpeg,0,584
lungaca4026.jpeg,0,512
lungaca4027.jpeg,0,735
lungaca4028.jpeg,0,709
lungaca4029.jpeg,0,709
lungaca4030.jpeg,0,545
lungaca4031.jpeg,0,529
lungaca4032.jpeg,0,516
lungaca4034.jpeg,0,734
lungaca4035.jpeg,0,524
lungaca4036.jpeg,0,524
lungaca4039.jpeg,0,724
lungaca404.jpeg,0,704
lungaca4040.jpeg,0,543
lungaca4041.jpeg,0,680
lungaca4042.jpeg,0,680
lungaca4043.jpeg,0,624
lungaca4044.jpeg,0,531
lungaca4047.jpeg,0,577
lungaca4048.jpeg,0,601
lungaca4049.jpeg,0,617
lungaca405.jpeg,0,682
lungaca4051.jpeg,0,662
lungaca4053.jpeg,0,702
lungaca4056.jpeg,0,506
lungaca4057.jpeg,0,524
lungaca4058.jpeg,0,508
lungaca4059.jpeg,0,659
lungaca406.jpeg,0,534
lungaca4061.jpeg,0,671
lungaca4063.jpeg,0,534
lungaca4065.jpeg,0,644
lungaca4067.jpeg,0,513
lungaca407.jpeg,0,534
lungaca4071.jpeg,0,658
lungaca4072.jpeg,0,609
lungaca4073.jpeg,0,609
lungaca4075.jpeg,0,642
lungaca4076.jpeg,0,668
lungaca4078.jpeg,0,554
lungaca408.jpeg,0,644
lungaca4081.jpeg,0,718
lungaca4082.jpeg,0,586
lungaca4084.jpeg,0,585
lungaca4088.jpeg,0,512
lungaca4089.jpeg,0,719
lungaca409.jpeg,0,738
lungaca4090.jpeg,0,675
lungaca4091.jpeg,0,607
lungaca4092.jpeg,0,529
lungaca4096.jpeg,0,527
lungaca4098.jpeg,0,740
lungaca4099.jpeg,0,588
lungaca41.jpeg,0,665
lungaca410.jpeg,0,510
lungaca4100.jpeg,0,552
lungaca4101.jpeg,0,706
lungaca4102.jpeg,0,601
lungaca4103.jpeg,0,533
lungaca4104.jpeg,0,583
lungaca4105.jpeg,0,667
lungaca4107.jpeg,0,673
lungaca4108.jpeg,0,562
lungaca411.jpeg,0,522
lungaca4111.jpeg,0,553
lungaca4112.jpeg,0,637
lungaca4113.jpeg,0,723
lungaca4114.jpeg,0,524
lungaca4115.jpeg,0,509
lungaca4116.jpeg,0,729
lungaca4117.jpeg,0,649
lungaca4118.jpeg,0,587
lungaca4119.jpeg,0,715
lungaca412.jpeg,0,561
lungaca4120.jpeg,0,557
lungaca4121.jpeg,0,572
lungaca4122.jpeg,0,671
lungaca4123.jpeg,0,682
lungaca4129.jpeg,0,648
lungaca4130.jpeg,0,665
lungaca4131.jpeg,0,614
lungaca4132.jpeg,0,561
lungaca4133.jpeg,0,609
lungaca4134.jpeg,0,609
lungaca4136.jpeg,0,747
lungaca414.jpeg,0,630
lungaca4141.jpeg,0,554
lungaca4142.jpeg,0,713
lungaca4143.jpeg,0,653
lungaca4144.jpeg,0,532
lungaca4145.jpeg,0,687
lungaca4148.jpeg,0,725
lungaca4149.jpeg,0,725
lungaca415.jpeg,0,514
lungaca4150.jpeg,0,666
lungaca4151.jpeg,0,634
lungaca4152.jpeg,0,607
lungaca4154.jpeg,0,709
lungaca4155.jpeg,0,709
lungaca4156.jpeg,0,632
lungaca4159.jpeg,0,734
lungaca416.jpeg,0,629
lungaca4162.jpeg,0,563
lungaca4163.jpeg,0,700
lungaca4164.jpeg,0,581
lungaca4165.jpeg,0,740
lungaca4166.jpeg,0,705
lungaca4167.jpeg,0,531
lungaca4168.jpeg,0,689
lungaca4169.jpeg,0,576
lungaca4171.jpeg,0,523
lungaca4172.jpeg,0,601
lungaca4173.jpeg,0,617
lungaca4176.jpeg,0,538
lungaca4177.jpeg,0,741
lungaca4178.jpeg,0,613
lungaca418.jpeg,0,528
lungaca4180.jpeg,0,602
lungaca4181.jpeg,0,508
lungaca4182.jpeg,0,508
lungaca4184.jpeg,0,509
lungaca4186.jpeg,0,659
lungaca4188.jpeg,0,591
lungaca4191.jpeg,0,651
lungaca4192.jpeg,0,747
lungaca4193.jpeg,0,686
lungaca4194.jpeg,0,554
lungaca4195.jpeg,0,528
lungaca4196.jpeg,0,594
lungaca4197.jpeg,0,663
lungaca4198.jpeg,0,620
lungaca4199.jpeg,0,620
lungaca4200.jpeg,0,692
lungaca4202.jpeg,0,719
lungaca4203.jpeg,0,719
lungaca4205.jpeg,0,545
lungaca4206.jpeg,0,529
lungaca4207.jpeg,0,647
lungaca4208.jpeg,0,540
lungaca4209.jpeg,0,743
lungaca4210.jpeg,0,717
lungaca4211.jpeg,0,521
lungaca4212.jpeg,0,521
lungaca4213.jpeg,0,524
lungaca4214.jpeg,0,650
lungaca4215.jpeg,0,527
lungaca4216.jpeg,0,527
lungaca422.jpeg,0,589
lungaca4222.jpeg,0,740
lungaca4223.jpeg,0,555
lungaca4227.jpeg,0,539
lungaca4228.jpeg,0,530
lungaca4229.jpeg,0,706
lungaca4230.jpeg,0,696
lungaca4231.jpeg,0,696
lungaca4232.jpeg,0,662
lungaca4233.jpeg,0,613
lungaca4234.jpeg,0,519
lungaca4235.jpeg,0,621
lungaca4236.jpeg,0,602
lungaca4237.jpeg,0,564
lungaca4238.jpeg,0,511
lungaca4240.jpeg,0,603
lungaca4241.jpeg,0,722
lungaca4242.jpeg,0,649
lungaca4246.jpeg,0,534
lungaca4248.jpeg,0,644
lungaca425.jpeg,0,666
lungaca4251.jpeg,0,614
lungaca4252.jpeg,0,522
lungaca4253.jpeg,0,747
lungaca4255.jpeg,0,668
lungaca4256.jpeg,0,668
lungaca4257.jpeg,0,514
lungaca4258.jpeg,0,691
lungaca4259.jpeg,0,560
lungaca426.jpeg,0,606
lungaca4260.jpeg,0,560
lungaca4261.jpeg,0,718
lungaca4262.jpeg,0,629
lungaca4263.jpeg,0,616
lungaca4264.jpeg,0,653
lungaca4265.jpeg,0,604
lungaca4267.jpeg,0,735
lungaca4268.jpeg,0,633
lungaca427.jpeg,0,727
lungaca4270.jpeg,0,516
lungaca4271.jpeg,0,530
lungaca4273.jpeg,0,600
lungaca4274.jpeg,0,707
lungaca4275.jpeg,0,588
lungaca4276.jpeg,0,588
lungaca4277.jpeg,0,705
lungaca4278.jpeg,0,531
lungaca4280.jpeg,0,635
lungaca4283.jpeg,0,533
lungaca4284.jpeg,0,741
lungaca4285.jpeg,0,667
lungaca4288.jpeg,0,553
lungaca4289.jpeg,0,564
lungaca4290.jpeg,0,661
lungaca4292.jpeg,0,703
lungaca4293.jpeg,0,649
lungaca4295.jpeg,0,715
lungaca4299.jpeg,0,681
lungaca4301.jpeg,0,510
lungaca4303.jpeg,0,658
lungaca4304.jpeg,0,651
lungaca4305.jpeg,0,642
lungaca4306.jpeg,0,668
lungaca4308.jpeg,0,560
lungaca4309.jpeg,0,718
lungaca4310.jpeg,0,710
lungaca4311.jpeg,0,594
lungaca4312.jpeg,0,726
lungaca4316.jpeg,0,653
lungaca4317.jpeg,0,604
lungaca4318.jpeg,0,620
lungaca432.jpeg,0,529
lungaca4321.jpeg,0,634
lungaca4322.jpeg,0,675
lungaca4323.jpeg,0,727
lungaca4324.jpeg,0,742
lungaca4325.jpeg,0,742
lungaca4326.jpeg,0,545
lungaca4328.jpeg,0,529
lungaca4329.jpeg,0,595
lungaca4330.jpeg,0,524
lungaca4333.jpeg,0,650
lungaca4335.jpeg,0,543
lungaca4336.jpeg,0,543
lungaca4337.jpeg,0,539
lungaca4338.jpeg,0,680
lungaca4341.jpeg,0,624
lungaca4342.jpeg,0,588
lungaca4343.jpeg,0,531
lungaca4344.jpeg,0,531
lungaca4345.jpeg,0,737
lungaca4346.jpeg,0,737
lungaca4347.jpeg,0,737
lungaca435.jpeg,0,724
lungaca4350.jpeg,0,696
lungaca4353.jpeg,0,684
lungaca4354.jpeg,0,660
lungaca4355.jpeg,0,660
lungaca4356.jpeg,0,723
lungaca4357.jpeg,0,511
lungaca4358.jpeg,0,518
lungaca4359.jpeg,0,622
lungaca4360.jpeg,0,649
lungaca4361.jpeg,0,557
lungaca4362.jpeg,0,671
lungaca4364.jpeg,0,712
lungaca4366.jpeg,0,681
lungaca4367.jpeg,0,665
lungaca4368.jpeg,0,614
lungaca4369.jpeg,0,522
lungaca437.jpeg,0,652
lungaca4371.jpeg,0,651
lungaca4372.jpeg,0,554
lungaca4373.jpeg,0,554
lungaca4376.jpeg,0,586
lungaca4377.jpeg,0,629
lungaca4378.jpeg,0,710
lungaca4379.jpeg,0,579
lungaca4380.jpeg,0,594
lungaca4383.jpeg,0,663
lungaca4384.jpeg,0,552
lungaca4387.jpeg,0,573
lungaca439.jpeg,0,567
lungaca4390.jpeg,0,634
lungaca4391.jpeg,0,692
lungaca4392.jpeg,0,584
lungaca4393.jpeg,0,584
lungaca4394.jpeg,0,584
lungaca4396.jpeg,0,606
lungaca4397.jpeg,0,732
lungaca4399.jpeg,0,535
lungaca44.jpeg,0,698
lungaca440.jpeg,0,635
lungaca4400.jpeg,0,707
lungaca4401.jpeg,0,652
lungaca4403.jpeg,0,558
lungaca4404.jpeg,0,588
lungaca4405.jpeg,0,552
lungaca4406.jpeg,0,728
lungaca4408.jpeg,0,662
lungaca4409.jpeg,0,583
lungaca441.jpeg,0,737
lungaca4410.jpeg,0,741
lungaca4411.jpeg,0,519
lungaca4412.jpeg,0,519
lungaca4415.jpeg,0,621
lungaca4416.jpeg,0,564
lungaca4417.jpeg,0,661
lungaca4418.jpeg,0,524
lungaca4419.jpeg,0,509
lungaca4421.jpeg,0,622
lungaca4422.jpeg,0,649
lungaca4423.jpeg,0,657
lungaca4424.jpeg,0,534
lungaca4429.jpeg,0,522
lungaca4437.jpeg,0,528
lungaca4438.jpeg,0,616
lungaca4439.jpeg,0,653
lungaca4440.jpeg,0,663
lungaca4441.jpeg,0,620
lungaca4445.jpeg,0,606
lungaca4446.jpeg,0,633
lungaca4447.jpeg,0,607
lungaca4448.jpeg,0,607
lungaca4449.jpeg,0,709
lungaca4450.jpeg,0,578
lungaca4451.jpeg,0,545
lungaca4453.jpeg,0,540
lungaca4455.jpeg,0,539
lungaca4456.jpeg,0,571
lungaca4457.jpeg,0,680
lungaca4458.jpeg,0,558
lungaca4460.jpeg,0,705
lungaca4463.jpeg,0,601
lungaca4464.jpeg,0,601
lungaca4467.jpeg,0,533
lungaca4468.jpeg,0,741
lungaca4469.jpeg,0,702
lungaca447.jpeg,0,613
lungaca4471.jpeg,0,684
lungaca4472.jpeg,0,673
lungaca4474.jpeg,0,636
lungaca4475.jpeg,0,723
lungaca4476.jpeg,0,602
lungaca4479.jpeg,0,603
lungaca4480.jpeg,0,518
lungaca4481.jpeg,0,715
lungaca4482.jpeg,0,572
lungaca4483.jpeg,0,657
lungaca4489.jpeg,0,605
lungaca4490.jpeg,0,554
lungaca4491.jpeg,0,514
lungaca4493.jpeg,0,560
lungaca4494.jpeg,0,560
lungaca4495.jpeg,0,560
lungaca4496.jpeg,0,718
lungaca4497.jpeg,0,616
lungaca4498.jpeg,0,594
lungaca4499.jpeg,0,690
lungaca450.jpeg,0,562
lungaca4500.jpeg,0,726
lungaca4501.jpeg,0,663
lungaca4502.jpeg,0,589
lungaca4505.jpeg,0,634
lungaca4506.jpeg,0,692
lungaca4508.jpeg,0,578
lungaca451.jpeg,0,553
lungaca4510.jpeg,0,535
lungaca4511.jpeg,0,530
lungaca4512.jpeg,0,530
lungaca4513.jpeg,0,530
lungaca4514.jpeg,0,731
lungaca4516.jpeg,0,643
lungaca4517.jpeg,0,643
lungaca4519.jpeg,0,700
lungaca4520.jpeg,0,680
lungaca4523.jpeg,0,537
lungaca4524.jpeg,0,576
lungaca4526.jpeg,0,523
lungaca4528.jpeg,0,533
lungaca4529.jpeg,0,639
lungaca453.jpeg,0,621
lungaca4530.jpeg,0,639
lungaca4532.jpeg,0,562
lungaca4535.jpeg,0,661
lungaca4536.jpeg,0,511
lungaca4537.jpeg,0,511
lungaca4538.jpeg,0,509
lungaca4539.jpeg,0,518
lungaca454.jpeg,0,564
lungaca4541.jpeg,0,622
lungaca4544.jpeg,0,522
lungaca4545.jpeg,0,522
lungaca4546.jpeg,0,698
lungaca4547.jpeg,0,561
lungaca4548.jpeg,0,658
lungaca4549.jpeg,0,609
lungaca455.jpeg,0,661
lungaca4551.jpeg,0,651
lungaca4552.jpeg,0,686
lungaca4553.jpeg,0,686
lungaca4555.jpeg,0,579
lungaca4556.jpeg,0,690
lungaca4557.jpeg,0,690
lungaca4560.jpeg,0,687
lungaca4562.jpeg,0,604
lungaca4563.jpeg,0,573
lungaca4566.jpeg,0,725
lungaca4568.jpeg,0,634
lungaca4569.jpeg,0,634
lungaca4570.jpeg,0,584
lungaca4571.jpeg,0,735
lungaca4573.jpeg,0,647
lungaca4574.jpeg,0,540
lungaca4576.jpeg,0,543
lungaca4579.jpeg,0,577
lungaca458.jpeg,0,649
lungaca4580.jpeg,0,617
lungaca4581.jpeg,0,662
lungaca4583.jpeg,0,533
lungaca4584.jpeg,0,538
lungaca4585.jpeg,0,538
lungaca4587.jpeg,0,519
lungaca4590.jpeg,0,553
lungaca4591.jpeg,0,637
lungaca4593.jpeg,0,564
lungaca4594.jpeg,0,661
lungaca4595.jpeg,0,508
lungaca4596.jpeg,0,508
lungaca4597.jpeg,0,603
lungaca4598.jpeg,0,557
lungaca4599.jpeg,0,657
lungaca46.jpeg,0,668
lungaca4602.jpeg,0,681
lungaca4605.jpeg,0,513
lungaca4609.jpeg,0,522
lungaca461.jpeg,0,704
lungaca4610.jpeg,0,561
lungaca4612.jpeg,0,651
lungaca4613.jpeg,0,686
lungaca4614.jpeg,0,736
lungaca4615.jpeg,0,517
lungaca4617.jpeg,0,718
lungaca4618.jpeg,0,594
lungaca4619.jpeg,0,653
lungaca462.jpeg,0,704
lungaca4620.jpeg,0,507
lungaca4621.jpeg,0,507
lungaca4623.jpeg,0,666
lungaca4624.jpeg,0,584
lungaca4625.jpeg,0,512
lungaca4626.jpeg,0,516
lungaca4627.jpeg,0,516
lungaca4628.jpeg,0,595
lungaca463.jpeg,0,534
lungaca4630.jpeg,0,524
lungaca4631.jpeg,0,600
lungaca4633.jpeg,0,707
lungaca4634.jpeg,0,543
lungaca4637.jpeg,0,555
lungaca464.jpeg,0,712
lungaca4640.jpeg,0,689
lungaca4641.jpeg,0,552
lungaca4646.jpeg,0,639
lungaca4648.jpeg,0,667
lungaca4650.jpeg,0,673
lungaca4652.jpeg,0,564
lungaca4653.jpeg,0,511
lungaca4654.jpeg,0,509
lungaca4655.jpeg,0,659
lungaca4656.jpeg,0,659
lungaca4657.jpeg,0,729
lungaca4658.jpeg,0,622
lungaca4659.jpeg,0,657
lungaca466.jpeg,0,701
lungaca4660.jpeg,0,682
lungaca4664.jpeg,0,681
lungaca4665.jpeg,0,614
lungaca4668.jpeg,0,611
lungaca4672.jpeg,0,517
lungaca4674.jpeg,0,514
lungaca4676.jpeg,0,560
lungaca4678.jpeg,0,710
lungaca468.jpeg,0,698
lungaca4684.jpeg,0,573
lungaca4685.jpeg,0,725
lungaca4686.jpeg,0,666
lungaca4688.jpeg,0,719
lungaca4689.jpeg,0,742
lungaca4692.jpeg,0,626
lungaca4693.jpeg,0,578
lungaca4697.jpeg,0,650
lungaca4698.jpeg,0,539
lungaca47.jpeg,0,630
lungaca470.jpeg,0,517
lungaca4700.jpeg,0,700
lungaca4701.jpeg,0,680
lungaca4703.jpeg,0,705
lungaca4704.jpeg,0,555
lungaca4706.jpeg,0,539
lungaca471.jpeg,0,554
lungaca4711.jpeg,0,562
lungaca4712.jpeg,0,562
lungaca4713.jpeg,0,723
lungaca4714.jpeg,0,723
lungaca4716.jpeg,0,524
lungaca4717.jpeg,0,511
lungaca4719.jpeg,0,622
lungaca472.jpeg,0,586
lungaca4720.jpeg,0,587
lungaca4727.jpeg,0,536
lungaca4729.jpeg,0,609
lungaca473.jpeg,0,586
lungaca4730.jpeg,0,609
lungaca4731.jpeg,0,651
lungaca4732.jpeg,0,642
lungaca4735.jpeg,0,718
lungaca4736.jpeg,0,710
lungaca4737.jpeg,0,528
lungaca474.jpeg,0,586
lungaca4740.jpeg,0,726
lungaca4741.jpeg,0,713
lungaca4742.jpeg,0,585
lungaca4743.jpeg,0,589
lungaca4746.jpeg,0,634
lungaca4747.jpeg,0,719
lungaca475.jpeg,0,710
lungaca4752.jpeg,0,545
lungaca4753.jpeg,0,595
lungaca4754.jpeg,0,524
lungaca4756.jpeg,0,643
lungaca4757.jpeg,0,643
lungaca476.jpeg,0,579
lungaca4761.jpeg,0,527
lungaca4764.jpeg,0,581
lungaca4765.jpeg,0,680
lungaca4766.jpeg,0,705
lungaca4767.jpeg,0,705
lungaca4768.jpeg,0,689
lungaca4769.jpeg,0,567
lungaca477.jpeg,0,653
lungaca4770.jpeg,0,635
lungaca4771.jpeg,0,706
lungaca4773.jpeg,0,662
lungaca4774.jpeg,0,538
lungaca4775.jpeg,0,702
lungaca4776.jpeg,0,519
lungaca478.jpeg,0,604
lungaca4780.jpeg,0,704
lungaca4782.jpeg,0,682
lungaca4785.jpeg,0,534
lungaca4786.jpeg,0,681
lungaca4787.jpeg,0,644
lungaca4789.jpeg,0,738
lungaca479.jpeg,0,620
lungaca4791.jpeg,0,510
lungaca4792.jpeg,0,658
lungaca4793.jpeg,0,668
lungaca4797.jpeg,0,687
lungaca4798.jpeg,0,507
lungaca48.jpeg,0,605
lungaca480.jpeg,0,620
lungaca4800.jpeg,0,573
lungaca4801.jpeg,0,584
lungaca4803.jpeg,0,675
lungaca4804.jpeg,0,606
lungaca4805.jpeg,0,727
lungaca4806.jpeg,0,607
lungaca4807.jpeg,0,626
lungaca4808.jpeg,0,545
lungaca4809.jpeg,0,545
lungaca4814.jpeg,0,595
lungaca4815.jpeg,0,530
lungaca4817.jpeg,0,524
lungaca4818.jpeg,0,524
lungaca4820.jpeg,0,600
lungaca4824.jpeg,0,588
lungaca4825.jpeg,0,530
lungaca4827.jpeg,0,577
lungaca4828.jpeg,0,601
lungaca4829.jpeg,0,601
lungaca483.jpeg,0,692
lungaca4830.jpeg,0,617
lungaca4832.jpeg,0,519
lungaca4834.jpeg,0,621
lungaca4835.jpeg,0,621
lungaca4836.jpeg,0,518
lungaca4837.jpeg,0,729
lungaca4838.jpeg,0,729
lungaca4839.jpeg,0,572
lungaca484.jpeg,0,626
lungaca4845.jpeg,0,536
lungaca4847.jpeg,0,614
lungaca4848.jpeg,0,658
lungaca4849.jpeg,0,609
lungaca485.jpeg,0,545
lungaca4850.jpeg,0,611
lungaca4852.jpeg,0,517
lungaca4853.jpeg,0,554
lungaca4855.jpeg,0,629
lungaca4856.jpeg,0,710
lungaca4858.jpeg,0,653
lungaca4859.jpeg,0,663
lungaca4860.jpeg,0,552
lungaca4861.jpeg,0,687
lungaca4862.jpeg,0,604
lungaca4864.jpeg,0,692
lungaca4865.jpeg,0,584
lungaca4868.jpeg,0,647
lungaca4869.jpeg,0,743
lungaca487.jpeg,0,516
lungaca4870.jpeg,0,521
lungaca4871.jpeg,0,521
lungaca4874.jpeg,0,652
lungaca4876.jpeg,0,700
lungaca4877.jpeg,0,576
lungaca4879.jpeg,0,617
lungaca4881.jpeg,0,702
lungaca4884.jpeg,0,637
lungaca4885.jpeg,0,661
lungaca4888.jpeg,0,518
lungaca4889.jpeg,0,729
lungaca489.jpeg,0,643
lungaca4890.jpeg,0,729
lungaca4891.jpeg,0,587
lungaca4893.jpeg,0,715
lungaca4894.jpeg,0,557
lungaca4895.jpeg,0,657
lungaca4897.jpeg,0,682
lungaca4898.jpeg,0,534
lungaca4899.jpeg,0,644
lungaca49.jpeg,0,560
lungaca4901.jpeg,0,513
lungaca4903.jpeg,0,561
lungaca4905.jpeg,0,611
lungaca4907.jpeg,0,686
lungaca4908.jpeg,0,528
lungaca491.jpeg,0,650
lungaca4910.jpeg,0,594
lungaca4911.jpeg,0,713
lungaca4912.jpeg,0,532
lungaca4913.jpeg,0,507
lungaca4914.jpeg,0,604
lungaca4915.jpeg,0,573
lungaca4921.jpeg,0,606
lungaca4922.jpeg,0,633
lungaca4923.jpeg,0,742
lungaca4924.jpeg,0,626
lungaca4926.jpeg,0,647
lungaca4927.jpeg,0,743
lungaca4928.jpeg,0,646
lungaca4929.jpeg,0,724
lungaca4930.jpeg,0,707
lungaca4932.jpeg,0,539
lungaca4933.jpeg,0,571
lungaca4934.jpeg,0,571
lungaca4935.jpeg,0,555
lungaca4937.jpeg,0,567
lungaca4938.jpeg,0,523
lungaca494.jpeg,0,539
lungaca4940.jpeg,0,662
lungaca4941.jpeg,0,533
lungaca4942.jpeg,0,673
lungaca4943.jpeg,0,660
lungaca4944.jpeg,0,660
lungaca4945.jpeg,0,602
lungaca4947.jpeg,0,518
lungaca4949.jpeg,0,659
lungaca4950.jpeg,0,649
lungaca4953.jpeg,0,534
lungaca4954.jpeg,0,712
lungaca4955.jpeg,0,644
lungaca4956.jpeg,0,738
lungaca4958.jpeg,0,614
lungaca4959.jpeg,0,698
lungaca496.jpeg,0,558
lungaca4960.jpeg,0,668
lungaca4962.jpeg,0,517
lungaca4965.jpeg,0,554
lungaca497.jpeg,0,705
lungaca4970.jpeg,0,589
lungaca4973.jpeg,0,578
lungaca4975.jpeg,0,529
lungaca4976.jpeg,0,647
lungaca4977.jpeg,0,724
lungaca4979.jpeg,0,543
lungaca498.jpeg,0,555
lungaca4980.jpeg,0,700
lungaca4982.jpeg,0,624
lungaca4983.jpeg,0,689
lungaca4984.jpeg,0,530
lungaca4987.jpeg,0,728
lungaca499.jpeg,0,537
lungaca4991.jpeg,0,533
lungaca4992.jpeg,0,538
lungaca4993.jpeg,0,519
lungaca4994.jpeg,0,621
lungaca4995.jpeg,0,524
lungaca4998.jpeg,0,715
lungaca4999.jpeg,0,657
lungaca5.jpeg,0,614
lungaca50.jpeg,0,528
lungaca500.jpeg,0,576
lungaca5000.jpeg,0,657
lungaca501.jpeg,0,530
lungaca502.jpeg,0,601
lungaca503.jpeg,0,696
lungaca504.jpeg,0,741
lungaca505.jpeg,0,639
lungaca506.jpeg,0,702
lungaca507.jpeg,0,613
lungaca509.jpeg,0,562
lungaca51.jpeg,0,579
lungaca511.jpeg,0,637
lungaca512.jpeg,0,621
lungaca514.jpeg,0,511
lungaca517.jpeg,0,704
lungaca521.jpeg,0,738
lungaca522.jpeg,0,614
lungaca523.jpeg,0,510
lungaca524.jpeg,0,522
lungaca526.jpeg,0,668
lungaca527.jpeg,0,517
lungaca528.jpeg,0,554
lungaca53.jpeg,0,594
lungaca530.jpeg,0,560
lungaca535.jpeg,0,584
lungaca536.jpeg,0,512
lungaca537.jpeg,0,719
lungaca538.jpeg,0,719
lungaca54.jpeg,0,585
lungaca541.jpeg,0,732
lungaca543.jpeg,0,632
lungaca544.jpeg,0,647
lungaca545.jpeg,0,717
lungaca546.jpeg,0,530
lungaca547.jpeg,0,724
lungaca550.jpeg,0,680
lungaca551.jpeg,0,680
lungaca552.jpeg,0,558
lungaca553.jpeg,0,624
lungaca554.jpeg,0,624
lungaca555.jpeg,0,588
lungaca556.jpeg,0,588
lungaca557.jpeg,0,555
lungaca561.jpeg,0,737
lungaca562.jpeg,0,552
lungaca564.jpeg,0,728
lungaca569.jpeg,0,662
lungaca570.jpeg,0,741
lungaca572.jpeg,0,564
lungaca573.jpeg,0,587
lungaca574.jpeg,0,572
lungaca575.jpeg,0,704
lungaca576.jpeg,0,534
lungaca577.jpeg,0,681
lungaca579.jpeg,0,644
lungaca58.jpeg,0,512
lungaca580.jpeg,0,644
lungaca581.jpeg,0,648
lungaca582.jpeg,0,614
lungaca583.jpeg,0,698
lungaca585.jpeg,0,561
lungaca586.jpeg,0,609
lungaca587.jpeg,0,651
lungaca588.jpeg,0,611
lungaca589.jpeg,0,611
lungaca590.jpeg,0,747
lungaca592.jpeg,0,586
lungaca593.jpeg,0,579
lungaca594.jpeg,0,690
lungaca595.jpeg,0,604
lungaca597.jpeg,0,620
lungaca598.jpeg,0,735
lungaca599.jpeg,0,735
lungaca6.jpeg,0,561
lungaca60.jpeg,0,626
lungaca600.jpeg,0,675
lungaca601.jpeg,0,607
lungaca605.jpeg,0,529
lungaca606.jpeg,0,595
lungaca607.jpeg,0,521
lungaca608.jpeg,0,731
lungaca609.jpeg,0,731
lungaca610.jpeg,0,650
lungaca612.jpeg,0,652
lungaca613.jpeg,0,740
lungaca614.jpeg,0,588
lungaca615.jpeg,0,705
lungaca616.jpeg,0,531
lungaca617.jpeg,0,555
lungaca618.jpeg,0,737
lungaca621.jpeg,0,662
lungaca622.jpeg,0,533
lungaca623.jpeg,0,538
lungaca625.jpeg,0,583
lungaca627.jpeg,0,702
lungaca629.jpeg,0,723
lungaca630.jpeg,0,621
lungaca631.jpeg,0,506
lungaca633.jpeg,0,509
lungaca634.jpeg,0,603
lungaca635.jpeg,0,659
lungaca636.jpeg,0,622
lungaca637.jpeg,0,591
lungaca638.jpeg,0,587
lungaca639.jpeg,0,715
lungaca64.jpeg,0,516
lungaca641.jpeg,0,682
lungaca642.jpeg,0,682
lungaca645.jpeg,0,644
lungaca646.jpeg,0,738
lungaca647.jpeg,0,536
lungaca649.jpeg,0,642
lungaca65.jpeg,0,646
lungaca651.jpeg,0,630
lungaca652.jpeg,0,554
lungaca653.jpeg,0,514
lungaca655.jpeg,0,594
lungaca658.jpeg,0,692
lungaca660.jpeg,0,735
lungaca661.jpeg,0,607
lungaca663.jpeg,0,709
lungaca664.jpeg,0,578
lungaca667.jpeg,0,595
lungaca668.jpeg,0,595
lungaca669.jpeg,0,646
lungaca672.jpeg,0,600
lungaca673.jpeg,0,543
lungaca674.jpeg,0,581
lungaca675.jpeg,0,539
lungaca676.jpeg,0,576
lungaca677.jpeg,0,737
lungaca678.jpeg,0,706
lungaca679.jpeg,0,577
lungaca68.jpeg,0,539
lungaca683.jpeg,0,583
lungaca684.jpeg,0,583
lungaca685.jpeg,0,741
lungaca686.jpeg,0,702
lungaca687.jpeg,0,673
lungaca689.jpeg,0,564
lungaca69.jpeg,0,563
lungaca692.jpeg,0,518
lungaca693.jpeg,0,622
lungaca695.jpeg,0,587
lungaca697.jpeg,0,704
lungaca7.jpeg,0,561
lungaca70.jpeg,0,563
lungaca701.jpeg,0,738
lungaca702.jpeg,0,614
lungaca703.jpeg,0,510
lungaca704.jpeg,0,609
lungaca707.jpeg,0,611
lungaca709.jpeg,0,585
lungaca71.jpeg,0,567
lungaca710.jpeg,0,653
lungaca711.jpeg,0,532
lungaca712.jpeg,0,552
lungaca715.jpeg,0,620
lungaca716.jpeg,0,620
lungaca72.jpeg,0,576
lungaca721.jpeg,0,634
lungaca722.jpeg,0,584
lungaca723.jpeg,0,633
lungaca724.jpeg,0,535
lungaca727.jpeg,0,724
lungaca728.jpeg,0,707
lungaca729.jpeg,0,714
lungaca73.jpeg,0,728
lungaca730.jpeg,0,571
lungaca731.jpeg,0,558
lungaca732.jpeg,0,555
lungaca735.jpeg,0,530
lungaca737.jpeg,0,706
lungaca738.jpeg,0,662
lungaca739.jpeg,0,583
lungaca74.jpeg,0,728
lungaca740.jpeg,0,583
lungaca741.jpeg,0,702
lungaca743.jpeg,0,636
lungaca746.jpeg,0,591
lungaca747.jpeg,0,649
lungaca748.jpeg,0,587
lungaca75.jpeg,0,577
lungaca750.jpeg,0,572
lungaca753.jpeg,0,681
lungaca754.jpeg,0,614
lungaca758.jpeg,0,609
lungaca759.jpeg,0,642
lungaca763.jpeg,0,736
lungaca764.jpeg,0,554
lungaca765.jpeg,0,554
lungaca767.jpeg,0,560
lungaca768.jpeg,0,579
lungaca771.jpeg,0,687
lungaca772.jpeg,0,687
lungaca776.jpeg,0,607
lungaca777.jpeg,0,647
lungaca778.jpeg,0,717
lungaca779.jpeg,0,734
lungaca780.jpeg,0,643
lungaca781.jpeg,0,650
lungaca782.jpeg,0,724
lungaca783.jpeg,0,707
lungaca786.jpeg,0,567
lungaca787.jpeg,0,567
lungaca788.jpeg,0,567
lungaca789.jpeg,0,635
lungaca79.jpeg,0,662
lungaca790.jpeg,0,539
lungaca796.jpeg,0,662
lungaca797.jpeg,0,538
lungaca798.jpeg,0,583
lungaca799.jpeg,0,684
lungaca800.jpeg,0,621
lungaca801.jpeg,0,661
lungaca803.jpeg,0,622
lungaca804.jpeg,0,591
lungaca806.jpeg,0,712
lungaca809.jpeg,0,648
lungaca81.jpeg,0,660
lungaca810.jpeg,0,648
lungaca811.jpeg,0,648
lungaca812.jpeg,0,651
lungaca813.jpeg,0,611
lungaca814.jpeg,0,747
lungaca816.jpeg,0,554
lungaca817.jpeg,0,514
lungaca818.jpeg,0,691
lungaca82.jpeg,0,723
lungaca821.jpeg,0,579
lungaca822.jpeg,0,579
lungaca823.jpeg,0,690
lungaca825.jpeg,0,532
lungaca826.jpeg,0,573
lungaca828.jpeg,0,725
lungaca829.jpeg,0,692
lungaca83.jpeg,0,621
lungaca831.jpeg,0,606
lungaca832.jpeg,0,633
lungaca836.jpeg,0,717
lungaca839.jpeg,0,524
lungaca84.jpeg,0,602
lungaca841.jpeg,0,550
lungaca843.jpeg,0,588
lungaca844.jpeg,0,531
lungaca846.jpeg,0,737
lungaca849.jpeg,0,583
lungaca85.jpeg,0,506
lungaca850.jpeg,0,741
lungaca851.jpeg,0,519
lungaca853.jpeg,0,553
lungaca854.jpeg,0,564
lungaca855.jpeg,0,661
lungaca856.jpeg,0,506
lungaca858.jpeg,0,722
lungaca86.jpeg,0,508
lungaca860.jpeg,0,649
lungaca863.jpeg,0,681
lungaca864.jpeg,0,738
lungaca866.jpeg,0,522
lungaca868.jpeg,0,668
lungaca869.jpeg,0,605
lungaca87.jpeg,0,511
lungaca870.jpeg,0,691
lungaca871.jpeg,0,691
lungaca872.jpeg,0,528
lungaca876.jpeg,0,573
lungaca879.jpeg,0,725
lungaca88.jpeg,0,511
lungaca880.jpeg,0,666
lungaca881.jpeg,0,512
lungaca882.jpeg,0,606
lungaca883.jpeg,0,709
lungaca884.jpeg,0,545
lungaca885.jpeg,0,545
lungaca887.jpeg,0,743
lungaca888.jpeg,0,516
lungaca891.jpeg,0,524
lungaca893.jpeg,0,724
lungaca895.jpeg,0,543
lungaca897.jpeg,0,705
lungaca898.jpeg,0,689
lungaca899.jpeg,0,567
lungaca9.jpeg,0,609
lungaca90.jpeg,0,603
lungaca900.jpeg,0,635
lungaca901.jpeg,0,576
lungaca902.jpeg,0,552
lungaca903.jpeg,0,728
lungaca904.jpeg,0,601
lungaca905.jpeg,0,538
lungaca906.jpeg,0,639
lungaca907.jpeg,0,702
lungaca908.jpeg,0,519
lungaca909.jpeg,0,519
lungaca91.jpeg,0,603
lungaca910.jpeg,0,562
lungaca911.jpeg,0,660
lungaca912.jpeg,0,660
lungaca913.jpeg,0,602
lungaca914.jpeg,0,602
lungaca915.jpeg,0,506
lungaca916.jpeg,0,659
lungaca918.jpeg,0,722
lungaca919.jpeg,0,587
lungaca921.jpeg,0,657
lungaca925.jpeg,0,614
lungaca926.jpeg,0,510
lungaca927.jpeg,0,642
lungaca929.jpeg,0,668
lungaca930.jpeg,0,514
lungaca931.jpeg,0,710
lungaca933.jpeg,0,690
lungaca934.jpeg,0,726
lungaca937.jpeg,0,552
lungaca938.jpeg,0,589
lungaca94.jpeg,0,703
lungaca942.jpeg,0,666
lungaca944.jpeg,0,512
lungaca945.jpeg,0,512
lungaca946.jpeg,0,727
lungaca947.jpeg,0,742
lungaca948.jpeg,0,709
lungaca949.jpeg,0,529
lungaca95.jpeg,0,649
lungaca951.jpeg,0,650
lungaca952.jpeg,0,600
lungaca954.jpeg,0,563
lungaca959.jpeg,0,689
lungaca96.jpeg,0,587
lungaca960.jpeg,0,689
lungaca961.jpeg,0,737
lungaca962.jpeg,0,552
lungaca965.jpeg,0,728
lungaca967.jpeg,0,696
lungaca969.jpeg,0,723
lungaca97.jpeg,0,557
lungaca970.jpeg,0,621
lungaca971.jpeg,0,508
lungaca973.jpeg,0,622
lungaca974.jpeg,0,722
lungaca975.jpeg,0,657
lungaca978.jpeg,0,701
lungaca98.jpeg,0,657
lungaca980.jpeg,0,561
lungaca981.jpeg,0,658
lungaca982.jpeg,0,658
lungaca983.jpeg,0,651
lungaca984.jpeg,0,642
lungaca985.jpeg,0,668
lungaca986.jpeg,0,668
lungaca988.jpeg,0,686
lungaca99.jpeg,0,704
lungaca990.jpeg,0,517
lungaca991.jpeg,0,586
lungaca993.jpeg,0,690
lungaca994.jpeg,0,690
lungaca996.jpeg,0,687
lungaca997.jpeg,0,604
lungaca999.jpeg,0,719
lungn1.jpeg,1,820
lungn10.jpeg,1,931
lungn100.jpeg,1,910
lungn1003.jpeg,1,866
lungn1004.jpeg,1,953
lungn1005.jpeg,1,953
lungn1006.jpeg,1,953
lungn1007.jpeg,1,931
lungn1008.jpeg,1,931
lungn1009.jpeg,1,881
lungn101.jpeg,1,851
lungn1011.jpeg,1,984
lungn1013.jpeg,1,794
lungn1014.jpeg,1,794
lungn1017.jpeg,1,917
lungn1018.jpeg,1,838
lungn1019.jpeg,1,838
lungn102.jpeg,1,843
lungn1020.jpeg,1,914
lungn1023.jpeg,1,782
lungn1024.jpeg,1,915
lungn1025.jpeg,1,898
lungn1026.jpeg,1,840
lungn1027.jpeg,1,850
lungn1028.jpeg,1,839
lungn1029.jpeg,1,863
lungn1030.jpeg,1,779
lungn1031.jpeg,1,974
lungn1032.jpeg,1,956
lungn1035.jpeg,1,830
lungn1036.jpeg,1,788
lungn1037.jpeg,1,991
lungn1038.jpeg,1,778
lungn104.jpeg,1,995
lungn1042.jpeg,1,756
lungn1043.jpeg,1,750
lungn1045.jpeg,1,775
lungn1046.jpeg,1,967
lungn1047.jpeg,1,951
lungn1048.jpeg,1,954
lungn1049.jpeg,1,878
lungn105.jpeg,1,984
lungn1050.jpeg,1,878
lungn1051.jpeg,1,793
lungn1053.jpeg,1,948
lungn1054.jpeg,1,753
lungn1056.jpeg,1,824
lungn106.jpeg,1,857
lungn1060.jpeg,1,820
lungn1062.jpeg,1,912
lungn1063.jpeg,1,912
lungn1064.jpeg,1,766
lungn1065.jpeg,1,766
lungn1066.jpeg,1,796
lungn1067.jpeg,1,785
lungn1068.jpeg,1,785
lungn1072.jpeg,1,910
lungn1073.jpeg,1,836
lungn1074.jpeg,1,916
lungn1076.jpeg,1,832
lungn1078.jpeg,1,866
lungn1080.jpeg,1,984
lungn1081.jpeg,1,794
lungn1082.jpeg,1,937
lungn1083.jpeg,1,941
lungn1085.jpeg,1,795
lungn1087.jpeg,1,757
lungn1088.jpeg,1,774
lungn1089.jpeg,1,898
lungn1091.jpeg,1,806
lungn1092.jpeg,1,826
lungn1093.jpeg,1,904
lungn1094.jpeg,1,992
lungn1095.jpeg,1,780
lungn1096.jpeg,1,801
lungn1097.jpeg,1,769
lungn1099.jpeg,1,867
lungn110.jpeg,1,868
lungn1100.jpeg,1,901
lungn1101.jpeg,1,852
lungn1102.jpeg,1,852
lungn1104.jpeg,1,854
lungn1108.jpeg,1,885
lungn1109.jpeg,1,802
lungn1110.jpeg,1,802
lungn1113.jpeg,1,897
lungn1114.jpeg,1,982
lungn1116.jpeg,1,877
lungn1119.jpeg,1,912
lungn112.jpeg,1,840
lungn1120.jpeg,1,912
lungn1121.jpeg,1,900
lungn1122.jpeg,1,905
lungn1123.jpeg,1,836
lungn1125.jpeg,1,988
lungn1126.jpeg,1,851
lungn1127.jpeg,1,797
lungn113.jpeg,1,806
lungn1130.jpeg,1,923
lungn1131.jpeg,1,917
lungn1132.jpeg,1,838
lungn1133.jpeg,1,816
lungn1138.jpeg,1,915
lungn1141.jpeg,1,847
lungn1142.jpeg,1,777
lungn1143.jpeg,1,822
lungn1144.jpeg,1,780
lungn1145.jpeg,1,880
lungn1146.jpeg,1,769
lungn1147.jpeg,1,859
lungn1149.jpeg,1,792
lungn1155.jpeg,1,955
lungn1156.jpeg,1,750
lungn1157.jpeg,1,879
lungn1158.jpeg,1,879
lungn1159.jpeg,1,975
lungn1160.jpeg,1,791
lungn1162.jpeg,1,773
lungn1163.jpeg,1,878
lungn1165.jpeg,1,928
lungn1166.jpeg,1,793
lungn1167.jpeg,1,982
lungn1169.jpeg,1,877
lungn117.jpeg,1,767
lungn1171.jpeg,1,813
lungn1172.jpeg,1,980
lungn1173.jpeg,1,864
lungn1174.jpeg,1,824
lungn1175.jpeg,1,824
lungn1178.jpeg,1,912
lungn118.jpeg,1,777
lungn1181.jpeg,1,927
lungn1182.jpeg,1,900
lungn1183.jpeg,1,900
lungn1185.jpeg,1,921
lungn1186.jpeg,1,752
lungn1187.jpeg,1,752
lungn1188.jpeg,1,916
lungn1189.jpeg,1,803
lungn1190.jpeg,1,803
lungn1191.jpeg,1,797
lungn1192.jpeg,1,881
lungn1193.jpeg,1,759
lungn1195.jpeg,1,884
lungn1196.jpeg,1,995
lungn1197.jpeg,1,794
lungn1199.jpeg,1,941
lungn12.jpeg,1,853
lungn1202.jpeg,1,774
lungn1203.jpeg,1,915
lungn1204.jpeg,1,898
lungn1205.jpeg,1,850
lungn1206.jpeg,1,812
lungn1207.jpeg,1,777
lungn1208.jpeg,1,761
lungn1209.jpeg,1,974
lungn121.jpeg,1,790
lungn1210.jpeg,1,925
lungn1211.jpeg,1,925
lungn1212.jpeg,1,846
lungn1213.jpeg,1,991
lungn1214.jpeg,1,991
lungn1216.jpeg,1,990
lungn1217.jpeg,1,854
lungn122.jpeg,1,769
lungn1220.jpeg,1,750
lungn1221.jpeg,1,975
lungn1222.jpeg,1,871
lungn1223.jpeg,1,885
lungn1224.jpeg,1,957
lungn1225.jpeg,1,951
lungn1226.jpeg,1,818
lungn1228.jpeg,1,928
lungn1237.jpeg,1,907
lungn1238.jpeg,1,766
lungn1239.jpeg,1,900
lungn1240.jpeg,1,900
lungn1241.jpeg,1,834
lungn1242.jpeg,1,905
lungn1243.jpeg,1,785
lungn1244.jpeg,1,933
lungn1245.jpeg,1,832
lungn1246.jpeg,1,841
lungn1247.jpeg,1,841
lungn1248.jpeg,1,831
lungn1249.jpeg,1,931
lungn125.jpeg,1,788
lungn1250.jpeg,1,797
lungn1252.jpeg,1,970
lungn1254.jpeg,1,838
lungn1256.jpeg,1,814
lungn1257.jpeg,1,757
lungn1258.jpeg,1,757
lungn126.jpeg,1,909
lungn1260.jpeg,1,915
lungn1261.jpeg,1,898
lungn1262.jpeg,1,806
lungn1263.jpeg,1,860
lungn1264.jpeg,1,872
lungn1265.jpeg,1,779
lungn1266.jpeg,1,769
lungn1267.jpeg,1,829
lungn1269.jpeg,1,895
lungn127.jpeg,1,799
lungn1270.jpeg,1,815
lungn1272.jpeg,1,972
lungn1273.jpeg,1,901
lungn1274.jpeg,1,869
lungn1279.jpeg,1,756
lungn128.jpeg,1,799
lungn1280.jpeg,1,762
lungn1281.jpeg,1,762
lungn1282.jpeg,1,902
lungn1283.jpeg,1,902
lungn1284.jpeg,1,871
lungn1285.jpeg,1,885
lungn1286.jpeg,1,967
lungn1287.jpeg,1,912
lungn1288.jpeg,1,883
lungn1289.jpeg,1,954
lungn129.jpeg,1,892
lungn1291.jpeg,1,948
lungn1292.jpeg,1,897
lungn1293.jpeg,1,897
lungn1294.jpeg,1,753
lungn1295.jpeg,1,824
lungn1297.jpeg,1,983
lungn1298.jpeg,1,862
lungn1299.jpeg,1,919
lungn13.jpeg,1,782
lungn1303.jpeg,1,752
lungn1306.jpeg,1,851
lungn1307.jpeg,1,843
lungn1308.jpeg,1,953
lungn1310.jpeg,1,884
lungn1312.jpeg,1,914
lungn1315.jpeg,1,757
lungn1316.jpeg,1,808
lungn1317.jpeg,1,808
lungn1319.jpeg,1,865
lungn1320.jpeg,1,863
lungn1322.jpeg,1,780
lungn1323.jpeg,1,780
lungn1324.jpeg,1,780
lungn1325.jpeg,1,880
lungn1326.jpeg,1,880
lungn1327.jpeg,1,790
lungn1328.jpeg,1,769
lungn1329.jpeg,1,769
lungn133.jpeg,1,911
lungn1330.jpeg,1,925
lungn1331.jpeg,1,956
lungn1333.jpeg,1,867
lungn1334.jpeg,1,990
lungn1335.jpeg,1,892
lungn1336.jpeg,1,854
lungn1337.jpeg,1,911
lungn1338.jpeg,1,955
lungn1339.jpeg,1,762
lungn134.jpeg,1,871
lungn1340.jpeg,1,750
lungn1341.jpeg,1,913
lungn1344.jpeg,1,775
lungn1346.jpeg,1,954
lungn1347.jpeg,1,976
lungn1350.jpeg,1,813
lungn1352.jpeg,1,864
lungn1353.jpeg,1,864
lungn1358.jpeg,1,907
lungn1359.jpeg,1,907
lungn136.jpeg,1,957
lungn1361.jpeg,1,912
lungn1362.jpeg,1,922
lungn1365.jpeg,1,919
lungn1367.jpeg,1,785
lungn1368.jpeg,1,833
lungn1369.jpeg,1,933
lungn137.jpeg,1,818
lungn1370.jpeg,1,916
lungn1371.jpeg,1,988
lungn1372.jpeg,1,866
lungn1373.jpeg,1,831
lungn1374.jpeg,1,803
lungn1377.jpeg,1,965
lungn1378.jpeg,1,965
lungn1379.jpeg,1,889
lungn138.jpeg,1,817
lungn1380.jpeg,1,794
lungn1381.jpeg,1,794
lungn1382.jpeg,1,838
lungn1383.jpeg,1,937
lungn1384.jpeg,1,941
lungn1386.jpeg,1,853
lungn1387.jpeg,1,774
lungn1388.jpeg,1,899
lungn139.jpeg,1,817
lungn1390.jpeg,1,915
lungn1391.jpeg,1,915
lungn1393.jpeg,1,826
lungn1394.jpeg,1,812
lungn1395.jpeg,1,880
lungn1396.jpeg,1,829
lungn1397.jpeg,1,829
lungn1399.jpeg,1,859
lungn140.jpeg,1,817
lungn1400.jpeg,1,895
lungn1401.jpeg,1,932
lungn1402.jpeg,1,867
lungn1403.jpeg,1,990
lungn1405.jpeg,1,901
lungn1406.jpeg,1,901
lungn1407.jpeg,1,892
lungn1408.jpeg,1,892
lungn1409.jpeg,1,892
lungn141.jpeg,1,973
lungn1412.jpeg,1,911
lungn1414.jpeg,1,902
lungn1415.jpeg,1,802
lungn1416.jpeg,1,951
lungn1417.jpeg,1,951
lungn1418.jpeg,1,817
lungn1419.jpeg,1,753
lungn142.jpeg,1,973
lungn1423.jpeg,1,983
lungn1426.jpeg,1,862
lungn1428.jpeg,1,927
lungn1429.jpeg,1,834
lungn1431.jpeg,1,752
lungn1432.jpeg,1,906
lungn1436.jpeg,1,884
lungn1437.jpeg,1,984
lungn1439.jpeg,1,838
lungn144.jpeg,1,753
lungn1440.jpeg,1,764
lungn1441.jpeg,1,816
lungn1442.jpeg,1,816
lungn1444.jpeg,1,757
lungn1447.jpeg,1,806
lungn1450.jpeg,1,860
lungn1451.jpeg,1,992
lungn1452.jpeg,1,974
lungn1453.jpeg,1,804
lungn1454.jpeg,1,859
lungn1457.jpeg,1,895
lungn1458.jpeg,1,815
lungn1459.jpeg,1,932
lungn1460.jpeg,1,765
lungn1461.jpeg,1,776
lungn1462.jpeg,1,990
lungn1463.jpeg,1,799
lungn1464.jpeg,1,799
lungn1465.jpeg,1,966
lungn1468.jpeg,1,750
lungn1469.jpeg,1,975
lungn1470.jpeg,1,791
lungn1471.jpeg,1,913
lungn1472.jpeg,1,775
lungn1473.jpeg,1,967
lungn1474.jpeg,1,976
lungn1476.jpeg,1,897
lungn148.jpeg,1,952
lungn1480.jpeg,1,922
lungn1481.jpeg,1,994
lungn1482.jpeg,1,771
lungn1483.jpeg,1,796
lungn1484.jpeg,1,834
lungn1486.jpeg,1,978
lungn1487.jpeg,1,910
lungn1488.jpeg,1,910
lungn1489.jpeg,1,752
lungn149.jpeg,1,952
lungn1490.jpeg,1,752
lungn1491.jpeg,1,916
lungn1492.jpeg,1,866
lungn1493.jpeg,1,866
lungn1494.jpeg,1,881
lungn1495.jpeg,1,759
lungn1496.jpeg,1,965
lungn1497.jpeg,1,884
lungn1498.jpeg,1,857
lungn15.jpeg,1,850
lungn1500.jpeg,1,923
lungn1504.jpeg,1,840
lungn1505.jpeg,1,840
lungn1506.jpeg,1,992
lungn1507.jpeg,1,865
lungn1508.jpeg,1,767
lungn1511.jpeg,1,825
lungn1512.jpeg,1,769
lungn1517.jpeg,1,859
lungn1518.jpeg,1,859
lungn1519.jpeg,1,830
lungn1520.jpeg,1,815
lungn1521.jpeg,1,788
lungn1522.jpeg,1,788
lungn1523.jpeg,1,778
lungn1524.jpeg,1,867
lungn1525.jpeg,1,799
lungn153.jpeg,1,800
lungn1530.jpeg,1,924
lungn1533.jpeg,1,957
lungn1535.jpeg,1,802
lungn1537.jpeg,1,976
lungn1540.jpeg,1,928
lungn1541.jpeg,1,980
lungn1543.jpeg,1,820
lungn1546.jpeg,1,771
lungn1547.jpeg,1,836
lungn155.jpeg,1,771
lungn1551.jpeg,1,866
lungn1552.jpeg,1,831
lungn1553.jpeg,1,843
lungn1554.jpeg,1,953
lungn1556.jpeg,1,759
lungn1557.jpeg,1,759
lungn1558.jpeg,1,970
lungn1559.jpeg,1,884
lungn156.jpeg,1,834
lungn1560.jpeg,1,889
lungn1562.jpeg,1,923
lungn1563.jpeg,1,795
lungn1565.jpeg,1,868
lungn1566.jpeg,1,893
lungn1567.jpeg,1,808
lungn1568.jpeg,1,808
lungn1569.jpeg,1,782
lungn157.jpeg,1,797
lungn1571.jpeg,1,758
lungn1572.jpeg,1,850
lungn1573.jpeg,1,826
lungn1574.jpeg,1,939
lungn1575.jpeg,1,847
lungn1576.jpeg,1,847
lungn1577.jpeg,1,886
lungn1578.jpeg,1,839
lungn1579.jpeg,1,839
lungn1580.jpeg,1,790
lungn1581.jpeg,1,859
lungn1583.jpeg,1,788
lungn1584.jpeg,1,792
lungn1585.jpeg,1,792
lungn1587.jpeg,1,776
lungn1588.jpeg,1,901
lungn1589.jpeg,1,901
lungn1590.jpeg,1,869
lungn1593.jpeg,1,911
lungn1595.jpeg,1,902
lungn1596.jpeg,1,871
lungn1597.jpeg,1,775
lungn1598.jpeg,1,818
lungn1599.jpeg,1,954
lungn16.jpeg,1,806
lungn160.jpeg,1,978
lungn1600.jpeg,1,973
lungn1602.jpeg,1,864
lungn1603.jpeg,1,824
lungn1604.jpeg,1,824
lungn1605.jpeg,1,983
lungn1606.jpeg,1,800
lungn1607.jpeg,1,800
lungn1608.jpeg,1,912
lungn161.jpeg,1,836
lungn1610.jpeg,1,927
lungn1611.jpeg,1,919
lungn1613.jpeg,1,938
lungn1614.jpeg,1,938
lungn1617.jpeg,1,836
lungn1618.jpeg,1,916
lungn162.jpeg,1,752
lungn1620.jpeg,1,906
lungn1621.jpeg,1,841
lungn1623.jpeg,1,843
lungn1624.jpeg,1,953
lungn1625.jpeg,1,898
lungn1626.jpeg,1,826
lungn1627.jpeg,1,826
lungn1629.jpeg,1,872
lungn1630.jpeg,1,767
lungn1631.jpeg,1,767
lungn1633.jpeg,1,769
lungn1635.jpeg,1,846
lungn1639.jpeg,1,867
lungn164.jpeg,1,906
lungn1640.jpeg,1,909
lungn1641.jpeg,1,990
lungn1642.jpeg,1,901
lungn1644.jpeg,1,892
lungn1645.jpeg,1,854
lungn1646.jpeg,1,854
lungn1647.jpeg,1,996
lungn1648.jpeg,1,762
lungn1649.jpeg,1,871
lungn1651.jpeg,1,967
lungn1652.jpeg,1,802
lungn1653.jpeg,1,951
lungn1654.jpeg,1,951
lungn1655.jpeg,1,973
lungn1656.jpeg,1,973
lungn1657.jpeg,1,793
lungn1658.jpeg,1,897
lungn1659.jpeg,1,813
lungn1660.jpeg,1,980
lungn1663.jpeg,1,983
lungn1665.jpeg,1,912
lungn167.jpeg,1,764
lungn1670.jpeg,1,851
lungn1671.jpeg,1,953
lungn1672.jpeg,1,931
lungn1673.jpeg,1,797
lungn1674.jpeg,1,970
lungn1676.jpeg,1,889
lungn1677.jpeg,1,857
lungn1678.jpeg,1,857
lungn1680.jpeg,1,853
lungn1681.jpeg,1,853
lungn1687.jpeg,1,808
lungn1688.jpeg,1,808
lungn169.jpeg,1,814
lungn1690.jpeg,1,758
lungn1691.jpeg,1,860
lungn1692.jpeg,1,939
lungn1693.jpeg,1,939
lungn1694.jpeg,1,865
lungn1695.jpeg,1,865
lungn1696.jpeg,1,974
lungn1697.jpeg,1,925
lungn1698.jpeg,1,956
lungn17.jpeg,1,860
lungn170.jpeg,1,929
lungn1704.jpeg,1,990
lungn1706.jpeg,1,892
lungn1708.jpeg,1,996
lungn171.jpeg,1,899
lungn1711.jpeg,1,879
lungn1713.jpeg,1,885
lungn1716.jpeg,1,810
lungn1718.jpeg,1,793
lungn172.jpeg,1,782
lungn1721.jpeg,1,897
lungn1723.jpeg,1,813
lungn1724.jpeg,1,980
lungn1725.jpeg,1,952
lungn1727.jpeg,1,820
lungn173.jpeg,1,898
lungn1731.jpeg,1,834
lungn1732.jpeg,1,919
lungn1734.jpeg,1,833
lungn1736.jpeg,1,938
lungn1738.jpeg,1,836
lungn1739.jpeg,1,752
lungn174.jpeg,1,840
lungn1740.jpeg,1,841
lungn1742.jpeg,1,797
lungn1743.jpeg,1,797
lungn1744.jpeg,1,884
lungn1745.jpeg,1,995
lungn175.jpeg,1,826
lungn1750.jpeg,1,795
lungn1752.jpeg,1,929
lungn1753.jpeg,1,808
lungn1754.jpeg,1,808
lungn1755.jpeg,1,782
lungn1756.jpeg,1,915
lungn1757.jpeg,1,915
lungn1758.jpeg,1,898
lungn1759.jpeg,1,850
lungn176.jpeg,1,767
lungn1760.jpeg,1,812
lungn1761.jpeg,1,886
lungn1762.jpeg,1,886
lungn1763.jpeg,1,825
lungn1764.jpeg,1,925
lungn1765.jpeg,1,829
lungn1766.jpeg,1,829
lungn1767.jpeg,1,846
lungn1768.jpeg,1,859
lungn1769.jpeg,1,815
lungn177.jpeg,1,761
lungn1770.jpeg,1,792
lungn1771.jpeg,1,778
lungn1772.jpeg,1,765
lungn1774.jpeg,1,966
lungn1775.jpeg,1,911
lungn1778.jpeg,1,835
lungn1779.jpeg,1,885
lungn178.jpeg,1,956
lungn1780.jpeg,1,912
lungn1781.jpeg,1,802
lungn1782.jpeg,1,773
lungn1784.jpeg,1,753
lungn1786.jpeg,1,952
lungn1787.jpeg,1,800
lungn1789.jpeg,1,912
lungn179.jpeg,1,956
lungn1790.jpeg,1,766
lungn1794.jpeg,1,927
lungn1796.jpeg,1,921
lungn1798.jpeg,1,841
lungn1799.jpeg,1,931
lungn18.jpeg,1,847
lungn180.jpeg,1,829
lungn1800.jpeg,1,881
lungn1802.jpeg,1,917
lungn1804.jpeg,1,914
lungn1805.jpeg,1,941
lungn1806.jpeg,1,774
lungn1807.jpeg,1,929
lungn1808.jpeg,1,893
lungn1810.jpeg,1,812
lungn1811.jpeg,1,863
lungn1812.jpeg,1,779
lungn1813.jpeg,1,974
lungn1814.jpeg,1,780
lungn1815.jpeg,1,880
lungn1816.jpeg,1,880
lungn1818.jpeg,1,825
lungn1819.jpeg,1,825
lungn1820.jpeg,1,804
lungn1822.jpeg,1,895
lungn1823.jpeg,1,932
lungn1824.jpeg,1,867
lungn1828.jpeg,1,750
lungn1829.jpeg,1,902
lungn1830.jpeg,1,975
lungn1831.jpeg,1,975
lungn1832.jpeg,1,912
lungn1836.jpeg,1,928
lungn1838.jpeg,1,753
lungn1839.jpeg,1,877
lungn1840.jpeg,1,877
lungn1842.jpeg,1,813
lungn1844.jpeg,1,986
lungn1846.jpeg,1,862
lungn1847.jpeg,1,922
lungn1849.jpeg,1,905
lungn1850.jpeg,1,785
lungn1851.jpeg,1,785
lungn1854.jpeg,1,836
lungn1855.jpeg,1,896
lungn1856.jpeg,1,896
lungn1857.jpeg,1,832
lungn1858.jpeg,1,832
lungn1859.jpeg,1,843
lungn186.jpeg,1,895
lungn1862.jpeg,1,941
lungn1863.jpeg,1,795
lungn1865.jpeg,1,915
lungn1866.jpeg,1,915
lungn1868.jpeg,1,904
lungn1870.jpeg,1,825
lungn1871.jpeg,1,801
lungn1875.jpeg,1,932
lungn1876.jpeg,1,792
lungn1879.jpeg,1,854
lungn188.jpeg,1,991
lungn1880.jpeg,1,966
lungn1881.jpeg,1,966
lungn1882.jpeg,1,966
lungn1883.jpeg,1,966
lungn1888.jpeg,1,762
lungn1889.jpeg,1,902
lungn189.jpeg,1,972
lungn1890.jpeg,1,913
lungn1892.jpeg,1,775
lungn1893.jpeg,1,818
lungn1894.jpeg,1,773
lungn1896.jpeg,1,928
lungn19.jpeg,1,974
lungn1901.jpeg,1,864
lungn1906.jpeg,1,919
lungn1907.jpeg,1,821
lungn1908.jpeg,1,797
lungn191.jpeg,1,901
lungn1910.jpeg,1,833
lungn1911.jpeg,1,916
lungn1913.jpeg,1,851
lungn1914.jpeg,1,881
lungn1915.jpeg,1,884
lungn1917.jpeg,1,889
lungn1918.jpeg,1,857
lungn1919.jpeg,1,923
lungn192.jpeg,1,892
lungn1920.jpeg,1,917
lungn1921.jpeg,1,838
lungn1922.jpeg,1,795
lungn1923.jpeg,1,757
lungn1925.jpeg,1,774
lungn1926.jpeg,1,899
lungn1928.jpeg,1,893
lungn1929.jpeg,1,808
lungn193.jpeg,1,869
lungn1930.jpeg,1,915
lungn1932.jpeg,1,850
lungn1933.jpeg,1,812
lungn1934.jpeg,1,872
lungn1935.jpeg,1,925
lungn1938.jpeg,1,846
lungn1939.jpeg,1,859
lungn1940.jpeg,1,859
lungn1941.jpeg,1,830
lungn1942.jpeg,1,830
lungn1943.jpeg,1,788
lungn1945.jpeg,1,991
lungn1946.jpeg,1,778
lungn1947.jpeg,1,778
lungn195.jpeg,1,996
lungn1950.jpeg,1,955
lungn1952.jpeg,1,762
lungn1953.jpeg,1,879
lungn1954.jpeg,1,924
lungn1957.jpeg,1,775
lungn1958.jpeg,1,912
lungn1959.jpeg,1,818
lungn196.jpeg,1,835
lungn1960.jpeg,1,954
lungn1964.jpeg,1,813
lungn1966.jpeg,1,862
lungn1967.jpeg,1,766
lungn1968.jpeg,1,922
lungn197.jpeg,1,791
lungn1970.jpeg,1,994
lungn1971.jpeg,1,771
lungn1972.jpeg,1,834
lungn1973.jpeg,1,905
lungn1974.jpeg,1,797
lungn1977.jpeg,1,933
lungn1979.jpeg,1,836
lungn198.jpeg,1,871
lungn1981.jpeg,1,843
lungn1982.jpeg,1,797
lungn1983.jpeg,1,970
lungn1984.jpeg,1,884
lungn1985.jpeg,1,984
lungn1987.jpeg,1,889
lungn1989.jpeg,1,838
lungn199.jpeg,1,913
lungn1990.jpeg,1,764
lungn1991.jpeg,1,816
lungn1992.jpeg,1,757
lungn1994.jpeg,1,929
lungn1995.jpeg,1,899
lungn1996.jpeg,1,893
lungn1997.jpeg,1,782
lungn1998.jpeg,1,898
lungn2.jpeg,1,922
lungn20.jpeg,1,765
lungn200.jpeg,1,951
lungn2000.jpeg,1,767
lungn2001.jpeg,1,779
lungn2002.jpeg,1,822
lungn2003.jpeg,1,822
lungn2005.jpeg,1,846
lungn2006.jpeg,1,846
lungn2008.jpeg,1,895
lungn201.jpeg,1,883
lungn2011.jpeg,1,990
lungn2014.jpeg,1,892
lungn2015.jpeg,1,762
lungn2016.jpeg,1,885
lungn2017.jpeg,1,810
lungn2018.jpeg,1,897
lungn202.jpeg,1,954
lungn2020.jpeg,1,864
lungn2021.jpeg,1,824
lungn2022.jpeg,1,912
lungn2023.jpeg,1,922
lungn2024.jpeg,1,821
lungn2025.jpeg,1,797
lungn2029.jpeg,1,978
lungn203.jpeg,1,928
lungn2031.jpeg,1,896
lungn2032.jpeg,1,896
lungn2033.jpeg,1,906
lungn2035.jpeg,1,841
lungn2036.jpeg,1,953
lungn2037.jpeg,1,953
lungn2038.jpeg,1,953
lungn2039.jpeg,1,881
lungn2040.jpeg,1,759
lungn2041.jpeg,1,759
lungn2042.jpeg,1,965
lungn2045.jpeg,1,764
lungn2046.jpeg,1,853
lungn205.jpeg,1,948
lungn2050.jpeg,1,774
lungn2051.jpeg,1,868
lungn2052.jpeg,1,929
lungn2053.jpeg,1,899
lungn2056.jpeg,1,893
lungn2057.jpeg,1,808
lungn2059.jpeg,1,758
lungn2060.jpeg,1,758
lungn2061.jpeg,1,860
lungn2062.jpeg,1,767
lungn2063.jpeg,1,863
lungn2064.jpeg,1,974
lungn2065.jpeg,1,780
lungn2066.jpeg,1,769
lungn2067.jpeg,1,769
lungn2068.jpeg,1,925
lungn2069.jpeg,1,830
lungn2070.jpeg,1,788
lungn2072.jpeg,1,778
lungn2073.jpeg,1,972
lungn2077.jpeg,1,854
lungn2084.jpeg,1,750
lungn2085.jpeg,1,879
lungn2086.jpeg,1,975
lungn2087.jpeg,1,957
lungn2088.jpeg,1,775
lungn2089.jpeg,1,951
lungn209.jpeg,1,796
lungn2090.jpeg,1,818
lungn2091.jpeg,1,883
lungn2092.jpeg,1,817
lungn2093.jpeg,1,954
lungn2094.jpeg,1,878
lungn2099.jpeg,1,821
lungn21.jpeg,1,799
lungn210.jpeg,1,821
lungn2100.jpeg,1,938
lungn2104.jpeg,1,841
lungn2105.jpeg,1,866
lungn2106.jpeg,1,866
lungn2107.jpeg,1,931
lungn2108.jpeg,1,797
lungn211.jpeg,1,905
lungn2110.jpeg,1,984
lungn2111.jpeg,1,816
lungn2113.jpeg,1,774
lungn2114.jpeg,1,774
lungn2116.jpeg,1,808
lungn2117.jpeg,1,808
lungn2118.jpeg,1,904
lungn2119.jpeg,1,872
lungn212.jpeg,1,938
lungn2120.jpeg,1,992
lungn2121.jpeg,1,767
lungn2122.jpeg,1,822
lungn2123.jpeg,1,761
lungn2124.jpeg,1,761
lungn2125.jpeg,1,780
lungn2126.jpeg,1,880
lungn2127.jpeg,1,804
lungn2130.jpeg,1,991
lungn2131.jpeg,1,867
lungn2132.jpeg,1,776
lungn2134.jpeg,1,901
lungn2136.jpeg,1,911
lungn2138.jpeg,1,955
lungn2139.jpeg,1,750
lungn214.jpeg,1,910
lungn2140.jpeg,1,879
lungn2141.jpeg,1,879
lungn2142.jpeg,1,902
lungn2145.jpeg,1,802
lungn2149.jpeg,1,864
lungn215.jpeg,1,910
lungn2152.jpeg,1,986
lungn2154.jpeg,1,766
lungn2155.jpeg,1,766
lungn2156.jpeg,1,771
lungn2157.jpeg,1,919
lungn216.jpeg,1,906
lungn2160.jpeg,1,981
lungn2163.jpeg,1,921
lungn2165.jpeg,1,978
lungn2166.jpeg,1,916
lungn2167.jpeg,1,803
lungn2168.jpeg,1,759
lungn2171.jpeg,1,917
lungn2172.jpeg,1,917
lungn2174.jpeg,1,764
lungn2175.jpeg,1,764
lungn2178.jpeg,1,963
lungn2179.jpeg,1,898
lungn218.jpeg,1,984
lungn2180.jpeg,1,840
lungn2181.jpeg,1,812
lungn2182.jpeg,1,939
lungn2183.jpeg,1,779
lungn2184.jpeg,1,779
lungn2185.jpeg,1,822
lungn2187.jpeg,1,925
lungn2188.jpeg,1,925
lungn2189.jpeg,1,859
lungn2191.jpeg,1,778
lungn2192.jpeg,1,867
lungn2193.jpeg,1,972
lungn2194.jpeg,1,852
lungn2195.jpeg,1,852
lungn2199.jpeg,1,924
lungn2200.jpeg,1,885
lungn2201.jpeg,1,912
lungn2202.jpeg,1,818
lungn2206.jpeg,1,928
lungn2208.jpeg,1,948
lungn2209.jpeg,1,824
lungn221.jpeg,1,816
lungn2211.jpeg,1,862
lungn2212.jpeg,1,922
lungn2214.jpeg,1,900
lungn2216.jpeg,1,785
lungn2222.jpeg,1,910
lungn2223.jpeg,1,916
lungn2224.jpeg,1,803
lungn2225.jpeg,1,803
lungn223.jpeg,1,868
lungn2230.jpeg,1,816
lungn2231.jpeg,1,795
lungn2232.jpeg,1,782
lungn2235.jpeg,1,806
lungn2236.jpeg,1,904
lungn2237.jpeg,1,904
lungn2238.jpeg,1,812
lungn2239.jpeg,1,939
lungn224.jpeg,1,929
lungn2240.jpeg,1,992
lungn2241.jpeg,1,863
lungn2242.jpeg,1,825
lungn2243.jpeg,1,956
lungn2244.jpeg,1,956
lungn2249.jpeg,1,792
lungn225.jpeg,1,782
lungn2252.jpeg,1,776
lungn2253.jpeg,1,776
lungn2254.jpeg,1,852
lungn2255.jpeg,1,911
lungn2258.jpeg,1,885
lungn2259.jpeg,1,885
lungn226.jpeg,1,939
lungn2260.jpeg,1,818
lungn2261.jpeg,1,818
lungn2263.jpeg,1,976
lungn2264.jpeg,1,810
lungn2265.jpeg,1,810
lungn2267.jpeg,1,877
lungn2269.jpeg,1,813
lungn227.jpeg,1,865
lungn2272.jpeg,1,766
lungn2274.jpeg,1,994
lungn2275.jpeg,1,919
lungn2276.jpeg,1,797
lungn2277.jpeg,1,833
lungn2279.jpeg,1,916
lungn228.jpeg,1,767
lungn2280.jpeg,1,988
lungn2283.jpeg,1,803
lungn2284.jpeg,1,965
lungn2285.jpeg,1,970
lungn2286.jpeg,1,794
lungn2287.jpeg,1,857
lungn2289.jpeg,1,914
lungn229.jpeg,1,863
lungn2290.jpeg,1,941
lungn2291.jpeg,1,853
lungn2292.jpeg,1,795
lungn2293.jpeg,1,814
lungn2296.jpeg,1,893
lungn2297.jpeg,1,758
lungn2298.jpeg,1,992
lungn2299.jpeg,1,839
lungn230.jpeg,1,779
lungn2300.jpeg,1,863
lungn2301.jpeg,1,777
lungn2302.jpeg,1,780
lungn2303.jpeg,1,880
lungn2304.jpeg,1,880
lungn2305.jpeg,1,769
lungn2306.jpeg,1,804
lungn2307.jpeg,1,932
lungn2308.jpeg,1,792
lungn2309.jpeg,1,778
lungn231.jpeg,1,761
lungn2315.jpeg,1,911
lungn2316.jpeg,1,902
lungn2318.jpeg,1,835
lungn2319.jpeg,1,885
lungn232.jpeg,1,780
lungn2320.jpeg,1,951
lungn2323.jpeg,1,773
lungn2324.jpeg,1,773
lungn2325.jpeg,1,817
lungn2327.jpeg,1,928
lungn2328.jpeg,1,793
lungn2329.jpeg,1,877
lungn233.jpeg,1,825
lungn2330.jpeg,1,864
lungn2331.jpeg,1,952
lungn2333.jpeg,1,977
lungn2334.jpeg,1,862
lungn2335.jpeg,1,927
lungn2336.jpeg,1,771
lungn2337.jpeg,1,821
lungn2338.jpeg,1,797
lungn234.jpeg,1,801
lungn2340.jpeg,1,833
lungn2341.jpeg,1,896
lungn2343.jpeg,1,953
lungn2345.jpeg,1,965
lungn2348.jpeg,1,814
lungn2349.jpeg,1,899
lungn2350.jpeg,1,808
lungn2351.jpeg,1,782
lungn2352.jpeg,1,915
lungn2354.jpeg,1,850
lungn2355.jpeg,1,886
lungn2357.jpeg,1,779
lungn2358.jpeg,1,822
lungn2360.jpeg,1,780
lungn2361.jpeg,1,780
lungn2362.jpeg,1,880
lungn2363.jpeg,1,790
lungn2364.jpeg,1,804
lungn2365.jpeg,1,956
lungn2367.jpeg,1,895
lungn2368.jpeg,1,788
lungn2371.jpeg,1,776
lungn2376.jpeg,1,911
lungn2377.jpeg,1,955
lungn2378.jpeg,1,762
lungn2379.jpeg,1,883
lungn238.jpeg,1,815
lungn2380.jpeg,1,817
lungn2382.jpeg,1,793
lungn2384.jpeg,1,753
lungn2386.jpeg,1,877
lungn2388.jpeg,1,864
lungn239.jpeg,1,778
lungn2392.jpeg,1,907
lungn2394.jpeg,1,771
lungn2398.jpeg,1,836
lungn2399.jpeg,1,896
lungn24.jpeg,1,892
lungn240.jpeg,1,765
lungn2400.jpeg,1,896
lungn2402.jpeg,1,832
lungn2403.jpeg,1,831
lungn2404.jpeg,1,759
lungn2405.jpeg,1,759
lungn2407.jpeg,1,889
lungn2408.jpeg,1,794
lungn2409.jpeg,1,857
lungn2411.jpeg,1,937
lungn2412.jpeg,1,795
lungn2414.jpeg,1,868
lungn2415.jpeg,1,893
lungn2417.jpeg,1,963
lungn2418.jpeg,1,898
lungn2419.jpeg,1,898
lungn242.jpeg,1,892
lungn2420.jpeg,1,840
lungn2421.jpeg,1,840
lungn2422.jpeg,1,812
lungn2423.jpeg,1,872
lungn2424.jpeg,1,847
lungn2425.jpeg,1,886
lungn2426.jpeg,1,839
lungn2427.jpeg,1,779
lungn2429.jpeg,1,880
lungn243.jpeg,1,966
lungn2430.jpeg,1,956
lungn2432.jpeg,1,815
lungn2435.jpeg,1,867
lungn2436.jpeg,1,990
lungn2438.jpeg,1,869
lungn2439.jpeg,1,966
lungn2443.jpeg,1,750
lungn2444.jpeg,1,912
lungn2446.jpeg,1,753
lungn2453.jpeg,1,986
lungn2454.jpeg,1,800
lungn2455.jpeg,1,922
lungn2456.jpeg,1,919
lungn2457.jpeg,1,905
lungn2458.jpeg,1,905
lungn2459.jpeg,1,921
lungn246.jpeg,1,996
lungn2462.jpeg,1,836
lungn2464.jpeg,1,896
lungn2465.jpeg,1,841
lungn2467.jpeg,1,881
lungn2468.jpeg,1,759
lungn2470.jpeg,1,889
lungn2471.jpeg,1,794
lungn2472.jpeg,1,917
lungn2473.jpeg,1,838
lungn2474.jpeg,1,937
lungn2475.jpeg,1,941
lungn2476.jpeg,1,795
lungn2477.jpeg,1,814
lungn2478.jpeg,1,929
lungn2479.jpeg,1,782
lungn248.jpeg,1,750
lungn2480.jpeg,1,782
lungn2481.jpeg,1,915
lungn2483.jpeg,1,939
lungn2484.jpeg,1,886
lungn2485.jpeg,1,886
lungn2486.jpeg,1,767
lungn2488.jpeg,1,804
lungn2493.jpeg,1,895
lungn2494.jpeg,1,830
lungn2495.jpeg,1,830
lungn2496.jpeg,1,792
lungn2497.jpeg,1,867
lungn2498.jpeg,1,909
lungn2499.jpeg,1,955
lungn2501.jpeg,1,750
lungn2502.jpeg,1,924
lungn2503.jpeg,1,791
lungn2504.jpeg,1,775
lungn2505.jpeg,1,912
lungn2506.jpeg,1,951
lungn2507.jpeg,1,810
lungn2508.jpeg,1,973
lungn2512.jpeg,1,877
lungn2513.jpeg,1,824
lungn2516.jpeg,1,820
lungn2518.jpeg,1,766
lungn252.jpeg,1,967
lungn2520.jpeg,1,785
lungn2521.jpeg,1,833
lungn2522.jpeg,1,938
lungn2524.jpeg,1,906
lungn2526.jpeg,1,831
lungn2527.jpeg,1,843
lungn2528.jpeg,1,965
lungn2529.jpeg,1,970
lungn253.jpeg,1,967
lungn2534.jpeg,1,923
lungn2537.jpeg,1,757
lungn2539.jpeg,1,782
lungn254.jpeg,1,818
lungn2540.jpeg,1,840
lungn2541.jpeg,1,850
lungn2542.jpeg,1,860
lungn2543.jpeg,1,860
lungn2544.jpeg,1,860
lungn2545.jpeg,1,872
lungn2546.jpeg,1,872
lungn2547.jpeg,1,847
lungn2548.jpeg,1,992
lungn2549.jpeg,1,865
lungn255.jpeg,1,773
lungn2550.jpeg,1,767
lungn2551.jpeg,1,761
lungn2552.jpeg,1,880
lungn2554.jpeg,1,895
lungn2555.jpeg,1,895
lungn2557.jpeg,1,901
lungn2558.jpeg,1,892
lungn256.jpeg,1,883
lungn2562.jpeg,1,762
lungn2563.jpeg,1,924
lungn2565.jpeg,1,791
lungn2566.jpeg,1,885
lungn2567.jpeg,1,976
lungn2569.jpeg,1,753
lungn257.jpeg,1,954
lungn2571.jpeg,1,824
lungn2573.jpeg,1,800
lungn2576.jpeg,1,766
lungn2577.jpeg,1,905
lungn2578.jpeg,1,981
lungn2579.jpeg,1,981
lungn2583.jpeg,1,836
lungn2584.jpeg,1,752
lungn2585.jpeg,1,841
lungn2587.jpeg,1,843
lungn2588.jpeg,1,797
lungn2589.jpeg,1,797
lungn259.jpeg,1,982
lungn2590.jpeg,1,881
lungn2591.jpeg,1,970
lungn2592.jpeg,1,995
lungn2594.jpeg,1,937
lungn2596.jpeg,1,774
lungn2597.jpeg,1,899
lungn2599.jpeg,1,963
lungn2601.jpeg,1,812
lungn2602.jpeg,1,992
lungn2603.jpeg,1,839
lungn2604.jpeg,1,779
lungn2605.jpeg,1,761
lungn2606.jpeg,1,761
lungn2607.jpeg,1,790
lungn2608.jpeg,1,790
lungn2609.jpeg,1,925
lungn2610.jpeg,1,804
lungn2612.jpeg,1,846
lungn2614.jpeg,1,830
lungn2615.jpeg,1,991
lungn2617.jpeg,1,901
lungn2618.jpeg,1,854
lungn262.jpeg,1,824
lungn2625.jpeg,1,879
lungn2626.jpeg,1,902
lungn2627.jpeg,1,924
lungn2628.jpeg,1,957
lungn2629.jpeg,1,773
lungn2630.jpeg,1,810
lungn2632.jpeg,1,753
lungn2633.jpeg,1,824
lungn2637.jpeg,1,862
lungn2638.jpeg,1,834
lungn2639.jpeg,1,905
lungn2640.jpeg,1,833
lungn2641.jpeg,1,981
lungn2642.jpeg,1,752
lungn2643.jpeg,1,752
lungn2644.jpeg,1,906
lungn2645.jpeg,1,841
lungn2647.jpeg,1,931
lungn2648.jpeg,1,931
lungn2649.jpeg,1,995
lungn265.jpeg,1,977
lungn2651.jpeg,1,917
lungn2653.jpeg,1,838
lungn2654.jpeg,1,941
lungn2655.jpeg,1,764
lungn2656.jpeg,1,795
lungn2657.jpeg,1,915
lungn2658.jpeg,1,758
lungn2659.jpeg,1,850
lungn2661.jpeg,1,886
lungn2662.jpeg,1,839
lungn2663.jpeg,1,779
lungn2664.jpeg,1,822
lungn2665.jpeg,1,761
lungn2666.jpeg,1,956
lungn2667.jpeg,1,956
lungn2669.jpeg,1,846
lungn2670.jpeg,1,895
lungn2671.jpeg,1,830
lungn2672.jpeg,1,788
lungn2674.jpeg,1,909
lungn2675.jpeg,1,909
lungn2677.jpeg,1,852
lungn2678.jpeg,1,869
lungn2679.jpeg,1,966
lungn268.jpeg,1,820
lungn2680.jpeg,1,966
lungn2683.jpeg,1,924
lungn2686.jpeg,1,975
lungn2687.jpeg,1,885
lungn2688.jpeg,1,957
lungn2689.jpeg,1,775
lungn269.jpeg,1,820
lungn2690.jpeg,1,967
lungn2691.jpeg,1,912
lungn2692.jpeg,1,773
lungn2693.jpeg,1,883
lungn2695.jpeg,1,753
lungn2697.jpeg,1,952
lungn27.jpeg,1,996
lungn2700.jpeg,1,907
lungn2703.jpeg,1,834
lungn2705.jpeg,1,933
lungn2706.jpeg,1,978
lungn2707.jpeg,1,832
lungn2708.jpeg,1,866
lungn2709.jpeg,1,803
lungn2710.jpeg,1,797
lungn2711.jpeg,1,797
lungn2713.jpeg,1,995
lungn2716.jpeg,1,889
lungn2717.jpeg,1,937
lungn2719.jpeg,1,853
lungn2720.jpeg,1,816
lungn2721.jpeg,1,929
lungn2722.jpeg,1,899
lungn2724.jpeg,1,812
lungn2725.jpeg,1,812
lungn2726.jpeg,1,847
lungn2727.jpeg,1,822
lungn2730.jpeg,1,801
lungn2731.jpeg,1,804
lungn2735.jpeg,1,972
lungn2736.jpeg,1,776
lungn2737.jpeg,1,799
lungn2738.jpeg,1,901
lungn2739.jpeg,1,852
lungn274.jpeg,1,994
lungn2740.jpeg,1,996
lungn2742.jpeg,1,871
lungn2744.jpeg,1,802
lungn2746.jpeg,1,773
lungn2747.jpeg,1,883
lungn2749.jpeg,1,817
lungn275.jpeg,1,833
lungn2750.jpeg,1,878
lungn2754.jpeg,1,877
lungn2758.jpeg,1,977
lungn2759.jpeg,1,907
lungn276.jpeg,1,981
lungn2760.jpeg,1,800
lungn2761.jpeg,1,927
lungn2762.jpeg,1,796
lungn2763.jpeg,1,796
lungn2764.jpeg,1,797
lungn2766.jpeg,1,910
lungn2767.jpeg,1,836
lungn2768.jpeg,1,752
lungn277.jpeg,1,933
lungn2772.jpeg,1,857
lungn2774.jpeg,1,764
lungn2777.jpeg,1,814
lungn2779.jpeg,1,915
lungn278.jpeg,1,921
lungn2780.jpeg,1,915
lungn2781.jpeg,1,963
lungn2785.jpeg,1,847
lungn2786.jpeg,1,777
lungn2787.jpeg,1,777
lungn2788.jpeg,1,822
lungn2789.jpeg,1,761
lungn2791.jpeg,1,825
lungn2792.jpeg,1,790
lungn2793.jpeg,1,790
lungn2794.jpeg,1,925
lungn2795.jpeg,1,846
lungn2796.jpeg,1,815
lungn2797.jpeg,1,788
lungn280.jpeg,1,988
lungn2800.jpeg,1,778
lungn2801.jpeg,1,854
lungn2802.jpeg,1,966
lungn2803.jpeg,1,966
lungn2807.jpeg,1,975
lungn2809.jpeg,1,967
lungn281.jpeg,1,988
lungn2810.jpeg,1,810
lungn2812.jpeg,1,928
lungn2813.jpeg,1,793
lungn2814.jpeg,1,793
lungn2815.jpeg,1,897
lungn2816.jpeg,1,877
lungn2817.jpeg,1,980
lungn2818.jpeg,1,864
lungn2819.jpeg,1,864
lungn282.jpeg,1,851
lungn2822.jpeg,1,820
lungn2827.jpeg,1,912
lungn2828.jpeg,1,922
lungn283.jpeg,1,831
lungn2830.jpeg,1,994
lungn2831.jpeg,1,919
lungn2832.jpeg,1,933
lungn2835.jpeg,1,832
lungn2836.jpeg,1,851
lungn2837.jpeg,1,831
lungn2838.jpeg,1,881
lungn2839.jpeg,1,995
lungn284.jpeg,1,931
lungn2841.jpeg,1,984
lungn2842.jpeg,1,857
lungn2846.jpeg,1,853
lungn2847.jpeg,1,929
lungn2848.jpeg,1,899
lungn2849.jpeg,1,806
lungn285.jpeg,1,797
lungn2850.jpeg,1,863
lungn2851.jpeg,1,777
lungn2852.jpeg,1,779
lungn2853.jpeg,1,779
lungn2855.jpeg,1,790
lungn2856.jpeg,1,790
lungn2857.jpeg,1,801
lungn2858.jpeg,1,804
lungn2859.jpeg,1,776
lungn286.jpeg,1,995
lungn2860.jpeg,1,909
lungn2861.jpeg,1,909
lungn2862.jpeg,1,901
lungn2863.jpeg,1,901
lungn2864.jpeg,1,892
lungn2866.jpeg,1,996
lungn2867.jpeg,1,955
lungn2868.jpeg,1,879
lungn2870.jpeg,1,871
lungn2871.jpeg,1,871
lungn2872.jpeg,1,912
lungn2873.jpeg,1,773
lungn2876.jpeg,1,948
lungn2880.jpeg,1,922
lungn2882.jpeg,1,833
lungn2883.jpeg,1,981
lungn2884.jpeg,1,978
lungn2885.jpeg,1,866
lungn2886.jpeg,1,965
lungn2888.jpeg,1,917
lungn289.jpeg,1,794
lungn2891.jpeg,1,757
lungn2892.jpeg,1,774
lungn2893.jpeg,1,929
lungn2894.jpeg,1,899
lungn2895.jpeg,1,893
lungn2898.jpeg,1,886
lungn2899.jpeg,1,777
lungn290.jpeg,1,794
lungn2900.jpeg,1,761
lungn2901.jpeg,1,974
lungn2902.jpeg,1,880
lungn2903.jpeg,1,825
lungn2904.jpeg,1,769
lungn2905.jpeg,1,829
lungn2908.jpeg,1,859
lungn2909.jpeg,1,859
lungn2911.jpeg,1,830
lungn2912.jpeg,1,830
lungn2916.jpeg,1,901
lungn2917.jpeg,1,901
lungn2919.jpeg,1,892
lungn292.jpeg,1,914
lungn2922.jpeg,1,955
lungn2923.jpeg,1,902
lungn2925.jpeg,1,975
lungn2926.jpeg,1,871
lungn2927.jpeg,1,913
lungn2928.jpeg,1,802
lungn2929.jpeg,1,883
lungn293.jpeg,1,795
lungn2930.jpeg,1,810
lungn2931.jpeg,1,810
lungn2932.jpeg,1,973
lungn2933.jpeg,1,948
lungn2937.jpeg,1,820
lungn294.jpeg,1,795
lungn2941.jpeg,1,796
lungn2942.jpeg,1,905
lungn2943.jpeg,1,785
lungn2944.jpeg,1,785
lungn2945.jpeg,1,910
lungn2946.jpeg,1,752
lungn2947.jpeg,1,752
lungn295.jpeg,1,795
lungn2952.jpeg,1,843
lungn2953.jpeg,1,843
lungn2954.jpeg,1,843
lungn2955.jpeg,1,803
lungn2958.jpeg,1,889
lungn2961.jpeg,1,941
lungn2964.jpeg,1,816
lungn2965.jpeg,1,812
lungn2966.jpeg,1,865
lungn2967.jpeg,1,761
lungn2968.jpeg,1,790
lungn2969.jpeg,1,801
lungn297.jpeg,1,814
lungn2970.jpeg,1,776
lungn2971.jpeg,1,990
lungn2972.jpeg,1,852
lungn2973.jpeg,1,852
lungn2974.jpeg,1,892
lungn2975.jpeg,1,756
lungn2976.jpeg,1,902
lungn2977.jpeg,1,902
lungn2978.jpeg,1,791
lungn2979.jpeg,1,791
lungn298.jpeg,1,893
lungn2980.jpeg,1,791
lungn2981.jpeg,1,871
lungn2982.jpeg,1,957
lungn2983.jpeg,1,878
lungn2984.jpeg,1,928
lungn2985.jpeg,1,793
lungn2988.jpeg,1,948
lungn2989.jpeg,1,864
lungn299.jpeg,1,782
lungn2990.jpeg,1,864
lungn2993.jpeg,1,907
lungn2994.jpeg,1,800
lungn2996.jpeg,1,922
lungn2998.jpeg,1,771
lungn2999.jpeg,1,834
lungn3.jpeg,1,927
lungn30.jpeg,1,791
lungn300.jpeg,1,806
lungn3001.jpeg,1,933
lungn3002.jpeg,1,836
lungn3007.jpeg,1,803
lungn3008.jpeg,1,803
lungn3009.jpeg,1,881
lungn301.jpeg,1,806
lungn3010.jpeg,1,984
lungn3012.jpeg,1,923
lungn3013.jpeg,1,917
lungn3014.jpeg,1,917
lungn3015.jpeg,1,838
lungn3017.jpeg,1,764
lungn3018.jpeg,1,853
lungn3020.jpeg,1,816
lungn3021.jpeg,1,808
lungn3022.jpeg,1,840
lungn3023.jpeg,1,806
lungn3024.jpeg,1,847
lungn3025.jpeg,1,847
lungn3027.jpeg,1,825
lungn303.jpeg,1,872
lungn3031.jpeg,1,895
lungn3032.jpeg,1,895
lungn3033.jpeg,1,792
lungn3037.jpeg,1,756
lungn3038.jpeg,1,879
lungn304.jpeg,1,939
lungn3040.jpeg,1,775
lungn3041.jpeg,1,817
lungn3042.jpeg,1,976
lungn3043.jpeg,1,897
lungn3044.jpeg,1,753
lungn3045.jpeg,1,982
lungn305.jpeg,1,886
lungn3050.jpeg,1,864
lungn3052.jpeg,1,800
lungn3054.jpeg,1,821
lungn3055.jpeg,1,821
lungn306.jpeg,1,863
lungn3060.jpeg,1,851
lungn3061.jpeg,1,831
lungn3062.jpeg,1,953
lungn3063.jpeg,1,803
lungn3064.jpeg,1,970
lungn3065.jpeg,1,794
lungn3066.jpeg,1,857
lungn3068.jpeg,1,923
lungn3069.jpeg,1,917
lungn307.jpeg,1,777
lungn3070.jpeg,1,914
lungn3072.jpeg,1,774
lungn3073.jpeg,1,868
lungn3074.jpeg,1,782
lungn3075.jpeg,1,898
lungn3076.jpeg,1,840
lungn3077.jpeg,1,812
lungn3078.jpeg,1,872
lungn308.jpeg,1,974
lungn3080.jpeg,1,992
lungn3081.jpeg,1,886
lungn3082.jpeg,1,886
lungn3083.jpeg,1,777
lungn3084.jpeg,1,822
lungn3086.jpeg,1,974
lungn3088.jpeg,1,846
lungn3089.jpeg,1,895
lungn309.jpeg,1,825
lungn3090.jpeg,1,895
lungn3091.jpeg,1,830
lungn3092.jpeg,1,792
lungn3093.jpeg,1,901
lungn3096.jpeg,1,892
lungn3097.jpeg,1,854
lungn3100.jpeg,1,955
lungn3101.jpeg,1,902
lungn3102.jpeg,1,902
lungn3104.jpeg,1,773
lungn3105.jpeg,1,883
lungn3106.jpeg,1,878
lungn3107.jpeg,1,810
lungn3108.jpeg,1,973
lungn311.jpeg,1,792
lungn3112.jpeg,1,877
lungn3113.jpeg,1,877
lungn3114.jpeg,1,813
lungn3116.jpeg,1,820
lungn3117.jpeg,1,862
lungn3118.jpeg,1,800
lungn3119.jpeg,1,766
lungn312.jpeg,1,909
lungn3121.jpeg,1,771
lungn3122.jpeg,1,771
lungn3123.jpeg,1,919
lungn3125.jpeg,1,933
lungn3127.jpeg,1,836
lungn3128.jpeg,1,836
lungn3129.jpeg,1,836
lungn3130.jpeg,1,988
lungn3131.jpeg,1,831
lungn3133.jpeg,1,794
lungn3135.jpeg,1,917
lungn3136.jpeg,1,838
lungn3137.jpeg,1,914
lungn3138.jpeg,1,937
lungn3139.jpeg,1,941
lungn3140.jpeg,1,774
lungn3141.jpeg,1,774
lungn3142.jpeg,1,929
lungn3143.jpeg,1,898
lungn3145.jpeg,1,777
lungn3146.jpeg,1,974
lungn3147.jpeg,1,974
lungn315.jpeg,1,854
lungn3152.jpeg,1,815
lungn3154.jpeg,1,792
lungn3155.jpeg,1,991
lungn3157.jpeg,1,972
lungn3158.jpeg,1,799
lungn3161.jpeg,1,756
lungn3162.jpeg,1,902
lungn3163.jpeg,1,913
lungn3164.jpeg,1,802
lungn3165.jpeg,1,878
lungn3166.jpeg,1,810
lungn3169.jpeg,1,793
lungn3170.jpeg,1,897
lungn3173.jpeg,1,952
lungn3174.jpeg,1,983
lungn3175.jpeg,1,977
lungn3176.jpeg,1,820
lungn3177.jpeg,1,862
lungn3179.jpeg,1,821
lungn3180.jpeg,1,797
lungn3184.jpeg,1,933
lungn3185.jpeg,1,921
lungn3187.jpeg,1,752
lungn3188.jpeg,1,916
lungn3189.jpeg,1,832
lungn319.jpeg,1,762
lungn3190.jpeg,1,851
lungn3192.jpeg,1,843
lungn3193.jpeg,1,803
lungn3196.jpeg,1,923
lungn3197.jpeg,1,937
lungn3199.jpeg,1,757
lungn320.jpeg,1,791
lungn3200.jpeg,1,929
lungn3201.jpeg,1,929
lungn3202.jpeg,1,872
lungn3203.jpeg,1,939
lungn3204.jpeg,1,886
lungn3205.jpeg,1,863
lungn3206.jpeg,1,761
lungn3207.jpeg,1,925
lungn3208.jpeg,1,925
lungn3209.jpeg,1,846
lungn321.jpeg,1,871
lungn3210.jpeg,1,830
lungn3211.jpeg,1,788
lungn3213.jpeg,1,778
lungn3214.jpeg,1,972
lungn3215.jpeg,1,765
lungn3216.jpeg,1,776
lungn3217.jpeg,1,990
lungn3218.jpeg,1,990
lungn3219.jpeg,1,966
lungn322.jpeg,1,913
lungn3220.jpeg,1,911
lungn3221.jpeg,1,762
lungn3223.jpeg,1,924
lungn3224.jpeg,1,975
lungn3226.jpeg,1,775
lungn3227.jpeg,1,818
lungn3228.jpeg,1,954
lungn3229.jpeg,1,948
lungn3230.jpeg,1,897
lungn3231.jpeg,1,877
lungn3236.jpeg,1,771
lungn3237.jpeg,1,771
lungn3238.jpeg,1,796
lungn3239.jpeg,1,919
lungn324.jpeg,1,885
lungn3240.jpeg,1,821
lungn3242.jpeg,1,938
lungn3243.jpeg,1,933
lungn3244.jpeg,1,933
lungn3245.jpeg,1,916
lungn3246.jpeg,1,832
lungn3247.jpeg,1,841
lungn3248.jpeg,1,797
lungn3249.jpeg,1,759
lungn3251.jpeg,1,984
lungn3253.jpeg,1,917
lungn3256.jpeg,1,915
lungn3257.jpeg,1,758
lungn3258.jpeg,1,850
lungn3259.jpeg,1,904
lungn326.jpeg,1,802
lungn3260.jpeg,1,847
lungn3261.jpeg,1,992
lungn3262.jpeg,1,777
lungn3263.jpeg,1,777
lungn3265.jpeg,1,769
lungn3266.jpeg,1,829
lungn3268.jpeg,1,895
lungn3269.jpeg,1,895
lungn327.jpeg,1,802
lungn3270.jpeg,1,972
lungn3271.jpeg,1,765
lungn3272.jpeg,1,776
lungn3273.jpeg,1,776
lungn3274.jpeg,1,990
lungn3275.jpeg,1,799
lungn3276.jpeg,1,901
lungn3277.jpeg,1,852
lungn3281.jpeg,1,756
lungn3282.jpeg,1,756
lungn3283.jpeg,1,879
lungn3284.jpeg,1,879
lungn3285.jpeg,1,975
lungn3286.jpeg,1,871
lungn3287.jpeg,1,913
lungn3288.jpeg,1,885
lungn329.jpeg,1,793
lungn3290.jpeg,1,967
lungn3291.jpeg,1,912
lungn3292.jpeg,1,773
lungn3293.jpeg,1,810
lungn3295.jpeg,1,753
lungn3296.jpeg,1,753
lungn3297.jpeg,1,982
lungn3299.jpeg,1,980
lungn330.jpeg,1,753
lungn3300.jpeg,1,864
lungn3304.jpeg,1,994
lungn3305.jpeg,1,834
lungn3306.jpeg,1,833
lungn3308.jpeg,1,752
lungn3309.jpeg,1,916
lungn3311.jpeg,1,797
lungn3312.jpeg,1,881
lungn3313.jpeg,1,759
lungn3314.jpeg,1,965
lungn3319.jpeg,1,757
lungn332.jpeg,1,977
lungn3320.jpeg,1,963
lungn3321.jpeg,1,847
lungn3322.jpeg,1,847
lungn3323.jpeg,1,865
lungn3324.jpeg,1,779
lungn3325.jpeg,1,779
lungn3326.jpeg,1,761
lungn3327.jpeg,1,761
lungn3328.jpeg,1,974
lungn333.jpeg,1,862
lungn3330.jpeg,1,925
lungn3331.jpeg,1,815
lungn3332.jpeg,1,932
lungn3335.jpeg,1,776
lungn3337.jpeg,1,854
lungn3340.jpeg,1,911
lungn3341.jpeg,1,911
lungn3342.jpeg,1,762
lungn3343.jpeg,1,762
lungn3345.jpeg,1,835
lungn3346.jpeg,1,835
lungn3347.jpeg,1,791
lungn3348.jpeg,1,791
lungn335.jpeg,1,912
lungn3350.jpeg,1,976
lungn3351.jpeg,1,878
lungn3353.jpeg,1,793
lungn3356.jpeg,1,983
lungn3357.jpeg,1,938
lungn336.jpeg,1,834
lungn3360.jpeg,1,752
lungn3361.jpeg,1,906
lungn3363.jpeg,1,953
lungn3366.jpeg,1,965
lungn3367.jpeg,1,970
lungn3368.jpeg,1,923
lungn3369.jpeg,1,917
lungn337.jpeg,1,919
lungn3371.jpeg,1,816
lungn3372.jpeg,1,757
lungn3373.jpeg,1,808
lungn3374.jpeg,1,840
lungn3375.jpeg,1,840
lungn3376.jpeg,1,850
lungn3377.jpeg,1,806
lungn3378.jpeg,1,904
lungn3379.jpeg,1,847
lungn338.jpeg,1,919
lungn3381.jpeg,1,761
lungn3383.jpeg,1,769
lungn3385.jpeg,1,788
lungn3386.jpeg,1,799
lungn3387.jpeg,1,852
lungn3389.jpeg,1,892
lungn3390.jpeg,1,869
lungn3391.jpeg,1,869
lungn3396.jpeg,1,750
lungn3399.jpeg,1,871
lungn3400.jpeg,1,913
lungn3401.jpeg,1,885
lungn3404.jpeg,1,773
lungn3405.jpeg,1,773
lungn3406.jpeg,1,817
lungn3407.jpeg,1,817
lungn3408.jpeg,1,976
lungn3410.jpeg,1,973
lungn3411.jpeg,1,877
lungn3414.jpeg,1,813
lungn3416.jpeg,1,824
lungn3418.jpeg,1,766
lungn342.jpeg,1,836
lungn3420.jpeg,1,900
lungn3421.jpeg,1,821
lungn3422.jpeg,1,833
lungn3423.jpeg,1,921
lungn3426.jpeg,1,851
lungn3427.jpeg,1,831
lungn3428.jpeg,1,803
lungn343.jpeg,1,866
lungn3430.jpeg,1,884
lungn3431.jpeg,1,884
lungn3432.jpeg,1,857
lungn3435.jpeg,1,914
lungn3436.jpeg,1,941
lungn3438.jpeg,1,816
lungn3439.jpeg,1,814
lungn344.jpeg,1,831
lungn3440.jpeg,1,814
lungn3441.jpeg,1,782
lungn3442.jpeg,1,758
lungn3443.jpeg,1,758
lungn3445.jpeg,1,872
lungn3446.jpeg,1,825
lungn3447.jpeg,1,790
lungn3448.jpeg,1,769
lungn3449.jpeg,1,956
lungn345.jpeg,1,843
lungn3451.jpeg,1,815
lungn3453.jpeg,1,778
lungn3454.jpeg,1,765
lungn3456.jpeg,1,854
lungn3458.jpeg,1,911
lungn3460.jpeg,1,924
lungn3461.jpeg,1,975
lungn3462.jpeg,1,871
lungn3463.jpeg,1,775
lungn3464.jpeg,1,775
lungn3465.jpeg,1,951
lungn3467.jpeg,1,773
lungn3468.jpeg,1,973
lungn3469.jpeg,1,793
lungn347.jpeg,1,931
lungn3473.jpeg,1,897
lungn3480.jpeg,1,900
lungn3481.jpeg,1,796
lungn3482.jpeg,1,796
lungn3483.jpeg,1,796
lungn3484.jpeg,1,916
lungn3487.jpeg,1,866
lungn3488.jpeg,1,953
lungn3492.jpeg,1,941
lungn3494.jpeg,1,853
lungn3496.jpeg,1,816
lungn3497.jpeg,1,816
lungn3499.jpeg,1,774
lungn350.jpeg,1,923
lungn3500.jpeg,1,774
lungn3501.jpeg,1,929
lungn3502.jpeg,1,929
lungn3504.jpeg,1,808
lungn3505.jpeg,1,767
lungn3506.jpeg,1,974
lungn3508.jpeg,1,769
lungn3509.jpeg,1,769
lungn3510.jpeg,1,925
lungn3512.jpeg,1,829
lungn3514.jpeg,1,765
lungn3515.jpeg,1,799
lungn3516.jpeg,1,966
lungn3517.jpeg,1,911
lungn352.jpeg,1,937
lungn3520.jpeg,1,750
lungn3521.jpeg,1,924
lungn3522.jpeg,1,975
lungn3523.jpeg,1,871
lungn3526.jpeg,1,912
lungn3527.jpeg,1,912
lungn3528.jpeg,1,802
lungn3529.jpeg,1,951
lungn353.jpeg,1,937
lungn3530.jpeg,1,976
lungn3531.jpeg,1,810
lungn3533.jpeg,1,897
lungn3534.jpeg,1,982
lungn3535.jpeg,1,982
lungn3538.jpeg,1,907
lungn3539.jpeg,1,862
lungn354.jpeg,1,853
lungn3540.jpeg,1,862
lungn3541.jpeg,1,922
lungn3543.jpeg,1,796
lungn3544.jpeg,1,821
lungn3547.jpeg,1,752
lungn3548.jpeg,1,752
lungn355.jpeg,1,853
lungn3550.jpeg,1,832
lungn3551.jpeg,1,843
lungn3552.jpeg,1,931
lungn3553.jpeg,1,881
lungn3556.jpeg,1,970
lungn3558.jpeg,1,857
lungn3559.jpeg,1,917
lungn3560.jpeg,1,838
lungn3561.jpeg,1,914
lungn3562.jpeg,1,937
lungn3564.jpeg,1,893
lungn3567.jpeg,1,847
lungn3568.jpeg,1,886
lungn3569.jpeg,1,761
lungn3571.jpeg,1,991
lungn3573.jpeg,1,765
lungn3575.jpeg,1,776
lungn3576.jpeg,1,909
lungn3578.jpeg,1,852
lungn358.jpeg,1,929
lungn3580.jpeg,1,892
lungn3583.jpeg,1,756
lungn3584.jpeg,1,756
lungn3585.jpeg,1,879
lungn3586.jpeg,1,879
lungn3589.jpeg,1,835
lungn359.jpeg,1,898
lungn3590.jpeg,1,791
lungn3591.jpeg,1,871
lungn3593.jpeg,1,885
lungn3594.jpeg,1,883
lungn3595.jpeg,1,883
lungn3596.jpeg,1,793
lungn36.jpeg,1,813
lungn360.jpeg,1,840
lungn3602.jpeg,1,771
lungn3603.jpeg,1,919
lungn3604.jpeg,1,821
lungn3605.jpeg,1,833
lungn3606.jpeg,1,938
lungn3607.jpeg,1,981
lungn3611.jpeg,1,841
lungn3612.jpeg,1,931
lungn3613.jpeg,1,797
lungn3615.jpeg,1,965
lungn3616.jpeg,1,884
lungn3619.jpeg,1,889
lungn3620.jpeg,1,941
lungn3622.jpeg,1,816
lungn3623.jpeg,1,868
lungn3624.jpeg,1,868
lungn3627.jpeg,1,939
lungn3628.jpeg,1,880
lungn3629.jpeg,1,801
lungn363.jpeg,1,865
lungn3632.jpeg,1,830
lungn3633.jpeg,1,788
lungn3637.jpeg,1,776
lungn3638.jpeg,1,799
lungn364.jpeg,1,790
lungn3642.jpeg,1,869
lungn3644.jpeg,1,750
lungn3645.jpeg,1,902
lungn3646.jpeg,1,924
lungn365.jpeg,1,956
lungn3650.jpeg,1,813
lungn3653.jpeg,1,864
lungn3654.jpeg,1,912
lungn3655.jpeg,1,927
lungn3656.jpeg,1,900
lungn3657.jpeg,1,785
lungn3658.jpeg,1,785
lungn3661.jpeg,1,836
lungn3663.jpeg,1,866
lungn3665.jpeg,1,984
lungn3666.jpeg,1,984
lungn3667.jpeg,1,889
lungn3669.jpeg,1,917
lungn367.jpeg,1,859
lungn3671.jpeg,1,816
lungn3672.jpeg,1,795
lungn3673.jpeg,1,893
lungn3674.jpeg,1,915
lungn3675.jpeg,1,898
lungn3678.jpeg,1,767
lungn3679.jpeg,1,767
lungn3680.jpeg,1,767
lungn3682.jpeg,1,880
lungn3683.jpeg,1,825
lungn3684.jpeg,1,790
lungn3685.jpeg,1,769
lungn3687.jpeg,1,804
lungn3688.jpeg,1,956
lungn3689.jpeg,1,829
lungn3693.jpeg,1,895
lungn3694.jpeg,1,815
lungn3695.jpeg,1,815
lungn3696.jpeg,1,815
lungn3699.jpeg,1,867
lungn37.jpeg,1,907
lungn3700.jpeg,1,776
lungn3701.jpeg,1,776
lungn3702.jpeg,1,996
lungn3704.jpeg,1,750
lungn3706.jpeg,1,913
lungn3707.jpeg,1,775
lungn371.jpeg,1,792
lungn3710.jpeg,1,793
lungn3711.jpeg,1,897
lungn3712.jpeg,1,980
lungn3714.jpeg,1,864
lungn3716.jpeg,1,983
lungn3717.jpeg,1,907
lungn3718.jpeg,1,862
lungn372.jpeg,1,778
lungn3720.jpeg,1,833
lungn3723.jpeg,1,933
lungn3724.jpeg,1,978
lungn3725.jpeg,1,906
lungn3726.jpeg,1,851
lungn3727.jpeg,1,851
lungn3728.jpeg,1,931
lungn373.jpeg,1,972
lungn3730.jpeg,1,889
lungn3734.jpeg,1,814
lungn3735.jpeg,1,814
lungn3736.jpeg,1,814
lungn3737.jpeg,1,757
lungn3738.jpeg,1,868
lungn374.jpeg,1,901
lungn3740.jpeg,1,808
lungn3741.jpeg,1,782
lungn3742.jpeg,1,850
lungn3743.jpeg,1,992
lungn3745.jpeg,1,777
lungn3746.jpeg,1,777
lungn3747.jpeg,1,822
lungn3748.jpeg,1,822
lungn3749.jpeg,1,780
lungn375.jpeg,1,852
lungn3750.jpeg,1,780
lungn3753.jpeg,1,830
lungn3756.jpeg,1,792
lungn3757.jpeg,1,901
lungn3759.jpeg,1,911
lungn376.jpeg,1,869
lungn3760.jpeg,1,750
lungn3761.jpeg,1,835
lungn3762.jpeg,1,791
lungn3764.jpeg,1,817
lungn3765.jpeg,1,954
lungn3767.jpeg,1,928
lungn3768.jpeg,1,928
lungn3769.jpeg,1,793
lungn3772.jpeg,1,980
lungn3773.jpeg,1,952
lungn3774.jpeg,1,983
lungn3776.jpeg,1,820
lungn3778.jpeg,1,797
lungn378.jpeg,1,762
lungn3780.jpeg,1,752
lungn3781.jpeg,1,803
lungn3782.jpeg,1,803
lungn3783.jpeg,1,881
lungn3784.jpeg,1,965
lungn3785.jpeg,1,884
lungn3787.jpeg,1,889
lungn3788.jpeg,1,794
lungn379.jpeg,1,879
lungn3792.jpeg,1,914
lungn3793.jpeg,1,937
lungn3794.jpeg,1,937
lungn3795.jpeg,1,853
lungn3796.jpeg,1,816
lungn3797.jpeg,1,816
lungn38.jpeg,1,862
lungn3800.jpeg,1,893
lungn3801.jpeg,1,963
lungn3802.jpeg,1,826
lungn3803.jpeg,1,847
lungn3804.jpeg,1,886
lungn3805.jpeg,1,886
lungn3806.jpeg,1,865
lungn3807.jpeg,1,863
lungn3808.jpeg,1,777
lungn3809.jpeg,1,777
lungn3810.jpeg,1,761
lungn3811.jpeg,1,880
lungn3812.jpeg,1,825
lungn3813.jpeg,1,956
lungn3814.jpeg,1,846
lungn3817.jpeg,1,830
lungn382.jpeg,1,775
lungn3823.jpeg,1,911
lungn3824.jpeg,1,955
lungn3825.jpeg,1,924
lungn3828.jpeg,1,818
lungn3829.jpeg,1,954
lungn383.jpeg,1,967
lungn3830.jpeg,1,976
lungn3831.jpeg,1,928
lungn3832.jpeg,1,897
lungn3835.jpeg,1,813
lungn3837.jpeg,1,927
lungn3838.jpeg,1,927
lungn3839.jpeg,1,796
lungn384.jpeg,1,773
lungn3840.jpeg,1,905
lungn3841.jpeg,1,981
lungn3844.jpeg,1,752
lungn3847.jpeg,1,831
lungn3848.jpeg,1,831
lungn3849.jpeg,1,843
lungn385.jpeg,1,878
lungn3850.jpeg,1,881
lungn3851.jpeg,1,759
lungn3852.jpeg,1,889
lungn3854.jpeg,1,853
lungn3856.jpeg,1,816
lungn3857.jpeg,1,795
lungn3858.jpeg,1,795
lungn386.jpeg,1,928
lungn3860.jpeg,1,893
lungn3861.jpeg,1,904
lungn3862.jpeg,1,860
lungn3863.jpeg,1,847
lungn3864.jpeg,1,839
lungn3865.jpeg,1,777
lungn3866.jpeg,1,777
lungn3867.jpeg,1,761
lungn3868.jpeg,1,780
lungn3869.jpeg,1,880
lungn387.jpeg,1,793
lungn3871.jpeg,1,801
lungn3873.jpeg,1,895
lungn3875.jpeg,1,778
lungn3876.jpeg,1,778
lungn3877.jpeg,1,867
lungn3878.jpeg,1,765
lungn3879.jpeg,1,776
lungn388.jpeg,1,948
lungn3881.jpeg,1,799
lungn3882.jpeg,1,901
lungn3883.jpeg,1,869
lungn3884.jpeg,1,854
lungn3885.jpeg,1,966
lungn3886.jpeg,1,966
lungn3888.jpeg,1,750
lungn3889.jpeg,1,791
lungn3890.jpeg,1,818
lungn3892.jpeg,1,928
lungn3893.jpeg,1,928
lungn3894.jpeg,1,948
lungn3895.jpeg,1,948
lungn3896.jpeg,1,824
lungn3898.jpeg,1,862
lungn3901.jpeg,1,927
lungn3902.jpeg,1,797
lungn3903.jpeg,1,921
lungn3904.jpeg,1,916
lungn3907.jpeg,1,988
lungn3908.jpeg,1,832
lungn3909.jpeg,1,803
lungn3910.jpeg,1,803
lungn3911.jpeg,1,881
lungn3912.jpeg,1,759
lungn3914.jpeg,1,794
lungn3915.jpeg,1,923
lungn3919.jpeg,1,757
lungn3920.jpeg,1,899
lungn3921.jpeg,1,808
lungn3922.jpeg,1,963
lungn3923.jpeg,1,758
lungn3924.jpeg,1,847
lungn3925.jpeg,1,992
lungn3926.jpeg,1,992
lungn3927.jpeg,1,839
lungn393.jpeg,1,952
lungn3930.jpeg,1,815
lungn3931.jpeg,1,788
lungn3932.jpeg,1,788
lungn3937.jpeg,1,966
lungn394.jpeg,1,766
lungn3944.jpeg,1,879
lungn3945.jpeg,1,835
lungn3948.jpeg,1,967
lungn3949.jpeg,1,912
lungn395.jpeg,1,766
lungn3951.jpeg,1,773
lungn3952.jpeg,1,954
lungn3955.jpeg,1,793
lungn3958.jpeg,1,753
lungn3959.jpeg,1,952
lungn3961.jpeg,1,766
lungn3963.jpeg,1,905
lungn3964.jpeg,1,797
lungn3967.jpeg,1,933
lungn3968.jpeg,1,978
lungn3969.jpeg,1,752
lungn3970.jpeg,1,841
lungn3971.jpeg,1,803
lungn3972.jpeg,1,931
lungn3973.jpeg,1,797
lungn3974.jpeg,1,889
lungn3975.jpeg,1,889
lungn3976.jpeg,1,794
lungn3977.jpeg,1,941
lungn3979.jpeg,1,808
lungn398.jpeg,1,927
lungn3980.jpeg,1,915
lungn3981.jpeg,1,915
lungn3982.jpeg,1,779
lungn3983.jpeg,1,825
lungn3984.jpeg,1,801
lungn3986.jpeg,1,846
lungn3987.jpeg,1,815
lungn3988.jpeg,1,815
lungn3989.jpeg,1,932
lungn399.jpeg,1,919
lungn3991.jpeg,1,778
lungn3992.jpeg,1,867
lungn3994.jpeg,1,911
lungn3996.jpeg,1,871
lungn3999.jpeg,1,802
lungn4.jpeg,1,900
lungn400.jpeg,1,797
lungn4000.jpeg,1,773
lungn4001.jpeg,1,883
lungn4002.jpeg,1,883
lungn4003.jpeg,1,954
lungn4009.jpeg,1,983
lungn4011.jpeg,1,907
lungn4012.jpeg,1,800
lungn4013.jpeg,1,766
lungn4016.jpeg,1,900
lungn4017.jpeg,1,821
lungn4018.jpeg,1,797
lungn4019.jpeg,1,833
lungn4020.jpeg,1,833
lungn4022.jpeg,1,752
lungn4023.jpeg,1,841
lungn4024.jpeg,1,803
lungn4025.jpeg,1,931
lungn4027.jpeg,1,889
lungn4028.jpeg,1,917
lungn4029.jpeg,1,838
lungn403.jpeg,1,981
lungn4030.jpeg,1,937
lungn4032.jpeg,1,764
lungn4033.jpeg,1,853
lungn4034.jpeg,1,795
lungn4036.jpeg,1,782
lungn4038.jpeg,1,758
lungn4040.jpeg,1,872
lungn4041.jpeg,1,847
lungn4043.jpeg,1,863
lungn4044.jpeg,1,761
lungn4045.jpeg,1,804
lungn4049.jpeg,1,867
lungn4050.jpeg,1,972
lungn4051.jpeg,1,776
lungn4052.jpeg,1,799
lungn4055.jpeg,1,756
lungn4056.jpeg,1,756
lungn4057.jpeg,1,750
lungn4058.jpeg,1,879
lungn4059.jpeg,1,924
lungn406.jpeg,1,916
lungn4060.jpeg,1,913
lungn4061.jpeg,1,883
lungn4063.jpeg,1,753
lungn4064.jpeg,1,982
lungn4065.jpeg,1,864
lungn4066.jpeg,1,952
lungn407.jpeg,1,843
lungn4072.jpeg,1,766
lungn4073.jpeg,1,927
lungn4074.jpeg,1,771
lungn4075.jpeg,1,905
lungn4076.jpeg,1,797
lungn4077.jpeg,1,938
lungn4078.jpeg,1,921
lungn4079.jpeg,1,916
lungn408.jpeg,1,931
lungn4081.jpeg,1,896
lungn4082.jpeg,1,906
lungn4083.jpeg,1,843
lungn4084.jpeg,1,759
lungn4085.jpeg,1,984
lungn4088.jpeg,1,889
lungn4089.jpeg,1,923
lungn409.jpeg,1,884
lungn4090.jpeg,1,838
lungn4091.jpeg,1,853
lungn4092.jpeg,1,814
lungn4093.jpeg,1,963
lungn4094.jpeg,1,963
lungn4095.jpeg,1,826
lungn4096.jpeg,1,822
lungn4097.jpeg,1,761
lungn4098.jpeg,1,780
lungn4099.jpeg,1,825
lungn41.jpeg,1,919
lungn4100.jpeg,1,825
lungn4101.jpeg,1,801
lungn4102.jpeg,1,769
lungn4104.jpeg,1,788
lungn4105.jpeg,1,867
lungn4107.jpeg,1,799
lungn4108.jpeg,1,901
lungn4109.jpeg,1,852
lungn411.jpeg,1,794
lungn4110.jpeg,1,892
lungn4112.jpeg,1,955
lungn4114.jpeg,1,912
lungn4115.jpeg,1,818
lungn4117.jpeg,1,810
lungn412.jpeg,1,923
lungn4121.jpeg,1,948
lungn4122.jpeg,1,824
lungn4125.jpeg,1,820
lungn4126.jpeg,1,820
lungn4127.jpeg,1,922
lungn4128.jpeg,1,927
lungn4129.jpeg,1,821
lungn413.jpeg,1,914
lungn4130.jpeg,1,905
lungn4131.jpeg,1,905
lungn4132.jpeg,1,797
lungn4133.jpeg,1,785
lungn4134.jpeg,1,833
lungn4135.jpeg,1,938
lungn414.jpeg,1,914
lungn4141.jpeg,1,906
lungn4142.jpeg,1,906
lungn4143.jpeg,1,906
lungn4144.jpeg,1,832
lungn4146.jpeg,1,953
lungn4149.jpeg,1,923
lungn415.jpeg,1,914
lungn4150.jpeg,1,914
lungn4151.jpeg,1,941
lungn4152.jpeg,1,795
lungn4154.jpeg,1,868
lungn4155.jpeg,1,782
lungn4156.jpeg,1,782
lungn4158.jpeg,1,758
lungn4159.jpeg,1,806
lungn416.jpeg,1,816
lungn4160.jpeg,1,904
lungn4161.jpeg,1,847
lungn4162.jpeg,1,839
lungn4163.jpeg,1,865
lungn4164.jpeg,1,767
lungn4165.jpeg,1,779
lungn4166.jpeg,1,790
lungn4169.jpeg,1,859
lungn4170.jpeg,1,815
lungn4171.jpeg,1,932
lungn4173.jpeg,1,792
lungn4175.jpeg,1,867
lungn4177.jpeg,1,852
lungn4179.jpeg,1,913
lungn418.jpeg,1,868
lungn4180.jpeg,1,957
lungn4181.jpeg,1,967
lungn4182.jpeg,1,878
lungn4183.jpeg,1,878
lungn4184.jpeg,1,810
lungn4186.jpeg,1,948
lungn4188.jpeg,1,813
lungn4189.jpeg,1,907
lungn4190.jpeg,1,907
lungn4191.jpeg,1,800
lungn4193.jpeg,1,766
lungn4194.jpeg,1,834
lungn4195.jpeg,1,919
lungn4196.jpeg,1,833
lungn4197.jpeg,1,938
lungn4199.jpeg,1,978
lungn42.jpeg,1,821
lungn420.jpeg,1,840
lungn4200.jpeg,1,910
lungn4201.jpeg,1,752
lungn4203.jpeg,1,866
lungn4205.jpeg,1,995
lungn4206.jpeg,1,995
lungn4208.jpeg,1,917
lungn421.jpeg,1,850
lungn4211.jpeg,1,853
lungn4212.jpeg,1,757
lungn4216.jpeg,1,893
lungn4218.jpeg,1,963
lungn4219.jpeg,1,826
lungn422.jpeg,1,872
lungn4220.jpeg,1,860
lungn4221.jpeg,1,939
lungn4222.jpeg,1,777
lungn4223.jpeg,1,779
lungn4224.jpeg,1,822
lungn4227.jpeg,1,780
lungn4228.jpeg,1,790
lungn4229.jpeg,1,846
lungn423.jpeg,1,939
lungn4230.jpeg,1,846
lungn4231.jpeg,1,788
lungn4232.jpeg,1,972
lungn4236.jpeg,1,911
lungn4237.jpeg,1,756
lungn4238.jpeg,1,924
lungn4239.jpeg,1,912
lungn424.jpeg,1,939
lungn4240.jpeg,1,951
lungn4241.jpeg,1,951
lungn4242.jpeg,1,818
lungn4243.jpeg,1,878
lungn4244.jpeg,1,810
lungn4245.jpeg,1,948
lungn4247.jpeg,1,907
lungn4248.jpeg,1,800
lungn425.jpeg,1,886
lungn4250.jpeg,1,912
lungn4253.jpeg,1,833
lungn4255.jpeg,1,988
lungn4257.jpeg,1,841
lungn4259.jpeg,1,931
lungn426.jpeg,1,779
lungn4260.jpeg,1,759
lungn4262.jpeg,1,984
lungn4263.jpeg,1,889
lungn4264.jpeg,1,889
lungn4267.jpeg,1,914
lungn4269.jpeg,1,868
lungn427.jpeg,1,761
lungn4271.jpeg,1,808
lungn4272.jpeg,1,782
lungn4275.jpeg,1,904
lungn4277.jpeg,1,777
lungn4278.jpeg,1,779
lungn4279.jpeg,1,761
lungn428.jpeg,1,956
lungn4281.jpeg,1,974
lungn4282.jpeg,1,804
lungn4284.jpeg,1,788
lungn4285.jpeg,1,765
lungn4287.jpeg,1,852
lungn4288.jpeg,1,852
lungn429.jpeg,1,932
lungn4291.jpeg,1,911
lungn4294.jpeg,1,762
lungn4295.jpeg,1,750
lungn4296.jpeg,1,879
lungn4297.jpeg,1,924
lungn4298.jpeg,1,835
lungn4299.jpeg,1,975
lungn43.jpeg,1,905
lungn430.jpeg,1,932
lungn4300.jpeg,1,871
lungn4301.jpeg,1,885
lungn4303.jpeg,1,967
lungn4304.jpeg,1,878
lungn4306.jpeg,1,980
lungn4307.jpeg,1,862
lungn4308.jpeg,1,800
lungn4309.jpeg,1,766
lungn431.jpeg,1,778
lungn4311.jpeg,1,771
lungn4312.jpeg,1,797
lungn4313.jpeg,1,797
lungn4314.jpeg,1,933
lungn4315.jpeg,1,933
lungn4317.jpeg,1,978
lungn4318.jpeg,1,752
lungn4319.jpeg,1,916
lungn432.jpeg,1,909
lungn4320.jpeg,1,906
lungn4321.jpeg,1,841
lungn4324.jpeg,1,995
lungn4325.jpeg,1,917
lungn4328.jpeg,1,914
lungn4329.jpeg,1,914
lungn433.jpeg,1,901
lungn4330.jpeg,1,853
lungn4331.jpeg,1,795
lungn4334.jpeg,1,898
lungn4335.jpeg,1,758
lungn4336.jpeg,1,850
lungn4337.jpeg,1,839
lungn4338.jpeg,1,777
lungn4339.jpeg,1,822
lungn4341.jpeg,1,895
lungn4342.jpeg,1,792
lungn4343.jpeg,1,867
lungn4344.jpeg,1,776
lungn4345.jpeg,1,852
lungn4347.jpeg,1,966
lungn4353.jpeg,1,791
lungn4355.jpeg,1,913
lungn4356.jpeg,1,957
lungn4357.jpeg,1,957
lungn4358.jpeg,1,976
lungn4359.jpeg,1,810
lungn436.jpeg,1,869
lungn4362.jpeg,1,877
lungn4363.jpeg,1,813
lungn4369.jpeg,1,907
lungn4370.jpeg,1,800
lungn4371.jpeg,1,900
lungn4372.jpeg,1,796
lungn4377.jpeg,1,752
lungn4378.jpeg,1,906
lungn4379.jpeg,1,803
lungn438.jpeg,1,762
lungn4380.jpeg,1,759
lungn4381.jpeg,1,970
lungn4382.jpeg,1,995
lungn4384.jpeg,1,889
lungn4385.jpeg,1,838
lungn4388.jpeg,1,868
lungn4389.jpeg,1,899
lungn4390.jpeg,1,898
lungn4391.jpeg,1,898
lungn4392.jpeg,1,806
lungn4393.jpeg,1,826
lungn4394.jpeg,1,904
lungn4396.jpeg,1,860
lungn4397.jpeg,1,860
lungn4398.jpeg,1,872
lungn4399.jpeg,1,847
lungn44.jpeg,1,833
lungn440.jpeg,1,802
lungn4400.jpeg,1,865
lungn4401.jpeg,1,863
lungn4402.jpeg,1,880
lungn4403.jpeg,1,769
lungn4404.jpeg,1,829
lungn4405.jpeg,1,895
lungn4406.jpeg,1,815
lungn4408.jpeg,1,765
lungn4409.jpeg,1,852
lungn441.jpeg,1,802
lungn4410.jpeg,1,852
lungn4413.jpeg,1,869
lungn4416.jpeg,1,996
lungn442.jpeg,1,951
lungn4420.jpeg,1,756
lungn4424.jpeg,1,802
lungn4426.jpeg,1,883
lungn4427.jpeg,1,810
lungn4429.jpeg,1,862
lungn4430.jpeg,1,912
lungn4432.jpeg,1,994
lungn4433.jpeg,1,797
lungn4435.jpeg,1,981
lungn4437.jpeg,1,921
lungn4439.jpeg,1,978
lungn4440.jpeg,1,978
lungn4441.jpeg,1,752
lungn4443.jpeg,1,896
lungn4444.jpeg,1,832
lungn4445.jpeg,1,866
lungn4446.jpeg,1,843
lungn4447.jpeg,1,931
lungn4448.jpeg,1,931
lungn4449.jpeg,1,797
lungn445.jpeg,1,878
lungn4452.jpeg,1,795
lungn4455.jpeg,1,814
lungn4456.jpeg,1,757
lungn4457.jpeg,1,929
lungn4459.jpeg,1,963
lungn446.jpeg,1,980
lungn4460.jpeg,1,758
lungn4461.jpeg,1,806
lungn4462.jpeg,1,860
lungn4463.jpeg,1,839
lungn4467.jpeg,1,804
lungn4468.jpeg,1,829
lungn4469.jpeg,1,859
lungn4471.jpeg,1,792
lungn4472.jpeg,1,778
lungn4473.jpeg,1,776
lungn4474.jpeg,1,892
lungn4475.jpeg,1,892
lungn4478.jpeg,1,756
lungn4479.jpeg,1,756
lungn4484.jpeg,1,810
lungn4485.jpeg,1,824
lungn4487.jpeg,1,820
lungn4488.jpeg,1,766
lungn4489.jpeg,1,771
lungn449.jpeg,1,983
lungn4490.jpeg,1,919
lungn4491.jpeg,1,785
lungn4494.jpeg,1,938
lungn4495.jpeg,1,933
lungn4497.jpeg,1,910
lungn4498.jpeg,1,836
lungn4499.jpeg,1,752
lungn45.jpeg,1,938
lungn450.jpeg,1,800
lungn4502.jpeg,1,832
lungn4503.jpeg,1,917
lungn4504.jpeg,1,937
lungn4506.jpeg,1,774
lungn4507.jpeg,1,868
lungn4508.jpeg,1,929
lungn4509.jpeg,1,899
lungn451.jpeg,1,800
lungn4510.jpeg,1,915
lungn4511.jpeg,1,826
lungn4512.jpeg,1,904
lungn4513.jpeg,1,904
lungn4514.jpeg,1,872
lungn4515.jpeg,1,872
lungn4516.jpeg,1,886
lungn4517.jpeg,1,865
lungn4519.jpeg,1,825
lungn452.jpeg,1,922
lungn4520.jpeg,1,801
lungn4521.jpeg,1,925
lungn4522.jpeg,1,804
lungn4524.jpeg,1,792
lungn4525.jpeg,1,991
lungn4526.jpeg,1,991
lungn4527.jpeg,1,778
lungn4528.jpeg,1,776
lungn4529.jpeg,1,909
lungn453.jpeg,1,900
lungn4530.jpeg,1,909
lungn4531.jpeg,1,799
lungn4536.jpeg,1,912
lungn4537.jpeg,1,818
lungn454.jpeg,1,821
lungn4540.jpeg,1,928
lungn4541.jpeg,1,982
lungn4542.jpeg,1,982
lungn4543.jpeg,1,877
lungn4546.jpeg,1,820
lungn4547.jpeg,1,800
lungn4548.jpeg,1,912
lungn4549.jpeg,1,912
lungn4550.jpeg,1,912
lungn4554.jpeg,1,900
lungn4555.jpeg,1,771
lungn4556.jpeg,1,771
lungn4557.jpeg,1,771
lungn4559.jpeg,1,919
lungn456.jpeg,1,916
lungn4560.jpeg,1,797
lungn4562.jpeg,1,803
lungn4567.jpeg,1,795
lungn4568.jpeg,1,795
lungn457.jpeg,1,841
lungn4570.jpeg,1,814
lungn4571.jpeg,1,782
lungn4573.jpeg,1,898
lungn4574.jpeg,1,860
lungn4576.jpeg,1,839
lungn4578.jpeg,1,974
lungn4579.jpeg,1,780
lungn4580.jpeg,1,801
lungn4581.jpeg,1,801
lungn4582.jpeg,1,769
lungn4583.jpeg,1,829
lungn4584.jpeg,1,846
lungn4586.jpeg,1,788
lungn4587.jpeg,1,932
lungn459.jpeg,1,803
lungn4590.jpeg,1,792
lungn4591.jpeg,1,991
lungn4592.jpeg,1,867
lungn4593.jpeg,1,765
lungn4594.jpeg,1,909
lungn4595.jpeg,1,990
lungn4599.jpeg,1,879
lungn460.jpeg,1,931
lungn4600.jpeg,1,924
lungn4601.jpeg,1,883
lungn4602.jpeg,1,817
lungn4606.jpeg,1,952
lungn4609.jpeg,1,912
lungn4610.jpeg,1,912
lungn4611.jpeg,1,900
lungn4612.jpeg,1,994
lungn4613.jpeg,1,796
lungn4614.jpeg,1,919
lungn4615.jpeg,1,821
lungn4616.jpeg,1,797
lungn4617.jpeg,1,785
lungn4618.jpeg,1,933
lungn4619.jpeg,1,896
lungn4620.jpeg,1,988
lungn4621.jpeg,1,832
lungn4622.jpeg,1,866
lungn4623.jpeg,1,803
lungn4624.jpeg,1,797
lungn4627.jpeg,1,995
lungn4628.jpeg,1,889
lungn463.jpeg,1,764
lungn4630.jpeg,1,764
lungn4631.jpeg,1,795
lungn4633.jpeg,1,774
lungn4634.jpeg,1,808
lungn4635.jpeg,1,963
lungn4637.jpeg,1,758
lungn4638.jpeg,1,826
lungn464.jpeg,1,814
lungn4640.jpeg,1,847
lungn4641.jpeg,1,865
lungn4642.jpeg,1,865
lungn4643.jpeg,1,780
lungn4644.jpeg,1,825
lungn4645.jpeg,1,825
lungn4646.jpeg,1,925
lungn4647.jpeg,1,846
lungn4649.jpeg,1,776
lungn465.jpeg,1,757
lungn4650.jpeg,1,852
lungn4655.jpeg,1,756
lungn4656.jpeg,1,902
lungn4658.jpeg,1,912
lungn4659.jpeg,1,818
lungn4660.jpeg,1,773
lungn4661.jpeg,1,976
lungn4663.jpeg,1,973
lungn4666.jpeg,1,952
lungn4667.jpeg,1,796
lungn4668.jpeg,1,834
lungn467.jpeg,1,899
lungn4670.jpeg,1,910
lungn4671.jpeg,1,836
lungn4672.jpeg,1,896
lungn4673.jpeg,1,843
lungn4674.jpeg,1,843
lungn4675.jpeg,1,970
lungn468.jpeg,1,893
lungn4680.jpeg,1,816
lungn4684.jpeg,1,757
lungn4685.jpeg,1,774
lungn4686.jpeg,1,808
lungn4687.jpeg,1,808
lungn4689.jpeg,1,963
lungn4690.jpeg,1,904
lungn4691.jpeg,1,886
lungn4692.jpeg,1,767
lungn4693.jpeg,1,780
lungn4694.jpeg,1,880
lungn4695.jpeg,1,880
lungn4697.jpeg,1,769
lungn4698.jpeg,1,769
lungn4699.jpeg,1,829
lungn47.jpeg,1,978
lungn470.jpeg,1,898
lungn4701.jpeg,1,895
lungn4702.jpeg,1,830
lungn4703.jpeg,1,932
lungn4704.jpeg,1,778
lungn4705.jpeg,1,799
lungn4706.jpeg,1,854
lungn4707.jpeg,1,966
lungn4708.jpeg,1,955
lungn4709.jpeg,1,756
lungn471.jpeg,1,898
lungn4710.jpeg,1,756
lungn4711.jpeg,1,818
lungn4712.jpeg,1,818
lungn4713.jpeg,1,818
lungn4714.jpeg,1,973
lungn4715.jpeg,1,973
lungn4717.jpeg,1,948
lungn4718.jpeg,1,982
lungn472.jpeg,1,840
lungn4720.jpeg,1,813
lungn4721.jpeg,1,864
lungn4724.jpeg,1,983
lungn4726.jpeg,1,862
lungn4727.jpeg,1,800
lungn4728.jpeg,1,922
lungn473.jpeg,1,806
lungn4730.jpeg,1,981
lungn4731.jpeg,1,981
lungn4733.jpeg,1,836
lungn4734.jpeg,1,896
lungn4736.jpeg,1,884
lungn4738.jpeg,1,984
lungn474.jpeg,1,904
lungn4740.jpeg,1,838
lungn4741.jpeg,1,937
lungn4743.jpeg,1,816
lungn4745.jpeg,1,868
lungn4747.jpeg,1,963
lungn4748.jpeg,1,963
lungn4749.jpeg,1,963
lungn475.jpeg,1,839
lungn4750.jpeg,1,963
lungn4751.jpeg,1,898
lungn4752.jpeg,1,806
lungn4753.jpeg,1,806
lungn4754.jpeg,1,806
lungn4755.jpeg,1,826
lungn4756.jpeg,1,812
lungn4757.jpeg,1,847
lungn4758.jpeg,1,886
lungn4759.jpeg,1,886
lungn476.jpeg,1,865
lungn4762.jpeg,1,822
lungn4764.jpeg,1,956
lungn4765.jpeg,1,829
lungn4768.jpeg,1,815
lungn477.jpeg,1,863
lungn4770.jpeg,1,778
lungn4775.jpeg,1,924
lungn4777.jpeg,1,775
lungn4778.jpeg,1,878
lungn4779.jpeg,1,878
lungn478.jpeg,1,779
lungn4780.jpeg,1,810
lungn4781.jpeg,1,810
lungn4783.jpeg,1,973
lungn4786.jpeg,1,820
lungn479.jpeg,1,761
lungn4790.jpeg,1,994
lungn4791.jpeg,1,771
lungn4792.jpeg,1,921
lungn4793.jpeg,1,921
lungn4796.jpeg,1,896
lungn4797.jpeg,1,988
lungn48.jpeg,1,910
lungn4800.jpeg,1,866
lungn4801.jpeg,1,965
lungn4803.jpeg,1,857
lungn4806.jpeg,1,816
lungn4807.jpeg,1,757
lungn4809.jpeg,1,893
lungn481.jpeg,1,769
lungn4810.jpeg,1,893
lungn4811.jpeg,1,963
lungn4812.jpeg,1,758
lungn4814.jpeg,1,812
lungn4815.jpeg,1,812
lungn4816.jpeg,1,872
lungn4817.jpeg,1,767
lungn4818.jpeg,1,822
lungn4819.jpeg,1,822
lungn482.jpeg,1,769
lungn4820.jpeg,1,804
lungn4821.jpeg,1,956
lungn4826.jpeg,1,991
lungn4827.jpeg,1,867
lungn4828.jpeg,1,776
lungn4829.jpeg,1,901
lungn483.jpeg,1,804
lungn4830.jpeg,1,966
lungn4833.jpeg,1,756
lungn4834.jpeg,1,924
lungn4835.jpeg,1,957
lungn4836.jpeg,1,912
lungn4838.jpeg,1,951
lungn4842.jpeg,1,817
lungn4845.jpeg,1,824
lungn4847.jpeg,1,977
lungn4848.jpeg,1,907
lungn4849.jpeg,1,800
lungn4850.jpeg,1,922
lungn4852.jpeg,1,771
lungn4853.jpeg,1,833
lungn4855.jpeg,1,933
lungn4856.jpeg,1,832
lungn4857.jpeg,1,841
lungn4858.jpeg,1,841
lungn4859.jpeg,1,831
lungn4860.jpeg,1,831
lungn4861.jpeg,1,931
lungn4862.jpeg,1,881
lungn4864.jpeg,1,759
lungn4865.jpeg,1,759
lungn4866.jpeg,1,965
lungn4867.jpeg,1,794
lungn4868.jpeg,1,794
lungn4871.jpeg,1,850
lungn4872.jpeg,1,806
lungn4873.jpeg,1,826
lungn4874.jpeg,1,812
lungn4875.jpeg,1,860
lungn4876.jpeg,1,860
lungn4877.jpeg,1,767
lungn4878.jpeg,1,822
lungn4879.jpeg,1,761
lungn4880.jpeg,1,761
lungn4881.jpeg,1,761
lungn4883.jpeg,1,825
lungn4885.jpeg,1,956
lungn4886.jpeg,1,956
lungn4889.jpeg,1,867
lungn489.jpeg,1,932
lungn4891.jpeg,1,852
lungn4892.jpeg,1,892
lungn4894.jpeg,1,756
lungn4895.jpeg,1,762
lungn4896.jpeg,1,750
lungn4897.jpeg,1,902
lungn4899.jpeg,1,957
lungn49.jpeg,1,916
lungn490.jpeg,1,778
lungn4903.jpeg,1,928
lungn4904.jpeg,1,928
lungn4907.jpeg,1,877
lungn491.jpeg,1,909
lungn4911.jpeg,1,983
lungn4912.jpeg,1,820
lungn4913.jpeg,1,800
lungn4914.jpeg,1,766
lungn4915.jpeg,1,922
lungn4917.jpeg,1,927
lungn4918.jpeg,1,927
lungn4919.jpeg,1,833
lungn4921.jpeg,1,981
lungn4923.jpeg,1,933
lungn4924.jpeg,1,988
lungn4925.jpeg,1,906
lungn4927.jpeg,1,881
lungn4928.jpeg,1,884
lungn4929.jpeg,1,984
lungn493.jpeg,1,892
lungn4930.jpeg,1,984
lungn4934.jpeg,1,814
lungn4937.jpeg,1,774
lungn4938.jpeg,1,774
lungn4939.jpeg,1,929
lungn494.jpeg,1,869
lungn4941.jpeg,1,840
lungn4942.jpeg,1,886
lungn4943.jpeg,1,865
lungn4944.jpeg,1,880
lungn4946.jpeg,1,769
lungn495.jpeg,1,854
lungn4950.jpeg,1,859
lungn4955.jpeg,1,778
lungn4956.jpeg,1,776
lungn4959.jpeg,1,750
lungn496.jpeg,1,854
lungn4960.jpeg,1,835
lungn4961.jpeg,1,775
lungn4962.jpeg,1,802
lungn4963.jpeg,1,883
lungn4965.jpeg,1,793
lungn4967.jpeg,1,824
lungn4968.jpeg,1,824
lungn497.jpeg,1,996
lungn4970.jpeg,1,983
lungn4971.jpeg,1,800
lungn4973.jpeg,1,978
lungn4974.jpeg,1,843
lungn4976.jpeg,1,794
lungn4977.jpeg,1,857
lungn4978.jpeg,1,937
lungn4979.jpeg,1,816
lungn498.jpeg,1,911
lungn4980.jpeg,1,795
lungn4981.jpeg,1,814
lungn4982.jpeg,1,868
lungn4983.jpeg,1,899
lungn4985.jpeg,1,782
lungn4987.jpeg,1,850
lungn4988.jpeg,1,872
lungn499.jpeg,1,762
lungn4993.jpeg,1,792
lungn4994.jpeg,1,799
lungn5.jpeg,1,771
lungn500.jpeg,1,902
lungn5000.jpeg,1,957
lungn501.jpeg,1,835
lungn502.jpeg,1,871
lungn504.jpeg,1,885
lungn505.jpeg,1,957
lungn506.jpeg,1,967
lungn508.jpeg,1,948
lungn51.jpeg,1,896
lungn511.jpeg,1,952
lungn512.jpeg,1,983
lungn517.jpeg,1,796
lungn518.jpeg,1,785
lungn519.jpeg,1,785
lungn52.jpeg,1,931
lungn521.jpeg,1,938
lungn523.jpeg,1,933
lungn525.jpeg,1,841
lungn526.jpeg,1,866
lungn527.jpeg,1,803
lungn528.jpeg,1,970
lungn53.jpeg,1,881
lungn531.jpeg,1,857
lungn532.jpeg,1,917
lungn536.jpeg,1,868
lungn54.jpeg,1,759
lungn540.jpeg,1,777
lungn541.jpeg,1,974
lungn542.jpeg,1,780
lungn543.jpeg,1,880
lungn546.jpeg,1,956
lungn549.jpeg,1,859
lungn550.jpeg,1,859
lungn551.jpeg,1,859
lungn552.jpeg,1,859
lungn555.jpeg,1,815
lungn556.jpeg,1,991
lungn557.jpeg,1,972
lungn558.jpeg,1,776
lungn56.jpeg,1,970
lungn560.jpeg,1,901
lungn561.jpeg,1,966
lungn563.jpeg,1,879
lungn564.jpeg,1,975
lungn565.jpeg,1,885
lungn566.jpeg,1,885
lungn567.jpeg,1,818
lungn569.jpeg,1,753
lungn57.jpeg,1,889
lungn570.jpeg,1,982
lungn572.jpeg,1,813
lungn573.jpeg,1,980
lungn574.jpeg,1,977
lungn575.jpeg,1,907
lungn576.jpeg,1,912
lungn577.jpeg,1,912
lungn578.jpeg,1,900
lungn579.jpeg,1,771
lungn58.jpeg,1,914
lungn582.jpeg,1,821
lungn583.jpeg,1,797
lungn584.jpeg,1,981
lungn585.jpeg,1,916
lungn59.jpeg,1,941
lungn592.jpeg,1,794
lungn593.jpeg,1,941
lungn595.jpeg,1,764
lungn596.jpeg,1,816
lungn598.jpeg,1,757
lungn599.jpeg,1,929
lungn6.jpeg,1,834
lungn60.jpeg,1,941
lungn600.jpeg,1,893
lungn601.jpeg,1,808
lungn602.jpeg,1,782
lungn603.jpeg,1,782
lungn606.jpeg,1,840
lungn607.jpeg,1,806
lungn608.jpeg,1,847
lungn609.jpeg,1,767
lungn61.jpeg,1,899
lungn610.jpeg,1,779
lungn611.jpeg,1,822
lungn612.jpeg,1,780
lungn613.jpeg,1,801
lungn614.jpeg,1,801
lungn615.jpeg,1,956
lungn616.jpeg,1,829
lungn618.jpeg,1,788
lungn619.jpeg,1,788
lungn62.jpeg,1,850
lungn620.jpeg,1,778
lungn621.jpeg,1,776
lungn624.jpeg,1,756
lungn626.jpeg,1,835
lungn627.jpeg,1,802
lungn628.jpeg,1,883
lungn63.jpeg,1,826
lungn630.jpeg,1,973
lungn633.jpeg,1,980
lungn635.jpeg,1,800
lungn636.jpeg,1,912
lungn637.jpeg,1,994
lungn638.jpeg,1,796
lungn639.jpeg,1,834
lungn640.jpeg,1,919
lungn645.jpeg,1,906
lungn647.jpeg,1,843
lungn65.jpeg,1,767
lungn651.jpeg,1,816
lungn652.jpeg,1,795
lungn655.jpeg,1,757
lungn658.jpeg,1,893
lungn66.jpeg,1,761
lungn661.jpeg,1,826
lungn662.jpeg,1,826
lungn663.jpeg,1,872
lungn664.jpeg,1,886
lungn665.jpeg,1,839
lungn666.jpeg,1,777
lungn667.jpeg,1,779
lungn668.jpeg,1,769
lungn669.jpeg,1,769
lungn67.jpeg,1,974
lungn670.jpeg,1,925
lungn671.jpeg,1,829
lungn673.jpeg,1,932
lungn674.jpeg,1,792
lungn675.jpeg,1,991
lungn676.jpeg,1,867
lungn678.jpeg,1,869
lungn679.jpeg,1,854
lungn68.jpeg,1,974
lungn689.jpeg,1,820
lungn690.jpeg,1,922
lungn693.jpeg,1,905
lungn696.jpeg,1,921
lungn697.jpeg,1,910
lungn698.jpeg,1,910
lungn7.jpeg,1,834
lungn701.jpeg,1,831
lungn702.jpeg,1,831
lungn703.jpeg,1,831
lungn704.jpeg,1,803
lungn705.jpeg,1,797
lungn706.jpeg,1,759
lungn708.jpeg,1,917
lungn709.jpeg,1,838
lungn710.jpeg,1,853
lungn711.jpeg,1,814
lungn712.jpeg,1,814
lungn713.jpeg,1,774
lungn715.jpeg,1,758
lungn716.jpeg,1,860
lungn717.jpeg,1,847
lungn718.jpeg,1,839
lungn719.jpeg,1,865
lungn72.jpeg,1,846
lungn720.jpeg,1,779
lungn721.jpeg,1,779
lungn722.jpeg,1,780
lungn723.jpeg,1,790
lungn726.jpeg,1,901
lungn730.jpeg,1,750
lungn732.jpeg,1,791
lungn733.jpeg,1,913
lungn734.jpeg,1,913
lungn735.jpeg,1,957
lungn736.jpeg,1,775
lungn737.jpeg,1,912
lungn738.jpeg,1,883
lungn739.jpeg,1,883
lungn74.jpeg,1,788
lungn740.jpeg,1,976
lungn741.jpeg,1,878
lungn743.jpeg,1,897
lungn744.jpeg,1,952
lungn745.jpeg,1,977
lungn747.jpeg,1,862
lungn748.jpeg,1,766
lungn749.jpeg,1,766
lungn75.jpeg,1,867
lungn750.jpeg,1,927
lungn751.jpeg,1,919
lungn757.jpeg,1,866
lungn758.jpeg,1,953
lungn76.jpeg,1,867
lungn760.jpeg,1,965
lungn761.jpeg,1,884
lungn762.jpeg,1,794
lungn763.jpeg,1,857
lungn765.jpeg,1,937
lungn766.jpeg,1,853
lungn767.jpeg,1,853
lungn768.jpeg,1,757
lungn77.jpeg,1,972
lungn771.jpeg,1,826
lungn772.jpeg,1,904
lungn773.jpeg,1,860
lungn774.jpeg,1,939
lungn776.jpeg,1,974
lungn779.jpeg,1,830
lungn78.jpeg,1,765
lungn781.jpeg,1,932
lungn783.jpeg,1,852
lungn785.jpeg,1,892
lungn786.jpeg,1,869
lungn787.jpeg,1,854
lungn789.jpeg,1,879
lungn79.jpeg,1,776
lungn790.jpeg,1,924
lungn792.jpeg,1,957
lungn793.jpeg,1,775
lungn794.jpeg,1,912
lungn795.jpeg,1,883
lungn797.jpeg,1,793
lungn799.jpeg,1,897
lungn8.jpeg,1,910
lungn800.jpeg,1,753
lungn803.jpeg,1,864
lungn805.jpeg,1,824
lungn809.jpeg,1,862
lungn81.jpeg,1,901
lungn813.jpeg,1,771
lungn814.jpeg,1,796
lungn816.jpeg,1,933
lungn818.jpeg,1,910
lungn819.jpeg,1,836
lungn82.jpeg,1,902
lungn820.jpeg,1,916
lungn821.jpeg,1,841
lungn822.jpeg,1,843
lungn823.jpeg,1,995
lungn824.jpeg,1,794
lungn825.jpeg,1,838
lungn826.jpeg,1,941
lungn827.jpeg,1,764
lungn83.jpeg,1,885
lungn830.jpeg,1,757
lungn831.jpeg,1,893
lungn832.jpeg,1,839
lungn833.jpeg,1,822
lungn834.jpeg,1,761
lungn837.jpeg,1,974
lungn838.jpeg,1,974
lungn839.jpeg,1,801
lungn84.jpeg,1,957
lungn840.jpeg,1,801
lungn841.jpeg,1,925
lungn842.jpeg,1,925
lungn843.jpeg,1,804
lungn844.jpeg,1,859
lungn846.jpeg,1,815
lungn847.jpeg,1,932
lungn850.jpeg,1,867
lungn851.jpeg,1,901
lungn853.jpeg,1,852
lungn855.jpeg,1,911
lungn858.jpeg,1,835
lungn859.jpeg,1,775
lungn860.jpeg,1,817
lungn862.jpeg,1,982
lungn867.jpeg,1,824
lungn870.jpeg,1,907
lungn871.jpeg,1,907
lungn872.jpeg,1,912
lungn873.jpeg,1,797
lungn874.jpeg,1,785
lungn878.jpeg,1,836
lungn879.jpeg,1,836
lungn88.jpeg,1,773
lungn880.jpeg,1,916
lungn881.jpeg,1,896
lungn882.jpeg,1,906
lungn883.jpeg,1,843
lungn884.jpeg,1,931
lungn885.jpeg,1,937
lungn887.jpeg,1,795
lungn889.jpeg,1,929
lungn891.jpeg,1,893
lungn892.jpeg,1,893
lungn893.jpeg,1,915
lungn894.jpeg,1,840
lungn895.jpeg,1,840
lungn897.jpeg,1,812
lungn898.jpeg,1,939
lungn899.jpeg,1,822
lungn9.jpeg,1,931
lungn900.jpeg,1,761
lungn901.jpeg,1,761
lungn902.jpeg,1,880
lungn904.jpeg,1,991
lungn905.jpeg,1,799
lungn907.jpeg,1,901
lungn908.jpeg,1,901
lungn909.jpeg,1,852
lungn910.jpeg,1,852
lungn911.jpeg,1,869
lungn918.jpeg,1,756
lungn920.jpeg,1,951
lungn921.jpeg,1,818
lungn924.jpeg,1,976
lungn926.jpeg,1,928
lungn927.jpeg,1,793
lungn928.jpeg,1,793
lungn93.jpeg,1,980
lungn932.jpeg,1,813
lungn935.jpeg,1,820
lungn938.jpeg,1,797
lungn939.jpeg,1,797
lungn940.jpeg,1,785
lungn942.jpeg,1,938
lungn944.jpeg,1,921
lungn946.jpeg,1,841
lungn947.jpeg,1,866
lungn948.jpeg,1,953
lungn95.jpeg,1,922
lungn950.jpeg,1,759
lungn952.jpeg,1,764
lungn953.jpeg,1,764
lungn954.jpeg,1,853
lungn955.jpeg,1,757
lungn956.jpeg,1,868
lungn958.jpeg,1,898
lungn960.jpeg,1,840
lungn961.jpeg,1,992
lungn962.jpeg,1,761
lungn965.jpeg,1,825
lungn966.jpeg,1,825
lungn967.jpeg,1,801
lungn968.jpeg,1,801
lungn969.jpeg,1,769
lungn97.jpeg,1,834
lungn974.jpeg,1,869
lungn975.jpeg,1,869
lungn98.jpeg,1,905
lungn980.jpeg,1,911
lungn982.jpeg,1,879
lungn983.jpeg,1,902
lungn984.jpeg,1,791
lungn986.jpeg,1,802
lungn988.jpeg,1,878
lungn989.jpeg,1,810
lungn991.jpeg,1,813
lungn994.jpeg,1,952
lungn996.jpeg,1,800
lungn997.jpeg,1,922
lungn998.jpeg,1,905
lungscc1.jpeg,2,1202
lungscc10.jpeg,2,1023
lungscc1000.jpeg,2,1149
lungscc1003.jpeg,2,998
lungscc1004.jpeg,2,998
lungscc1005.jpeg,2,1077
lungscc1006.jpeg,2,1077
lungscc1007.jpeg,2,1020
lungscc1008.jpeg,2,1212
lungscc101.jpeg,2,1010
lungscc1010.jpeg,2,1186
lungscc1011.jpeg,2,1014
lungscc1013.jpeg,2,1047
lungscc1016.jpeg,2,1027
lungscc1017.jpeg,2,1010
lungscc1018.jpeg,2,1100
lungscc102.jpeg,2,1193
lungscc1021.jpeg,2,1086
lungscc1022.jpeg,2,1122
lungscc1024.jpeg,2,1089
lungscc1025.jpeg,2,1223
lungscc1026.jpeg,2,1035
lungscc1027.jpeg,2,1035
lungscc1028.jpeg,2,1060
lungscc1032.jpeg,2,1225
lungscc1033.jpeg,2,1097
lungscc1034.jpeg,2,1127
lungscc1035.jpeg,2,1108
lungscc1037.jpeg,2,1057
lungscc1038.jpeg,2,1057
lungscc1039.jpeg,2,1194
lungscc104.jpeg,2,1064
lungscc1040.jpeg,2,1070
lungscc1041.jpeg,2,1063
lungscc1042.jpeg,2,1038
lungscc1043.jpeg,2,1075
lungscc1045.jpeg,2,1095
lungscc1046.jpeg,2,1110
lungscc1047.jpeg,2,1031
lungscc1048.jpeg,2,1022
lungscc1049.jpeg,2,1022
lungscc105.jpeg,2,1219
lungscc1051.jpeg,2,1187
lungscc1052.jpeg,2,1056
lungscc1054.jpeg,2,1202
lungscc1055.jpeg,2,1116
lungscc1059.jpeg,2,1132
lungscc106.jpeg,2,1025
lungscc1060.jpeg,2,1174
lungscc1062.jpeg,2,1144
lungscc1064.jpeg,2,1215
lungscc1065.jpeg,2,1020
lungscc1066.jpeg,2,1023
lungscc1067.jpeg,2,1023
lungscc1068.jpeg,2,1023
lungscc1070.jpeg,2,1014
lungscc1071.jpeg,2,1093
lungscc1072.jpeg,2,1125
lungscc1073.jpeg,2,1137
lungscc1075.jpeg,2,1018
lungscc1078.jpeg,2,1159
lungscc1079.jpeg,2,1010
lungscc1080.jpeg,2,1193
lungscc1081.jpeg,2,1143
lungscc1083.jpeg,2,1219
lungscc1084.jpeg,2,1237
lungscc1085.jpeg,2,1086
lungscc1086.jpeg,2,1086
lungscc1087.jpeg,2,1086
lungscc1088.jpeg,2,1121
lungscc1091.jpeg,2,1080
lungscc1094.jpeg,2,1062
lungscc1096.jpeg,2,1026
lungscc1097.jpeg,2,1078
lungscc110.jpeg,2,1210
lungscc1101.jpeg,2,1216
lungscc1102.jpeg,2,1057
lungscc1105.jpeg,2,1030
lungscc1107.jpeg,2,1063
lungscc1108.jpeg,2,1142
lungscc1109.jpeg,2,1075
lungscc1111.jpeg,2,1201
lungscc1112.jpeg,2,1041
lungscc1114.jpeg,2,999
lungscc1115.jpeg,2,1043
lungscc1117.jpeg,2,1042
lungscc1119.jpeg,2,1146
lungscc112.jpeg,2,1229
lungscc1120.jpeg,2,1242
lungscc1122.jpeg,2,1149
lungscc1124.jpeg,2,1028
lungscc1125.jpeg,2,1168
lungscc1126.jpeg,2,1123
lungscc1127.jpeg,2,1123
lungscc1129.jpeg,2,1019
lungscc1130.jpeg,2,1007
lungscc1131.jpeg,2,1114
lungscc1132.jpeg,2,1134
lungscc1133.jpeg,2,1137
lungscc1134.jpeg,2,1137
lungscc1136.jpeg,2,1152
lungscc114.jpeg,2,1155
lungscc1142.jpeg,2,1171
lungscc1143.jpeg,2,1171
lungscc1148.jpeg,2,1121
lungscc115.jpeg,2,1097
lungscc1150.jpeg,2,1182
lungscc1151.jpeg,2,1210
lungscc1152.jpeg,2,1210
lungscc1153.jpeg,2,1008
lungscc1155.jpeg,2,1009
lungscc1157.jpeg,2,1225
lungscc116.jpeg,2,1078
lungscc1160.jpeg,2,1108
lungscc1161.jpeg,2,1118
lungscc1164.jpeg,2,1165
lungscc1165.jpeg,2,1165
lungscc1166.jpeg,2,1094
lungscc1168.jpeg,2,1142
lungscc1169.jpeg,2,999
lungscc117.jpeg,2,1127
lungscc1170.jpeg,2,1095
lungscc1171.jpeg,2,1015
lungscc1172.jpeg,2,1022
lungscc1174.jpeg,2,1056
lungscc1175.jpeg,2,1166
lungscc1176.jpeg,2,1166
lungscc1177.jpeg,2,1146
lungscc118.jpeg,2,1120
lungscc1181.jpeg,2,1150
lungscc1182.jpeg,2,1006
lungscc1183.jpeg,2,1006
lungscc1185.jpeg,2,1049
lungscc1186.jpeg,2,1208
lungscc1187.jpeg,2,1230
lungscc1189.jpeg,2,1106
lungscc119.jpeg,2,1120
lungscc1190.jpeg,2,1129
lungscc1194.jpeg,2,1003
lungscc1195.jpeg,2,1134
lungscc1196.jpeg,2,1188
lungscc1197.jpeg,2,1128
lungscc1199.jpeg,2,1137
lungscc120.jpeg,2,1057
lungscc1201.jpeg,2,1024
lungscc1202.jpeg,2,1236
lungscc1203.jpeg,2,1159
lungscc1204.jpeg,2,1076
lungscc1205.jpeg,2,1191
lungscc1206.jpeg,2,1191
lungscc1207.jpeg,2,1223
lungscc1208.jpeg,2,1080
lungscc121.jpeg,2,1057
lungscc1210.jpeg,2,1153
lungscc1211.jpeg,2,1153
lungscc1215.jpeg,2,1097
lungscc1216.jpeg,2,1127
lungscc1217.jpeg,2,1120
lungscc1219.jpeg,2,1177
lungscc122.jpeg,2,1057
lungscc1226.jpeg,2,1240
lungscc1228.jpeg,2,1022
lungscc1229.jpeg,2,1022
lungscc123.jpeg,2,1011
lungscc1230.jpeg,2,1056
lungscc1231.jpeg,2,1116
lungscc1232.jpeg,2,1071
lungscc1235.jpeg,2,1208
lungscc1236.jpeg,2,1233
lungscc1237.jpeg,2,1230
lungscc1239.jpeg,2,1197
lungscc124.jpeg,2,1011
lungscc1241.jpeg,2,1170
lungscc1242.jpeg,2,1028
lungscc1245.jpeg,2,998
lungscc1246.jpeg,2,1077
lungscc1247.jpeg,2,1232
lungscc1248.jpeg,2,1114
lungscc1249.jpeg,2,1014
lungscc125.jpeg,2,1167
lungscc1250.jpeg,2,1188
lungscc1251.jpeg,2,1130
lungscc1252.jpeg,2,1130
lungscc1253.jpeg,2,1037
lungscc1254.jpeg,2,1037
lungscc1255.jpeg,2,1112
lungscc1256.jpeg,2,1236
lungscc1257.jpeg,2,1143
lungscc1258.jpeg,2,1092
lungscc1259.jpeg,2,1092
lungscc1260.jpeg,2,1111
lungscc1261.jpeg,2,1051
lungscc1263.jpeg,2,1195
lungscc1264.jpeg,2,1081
lungscc1265.jpeg,2,1017
lungscc1266.jpeg,2,1086
lungscc1267.jpeg,2,1025
lungscc1269.jpeg,2,1124
lungscc1270.jpeg,2,1080
lungscc1274.jpeg,2,1126
lungscc1275.jpeg,2,1181
lungscc1276.jpeg,2,1120
lungscc128.jpeg,2,1070
lungscc1280.jpeg,2,1113
lungscc1281.jpeg,2,1194
lungscc1282.jpeg,2,1030
lungscc1283.jpeg,2,1094
lungscc1285.jpeg,2,1038
lungscc1287.jpeg,2,1142
lungscc1291.jpeg,2,1095
lungscc1292.jpeg,2,1240
lungscc1293.jpeg,2,1240
lungscc1294.jpeg,2,1240
lungscc1295.jpeg,2,1034
lungscc1296.jpeg,2,1099
lungscc1298.jpeg,2,1202
lungscc1299.jpeg,2,1146
lungscc13.jpeg,2,1173
lungscc130.jpeg,2,1038
lungscc1301.jpeg,2,1049
lungscc1302.jpeg,2,1244
lungscc1303.jpeg,2,1149
lungscc1305.jpeg,2,1168
lungscc1306.jpeg,2,1140
lungscc1307.jpeg,2,1221
lungscc1308.jpeg,2,1020
lungscc1309.jpeg,2,1212
lungscc131.jpeg,2,1075
lungscc1312.jpeg,2,1007
lungscc1314.jpeg,2,1093
lungscc1316.jpeg,2,1024
lungscc1317.jpeg,2,1024
lungscc1318.jpeg,2,1061
lungscc1319.jpeg,2,1064
lungscc1321.jpeg,2,1219
lungscc1322.jpeg,2,1017
lungscc1323.jpeg,2,1122
lungscc1324.jpeg,2,1121
lungscc1325.jpeg,2,1147
lungscc1326.jpeg,2,1206
lungscc1329.jpeg,2,1153
lungscc133.jpeg,2,1095
lungscc1333.jpeg,2,1026
lungscc1335.jpeg,2,1097
lungscc1337.jpeg,2,1113
lungscc1338.jpeg,2,1057
lungscc1339.jpeg,2,1057
lungscc134.jpeg,2,1015
lungscc1340.jpeg,2,1057
lungscc1341.jpeg,2,1165
lungscc1342.jpeg,2,1038
lungscc1344.jpeg,2,1201
lungscc1347.jpeg,2,1015
lungscc1348.jpeg,2,1043
lungscc1349.jpeg,2,1074
lungscc1350.jpeg,2,1074
lungscc1351.jpeg,2,1156
lungscc1352.jpeg,2,1099
lungscc1354.jpeg,2,1217
lungscc1355.jpeg,2,1208
lungscc1356.jpeg,2,1132
lungscc1357.jpeg,2,1197
lungscc1358.jpeg,2,1197
lungscc1359.jpeg,2,1170
lungscc1360.jpeg,2,1170
lungscc1361.jpeg,2,1170
lungscc1363.jpeg,2,1106
lungscc1364.jpeg,2,1106
lungscc1365.jpeg,2,1212
lungscc1367.jpeg,2,1134
lungscc1368.jpeg,2,1243
lungscc1369.jpeg,2,1024
lungscc137.jpeg,2,1240
lungscc1370.jpeg,2,1047
lungscc1371.jpeg,2,1173
lungscc1375.jpeg,2,1092
lungscc1379.jpeg,2,1195
lungscc138.jpeg,2,1043
lungscc1380.jpeg,2,1219
lungscc1381.jpeg,2,1122
lungscc1382.jpeg,2,1089
lungscc1383.jpeg,2,1068
lungscc1384.jpeg,2,1009
lungscc1387.jpeg,2,1085
lungscc1388.jpeg,2,1127
lungscc139.jpeg,2,1074
lungscc1390.jpeg,2,1057
lungscc1391.jpeg,2,1194
lungscc1393.jpeg,2,1030
lungscc1399.jpeg,2,1075
lungscc140.jpeg,2,1107
lungscc1402.jpeg,2,999
lungscc1403.jpeg,2,1107
lungscc1404.jpeg,2,1022
lungscc1405.jpeg,2,1145
lungscc1406.jpeg,2,1166
lungscc1407.jpeg,2,1166
lungscc1408.jpeg,2,1234
lungscc1409.jpeg,2,1146
lungscc1411.jpeg,2,1049
lungscc1412.jpeg,2,1132
lungscc1413.jpeg,2,1174
lungscc1414.jpeg,2,1144
lungscc1415.jpeg,2,1197
lungscc1417.jpeg,2,1214
lungscc1418.jpeg,2,1028
lungscc142.jpeg,2,1022
lungscc1420.jpeg,2,1140
lungscc1421.jpeg,2,1221
lungscc1423.jpeg,2,1179
lungscc1424.jpeg,2,1179
lungscc1427.jpeg,2,1232
lungscc1428.jpeg,2,1137
lungscc1429.jpeg,2,1213
lungscc143.jpeg,2,1198
lungscc1430.jpeg,2,1213
lungscc1433.jpeg,2,1010
lungscc1435.jpeg,2,1111
lungscc1436.jpeg,2,1111
lungscc1437.jpeg,2,1064
lungscc144.jpeg,2,1021
lungscc1440.jpeg,2,1195
lungscc1441.jpeg,2,1219
lungscc1442.jpeg,2,1237
lungscc1443.jpeg,2,1025
lungscc1444.jpeg,2,1196
lungscc1445.jpeg,2,1080
lungscc1446.jpeg,2,1080
lungscc1447.jpeg,2,1060
lungscc1449.jpeg,2,1162
lungscc145.jpeg,2,1021
lungscc1450.jpeg,2,1097
lungscc1452.jpeg,2,1127
lungscc1453.jpeg,2,1200
lungscc1454.jpeg,2,1222
lungscc1455.jpeg,2,1011
lungscc1457.jpeg,2,1165
lungscc1458.jpeg,2,1165
lungscc1460.jpeg,2,1038
lungscc1461.jpeg,2,1058
lungscc1462.jpeg,2,999
lungscc1463.jpeg,2,1239
lungscc1464.jpeg,2,1242
lungscc1465.jpeg,2,1217
lungscc1466.jpeg,2,1144
lungscc1467.jpeg,2,1163
lungscc1468.jpeg,2,1214
lungscc1469.jpeg,2,1168
lungscc147.jpeg,2,1116
lungscc1471.jpeg,2,1123
lungscc1473.jpeg,2,998
lungscc1474.jpeg,2,998
lungscc1475.jpeg,2,1007
lungscc1476.jpeg,2,1003
lungscc1477.jpeg,2,1134
lungscc1478.jpeg,2,1125
lungscc1480.jpeg,2,1130
lungscc1481.jpeg,2,1152
lungscc1484.jpeg,2,1027
lungscc1485.jpeg,2,1112
lungscc1487.jpeg,2,1092
lungscc149.jpeg,2,1040
lungscc1491.jpeg,2,1017
lungscc1492.jpeg,2,1119
lungscc1493.jpeg,2,1089
lungscc1494.jpeg,2,1089
lungscc1495.jpeg,2,1147
lungscc1496.jpeg,2,1124
lungscc1497.jpeg,2,1080
lungscc1498.jpeg,2,1206
lungscc1499.jpeg,2,1153
lungscc1501.jpeg,2,1155
lungscc1502.jpeg,2,1162
lungscc1503.jpeg,2,1126
lungscc1504.jpeg,2,1181
lungscc1506.jpeg,2,1177
lungscc1507.jpeg,2,1057
lungscc1508.jpeg,2,1011
lungscc151.jpeg,2,1006
lungscc1512.jpeg,2,999
lungscc1513.jpeg,2,1095
lungscc1514.jpeg,2,1074
lungscc1515.jpeg,2,1107
lungscc1516.jpeg,2,1107
lungscc1517.jpeg,2,1021
lungscc1519.jpeg,2,1132
lungscc1520.jpeg,2,1233
lungscc1521.jpeg,2,1230
lungscc1522.jpeg,2,1197
lungscc1527.jpeg,2,1179
lungscc1528.jpeg,2,998
lungscc1529.jpeg,2,1077
lungscc1530.jpeg,2,1019
lungscc1533.jpeg,2,1176
lungscc1534.jpeg,2,1023
lungscc1535.jpeg,2,1186
lungscc1536.jpeg,2,1134
lungscc1538.jpeg,2,1188
lungscc1540.jpeg,2,1018
lungscc1541.jpeg,2,1024
lungscc1542.jpeg,2,1024
lungscc1543.jpeg,2,1173
lungscc1545.jpeg,2,1236
lungscc1547.jpeg,2,1171
lungscc1548.jpeg,2,1143
lungscc155.jpeg,2,1163
lungscc1550.jpeg,2,1051
lungscc1553.jpeg,2,1081
lungscc1554.jpeg,2,1025
lungscc1555.jpeg,2,1025
lungscc1556.jpeg,2,1119
lungscc1558.jpeg,2,1060
lungscc1559.jpeg,2,1229
lungscc156.jpeg,2,1129
lungscc1560.jpeg,2,1155
lungscc1561.jpeg,2,1155
lungscc1562.jpeg,2,1062
lungscc1563.jpeg,2,1162
lungscc1564.jpeg,2,1078
lungscc1566.jpeg,2,1127
lungscc1567.jpeg,2,1108
lungscc1568.jpeg,2,1113
lungscc1569.jpeg,2,1002
lungscc1570.jpeg,2,1011
lungscc1573.jpeg,2,1030
lungscc1574.jpeg,2,1165
lungscc1575.jpeg,2,1063
lungscc1576.jpeg,2,1038
lungscc1577.jpeg,2,1142
lungscc1578.jpeg,2,1075
lungscc1579.jpeg,2,1075
lungscc158.jpeg,2,1020
lungscc1581.jpeg,2,1041
lungscc1582.jpeg,2,1160
lungscc1583.jpeg,2,999
lungscc1584.jpeg,2,999
lungscc1585.jpeg,2,1043
lungscc1586.jpeg,2,1098
lungscc1587.jpeg,2,1056
lungscc1588.jpeg,2,1234
lungscc159.jpeg,2,1232
lungscc1592.jpeg,2,1001
lungscc1593.jpeg,2,1244
lungscc1594.jpeg,2,1233
lungscc1595.jpeg,2,1149
lungscc1596.jpeg,2,1170
lungscc1598.jpeg,2,1163
lungscc1599.jpeg,2,1168
lungscc1601.jpeg,2,1215
lungscc1602.jpeg,2,1101
lungscc1603.jpeg,2,1176
lungscc1606.jpeg,2,1024
lungscc1607.jpeg,2,1027
lungscc1608.jpeg,2,1112
lungscc1609.jpeg,2,1236
lungscc161.jpeg,2,1003
lungscc1612.jpeg,2,1051
lungscc1613.jpeg,2,1081
lungscc1614.jpeg,2,1017
lungscc1616.jpeg,2,1124
lungscc1617.jpeg,2,1124
lungscc1618.jpeg,2,1065
lungscc1619.jpeg,2,1206
lungscc162.jpeg,2,1134
lungscc1620.jpeg,2,1210
lungscc1621.jpeg,2,1199
lungscc1624.jpeg,2,1127
lungscc1627.jpeg,2,1118
lungscc1629.jpeg,2,1057
lungscc1631.jpeg,2,1142
lungscc1632.jpeg,2,1160
lungscc1633.jpeg,2,1110
lungscc1634.jpeg,2,1110
lungscc1635.jpeg,2,1034
lungscc1637.jpeg,2,1031
lungscc1638.jpeg,2,1211
lungscc164.jpeg,2,1093
lungscc1641.jpeg,2,1071
lungscc1642.jpeg,2,1071
lungscc1647.jpeg,2,1132
lungscc1648.jpeg,2,1132
lungscc1649.jpeg,2,1233
lungscc165.jpeg,2,1243
lungscc1650.jpeg,2,1174
lungscc1652.jpeg,2,1149
lungscc1653.jpeg,2,1170
lungscc1656.jpeg,2,1106
lungscc1659.jpeg,2,1179
lungscc1660.jpeg,2,1212
lungscc1661.jpeg,2,1003
lungscc1662.jpeg,2,1014
lungscc1663.jpeg,2,1137
lungscc1664.jpeg,2,1047
lungscc1666.jpeg,2,1061
lungscc1667.jpeg,2,1061
lungscc1668.jpeg,2,1236
lungscc1669.jpeg,2,1159
lungscc1670.jpeg,2,1010
lungscc1673.jpeg,2,1081
lungscc1674.jpeg,2,1237
lungscc1676.jpeg,2,1124
lungscc1677.jpeg,2,1065
lungscc1678.jpeg,2,1182
lungscc1679.jpeg,2,1008
lungscc168.jpeg,2,1024
lungscc1680.jpeg,2,1060
lungscc1681.jpeg,2,1009
lungscc1682.jpeg,2,1155
lungscc1684.jpeg,2,1126
lungscc1685.jpeg,2,1103
lungscc1686.jpeg,2,1103
lungscc1687.jpeg,2,1118
lungscc1689.jpeg,2,1167
lungscc1690.jpeg,2,1070
lungscc1691.jpeg,2,1063
lungscc1693.jpeg,2,1038
lungscc1695.jpeg,2,1041
lungscc1696.jpeg,2,1041
lungscc1697.jpeg,2,1160
lungscc1698.jpeg,2,1160
lungscc1699.jpeg,2,999
lungscc1700.jpeg,2,1110
lungscc1701.jpeg,2,1034
lungscc1702.jpeg,2,1031
lungscc1703.jpeg,2,1088
lungscc1705.jpeg,2,1156
lungscc1706.jpeg,2,1202
lungscc1707.jpeg,2,1116
lungscc1710.jpeg,2,1150
lungscc1711.jpeg,2,1006
lungscc1712.jpeg,2,1217
lungscc1713.jpeg,2,1175
lungscc1715.jpeg,2,1106
lungscc1716.jpeg,2,1129
lungscc1717.jpeg,2,1123
lungscc1720.jpeg,2,1101
lungscc1722.jpeg,2,1188
lungscc1723.jpeg,2,1188
lungscc1724.jpeg,2,1125
lungscc1725.jpeg,2,1213
lungscc1727.jpeg,2,1171
lungscc1728.jpeg,2,1171
lungscc1729.jpeg,2,1076
lungscc173.jpeg,2,1195
lungscc1730.jpeg,2,1076
lungscc1731.jpeg,2,1092
lungscc1732.jpeg,2,1191
lungscc1733.jpeg,2,1081
lungscc1734.jpeg,2,1081
lungscc1735.jpeg,2,1119
lungscc1736.jpeg,2,1035
lungscc1737.jpeg,2,1008
lungscc1738.jpeg,2,1199
lungscc1739.jpeg,2,1155
lungscc174.jpeg,2,1081
lungscc1742.jpeg,2,1026
lungscc1743.jpeg,2,1085
lungscc1744.jpeg,2,1103
lungscc1745.jpeg,2,1177
lungscc1746.jpeg,2,1177
lungscc1747.jpeg,2,1216
lungscc1749.jpeg,2,1222
lungscc175.jpeg,2,1017
lungscc1750.jpeg,2,1057
lungscc1751.jpeg,2,1194
lungscc1753.jpeg,2,1094
lungscc1755.jpeg,2,1160
lungscc1756.jpeg,2,1095
lungscc1757.jpeg,2,1043
lungscc1758.jpeg,2,1146
lungscc176.jpeg,2,1237
lungscc1760.jpeg,2,1150
lungscc1761.jpeg,2,1242
lungscc1763.jpeg,2,1132
lungscc1764.jpeg,2,1163
lungscc1765.jpeg,2,1028
lungscc1766.jpeg,2,1168
lungscc1767.jpeg,2,1129
lungscc1768.jpeg,2,1221
lungscc177.jpeg,2,1086
lungscc1770.jpeg,2,1179
lungscc1771.jpeg,2,1077
lungscc1775.jpeg,2,1186
lungscc1778.jpeg,2,1188
lungscc1779.jpeg,2,1016
lungscc178.jpeg,2,1025
lungscc1780.jpeg,2,1130
lungscc1781.jpeg,2,1047
lungscc1782.jpeg,2,1027
lungscc1783.jpeg,2,1061
lungscc1784.jpeg,2,1143
lungscc1785.jpeg,2,1191
lungscc1786.jpeg,2,1064
lungscc1788.jpeg,2,1195
lungscc1789.jpeg,2,1017
lungscc179.jpeg,2,1119
lungscc1790.jpeg,2,1237
lungscc1791.jpeg,2,1237
lungscc1792.jpeg,2,1237
lungscc1793.jpeg,2,1122
lungscc1796.jpeg,2,1035
lungscc1797.jpeg,2,1068
lungscc1798.jpeg,2,1068
lungscc180.jpeg,2,1223
lungscc1802.jpeg,2,1126
lungscc1803.jpeg,2,1097
lungscc1804.jpeg,2,1078
lungscc1807.jpeg,2,1108
lungscc1808.jpeg,2,1177
lungscc1809.jpeg,2,1200
lungscc181.jpeg,2,1080
lungscc1810.jpeg,2,1002
lungscc1811.jpeg,2,1011
lungscc1813.jpeg,2,1070
lungscc1814.jpeg,2,1038
lungscc1816.jpeg,2,1075
lungscc1818.jpeg,2,1034
lungscc1819.jpeg,2,1021
lungscc182.jpeg,2,1008
lungscc1820.jpeg,2,1145
lungscc1821.jpeg,2,1056
lungscc1822.jpeg,2,1234
lungscc1823.jpeg,2,1245
lungscc1825.jpeg,2,1001
lungscc1826.jpeg,2,1049
lungscc1827.jpeg,2,1244
lungscc1828.jpeg,2,1132
lungscc1829.jpeg,2,1233
lungscc183.jpeg,2,1060
lungscc1830.jpeg,2,1175
lungscc1831.jpeg,2,1175
lungscc1834.jpeg,2,1214
lungscc1835.jpeg,2,1140
lungscc1838.jpeg,2,1179
lungscc1839.jpeg,2,1212
lungscc184.jpeg,2,1009
lungscc1841.jpeg,2,1101
lungscc1842.jpeg,2,1101
lungscc1844.jpeg,2,1093
lungscc1845.jpeg,2,1137
lungscc1846.jpeg,2,1213
lungscc1847.jpeg,2,1152
lungscc1848.jpeg,2,1152
lungscc1849.jpeg,2,1173
lungscc1850.jpeg,2,1027
lungscc1852.jpeg,2,1010
lungscc1853.jpeg,2,1191
lungscc1854.jpeg,2,1051
lungscc1855.jpeg,2,1051
lungscc1856.jpeg,2,1121
lungscc1857.jpeg,2,1121
lungscc1859.jpeg,2,1089
lungscc186.jpeg,2,1126
lungscc1861.jpeg,2,1068
lungscc1863.jpeg,2,1008
lungscc1865.jpeg,2,1009
lungscc1866.jpeg,2,1229
lungscc1868.jpeg,2,1097
lungscc1869.jpeg,2,1127
lungscc1870.jpeg,2,1222
lungscc1871.jpeg,2,1222
lungscc1872.jpeg,2,1057
lungscc1874.jpeg,2,1070
lungscc1875.jpeg,2,1070
lungscc1876.jpeg,2,1075
lungscc1877.jpeg,2,1015
lungscc1878.jpeg,2,1107
lungscc1879.jpeg,2,1098
lungscc188.jpeg,2,1127
lungscc1884.jpeg,2,1202
lungscc1885.jpeg,2,1116
lungscc1887.jpeg,2,1071
lungscc1888.jpeg,2,1040
lungscc1889.jpeg,2,1150
lungscc1890.jpeg,2,1217
lungscc1891.jpeg,2,1208
lungscc1892.jpeg,2,1244
lungscc1893.jpeg,2,1233
lungscc1894.jpeg,2,1197
lungscc1896.jpeg,2,1163
lungscc1899.jpeg,2,1179
lungscc19.jpeg,2,1031
lungscc1900.jpeg,2,1077
lungscc1901.jpeg,2,1020
lungscc1902.jpeg,2,1007
lungscc1903.jpeg,2,1023
lungscc1904.jpeg,2,1114
lungscc1907.jpeg,2,1134
lungscc1908.jpeg,2,1014
lungscc1909.jpeg,2,1137
lungscc1910.jpeg,2,1137
lungscc1911.jpeg,2,1018
lungscc1912.jpeg,2,1047
lungscc1913.jpeg,2,1152
lungscc1914.jpeg,2,1152
lungscc1915.jpeg,2,1159
lungscc1916.jpeg,2,1159
lungscc1918.jpeg,2,1076
lungscc1919.jpeg,2,1196
lungscc1920.jpeg,2,1065
lungscc1921.jpeg,2,1080
lungscc1922.jpeg,2,1068
lungscc1923.jpeg,2,1210
lungscc1924.jpeg,2,1153
lungscc1926.jpeg,2,1062
lungscc1928.jpeg,2,1097
lungscc1929.jpeg,2,1097
lungscc193.jpeg,2,1165
lungscc1932.jpeg,2,1103
lungscc1933.jpeg,2,1177
lungscc1934.jpeg,2,1222
lungscc1935.jpeg,2,1011
lungscc194.jpeg,2,1094
lungscc1942.jpeg,2,1043
lungscc1943.jpeg,2,1034
lungscc1944.jpeg,2,1031
lungscc1945.jpeg,2,1099
lungscc1946.jpeg,2,1145
lungscc1947.jpeg,2,1245
lungscc1948.jpeg,2,1116
lungscc1949.jpeg,2,1116
lungscc1950.jpeg,2,1150
lungscc1951.jpeg,2,1006
lungscc1952.jpeg,2,1208
lungscc1953.jpeg,2,1132
lungscc1954.jpeg,2,1233
lungscc1955.jpeg,2,1233
lungscc1957.jpeg,2,1106
lungscc1958.jpeg,2,1168
lungscc1959.jpeg,2,1129
lungscc1960.jpeg,2,1140
lungscc1961.jpeg,2,1140
lungscc1963.jpeg,2,1123
lungscc1964.jpeg,2,1212
lungscc1965.jpeg,2,1212
lungscc1966.jpeg,2,1232
lungscc1967.jpeg,2,1176
lungscc1968.jpeg,2,1176
lungscc1969.jpeg,2,1014
lungscc197.jpeg,2,1041
lungscc1970.jpeg,2,1137
lungscc1971.jpeg,2,1104
lungscc1972.jpeg,2,1173
lungscc1973.jpeg,2,1236
lungscc1974.jpeg,2,1236
lungscc1976.jpeg,2,1100
lungscc1977.jpeg,2,1100
lungscc1979.jpeg,2,1147
lungscc198.jpeg,2,999
lungscc1980.jpeg,2,1147
lungscc1981.jpeg,2,1124
lungscc1982.jpeg,2,1068
lungscc1983.jpeg,2,1210
lungscc1984.jpeg,2,1153
lungscc1986.jpeg,2,1155
lungscc1989.jpeg,2,1078
lungscc199.jpeg,2,1015
lungscc1992.jpeg,2,1167
lungscc1995.jpeg,2,1058
lungscc1996.jpeg,2,1201
lungscc1997.jpeg,2,1160
lungscc1998.jpeg,2,1022
lungscc1999.jpeg,2,1042
lungscc2.jpeg,2,1116
lungscc20.jpeg,2,1088
lungscc200.jpeg,2,1074
lungscc2000.jpeg,2,1187
lungscc2002.jpeg,2,1040
lungscc2004.jpeg,2,1006
lungscc2005.jpeg,2,1217
lungscc2007.jpeg,2,1049
lungscc2008.jpeg,2,1208
lungscc201.jpeg,2,1107
lungscc2011.jpeg,2,1163
lungscc2012.jpeg,2,1028
lungscc2013.jpeg,2,1140
lungscc2016.jpeg,2,1123
lungscc202.jpeg,2,1098
lungscc2020.jpeg,2,1232
lungscc2021.jpeg,2,1186
lungscc2022.jpeg,2,1014
lungscc2024.jpeg,2,1213
lungscc2026.jpeg,2,1112
lungscc2027.jpeg,2,1159
lungscc2028.jpeg,2,1076
lungscc2029.jpeg,2,1143
lungscc203.jpeg,2,1156
lungscc2030.jpeg,2,1143
lungscc2031.jpeg,2,1143
lungscc2032.jpeg,2,1111
lungscc2033.jpeg,2,1064
lungscc2035.jpeg,2,1124
lungscc2037.jpeg,2,1008
lungscc2038.jpeg,2,1008
lungscc204.jpeg,2,1021
lungscc2041.jpeg,2,1097
lungscc2042.jpeg,2,1097
lungscc2043.jpeg,2,1078
lungscc2044.jpeg,2,1085
lungscc2047.jpeg,2,1030
lungscc2048.jpeg,2,1070
lungscc205.jpeg,2,1021
lungscc2050.jpeg,2,1075
lungscc2051.jpeg,2,1058
lungscc2052.jpeg,2,1201
lungscc2053.jpeg,2,1160
lungscc2054.jpeg,2,999
lungscc2055.jpeg,2,1095
lungscc2057.jpeg,2,1031
lungscc2058.jpeg,2,1198
lungscc2059.jpeg,2,1021
lungscc206.jpeg,2,1099
lungscc2060.jpeg,2,1187
lungscc2062.jpeg,2,1208
lungscc2063.jpeg,2,1244
lungscc2064.jpeg,2,1230
lungscc2065.jpeg,2,1175
lungscc2066.jpeg,2,1149
lungscc2068.jpeg,2,1221
lungscc207.jpeg,2,1245
lungscc2070.jpeg,2,1123
lungscc2074.jpeg,2,1215
lungscc2075.jpeg,2,1215
lungscc2076.jpeg,2,1020
lungscc2077.jpeg,2,1232
lungscc2078.jpeg,2,1023
lungscc2081.jpeg,2,1134
lungscc2082.jpeg,2,1188
lungscc2083.jpeg,2,1125
lungscc2085.jpeg,2,1104
lungscc2088.jpeg,2,1173
lungscc2089.jpeg,2,1037
lungscc2092.jpeg,2,1064
lungscc2094.jpeg,2,1237
lungscc2096.jpeg,2,1089
lungscc2097.jpeg,2,1223
lungscc21.jpeg,2,1021
lungscc210.jpeg,2,1233
lungscc2100.jpeg,2,1126
lungscc2103.jpeg,2,1177
lungscc2104.jpeg,2,1113
lungscc2105.jpeg,2,1002
lungscc2106.jpeg,2,1194
lungscc2107.jpeg,2,1194
lungscc2109.jpeg,2,1094
lungscc211.jpeg,2,1144
lungscc2110.jpeg,2,1038
lungscc2111.jpeg,2,999
lungscc2113.jpeg,2,1015
lungscc2114.jpeg,2,1015
lungscc2115.jpeg,2,1043
lungscc2116.jpeg,2,1107
lungscc2118.jpeg,2,1022
lungscc2119.jpeg,2,1211
lungscc2120.jpeg,2,1056
lungscc2121.jpeg,2,1234
lungscc2123.jpeg,2,1208
lungscc2124.jpeg,2,1144
lungscc2127.jpeg,2,1163
lungscc2128.jpeg,2,1106
lungscc2129.jpeg,2,1168
lungscc213.jpeg,2,1163
lungscc2131.jpeg,2,1221
lungscc2133.jpeg,2,1215
lungscc2135.jpeg,2,1101
lungscc2136.jpeg,2,1023
lungscc2137.jpeg,2,1114
lungscc2139.jpeg,2,1047
lungscc2141.jpeg,2,1010
lungscc2142.jpeg,2,1193
lungscc2143.jpeg,2,1064
lungscc2145.jpeg,2,1051
lungscc2146.jpeg,2,1089
lungscc2148.jpeg,2,1035
lungscc2149.jpeg,2,1060
lungscc2151.jpeg,2,1153
lungscc2153.jpeg,2,1155
lungscc2154.jpeg,2,1062
lungscc2156.jpeg,2,1126
lungscc2157.jpeg,2,1225
lungscc2158.jpeg,2,1078
lungscc216.jpeg,2,1158
lungscc2160.jpeg,2,1127
lungscc2162.jpeg,2,1108
lungscc2163.jpeg,2,1118
lungscc2164.jpeg,2,1118
lungscc2165.jpeg,2,1216
lungscc2166.jpeg,2,1002
lungscc2167.jpeg,2,1167
lungscc2168.jpeg,2,1070
lungscc2169.jpeg,2,1070
lungscc217.jpeg,2,1158
lungscc2173.jpeg,2,1142
lungscc2174.jpeg,2,1075
lungscc2175.jpeg,2,1201
lungscc2176.jpeg,2,1095
lungscc2177.jpeg,2,1074
lungscc2178.jpeg,2,1107
lungscc2179.jpeg,2,1107
lungscc2180.jpeg,2,1107
lungscc2181.jpeg,2,1022
lungscc2182.jpeg,2,1042
lungscc2183.jpeg,2,1021
lungscc2184.jpeg,2,1056
lungscc2185.jpeg,2,1239
lungscc2186.jpeg,2,1174
lungscc2188.jpeg,2,1149
lungscc2192.jpeg,2,998
lungscc2193.jpeg,2,1019
lungscc2194.jpeg,2,1215
lungscc2199.jpeg,2,1176
lungscc22.jpeg,2,1021
lungscc220.jpeg,2,1023
lungscc2200.jpeg,2,1114
lungscc2201.jpeg,2,1134
lungscc2203.jpeg,2,1188
lungscc2204.jpeg,2,1188
lungscc2205.jpeg,2,1243
lungscc2207.jpeg,2,1213
lungscc2208.jpeg,2,1024
lungscc2209.jpeg,2,1024
lungscc221.jpeg,2,1243
lungscc2211.jpeg,2,1027
lungscc2212.jpeg,2,1061
lungscc2213.jpeg,2,1061
lungscc2214.jpeg,2,1236
lungscc2215.jpeg,2,1236
lungscc2216.jpeg,2,1159
lungscc2217.jpeg,2,1193
lungscc2218.jpeg,2,1154
lungscc2219.jpeg,2,1092
lungscc222.jpeg,2,1016
lungscc2220.jpeg,2,1191
lungscc2222.jpeg,2,1051
lungscc2223.jpeg,2,1195
lungscc2224.jpeg,2,1081
lungscc2225.jpeg,2,1025
lungscc2226.jpeg,2,1121
lungscc2228.jpeg,2,1210
lungscc2230.jpeg,2,1026
lungscc2231.jpeg,2,1200
lungscc2233.jpeg,2,1011
lungscc2235.jpeg,2,1038
lungscc2237.jpeg,2,1160
lungscc2239.jpeg,2,1074
lungscc2240.jpeg,2,1198
lungscc2241.jpeg,2,1056
lungscc2242.jpeg,2,1056
lungscc2245.jpeg,2,1202
lungscc2248.jpeg,2,1040
lungscc2249.jpeg,2,1049
lungscc225.jpeg,2,1027
lungscc2250.jpeg,2,1174
lungscc2251.jpeg,2,1175
lungscc2252.jpeg,2,1175
lungscc2254.jpeg,2,1106
lungscc2258.jpeg,2,1023
lungscc2259.jpeg,2,1023
lungscc226.jpeg,2,1027
lungscc2262.jpeg,2,1130
lungscc2263.jpeg,2,1018
lungscc2265.jpeg,2,1027
lungscc2267.jpeg,2,1092
lungscc2268.jpeg,2,1111
lungscc227.jpeg,2,1171
lungscc2270.jpeg,2,1051
lungscc2271.jpeg,2,1124
lungscc2272.jpeg,2,1065
lungscc2273.jpeg,2,1080
lungscc2274.jpeg,2,1068
lungscc2276.jpeg,2,1008
lungscc2278.jpeg,2,1009
lungscc2279.jpeg,2,1229
lungscc228.jpeg,2,1154
lungscc2280.jpeg,2,1155
lungscc2281.jpeg,2,1085
lungscc2282.jpeg,2,1120
lungscc2285.jpeg,2,1216
lungscc2286.jpeg,2,1167
lungscc229.jpeg,2,1154
lungscc2290.jpeg,2,1075
lungscc2291.jpeg,2,1074
lungscc2292.jpeg,2,1107
lungscc2293.jpeg,2,1034
lungscc2295.jpeg,2,1088
lungscc2296.jpeg,2,1187
lungscc2297.jpeg,2,1056
lungscc2299.jpeg,2,1217
lungscc23.jpeg,2,1211
lungscc230.jpeg,2,1154
lungscc2300.jpeg,2,1244
lungscc2301.jpeg,2,1233
lungscc2302.jpeg,2,1174
lungscc2303.jpeg,2,1144
lungscc2304.jpeg,2,1144
lungscc2307.jpeg,2,1214
lungscc2309.jpeg,2,1123
lungscc231.jpeg,2,1143
lungscc2310.jpeg,2,1077
lungscc2311.jpeg,2,1176
lungscc2312.jpeg,2,1014
lungscc2313.jpeg,2,1014
lungscc2314.jpeg,2,1130
lungscc2315.jpeg,2,1152
lungscc2316.jpeg,2,1173
lungscc2317.jpeg,2,1037
lungscc2319.jpeg,2,1236
lungscc232.jpeg,2,1111
lungscc2320.jpeg,2,1159
lungscc2321.jpeg,2,1092
lungscc2322.jpeg,2,1191
lungscc2324.jpeg,2,1237
lungscc2325.jpeg,2,1086
lungscc2326.jpeg,2,1147
lungscc2327.jpeg,2,1124
lungscc2328.jpeg,2,1035
lungscc2329.jpeg,2,1210
lungscc233.jpeg,2,1100
lungscc2330.jpeg,2,1009
lungscc2331.jpeg,2,1153
lungscc2336.jpeg,2,1162
lungscc2337.jpeg,2,1026
lungscc2338.jpeg,2,1097
lungscc2339.jpeg,2,1127
lungscc234.jpeg,2,1064
lungscc2340.jpeg,2,1127
lungscc2342.jpeg,2,1108
lungscc2343.jpeg,2,1103
lungscc2344.jpeg,2,1103
lungscc2345.jpeg,2,1216
lungscc2350.jpeg,2,1070
lungscc2351.jpeg,2,1063
lungscc2352.jpeg,2,1142
lungscc2353.jpeg,2,1075
lungscc2354.jpeg,2,1041
lungscc2355.jpeg,2,1160
lungscc2356.jpeg,2,1240
lungscc2357.jpeg,2,1043
lungscc2358.jpeg,2,1156
lungscc236.jpeg,2,1237
lungscc2360.jpeg,2,1145
lungscc2361.jpeg,2,1071
lungscc2364.jpeg,2,1239
lungscc2365.jpeg,2,1150
lungscc2367.jpeg,2,1129
lungscc2368.jpeg,2,1140
lungscc2369.jpeg,2,1221
lungscc237.jpeg,2,1086
lungscc2370.jpeg,2,1158
lungscc2371.jpeg,2,998
lungscc2372.jpeg,2,1077
lungscc2373.jpeg,2,1020
lungscc2374.jpeg,2,1232
lungscc2375.jpeg,2,1188
lungscc2376.jpeg,2,1104
lungscc2378.jpeg,2,1018
lungscc238.jpeg,2,1122
lungscc2380.jpeg,2,1076
lungscc2381.jpeg,2,1100
lungscc2384.jpeg,2,1081
lungscc2385.jpeg,2,1219
lungscc239.jpeg,2,1196
lungscc2391.jpeg,2,1065
lungscc2392.jpeg,2,1008
lungscc2393.jpeg,2,1199
lungscc2395.jpeg,2,1155
lungscc2396.jpeg,2,1062
lungscc2398.jpeg,2,1127
lungscc2399.jpeg,2,1200
lungscc24.jpeg,2,1099
lungscc2400.jpeg,2,1165
lungscc2401.jpeg,2,1094
lungscc2403.jpeg,2,1075
lungscc2406.jpeg,2,1058
lungscc241.jpeg,2,1147
lungscc2410.jpeg,2,999
lungscc2411.jpeg,2,1095
lungscc2413.jpeg,2,1107
lungscc2414.jpeg,2,1034
lungscc2415.jpeg,2,1021
lungscc2416.jpeg,2,1202
lungscc2417.jpeg,2,1234
lungscc242.jpeg,2,1206
lungscc2420.jpeg,2,1150
lungscc2421.jpeg,2,1174
lungscc2422.jpeg,2,1175
lungscc2423.jpeg,2,1197
lungscc2426.jpeg,2,1106
lungscc2427.jpeg,2,1019
lungscc2428.jpeg,2,1020
lungscc2429.jpeg,2,1020
lungscc243.jpeg,2,1210
lungscc2431.jpeg,2,1176
lungscc2432.jpeg,2,1023
lungscc2434.jpeg,2,1014
lungscc2435.jpeg,2,1125
lungscc2436.jpeg,2,1125
lungscc2437.jpeg,2,1128
lungscc2438.jpeg,2,1104
lungscc2439.jpeg,2,1213
lungscc2441.jpeg,2,1130
lungscc2442.jpeg,2,1018
lungscc2443.jpeg,2,1037
lungscc2444.jpeg,2,1159
lungscc2445.jpeg,2,1193
lungscc2446.jpeg,2,1143
lungscc2447.jpeg,2,1092
lungscc2448.jpeg,2,1092
lungscc2449.jpeg,2,1092
lungscc2450.jpeg,2,1064
lungscc2451.jpeg,2,1195
lungscc2452.jpeg,2,1086
lungscc2453.jpeg,2,1122
lungscc2454.jpeg,2,1119
lungscc2455.jpeg,2,1223
lungscc2456.jpeg,2,1124
lungscc2457.jpeg,2,1068
lungscc2458.jpeg,2,1062
lungscc246.jpeg,2,1026
lungscc2460.jpeg,2,1078
lungscc2461.jpeg,2,1085
lungscc2463.jpeg,2,1103
lungscc2467.jpeg,2,1041
lungscc2468.jpeg,2,1041
lungscc2469.jpeg,2,1240
lungscc247.jpeg,2,1078
lungscc2470.jpeg,2,1110
lungscc2471.jpeg,2,1034
lungscc2472.jpeg,2,1098
lungscc2473.jpeg,2,1031
lungscc2474.jpeg,2,1099
lungscc2475.jpeg,2,1166
lungscc2476.jpeg,2,1234
lungscc2477.jpeg,2,1242
lungscc2479.jpeg,2,1244
lungscc248.jpeg,2,1108
lungscc2480.jpeg,2,1230
lungscc2481.jpeg,2,1197
lungscc2485.jpeg,2,1170
lungscc2486.jpeg,2,1106
lungscc2488.jpeg,2,1123
lungscc2489.jpeg,2,1179
lungscc249.jpeg,2,1167
lungscc2490.jpeg,2,1212
lungscc2494.jpeg,2,1134
lungscc2496.jpeg,2,1016
lungscc2497.jpeg,2,1213
lungscc2499.jpeg,2,1018
lungscc25.jpeg,2,1099
lungscc2501.jpeg,2,1027
lungscc2502.jpeg,2,1027
lungscc2504.jpeg,2,1193
lungscc2506.jpeg,2,1154
lungscc2507.jpeg,2,1154
lungscc2508.jpeg,2,1100
lungscc251.jpeg,2,1038
lungscc2511.jpeg,2,1119
lungscc2512.jpeg,2,1223
lungscc2513.jpeg,2,1065
lungscc2514.jpeg,2,1068
lungscc2519.jpeg,2,1199
lungscc252.jpeg,2,1015
lungscc2521.jpeg,2,1162
lungscc2523.jpeg,2,1108
lungscc2524.jpeg,2,1177
lungscc2526.jpeg,2,1057
lungscc2527.jpeg,2,1167
lungscc2528.jpeg,2,1094
lungscc253.jpeg,2,1107
lungscc2530.jpeg,2,1075
lungscc2531.jpeg,2,1201
lungscc2532.jpeg,2,1095
lungscc2533.jpeg,2,1015
lungscc2534.jpeg,2,1015
lungscc2535.jpeg,2,1107
lungscc2536.jpeg,2,1198
lungscc2537.jpeg,2,1198
lungscc2538.jpeg,2,1187
lungscc2540.jpeg,2,1116
lungscc2541.jpeg,2,1146
lungscc2543.jpeg,2,1006
lungscc2544.jpeg,2,1001
lungscc2545.jpeg,2,1174
lungscc2548.jpeg,2,1163
lungscc255.jpeg,2,1099
lungscc2550.jpeg,2,1158
lungscc2552.jpeg,2,998
lungscc2553.jpeg,2,1019
lungscc2555.jpeg,2,1101
lungscc2556.jpeg,2,1023
lungscc2557.jpeg,2,1125
lungscc2558.jpeg,2,1125
lungscc2559.jpeg,2,1213
lungscc256.jpeg,2,1056
lungscc2562.jpeg,2,1236
lungscc2563.jpeg,2,1159
lungscc2564.jpeg,2,1193
lungscc2565.jpeg,2,1193
lungscc2566.jpeg,2,1076
lungscc2567.jpeg,2,1100
lungscc257.jpeg,2,1166
lungscc2576.jpeg,2,1182
lungscc2577.jpeg,2,1182
lungscc2579.jpeg,2,1153
lungscc2581.jpeg,2,1026
lungscc2582.jpeg,2,1181
lungscc2583.jpeg,2,1085
lungscc2584.jpeg,2,1120
lungscc2585.jpeg,2,1120
lungscc2587.jpeg,2,1194
lungscc2588.jpeg,2,1165
lungscc2589.jpeg,2,1094
lungscc2593.jpeg,2,1201
lungscc2595.jpeg,2,1041
lungscc2596.jpeg,2,1107
lungscc2598.jpeg,2,1145
lungscc26.jpeg,2,1056
lungscc260.jpeg,2,1239
lungscc2601.jpeg,2,1049
lungscc2602.jpeg,2,1208
lungscc2604.jpeg,2,1175
lungscc2607.jpeg,2,1163
lungscc2608.jpeg,2,1214
lungscc2609.jpeg,2,1028
lungscc2610.jpeg,2,1140
lungscc2613.jpeg,2,1123
lungscc2616.jpeg,2,1176
lungscc2617.jpeg,2,1003
lungscc2618.jpeg,2,1186
lungscc2619.jpeg,2,1186
lungscc2620.jpeg,2,1134
lungscc2621.jpeg,2,1152
lungscc2622.jpeg,2,1061
lungscc2623.jpeg,2,1171
lungscc2624.jpeg,2,1100
lungscc2626.jpeg,2,1017
lungscc2627.jpeg,2,1237
lungscc2629.jpeg,2,1121
lungscc263.jpeg,2,1001
lungscc2630.jpeg,2,1121
lungscc2631.jpeg,2,1121
lungscc2633.jpeg,2,1119
lungscc2634.jpeg,2,1089
lungscc2635.jpeg,2,1089
lungscc264.jpeg,2,1132
lungscc2641.jpeg,2,1062
lungscc2642.jpeg,2,1162
lungscc2644.jpeg,2,1085
lungscc2645.jpeg,2,1127
lungscc2646.jpeg,2,1120
lungscc2648.jpeg,2,1177
lungscc2649.jpeg,2,1057
lungscc265.jpeg,2,1230
lungscc2650.jpeg,2,1194
lungscc2651.jpeg,2,1194
lungscc2653.jpeg,2,1165
lungscc2654.jpeg,2,1094
lungscc2656.jpeg,2,1058
lungscc2657.jpeg,2,1058
lungscc2659.jpeg,2,1201
lungscc266.jpeg,2,1149
lungscc2661.jpeg,2,1015
lungscc2663.jpeg,2,1031
lungscc2664.jpeg,2,1088
lungscc2665.jpeg,2,1021
lungscc2666.jpeg,2,1187
lungscc267.jpeg,2,1149
lungscc2672.jpeg,2,1001
lungscc2673.jpeg,2,1049
lungscc2674.jpeg,2,1149
lungscc2675.jpeg,2,1197
lungscc2677.jpeg,2,1028
lungscc268.jpeg,2,1168
lungscc2680.jpeg,2,1140
lungscc2682.jpeg,2,1158
lungscc2683.jpeg,2,998
lungscc2684.jpeg,2,998
lungscc2685.jpeg,2,1077
lungscc2687.jpeg,2,1101
lungscc2688.jpeg,2,1186
lungscc2689.jpeg,2,1014
lungscc2691.jpeg,2,1104
lungscc2692.jpeg,2,1016
lungscc2693.jpeg,2,1018
lungscc2694.jpeg,2,1152
lungscc2695.jpeg,2,1111
lungscc2698.jpeg,2,1237
lungscc2699.jpeg,2,1147
lungscc270.jpeg,2,1129
lungscc2700.jpeg,2,1035
lungscc2702.jpeg,2,1181
lungscc2705.jpeg,2,1118
lungscc2706.jpeg,2,1002
lungscc2707.jpeg,2,1057
lungscc271.jpeg,2,1221
lungscc2715.jpeg,2,1094
lungscc2716.jpeg,2,1038
lungscc2717.jpeg,2,1075
lungscc272.jpeg,2,1158
lungscc2720.jpeg,2,1201
lungscc2721.jpeg,2,1074
lungscc2722.jpeg,2,1034
lungscc2723.jpeg,2,1098
lungscc2724.jpeg,2,1088
lungscc2725.jpeg,2,1088
lungscc2727.jpeg,2,1156
lungscc2728.jpeg,2,1021
lungscc2729.jpeg,2,1145
lungscc2731.jpeg,2,1146
lungscc2732.jpeg,2,1242
lungscc2733.jpeg,2,1001
lungscc2734.jpeg,2,1175
lungscc2735.jpeg,2,1144
lungscc2737.jpeg,2,1106
lungscc2739.jpeg,2,1212
lungscc274.jpeg,2,1077
lungscc2740.jpeg,2,1232
lungscc2741.jpeg,2,1101
lungscc2742.jpeg,2,1014
lungscc2743.jpeg,2,1137
lungscc2744.jpeg,2,1104
lungscc2745.jpeg,2,1104
lungscc2747.jpeg,2,1092
lungscc2748.jpeg,2,1111
lungscc275.jpeg,2,1077
lungscc2751.jpeg,2,1051
lungscc2753.jpeg,2,1121
lungscc2754.jpeg,2,1121
lungscc2755.jpeg,2,1196
lungscc2757.jpeg,2,1080
lungscc2758.jpeg,2,1068
lungscc2759.jpeg,2,1206
lungscc276.jpeg,2,1077
lungscc2761.jpeg,2,1085
lungscc2764.jpeg,2,1200
lungscc2765.jpeg,2,1002
lungscc2766.jpeg,2,1002
lungscc2767.jpeg,2,1194
lungscc2770.jpeg,2,1038
lungscc2771.jpeg,2,1201
lungscc2773.jpeg,2,1098
lungscc2775.jpeg,2,1042
lungscc2776.jpeg,2,1099
lungscc2778.jpeg,2,1040
lungscc2779.jpeg,2,1239
lungscc278.jpeg,2,1101
lungscc2781.jpeg,2,1174
lungscc2782.jpeg,2,1174
lungscc2783.jpeg,2,1149
lungscc2784.jpeg,2,1149
lungscc2787.jpeg,2,1163
lungscc2788.jpeg,2,1129
lungscc2790.jpeg,2,1123
lungscc2791.jpeg,2,1176
lungscc2792.jpeg,2,1186
lungscc2793.jpeg,2,1014
lungscc2796.jpeg,2,1128
lungscc2798.jpeg,2,1137
lungscc2799.jpeg,2,1137
lungscc28.jpeg,2,1116
lungscc280.jpeg,2,1188
lungscc2800.jpeg,2,1047
lungscc2801.jpeg,2,1173
lungscc2803.jpeg,2,1037
lungscc2804.jpeg,2,1027
lungscc2806.jpeg,2,1100
lungscc2807.jpeg,2,1064
lungscc2808.jpeg,2,1196
lungscc2809.jpeg,2,1119
lungscc2810.jpeg,2,1147
lungscc2811.jpeg,2,1182
lungscc2812.jpeg,2,1060
lungscc2813.jpeg,2,1060
lungscc2814.jpeg,2,1009
lungscc2815.jpeg,2,1153
lungscc2816.jpeg,2,1153
lungscc2817.jpeg,2,1153
lungscc2819.jpeg,2,1108
lungscc2821.jpeg,2,1113
lungscc2823.jpeg,2,1011
lungscc2824.jpeg,2,1194
lungscc2826.jpeg,2,1063
lungscc2828.jpeg,2,1095
lungscc2829.jpeg,2,1240
lungscc2830.jpeg,2,1043
lungscc2831.jpeg,2,1110
lungscc2832.jpeg,2,1107
lungscc2834.jpeg,2,1198
lungscc2835.jpeg,2,1211
lungscc2836.jpeg,2,1187
lungscc2837.jpeg,2,1166
lungscc2839.jpeg,2,1150
lungscc284.jpeg,2,1130
lungscc2840.jpeg,2,1049
lungscc2843.jpeg,2,1129
lungscc2844.jpeg,2,1077
lungscc2845.jpeg,2,1212
lungscc2847.jpeg,2,1101
lungscc2848.jpeg,2,1186
lungscc285.jpeg,2,1130
lungscc2852.jpeg,2,1213
lungscc2853.jpeg,2,1047
lungscc2857.jpeg,2,1193
lungscc2858.jpeg,2,1076
lungscc2859.jpeg,2,1191
lungscc2860.jpeg,2,1191
lungscc2863.jpeg,2,1017
lungscc2864.jpeg,2,1017
lungscc2865.jpeg,2,1017
lungscc2866.jpeg,2,1237
lungscc2867.jpeg,2,1025
lungscc2868.jpeg,2,1223
lungscc287.jpeg,2,1027
lungscc2870.jpeg,2,1182
lungscc2871.jpeg,2,1210
lungscc2874.jpeg,2,1062
lungscc2876.jpeg,2,1126
lungscc2877.jpeg,2,1026
lungscc2879.jpeg,2,1078
lungscc288.jpeg,2,1010
lungscc2881.jpeg,2,1222
lungscc2882.jpeg,2,1057
lungscc2885.jpeg,2,1070
lungscc2886.jpeg,2,1063
lungscc2887.jpeg,2,1201
lungscc2889.jpeg,2,1110
lungscc289.jpeg,2,1010
lungscc2890.jpeg,2,1110
lungscc2891.jpeg,2,1107
lungscc2892.jpeg,2,1107
lungscc2893.jpeg,2,1022
lungscc2894.jpeg,2,1022
lungscc2895.jpeg,2,1202
lungscc2898.jpeg,2,1217
lungscc29.jpeg,2,1146
lungscc290.jpeg,2,1154
lungscc2900.jpeg,2,1049
lungscc2901.jpeg,2,1244
lungscc2902.jpeg,2,1132
lungscc2903.jpeg,2,1174
lungscc2904.jpeg,2,1174
lungscc2905.jpeg,2,1230
lungscc2909.jpeg,2,1215
lungscc2911.jpeg,2,1007
lungscc2912.jpeg,2,1101
lungscc2913.jpeg,2,1023
lungscc2914.jpeg,2,1114
lungscc2915.jpeg,2,1134
lungscc2916.jpeg,2,1014
lungscc2918.jpeg,2,1188
lungscc2919.jpeg,2,1125
lungscc2920.jpeg,2,1125
lungscc2921.jpeg,2,1016
lungscc2922.jpeg,2,1016
lungscc2923.jpeg,2,1152
lungscc2924.jpeg,2,1152
lungscc2925.jpeg,2,1152
lungscc2927.jpeg,2,1159
lungscc2929.jpeg,2,1092
lungscc293.jpeg,2,1122
lungscc2930.jpeg,2,1195
lungscc2931.jpeg,2,1223
lungscc2932.jpeg,2,1147
lungscc2933.jpeg,2,1210
lungscc2934.jpeg,2,1078
lungscc2935.jpeg,2,1078
lungscc2936.jpeg,2,1127
lungscc2937.jpeg,2,1103
lungscc2939.jpeg,2,1002
lungscc2940.jpeg,2,1222
lungscc2941.jpeg,2,1057
lungscc2942.jpeg,2,1011
lungscc2944.jpeg,2,1094
lungscc2946.jpeg,2,1201
lungscc2948.jpeg,2,1240
lungscc2949.jpeg,2,1107
lungscc2950.jpeg,2,1107
lungscc2951.jpeg,2,1098
lungscc2953.jpeg,2,1211
lungscc2954.jpeg,2,1040
lungscc2957.jpeg,2,1239
lungscc2959.jpeg,2,1001
lungscc296.jpeg,2,1068
lungscc2960.jpeg,2,1208
lungscc2964.jpeg,2,1106
lungscc2966.jpeg,2,1221
lungscc2967.jpeg,2,1007
lungscc2969.jpeg,2,1023
lungscc297.jpeg,2,1210
lungscc2970.jpeg,2,1134
lungscc2971.jpeg,2,1014
lungscc2972.jpeg,2,1125
lungscc2973.jpeg,2,1018
lungscc2974.jpeg,2,1047
lungscc2975.jpeg,2,1037
lungscc2977.jpeg,2,1112
lungscc2978.jpeg,2,1171
lungscc2979.jpeg,2,1010
lungscc298.jpeg,2,1199
lungscc2980.jpeg,2,1010
lungscc2981.jpeg,2,1154
lungscc2982.jpeg,2,1092
lungscc2983.jpeg,2,1191
lungscc2984.jpeg,2,1191
lungscc2985.jpeg,2,1064
lungscc2987.jpeg,2,1121
lungscc2993.jpeg,2,1124
lungscc2994.jpeg,2,1065
lungscc2995.jpeg,2,1080
lungscc2996.jpeg,2,1182
lungscc2999.jpeg,2,1062
lungscc30.jpeg,2,1049
lungscc300.jpeg,2,1062
lungscc3001.jpeg,2,1126
lungscc3002.jpeg,2,1126
lungscc3003.jpeg,2,1078
lungscc3005.jpeg,2,1118
lungscc3006.jpeg,2,1118
lungscc3008.jpeg,2,1002
lungscc3009.jpeg,2,1222
lungscc301.jpeg,2,1181
lungscc3012.jpeg,2,1201
lungscc3013.jpeg,2,1107
lungscc3014.jpeg,2,1034
lungscc3015.jpeg,2,1156
lungscc3017.jpeg,2,1166
lungscc3018.jpeg,2,1234
lungscc3020.jpeg,2,1040
lungscc3021.jpeg,2,1006
lungscc3023.jpeg,2,1049
lungscc3024.jpeg,2,1233
lungscc3027.jpeg,2,1163
lungscc3030.jpeg,2,1077
lungscc3031.jpeg,2,1019
lungscc3032.jpeg,2,1215
lungscc3034.jpeg,2,1114
lungscc3036.jpeg,2,1134
lungscc3038.jpeg,2,1024
lungscc3039.jpeg,2,1047
lungscc304.jpeg,2,1222
lungscc3040.jpeg,2,1173
lungscc3041.jpeg,2,1027
lungscc3044.jpeg,2,1143
lungscc3045.jpeg,2,1191
lungscc3046.jpeg,2,1064
lungscc3047.jpeg,2,1064
lungscc3048.jpeg,2,1081
lungscc3049.jpeg,2,1081
lungscc305.jpeg,2,1057
lungscc3050.jpeg,2,1017
lungscc3052.jpeg,2,1182
lungscc3054.jpeg,2,1210
lungscc3055.jpeg,2,1008
lungscc3056.jpeg,2,1008
lungscc3058.jpeg,2,1229
lungscc3060.jpeg,2,1162
lungscc3061.jpeg,2,1118
lungscc3062.jpeg,2,1011
lungscc3063.jpeg,2,1011
lungscc3064.jpeg,2,1167
lungscc3067.jpeg,2,1165
lungscc3069.jpeg,2,1038
lungscc307.jpeg,2,1165
lungscc3070.jpeg,2,1095
lungscc3071.jpeg,2,1074
lungscc3072.jpeg,2,1031
lungscc3073.jpeg,2,1088
lungscc3074.jpeg,2,1145
lungscc3076.jpeg,2,1146
lungscc3078.jpeg,2,1239
lungscc3080.jpeg,2,1150
lungscc3082.jpeg,2,1144
lungscc3083.jpeg,2,1197
lungscc3086.jpeg,2,1163
lungscc3087.jpeg,2,1214
lungscc3089.jpeg,2,1221
lungscc309.jpeg,2,1070
lungscc3090.jpeg,2,1020
lungscc3091.jpeg,2,1023
lungscc3092.jpeg,2,1137
lungscc3093.jpeg,2,1016
lungscc3095.jpeg,2,1027
lungscc3096.jpeg,2,1061
lungscc3098.jpeg,2,1159
lungscc31.jpeg,2,1049
lungscc310.jpeg,2,1142
lungscc3100.jpeg,2,1111
lungscc3101.jpeg,2,1111
lungscc3102.jpeg,2,1100
lungscc3106.jpeg,2,1081
lungscc3107.jpeg,2,1237
lungscc3108.jpeg,2,1086
lungscc3109.jpeg,2,1122
lungscc3113.jpeg,2,1080
lungscc3118.jpeg,2,1153
lungscc3119.jpeg,2,1155
lungscc312.jpeg,2,1041
lungscc3120.jpeg,2,1120
lungscc3121.jpeg,2,1118
lungscc3122.jpeg,2,1177
lungscc3123.jpeg,2,1177
lungscc3124.jpeg,2,1216
lungscc3125.jpeg,2,1200
lungscc3126.jpeg,2,1200
lungscc3127.jpeg,2,1200
lungscc3128.jpeg,2,1113
lungscc3129.jpeg,2,1057
lungscc313.jpeg,2,1034
lungscc3131.jpeg,2,1011
lungscc3133.jpeg,2,1142
lungscc3134.jpeg,2,1075
lungscc3135.jpeg,2,1058
lungscc3136.jpeg,2,1201
lungscc3138.jpeg,2,999
lungscc3139.jpeg,2,1088
lungscc314.jpeg,2,1098
lungscc3140.jpeg,2,1022
lungscc3141.jpeg,2,1145
lungscc3142.jpeg,2,1056
lungscc3144.jpeg,2,1146
lungscc3147.jpeg,2,1242
lungscc3148.jpeg,2,1001
lungscc3149.jpeg,2,1208
lungscc315.jpeg,2,1098
lungscc3150.jpeg,2,1233
lungscc3153.jpeg,2,1170
lungscc3154.jpeg,2,1163
lungscc3156.jpeg,2,1129
lungscc3158.jpeg,2,1123
lungscc3159.jpeg,2,1077
lungscc3160.jpeg,2,1215
lungscc3161.jpeg,2,1007
lungscc3163.jpeg,2,1134
lungscc3168.jpeg,2,1143
lungscc317.jpeg,2,1099
lungscc3171.jpeg,2,1196
lungscc3172.jpeg,2,1089
lungscc3173.jpeg,2,1080
lungscc3174.jpeg,2,1080
lungscc3175.jpeg,2,1068
lungscc3176.jpeg,2,1155
lungscc3178.jpeg,2,1181
lungscc3179.jpeg,2,1181
lungscc318.jpeg,2,1187
lungscc3180.jpeg,2,1078
lungscc3181.jpeg,2,1127
lungscc3182.jpeg,2,1120
lungscc3184.jpeg,2,1108
lungscc3185.jpeg,2,1118
lungscc3186.jpeg,2,1216
lungscc3188.jpeg,2,1094
lungscc3189.jpeg,2,1038
lungscc319.jpeg,2,1116
lungscc3190.jpeg,2,1038
lungscc3191.jpeg,2,1075
lungscc3192.jpeg,2,1041
lungscc3193.jpeg,2,1015
lungscc3194.jpeg,2,1110
lungscc3196.jpeg,2,1098
lungscc3197.jpeg,2,1031
lungscc3199.jpeg,2,1071
lungscc32.jpeg,2,1230
lungscc320.jpeg,2,1170
lungscc3201.jpeg,2,1132
lungscc3202.jpeg,2,1174
lungscc3205.jpeg,2,1168
lungscc3209.jpeg,2,1123
lungscc3210.jpeg,2,1123
lungscc3211.jpeg,2,1123
lungscc3212.jpeg,2,1179
lungscc3213.jpeg,2,998
lungscc3214.jpeg,2,1215
lungscc3217.jpeg,2,1114
lungscc3219.jpeg,2,1186
lungscc322.jpeg,2,1028
lungscc3220.jpeg,2,1125
lungscc3221.jpeg,2,1137
lungscc3222.jpeg,2,1213
lungscc3224.jpeg,2,1018
lungscc3226.jpeg,2,1171
lungscc3227.jpeg,2,1092
lungscc3230.jpeg,2,1051
lungscc3232.jpeg,2,1086
lungscc3233.jpeg,2,1086
lungscc3235.jpeg,2,1065
lungscc3236.jpeg,2,1206
lungscc3237.jpeg,2,1008
lungscc3238.jpeg,2,1060
lungscc324.jpeg,2,1123
lungscc3240.jpeg,2,1181
lungscc3241.jpeg,2,1181
lungscc3243.jpeg,2,1127
lungscc3244.jpeg,2,1200
lungscc3247.jpeg,2,1094
lungscc3250.jpeg,2,1058
lungscc3251.jpeg,2,1058
lungscc3253.jpeg,2,1041
lungscc3254.jpeg,2,1043
lungscc3256.jpeg,2,1211
lungscc3257.jpeg,2,1099
lungscc326.jpeg,2,998
lungscc3260.jpeg,2,1239
lungscc3262.jpeg,2,1242
lungscc3266.jpeg,2,1179
lungscc3267.jpeg,2,1077
lungscc3268.jpeg,2,1019
lungscc327.jpeg,2,1077
lungscc3270.jpeg,2,1186
lungscc3271.jpeg,2,1137
lungscc3272.jpeg,2,1104
lungscc3273.jpeg,2,1018
lungscc3274.jpeg,2,1061
lungscc3275.jpeg,2,1061
lungscc3276.jpeg,2,1010
lungscc3277.jpeg,2,1193
lungscc3279.jpeg,2,1081
lungscc328.jpeg,2,1019
lungscc3280.jpeg,2,1219
lungscc3282.jpeg,2,1237
lungscc3283.jpeg,2,1121
lungscc3284.jpeg,2,1119
lungscc3285.jpeg,2,1089
lungscc3286.jpeg,2,1089
lungscc3287.jpeg,2,1089
lungscc3288.jpeg,2,1147
lungscc3289.jpeg,2,1147
lungscc329.jpeg,2,1020
lungscc3291.jpeg,2,1035
lungscc3292.jpeg,2,1035
lungscc3293.jpeg,2,1065
lungscc3294.jpeg,2,1206
lungscc3295.jpeg,2,1182
lungscc3296.jpeg,2,1182
lungscc3297.jpeg,2,1210
lungscc3298.jpeg,2,1008
lungscc33.jpeg,2,1170
lungscc3303.jpeg,2,1026
lungscc3306.jpeg,2,1002
lungscc3308.jpeg,2,1165
lungscc331.jpeg,2,1007
lungscc3310.jpeg,2,1070
lungscc3314.jpeg,2,1142
lungscc3315.jpeg,2,1142
lungscc3316.jpeg,2,1058
lungscc3317.jpeg,2,1095
lungscc3318.jpeg,2,1110
lungscc3319.jpeg,2,1031
lungscc332.jpeg,2,1007
lungscc3320.jpeg,2,1022
lungscc3321.jpeg,2,1211
lungscc3322.jpeg,2,1187
lungscc3324.jpeg,2,1166
lungscc3325.jpeg,2,1234
lungscc3326.jpeg,2,1245
lungscc3327.jpeg,2,1242
lungscc3328.jpeg,2,1049
lungscc3329.jpeg,2,1208
lungscc333.jpeg,2,1101
lungscc3330.jpeg,2,1233
lungscc3331.jpeg,2,1175
lungscc3333.jpeg,2,1170
lungscc3335.jpeg,2,1214
lungscc3336.jpeg,2,1028
lungscc3337.jpeg,2,1028
lungscc3339.jpeg,2,1140
lungscc3342.jpeg,2,1007
lungscc3343.jpeg,2,1007
lungscc3344.jpeg,2,1023
lungscc3345.jpeg,2,1114
lungscc3347.jpeg,2,1188
lungscc3348.jpeg,2,1016
lungscc3349.jpeg,2,1213
lungscc335.jpeg,2,1014
lungscc3351.jpeg,2,1024
lungscc3352.jpeg,2,1152
lungscc3353.jpeg,2,1037
lungscc3356.jpeg,2,1159
lungscc3357.jpeg,2,1171
lungscc3358.jpeg,2,1193
lungscc336.jpeg,2,1093
lungscc3360.jpeg,2,1195
lungscc3362.jpeg,2,1086
lungscc3365.jpeg,2,1008
lungscc3366.jpeg,2,1008
lungscc3367.jpeg,2,1155
lungscc3369.jpeg,2,1041
lungscc337.jpeg,2,1137
lungscc3371.jpeg,2,1043
lungscc3372.jpeg,2,1110
lungscc3373.jpeg,2,1074
lungscc3374.jpeg,2,1107
lungscc3375.jpeg,2,1034
lungscc3376.jpeg,2,1034
lungscc3377.jpeg,2,1088
lungscc3378.jpeg,2,1022
lungscc3379.jpeg,2,1021
lungscc3380.jpeg,2,1211
lungscc3381.jpeg,2,1056
lungscc3384.jpeg,2,1202
lungscc3386.jpeg,2,1149
lungscc3387.jpeg,2,1214
lungscc3388.jpeg,2,1028
lungscc3389.jpeg,2,1168
lungscc3391.jpeg,2,1123
lungscc3393.jpeg,2,1019
lungscc3394.jpeg,2,1215
lungscc3395.jpeg,2,1003
lungscc34.jpeg,2,1170
lungscc3402.jpeg,2,1236
lungscc3404.jpeg,2,1076
lungscc3405.jpeg,2,1092
lungscc3406.jpeg,2,1092
lungscc3410.jpeg,2,1025
lungscc3411.jpeg,2,1147
lungscc3413.jpeg,2,1035
lungscc3414.jpeg,2,1060
lungscc3416.jpeg,2,1085
lungscc3417.jpeg,2,1127
lungscc342.jpeg,2,1112
lungscc3420.jpeg,2,1030
lungscc3422.jpeg,2,1070
lungscc3423.jpeg,2,1063
lungscc3424.jpeg,2,1094
lungscc3425.jpeg,2,1038
lungscc343.jpeg,2,1112
lungscc3430.jpeg,2,1156
lungscc3431.jpeg,2,1146
lungscc3432.jpeg,2,1071
lungscc3433.jpeg,2,1006
lungscc3434.jpeg,2,1208
lungscc3435.jpeg,2,1174
lungscc3436.jpeg,2,1144
lungscc3437.jpeg,2,1214
lungscc3438.jpeg,2,1106
lungscc344.jpeg,2,1111
lungscc3440.jpeg,2,1077
lungscc3441.jpeg,2,1019
lungscc3444.jpeg,2,1104
lungscc3445.jpeg,2,1016
lungscc3447.jpeg,2,1018
lungscc345.jpeg,2,1051
lungscc3452.jpeg,2,1027
lungscc3453.jpeg,2,1171
lungscc3454.jpeg,2,1076
lungscc3455.jpeg,2,1100
lungscc3457.jpeg,2,1086
lungscc3458.jpeg,2,1122
lungscc3459.jpeg,2,1119
lungscc3460.jpeg,2,1147
lungscc3461.jpeg,2,1080
lungscc3463.jpeg,2,1181
lungscc3465.jpeg,2,1078
lungscc3466.jpeg,2,1127
lungscc3467.jpeg,2,1127
lungscc3468.jpeg,2,1108
lungscc3469.jpeg,2,1103
lungscc347.jpeg,2,1017
lungscc3471.jpeg,2,1118
lungscc3474.jpeg,2,1222
lungscc3475.jpeg,2,1057
lungscc3476.jpeg,2,1057
lungscc3477.jpeg,2,1194
lungscc348.jpeg,2,1122
lungscc3480.jpeg,2,1070
lungscc3482.jpeg,2,1041
lungscc3484.jpeg,2,1240
lungscc3485.jpeg,2,1211
lungscc3489.jpeg,2,1245
lungscc3490.jpeg,2,1116
lungscc3493.jpeg,2,1150
lungscc3494.jpeg,2,1006
lungscc3495.jpeg,2,1217
lungscc3496.jpeg,2,1001
lungscc3497.jpeg,2,1230
lungscc3500.jpeg,2,1168
lungscc3503.jpeg,2,1123
lungscc3505.jpeg,2,1014
lungscc3507.jpeg,2,1016
lungscc3509.jpeg,2,1130
lungscc3510.jpeg,2,1152
lungscc3511.jpeg,2,1037
lungscc3512.jpeg,2,1010
lungscc3513.jpeg,2,1010
lungscc3515.jpeg,2,1143
lungscc3517.jpeg,2,1051
lungscc3518.jpeg,2,1219
lungscc3519.jpeg,2,1017
lungscc352.jpeg,2,1035
lungscc3520.jpeg,2,1025
lungscc3521.jpeg,2,1121
lungscc3525.jpeg,2,1147
lungscc3526.jpeg,2,1065
lungscc3527.jpeg,2,1210
lungscc3529.jpeg,2,1060
lungscc353.jpeg,2,1068
lungscc3532.jpeg,2,1009
lungscc3533.jpeg,2,1155
lungscc3534.jpeg,2,1026
lungscc3535.jpeg,2,1026
lungscc3536.jpeg,2,1181
lungscc3537.jpeg,2,1097
lungscc3539.jpeg,2,1113
lungscc354.jpeg,2,1206
lungscc3540.jpeg,2,1222
lungscc3542.jpeg,2,1094
lungscc3543.jpeg,2,1094
lungscc3544.jpeg,2,1094
lungscc3547.jpeg,2,1201
lungscc3548.jpeg,2,999
lungscc3549.jpeg,2,999
lungscc355.jpeg,2,1210
lungscc3550.jpeg,2,1074
lungscc3552.jpeg,2,1145
lungscc3553.jpeg,2,1202
lungscc3554.jpeg,2,1166
lungscc3555.jpeg,2,1234
lungscc3559.jpeg,2,1244
lungscc356.jpeg,2,1210
lungscc3560.jpeg,2,1149
lungscc3561.jpeg,2,1197
lungscc3562.jpeg,2,1170
lungscc3565.jpeg,2,1028
lungscc3567.jpeg,2,998
lungscc3568.jpeg,2,1101
lungscc3569.jpeg,2,1114
lungscc3570.jpeg,2,1093
lungscc3574.jpeg,2,1130
lungscc3576.jpeg,2,1010
lungscc3577.jpeg,2,1154
lungscc3578.jpeg,2,1064
lungscc358.jpeg,2,1113
lungscc3582.jpeg,2,1195
lungscc3583.jpeg,2,1219
lungscc3584.jpeg,2,1025
lungscc3585.jpeg,2,1122
lungscc3586.jpeg,2,1119
lungscc3587.jpeg,2,1089
lungscc3589.jpeg,2,1147
lungscc359.jpeg,2,1113
lungscc3590.jpeg,2,1009
lungscc3591.jpeg,2,1155
lungscc3592.jpeg,2,1062
lungscc3593.jpeg,2,1162
lungscc3594.jpeg,2,1026
lungscc3595.jpeg,2,1225
lungscc3596.jpeg,2,1097
lungscc36.jpeg,2,1028
lungscc3600.jpeg,2,1113
lungscc3602.jpeg,2,1167
lungscc3603.jpeg,2,1165
lungscc3605.jpeg,2,999
lungscc3606.jpeg,2,1095
lungscc3607.jpeg,2,1015
lungscc3608.jpeg,2,1043
lungscc3609.jpeg,2,1110
lungscc361.jpeg,2,1057
lungscc3610.jpeg,2,1088
lungscc3611.jpeg,2,1042
lungscc3612.jpeg,2,1166
lungscc3613.jpeg,2,1234
lungscc3614.jpeg,2,1116
lungscc3615.jpeg,2,1001
lungscc3616.jpeg,2,1001
lungscc3617.jpeg,2,1244
lungscc3618.jpeg,2,1132
lungscc3619.jpeg,2,1197
lungscc362.jpeg,2,1167
lungscc3620.jpeg,2,1163
lungscc3621.jpeg,2,1106
lungscc3622.jpeg,2,1168
lungscc3623.jpeg,2,1168
lungscc3624.jpeg,2,1158
lungscc3627.jpeg,2,1019
lungscc3628.jpeg,2,1212
lungscc363.jpeg,2,1194
lungscc3630.jpeg,2,1188
lungscc3631.jpeg,2,1016
lungscc3632.jpeg,2,1016
lungscc3635.jpeg,2,1236
lungscc3636.jpeg,2,1236
lungscc3638.jpeg,2,1159
lungscc3639.jpeg,2,1076
lungscc3644.jpeg,2,1195
lungscc3645.jpeg,2,1086
lungscc3646.jpeg,2,1147
lungscc3648.jpeg,2,1035
lungscc3649.jpeg,2,1206
lungscc3650.jpeg,2,1153
lungscc3651.jpeg,2,1229
lungscc3653.jpeg,2,1155
lungscc3654.jpeg,2,1097
lungscc3655.jpeg,2,1120
lungscc3656.jpeg,2,1103
lungscc3658.jpeg,2,1177
lungscc3660.jpeg,2,1200
lungscc3661.jpeg,2,1011
lungscc3662.jpeg,2,1063
lungscc3666.jpeg,2,1099
lungscc3667.jpeg,2,1056
lungscc3668.jpeg,2,1056
lungscc3669.jpeg,2,1234
lungscc367.jpeg,2,1094
lungscc3670.jpeg,2,1116
lungscc3671.jpeg,2,1146
lungscc3672.jpeg,2,1040
lungscc3673.jpeg,2,1040
lungscc3676.jpeg,2,1233
lungscc3677.jpeg,2,1144
lungscc3679.jpeg,2,1168
lungscc368.jpeg,2,1038
lungscc3680.jpeg,2,1168
lungscc3681.jpeg,2,1158
lungscc3682.jpeg,2,1179
lungscc3683.jpeg,2,998
lungscc3684.jpeg,2,1215
lungscc3685.jpeg,2,1020
lungscc3687.jpeg,2,1023
lungscc3688.jpeg,2,1114
lungscc369.jpeg,2,1075
lungscc3690.jpeg,2,1186
lungscc3692.jpeg,2,1173
lungscc3693.jpeg,2,1027
lungscc3694.jpeg,2,1010
lungscc3695.jpeg,2,1076
lungscc3696.jpeg,2,1081
lungscc3697.jpeg,2,1219
lungscc3698.jpeg,2,1237
lungscc3699.jpeg,2,1086
lungscc37.jpeg,2,1106
lungscc370.jpeg,2,1058
lungscc3700.jpeg,2,1121
lungscc3701.jpeg,2,1196
lungscc3703.jpeg,2,1080
lungscc3704.jpeg,2,1068
lungscc3705.jpeg,2,1182
lungscc3706.jpeg,2,1199
lungscc3708.jpeg,2,1097
lungscc3709.jpeg,2,1078
lungscc371.jpeg,2,999
lungscc3710.jpeg,2,1120
lungscc3713.jpeg,2,1118
lungscc3714.jpeg,2,1177
lungscc3716.jpeg,2,1194
lungscc3718.jpeg,2,1030
lungscc372.jpeg,2,1015
lungscc3720.jpeg,2,1075
lungscc3721.jpeg,2,1041
lungscc3722.jpeg,2,1095
lungscc3723.jpeg,2,1043
lungscc3725.jpeg,2,1031
lungscc3727.jpeg,2,1022
lungscc3728.jpeg,2,1156
lungscc3729.jpeg,2,1021
lungscc373.jpeg,2,1107
lungscc3730.jpeg,2,1166
lungscc3732.jpeg,2,1071
lungscc3735.jpeg,2,1208
lungscc3736.jpeg,2,1149
lungscc3738.jpeg,2,1168
lungscc374.jpeg,2,1107
lungscc3742.jpeg,2,1123
lungscc3746.jpeg,2,998
lungscc3747.jpeg,2,1023
lungscc3748.jpeg,2,1186
lungscc375.jpeg,2,1198
lungscc3750.jpeg,2,1137
lungscc3751.jpeg,2,1016
lungscc3752.jpeg,2,1016
lungscc3753.jpeg,2,1213
lungscc3755.jpeg,2,1018
lungscc3756.jpeg,2,1024
lungscc3757.jpeg,2,1047
lungscc3758.jpeg,2,1037
lungscc3759.jpeg,2,1037
lungscc3760.jpeg,2,1236
lungscc3762.jpeg,2,1159
lungscc3763.jpeg,2,1193
lungscc3764.jpeg,2,1076
lungscc3765.jpeg,2,1092
lungscc3766.jpeg,2,1064
lungscc3769.jpeg,2,1017
lungscc3770.jpeg,2,1025
lungscc3771.jpeg,2,1122
lungscc3773.jpeg,2,1121
lungscc3774.jpeg,2,1196
lungscc3775.jpeg,2,1196
lungscc3776.jpeg,2,1223
lungscc3777.jpeg,2,1206
lungscc3778.jpeg,2,1210
lungscc3779.jpeg,2,1153
lungscc378.jpeg,2,1211
lungscc3780.jpeg,2,1078
lungscc3782.jpeg,2,1103
lungscc3783.jpeg,2,1118
lungscc3784.jpeg,2,1177
lungscc3785.jpeg,2,1216
lungscc3787.jpeg,2,1030
lungscc3788.jpeg,2,1030
lungscc3789.jpeg,2,1142
lungscc379.jpeg,2,1187
lungscc3790.jpeg,2,1075
lungscc3791.jpeg,2,1095
lungscc3792.jpeg,2,1034
lungscc3797.jpeg,2,1040
lungscc3798.jpeg,2,1040
lungscc38.jpeg,2,1168
lungscc3801.jpeg,2,1242
lungscc3802.jpeg,2,1129
lungscc3805.jpeg,2,1212
lungscc3807.jpeg,2,1007
lungscc3808.jpeg,2,1003
lungscc3809.jpeg,2,1023
lungscc3814.jpeg,2,1243
lungscc3815.jpeg,2,1047
lungscc3817.jpeg,2,1010
lungscc3818.jpeg,2,1010
lungscc3819.jpeg,2,1154
lungscc3820.jpeg,2,1154
lungscc3821.jpeg,2,1143
lungscc3822.jpeg,2,1092
lungscc3824.jpeg,2,1051
lungscc3826.jpeg,2,1081
lungscc3827.jpeg,2,1086
lungscc3829.jpeg,2,1122
lungscc383.jpeg,2,1006
lungscc3831.jpeg,2,1089
lungscc3832.jpeg,2,1223
lungscc3834.jpeg,2,1035
lungscc3835.jpeg,2,1210
lungscc3838.jpeg,2,1120
lungscc3839.jpeg,2,1103
lungscc3841.jpeg,2,1118
lungscc3842.jpeg,2,1200
lungscc3843.jpeg,2,1011
lungscc3846.jpeg,2,1075
lungscc3847.jpeg,2,1160
lungscc3848.jpeg,2,1095
lungscc3851.jpeg,2,1074
lungscc3854.jpeg,2,1031
lungscc3855.jpeg,2,1088
lungscc3856.jpeg,2,1042
lungscc3857.jpeg,2,1145
lungscc386.jpeg,2,1049
lungscc3860.jpeg,2,1163
lungscc3863.jpeg,2,1129
lungscc3864.jpeg,2,1129
lungscc3865.jpeg,2,1140
lungscc3867.jpeg,2,1158
lungscc3869.jpeg,2,1176
lungscc387.jpeg,2,1208
lungscc3871.jpeg,2,1186
lungscc3872.jpeg,2,1093
lungscc3873.jpeg,2,1093
lungscc3874.jpeg,2,1128
lungscc3875.jpeg,2,1016
lungscc3876.jpeg,2,1130
lungscc3878.jpeg,2,1047
lungscc388.jpeg,2,1175
lungscc3882.jpeg,2,1061
lungscc3885.jpeg,2,1076
lungscc3886.jpeg,2,1111
lungscc3887.jpeg,2,1111
lungscc3888.jpeg,2,1064
lungscc3889.jpeg,2,1081
lungscc389.jpeg,2,1170
lungscc3890.jpeg,2,1122
lungscc3892.jpeg,2,1089
lungscc3893.jpeg,2,1147
lungscc3894.jpeg,2,1068
lungscc3895.jpeg,2,1206
lungscc3896.jpeg,2,1182
lungscc3897.jpeg,2,1199
lungscc3898.jpeg,2,1126
lungscc3899.jpeg,2,1167
lungscc39.jpeg,2,1020
lungscc3901.jpeg,2,1110
lungscc3902.jpeg,2,1098
lungscc3903.jpeg,2,1088
lungscc3904.jpeg,2,1088
lungscc3905.jpeg,2,1156
lungscc3906.jpeg,2,1099
lungscc391.jpeg,2,1158
lungscc3911.jpeg,2,1040
lungscc3913.jpeg,2,1239
lungscc3915.jpeg,2,1242
lungscc3918.jpeg,2,1214
lungscc3919.jpeg,2,1106
lungscc3921.jpeg,2,1215
lungscc3922.jpeg,2,1237
lungscc3923.jpeg,2,1007
lungscc3924.jpeg,2,1003
lungscc3925.jpeg,2,1003
lungscc3926.jpeg,2,1023
lungscc3927.jpeg,2,1186
lungscc3928.jpeg,2,1128
lungscc3929.jpeg,2,1018
lungscc393.jpeg,2,1123
lungscc3930.jpeg,2,1024
lungscc3931.jpeg,2,1152
lungscc3934.jpeg,2,1076
lungscc3935.jpeg,2,1092
lungscc3936.jpeg,2,1100
lungscc3938.jpeg,2,1035
lungscc3939.jpeg,2,1210
lungscc3940.jpeg,2,1060
lungscc3943.jpeg,2,1026
lungscc3945.jpeg,2,1127
lungscc3946.jpeg,2,1120
lungscc3948.jpeg,2,1103
lungscc3951.jpeg,2,1177
lungscc3952.jpeg,2,1113
lungscc3953.jpeg,2,1002
lungscc3954.jpeg,2,1011
lungscc3955.jpeg,2,1165
lungscc3956.jpeg,2,1165
lungscc3957.jpeg,2,1070
lungscc3958.jpeg,2,1063
lungscc3959.jpeg,2,1038
lungscc396.jpeg,2,1179
lungscc3960.jpeg,2,1038
lungscc3961.jpeg,2,1142
lungscc3964.jpeg,2,1074
lungscc3965.jpeg,2,1156
lungscc3966.jpeg,2,1198
lungscc3967.jpeg,2,1145
lungscc3971.jpeg,2,1146
lungscc3973.jpeg,2,1071
lungscc3975.jpeg,2,1040
lungscc3976.jpeg,2,1001
lungscc3977.jpeg,2,1197
lungscc3978.jpeg,2,1106
lungscc398.jpeg,2,1128
lungscc3982.jpeg,2,1123
lungscc3985.jpeg,2,1019
lungscc3986.jpeg,2,1232
lungscc3987.jpeg,2,1101
lungscc3988.jpeg,2,1134
lungscc3989.jpeg,2,1128
lungscc3991.jpeg,2,1104
lungscc3992.jpeg,2,1213
lungscc3993.jpeg,2,1024
lungscc3994.jpeg,2,1024
lungscc3999.jpeg,2,1112
lungscc4.jpeg,2,1001
lungscc400.jpeg,2,1104
lungscc4000.jpeg,2,1159
lungscc4001.jpeg,2,1010
lungscc4002.jpeg,2,1193
lungscc4004.jpeg,2,1121
lungscc4006.jpeg,2,1182
lungscc4008.jpeg,2,1229
lungscc401.jpeg,2,1104
lungscc4010.jpeg,2,1162
lungscc4011.jpeg,2,1225
lungscc4013.jpeg,2,1103
lungscc4016.jpeg,2,1222
lungscc4018.jpeg,2,1194
lungscc4019.jpeg,2,1165
lungscc402.jpeg,2,1130
lungscc4020.jpeg,2,1142
lungscc4021.jpeg,2,1075
lungscc4022.jpeg,2,1075
lungscc4024.jpeg,2,1041
lungscc4025.jpeg,2,1107
lungscc4026.jpeg,2,1099
lungscc4027.jpeg,2,1166
lungscc4028.jpeg,2,1116
lungscc403.jpeg,2,1173
lungscc4032.jpeg,2,1001
lungscc4033.jpeg,2,1197
lungscc4035.jpeg,2,1106
lungscc4039.jpeg,2,1123
lungscc4040.jpeg,2,1179
lungscc4041.jpeg,2,1020
lungscc4042.jpeg,2,1237
lungscc4044.jpeg,2,1114
lungscc4045.jpeg,2,1188
lungscc4048.jpeg,2,1047
lungscc4050.jpeg,2,1037
lungscc4053.jpeg,2,1171
lungscc4056.jpeg,2,1089
lungscc4057.jpeg,2,1223
lungscc4058.jpeg,2,1124
lungscc4059.jpeg,2,1124
lungscc406.jpeg,2,1037
lungscc4060.jpeg,2,1068
lungscc4062.jpeg,2,1009
lungscc4065.jpeg,2,1225
lungscc4066.jpeg,2,1225
lungscc4067.jpeg,2,1078
lungscc4068.jpeg,2,1078
lungscc4069.jpeg,2,1085
lungscc407.jpeg,2,1061
lungscc4070.jpeg,2,1085
lungscc4071.jpeg,2,1108
lungscc4072.jpeg,2,1118
lungscc4075.jpeg,2,1070
lungscc4076.jpeg,2,1094
lungscc4079.jpeg,2,1075
lungscc408.jpeg,2,1010
lungscc4081.jpeg,2,1058
lungscc4082.jpeg,2,1041
lungscc4083.jpeg,2,1043
lungscc4084.jpeg,2,1088
lungscc4085.jpeg,2,1198
lungscc4087.jpeg,2,1099
lungscc4088.jpeg,2,1116
lungscc4089.jpeg,2,1146
lungscc409.jpeg,2,1010
lungscc4091.jpeg,2,1071
lungscc4092.jpeg,2,1239
lungscc4093.jpeg,2,1150
lungscc4094.jpeg,2,1150
lungscc4095.jpeg,2,1242
lungscc4097.jpeg,2,1132
lungscc4099.jpeg,2,1168
lungscc41.jpeg,2,1020
lungscc410.jpeg,2,1092
lungscc4101.jpeg,2,1129
lungscc4102.jpeg,2,1158
lungscc4103.jpeg,2,1176
lungscc4104.jpeg,2,1023
lungscc4105.jpeg,2,1134
lungscc4107.jpeg,2,1188
lungscc4108.jpeg,2,1104
lungscc4109.jpeg,2,1213
lungscc411.jpeg,2,1111
lungscc4112.jpeg,2,1076
lungscc4113.jpeg,2,1076
lungscc4114.jpeg,2,1051
lungscc4116.jpeg,2,1237
lungscc4117.jpeg,2,1196
lungscc4119.jpeg,2,1124
lungscc412.jpeg,2,1064
lungscc4121.jpeg,2,1182
lungscc4122.jpeg,2,1210
lungscc4124.jpeg,2,1009
lungscc4127.jpeg,2,1126
lungscc4128.jpeg,2,1126
lungscc4129.jpeg,2,1225
lungscc4130.jpeg,2,1097
lungscc4132.jpeg,2,1085
lungscc4134.jpeg,2,1108
lungscc4135.jpeg,2,1216
lungscc4136.jpeg,2,1011
lungscc4137.jpeg,2,1167
lungscc4141.jpeg,2,1063
lungscc4143.jpeg,2,1041
lungscc4144.jpeg,2,1095
lungscc4145.jpeg,2,1107
lungscc4146.jpeg,2,1098
lungscc4147.jpeg,2,1156
lungscc4148.jpeg,2,1145
lungscc4149.jpeg,2,1234
lungscc4150.jpeg,2,1146
lungscc4154.jpeg,2,1217
lungscc4155.jpeg,2,1001
lungscc4156.jpeg,2,1132
lungscc4158.jpeg,2,1163
lungscc4159.jpeg,2,1163
lungscc416.jpeg,2,1081
lungscc4160.jpeg,2,1214
lungscc4161.jpeg,2,1028
lungscc4163.jpeg,2,1129
lungscc4164.jpeg,2,1158
lungscc4166.jpeg,2,1232
lungscc4168.jpeg,2,1134
lungscc4169.jpeg,2,1188
lungscc417.jpeg,2,1237
lungscc4170.jpeg,2,1188
lungscc4171.jpeg,2,1104
lungscc4173.jpeg,2,1027
lungscc4174.jpeg,2,1171
lungscc418.jpeg,2,1196
lungscc4180.jpeg,2,1195
lungscc4182.jpeg,2,1223
lungscc4185.jpeg,2,1009
lungscc4186.jpeg,2,1009
lungscc4188.jpeg,2,1181
lungscc4189.jpeg,2,1225
lungscc419.jpeg,2,1119
lungscc4191.jpeg,2,1002
lungscc4192.jpeg,2,1002
lungscc4193.jpeg,2,1011
lungscc4195.jpeg,2,1063
lungscc4196.jpeg,2,1058
lungscc4197.jpeg,2,1201
lungscc4199.jpeg,2,999
lungscc4200.jpeg,2,1095
lungscc4201.jpeg,2,1015
lungscc4202.jpeg,2,1240
lungscc4203.jpeg,2,1110
lungscc4204.jpeg,2,1107
lungscc4206.jpeg,2,1056
lungscc4207.jpeg,2,1056
lungscc4208.jpeg,2,1056
lungscc4209.jpeg,2,1166
lungscc421.jpeg,2,1124
lungscc4210.jpeg,2,1006
lungscc4212.jpeg,2,1144
lungscc4213.jpeg,2,1197
lungscc4214.jpeg,2,1170
lungscc4216.jpeg,2,1163
lungscc4217.jpeg,2,1123
lungscc4218.jpeg,2,1123
lungscc4219.jpeg,2,1179
lungscc422.jpeg,2,1068
lungscc4220.jpeg,2,998
lungscc4221.jpeg,2,1077
lungscc4222.jpeg,2,1019
lungscc4223.jpeg,2,1020
lungscc4225.jpeg,2,1007
lungscc4226.jpeg,2,1176
lungscc4227.jpeg,2,1003
lungscc4228.jpeg,2,1093
lungscc4229.jpeg,2,1213
lungscc423.jpeg,2,1210
lungscc4230.jpeg,2,1213
lungscc4231.jpeg,2,1047
lungscc4234.jpeg,2,1037
lungscc4235.jpeg,2,1154
lungscc4237.jpeg,2,1122
lungscc4238.jpeg,2,1122
lungscc4240.jpeg,2,1008
lungscc4245.jpeg,2,1126
lungscc4246.jpeg,2,1181
lungscc4247.jpeg,2,1225
lungscc4252.jpeg,2,1011
lungscc4253.jpeg,2,1030
lungscc4254.jpeg,2,1030
lungscc4258.jpeg,2,1041
lungscc4259.jpeg,2,1095
lungscc4260.jpeg,2,1110
lungscc4261.jpeg,2,1034
lungscc4262.jpeg,2,1198
lungscc4263.jpeg,2,1042
lungscc4264.jpeg,2,1145
lungscc4265.jpeg,2,1056
lungscc4266.jpeg,2,1056
lungscc4268.jpeg,2,1166
lungscc4269.jpeg,2,1071
lungscc4271.jpeg,2,1001
lungscc4273.jpeg,2,1163
lungscc4276.jpeg,2,1158
lungscc4277.jpeg,2,998
lungscc4278.jpeg,2,1019
lungscc428.jpeg,2,1162
lungscc4282.jpeg,2,1243
lungscc4283.jpeg,2,1016
lungscc4284.jpeg,2,1047
lungscc4285.jpeg,2,1037
lungscc4286.jpeg,2,1061
lungscc4287.jpeg,2,1061
lungscc4288.jpeg,2,1159
lungscc4289.jpeg,2,1171
lungscc4291.jpeg,2,1092
lungscc4292.jpeg,2,1111
lungscc4295.jpeg,2,1064
lungscc4296.jpeg,2,1121
lungscc4300.jpeg,2,1229
lungscc4301.jpeg,2,1155
lungscc4303.jpeg,2,1162
lungscc4304.jpeg,2,1162
lungscc4305.jpeg,2,1026
lungscc4308.jpeg,2,1216
lungscc4309.jpeg,2,1011
lungscc431.jpeg,2,1177
lungscc4310.jpeg,2,1167
lungscc4315.jpeg,2,1098
lungscc4316.jpeg,2,1088
lungscc4317.jpeg,2,1022
lungscc4318.jpeg,2,1099
lungscc4319.jpeg,2,1099
lungscc4320.jpeg,2,1187
lungscc4322.jpeg,2,1056
lungscc4325.jpeg,2,1071
lungscc4326.jpeg,2,1071
lungscc4327.jpeg,2,1040
lungscc4329.jpeg,2,1132
lungscc433.jpeg,2,1011
lungscc4330.jpeg,2,1149
lungscc4332.jpeg,2,1197
lungscc4334.jpeg,2,1168
lungscc4335.jpeg,2,1168
lungscc4336.jpeg,2,1158
lungscc4337.jpeg,2,1179
lungscc4338.jpeg,2,1077
lungscc4339.jpeg,2,1020
lungscc434.jpeg,2,1167
lungscc4340.jpeg,2,1023
lungscc4341.jpeg,2,1023
lungscc4342.jpeg,2,1093
lungscc4346.jpeg,2,1024
lungscc4347.jpeg,2,1047
lungscc4348.jpeg,2,1047
lungscc4349.jpeg,2,1171
lungscc4350.jpeg,2,1010
lungscc4352.jpeg,2,1191
lungscc4353.jpeg,2,1064
lungscc4355.jpeg,2,1086
lungscc4356.jpeg,2,1122
lungscc4357.jpeg,2,1122
lungscc4358.jpeg,2,1119
lungscc4359.jpeg,2,1065
lungscc4361.jpeg,2,1199
lungscc4362.jpeg,2,1009
lungscc4363.jpeg,2,1026
lungscc4366.jpeg,2,1070
lungscc4367.jpeg,2,1070
lungscc4369.jpeg,2,1058
lungscc437.jpeg,2,999
lungscc4371.jpeg,2,1098
lungscc4373.jpeg,2,1042
lungscc4375.jpeg,2,1166
lungscc4378.jpeg,2,1150
lungscc4379.jpeg,2,1217
lungscc4380.jpeg,2,1132
lungscc4381.jpeg,2,1132
lungscc4382.jpeg,2,1233
lungscc4383.jpeg,2,1174
lungscc4388.jpeg,2,1214
lungscc4389.jpeg,2,1028
lungscc439.jpeg,2,1043
lungscc4390.jpeg,2,1129
lungscc4393.jpeg,2,1123
lungscc4395.jpeg,2,1019
lungscc4396.jpeg,2,1212
lungscc44.jpeg,2,1037
lungscc440.jpeg,2,1107
lungscc4400.jpeg,2,1176
lungscc4405.jpeg,2,1092
lungscc4408.jpeg,2,1237
lungscc4409.jpeg,2,1086
lungscc441.jpeg,2,1098
lungscc4410.jpeg,2,1025
lungscc4412.jpeg,2,1065
lungscc4415.jpeg,2,1199
lungscc4416.jpeg,2,1199
lungscc4417.jpeg,2,1009
lungscc4418.jpeg,2,1153
lungscc4419.jpeg,2,1162
lungscc442.jpeg,2,1022
lungscc4420.jpeg,2,1126
lungscc4421.jpeg,2,1097
lungscc4424.jpeg,2,1057
lungscc4426.jpeg,2,1038
lungscc4427.jpeg,2,1038
lungscc443.jpeg,2,1198
lungscc4433.jpeg,2,999
lungscc4434.jpeg,2,1088
lungscc4436.jpeg,2,1040
lungscc4437.jpeg,2,1040
lungscc444.jpeg,2,1145
lungscc4440.jpeg,2,1242
lungscc4441.jpeg,2,1174
lungscc4444.jpeg,2,1140
lungscc4445.jpeg,2,1140
lungscc4448.jpeg,2,1123
lungscc4450.jpeg,2,1179
lungscc4451.jpeg,2,1007
lungscc4452.jpeg,2,1176
lungscc4453.jpeg,2,1023
lungscc4454.jpeg,2,1023
lungscc4455.jpeg,2,1114
lungscc4456.jpeg,2,1130
lungscc4458.jpeg,2,1061
lungscc4459.jpeg,2,1010
lungscc4460.jpeg,2,1143
lungscc4461.jpeg,2,1191
lungscc4462.jpeg,2,1111
lungscc4464.jpeg,2,1064
lungscc4469.jpeg,2,1025
lungscc4470.jpeg,2,1196
lungscc4471.jpeg,2,1196
lungscc4473.jpeg,2,1035
lungscc4474.jpeg,2,1035
lungscc4475.jpeg,2,1199
lungscc4476.jpeg,2,1229
lungscc4477.jpeg,2,1155
lungscc4479.jpeg,2,1126
lungscc4482.jpeg,2,1200
lungscc4483.jpeg,2,1002
lungscc4487.jpeg,2,1038
lungscc4489.jpeg,2,1041
lungscc4491.jpeg,2,1043
lungscc4493.jpeg,2,1098
lungscc4494.jpeg,2,1022
lungscc4495.jpeg,2,1156
lungscc4496.jpeg,2,1042
lungscc4497.jpeg,2,1099
lungscc4499.jpeg,2,1234
lungscc450.jpeg,2,1049
lungscc4500.jpeg,2,1245
lungscc4502.jpeg,2,1049
lungscc4504.jpeg,2,1170
lungscc4505.jpeg,2,1179
lungscc4506.jpeg,2,1019
lungscc4509.jpeg,2,1186
lungscc451.jpeg,2,1244
lungscc4510.jpeg,2,1014
lungscc4511.jpeg,2,1188
lungscc4512.jpeg,2,1016
lungscc4514.jpeg,2,1024
lungscc4515.jpeg,2,1047
lungscc4516.jpeg,2,1152
lungscc4518.jpeg,2,1037
lungscc452.jpeg,2,1174
lungscc4520.jpeg,2,1027
lungscc4521.jpeg,2,1159
lungscc4522.jpeg,2,1076
lungscc4523.jpeg,2,1143
lungscc4525.jpeg,2,1237
lungscc4528.jpeg,2,1223
lungscc4529.jpeg,2,1035
lungscc453.jpeg,2,1144
lungscc4530.jpeg,2,1068
lungscc4535.jpeg,2,1085
lungscc4537.jpeg,2,1103
lungscc4538.jpeg,2,1103
lungscc4539.jpeg,2,1103
lungscc4540.jpeg,2,1118
lungscc4541.jpeg,2,1177
lungscc4542.jpeg,2,1216
lungscc4543.jpeg,2,999
lungscc4544.jpeg,2,1095
lungscc4545.jpeg,2,1021
lungscc4546.jpeg,2,1145
lungscc4547.jpeg,2,1145
lungscc4548.jpeg,2,1056
lungscc4551.jpeg,2,1166
lungscc4552.jpeg,2,1040
lungscc4553.jpeg,2,1239
lungscc4556.jpeg,2,1179
lungscc4557.jpeg,2,998
lungscc4559.jpeg,2,1232
lungscc456.jpeg,2,1168
lungscc4560.jpeg,2,1176
lungscc4561.jpeg,2,1023
lungscc4562.jpeg,2,1114
lungscc4563.jpeg,2,1114
lungscc4564.jpeg,2,1186
lungscc4566.jpeg,2,1134
lungscc4568.jpeg,2,1125
lungscc4569.jpeg,2,1243
lungscc4575.jpeg,2,1112
lungscc4576.jpeg,2,1010
lungscc4577.jpeg,2,1111
lungscc4578.jpeg,2,1111
lungscc4580.jpeg,2,1051
lungscc4583.jpeg,2,1219
lungscc4584.jpeg,2,1196
lungscc4589.jpeg,2,1080
lungscc459.jpeg,2,1020
lungscc4594.jpeg,2,1009
lungscc4595.jpeg,2,1026
lungscc4596.jpeg,2,1181
lungscc4597.jpeg,2,1127
lungscc4598.jpeg,2,1103
lungscc4599.jpeg,2,1177
lungscc4600.jpeg,2,1165
lungscc4601.jpeg,2,1038
lungscc4602.jpeg,2,1038
lungscc4604.jpeg,2,1095
lungscc4605.jpeg,2,1095
lungscc4606.jpeg,2,1095
lungscc4608.jpeg,2,1031
lungscc4609.jpeg,2,1211
lungscc461.jpeg,2,1007
lungscc4613.jpeg,2,1245
lungscc4614.jpeg,2,1116
lungscc4615.jpeg,2,1049
lungscc4616.jpeg,2,1049
lungscc4617.jpeg,2,1208
lungscc462.jpeg,2,1176
lungscc4621.jpeg,2,1179
lungscc4623.jpeg,2,1014
lungscc4624.jpeg,2,1024
lungscc4625.jpeg,2,1173
lungscc4627.jpeg,2,1076
lungscc4628.jpeg,2,1092
lungscc4629.jpeg,2,1092
lungscc4631.jpeg,2,1100
lungscc4633.jpeg,2,1237
lungscc4634.jpeg,2,1122
lungscc4636.jpeg,2,1119
lungscc4637.jpeg,2,1089
lungscc4638.jpeg,2,1147
lungscc4639.jpeg,2,1124
lungscc464.jpeg,2,1125
lungscc4642.jpeg,2,1229
lungscc4643.jpeg,2,1155
lungscc4645.jpeg,2,1062
lungscc4646.jpeg,2,1062
lungscc4647.jpeg,2,1181
lungscc465.jpeg,2,1016
lungscc4650.jpeg,2,1103
lungscc4651.jpeg,2,1118
lungscc4652.jpeg,2,1216
lungscc4653.jpeg,2,1222
lungscc4654.jpeg,2,1194
lungscc4655.jpeg,2,1070
lungscc4656.jpeg,2,1142
lungscc4658.jpeg,2,1160
lungscc4659.jpeg,2,1015
lungscc4661.jpeg,2,1043
lungscc4663.jpeg,2,1110
lungscc4664.jpeg,2,1031
lungscc4665.jpeg,2,1031
lungscc4666.jpeg,2,1099
lungscc4667.jpeg,2,1099
lungscc4669.jpeg,2,1245
lungscc467.jpeg,2,1018
lungscc4670.jpeg,2,1040
lungscc4671.jpeg,2,1040
lungscc4672.jpeg,2,1040
lungscc4675.jpeg,2,1150
lungscc4676.jpeg,2,1230
lungscc4677.jpeg,2,1149
lungscc4680.jpeg,2,1019
lungscc4681.jpeg,2,1215
lungscc4683.jpeg,2,1176
lungscc4684.jpeg,2,1134
lungscc4685.jpeg,2,1128
lungscc4686.jpeg,2,1128
lungscc4688.jpeg,2,1173
lungscc4690.jpeg,2,1112
lungscc4691.jpeg,2,1159
lungscc4692.jpeg,2,1159
lungscc4693.jpeg,2,1171
lungscc4695.jpeg,2,1219
lungscc4696.jpeg,2,1237
lungscc4697.jpeg,2,1147
lungscc4698.jpeg,2,1080
lungscc4699.jpeg,2,1210
lungscc470.jpeg,2,1112
lungscc4700.jpeg,2,1008
lungscc4702.jpeg,2,1009
lungscc4705.jpeg,2,1225
lungscc4706.jpeg,2,1078
lungscc4708.jpeg,2,1103
lungscc471.jpeg,2,1159
lungscc4710.jpeg,2,1167
lungscc4711.jpeg,2,1167
lungscc4713.jpeg,2,1030
lungscc4716.jpeg,2,1058
lungscc4717.jpeg,2,1043
lungscc4718.jpeg,2,1031
lungscc4719.jpeg,2,1198
lungscc472.jpeg,2,1064
lungscc4720.jpeg,2,1211
lungscc4721.jpeg,2,1099
lungscc4722.jpeg,2,1166
lungscc4724.jpeg,2,1217
lungscc4725.jpeg,2,1049
lungscc4726.jpeg,2,1132
lungscc4730.jpeg,2,1168
lungscc4731.jpeg,2,1129
lungscc4732.jpeg,2,1140
lungscc4734.jpeg,2,1158
lungscc4735.jpeg,2,1020
lungscc4736.jpeg,2,1020
lungscc4739.jpeg,2,1125
lungscc474.jpeg,2,1017
lungscc4740.jpeg,2,1137
lungscc4741.jpeg,2,1104
lungscc4746.jpeg,2,1018
lungscc4748.jpeg,2,1236
lungscc4749.jpeg,2,1159
lungscc475.jpeg,2,1086
lungscc4750.jpeg,2,1143
lungscc4752.jpeg,2,1195
lungscc4754.jpeg,2,1025
lungscc4755.jpeg,2,1196
lungscc4756.jpeg,2,1147
lungscc4757.jpeg,2,1065
lungscc4758.jpeg,2,1008
lungscc4759.jpeg,2,1153
lungscc476.jpeg,2,1121
lungscc4762.jpeg,2,1181
lungscc4763.jpeg,2,1181
lungscc4764.jpeg,2,1127
lungscc4765.jpeg,2,1002
lungscc4767.jpeg,2,1011
lungscc4768.jpeg,2,1167
lungscc477.jpeg,2,1089
lungscc4770.jpeg,2,1142
lungscc4773.jpeg,2,1160
lungscc4774.jpeg,2,999
lungscc4775.jpeg,2,1043
lungscc4778.jpeg,2,1166
lungscc4779.jpeg,2,1116
lungscc4780.jpeg,2,1116
lungscc4781.jpeg,2,1049
lungscc4782.jpeg,2,1233
lungscc4783.jpeg,2,1197
lungscc4785.jpeg,2,1028
lungscc4787.jpeg,2,1158
lungscc479.jpeg,2,1035
lungscc4790.jpeg,2,1215
lungscc4792.jpeg,2,1007
lungscc4793.jpeg,2,1232
lungscc4795.jpeg,2,1114
lungscc4796.jpeg,2,1114
lungscc4798.jpeg,2,1014
lungscc4799.jpeg,2,1243
lungscc480.jpeg,2,1065
lungscc4801.jpeg,2,1173
lungscc4802.jpeg,2,1027
lungscc4804.jpeg,2,1159
lungscc4806.jpeg,2,1191
lungscc4807.jpeg,2,1111
lungscc4809.jpeg,2,1064
lungscc4810.jpeg,2,1237
lungscc4811.jpeg,2,1122
lungscc4812.jpeg,2,1089
lungscc4816.jpeg,2,1008
lungscc4819.jpeg,2,1062
lungscc482.jpeg,2,1008
lungscc4821.jpeg,2,1085
lungscc4822.jpeg,2,1085
lungscc4823.jpeg,2,1177
lungscc4825.jpeg,2,1113
lungscc4827.jpeg,2,1011
lungscc4828.jpeg,2,1167
lungscc4829.jpeg,2,1030
lungscc4830.jpeg,2,1070
lungscc4831.jpeg,2,1063
lungscc4835.jpeg,2,1201
lungscc4836.jpeg,2,1201
lungscc4837.jpeg,2,1041
lungscc4839.jpeg,2,1043
lungscc484.jpeg,2,1153
lungscc4840.jpeg,2,1034
lungscc4842.jpeg,2,1088
lungscc4843.jpeg,2,1022
lungscc4844.jpeg,2,1211
lungscc4845.jpeg,2,1187
lungscc4847.jpeg,2,1245
lungscc4848.jpeg,2,1245
lungscc4852.jpeg,2,1150
lungscc4853.jpeg,2,1006
lungscc4854.jpeg,2,1217
lungscc4855.jpeg,2,1049
lungscc4856.jpeg,2,1049
lungscc4858.jpeg,2,1170
lungscc4859.jpeg,2,1168
lungscc486.jpeg,2,1153
lungscc4861.jpeg,2,1019
lungscc4862.jpeg,2,1212
lungscc4865.jpeg,2,1186
lungscc4866.jpeg,2,1014
lungscc4867.jpeg,2,1093
lungscc4868.jpeg,2,1104
lungscc4869.jpeg,2,1213
lungscc487.jpeg,2,1155
lungscc4870.jpeg,2,1024
lungscc4871.jpeg,2,1047
lungscc4873.jpeg,2,1010
lungscc4874.jpeg,2,1076
lungscc4875.jpeg,2,1111
lungscc4876.jpeg,2,1100
lungscc4878.jpeg,2,1195
lungscc4879.jpeg,2,1122
lungscc488.jpeg,2,1026
lungscc4880.jpeg,2,1124
lungscc4886.jpeg,2,1057
lungscc4889.jpeg,2,1194
lungscc489.jpeg,2,1085
lungscc4893.jpeg,2,1041
lungscc4895.jpeg,2,1043
lungscc4896.jpeg,2,1074
lungscc4901.jpeg,2,1088
lungscc4902.jpeg,2,1156
lungscc4903.jpeg,2,1156
lungscc4904.jpeg,2,1042
lungscc4905.jpeg,2,1145
lungscc4906.jpeg,2,1187
lungscc4908.jpeg,2,1006
lungscc4909.jpeg,2,1001
lungscc491.jpeg,2,1057
lungscc4910.jpeg,2,1208
lungscc4911.jpeg,2,1214
lungscc4912.jpeg,2,1129
lungscc4915.jpeg,2,1123
lungscc4917.jpeg,2,1101
lungscc4918.jpeg,2,1176
lungscc4919.jpeg,2,1114
lungscc492.jpeg,2,1070
lungscc4921.jpeg,2,1125
lungscc4923.jpeg,2,1018
lungscc4924.jpeg,2,1152
lungscc4927.jpeg,2,1061
lungscc4928.jpeg,2,1112
lungscc4929.jpeg,2,1092
lungscc493.jpeg,2,1094
lungscc4930.jpeg,2,1191
lungscc4931.jpeg,2,1111
lungscc4933.jpeg,2,1089
lungscc4935.jpeg,2,1223
lungscc4937.jpeg,2,1206
lungscc4938.jpeg,2,1182
lungscc4939.jpeg,2,1008
lungscc4942.jpeg,2,1162
lungscc4943.jpeg,2,1127
lungscc4948.jpeg,2,1063
lungscc4949.jpeg,2,1038
lungscc495.jpeg,2,1075
lungscc4952.jpeg,2,1041
lungscc4953.jpeg,2,1160
lungscc4954.jpeg,2,1043
lungscc4955.jpeg,2,1110
lungscc4957.jpeg,2,1031
lungscc4959.jpeg,2,1187
lungscc496.jpeg,2,1075
lungscc4960.jpeg,2,1187
lungscc4961.jpeg,2,1166
lungscc4962.jpeg,2,1116
lungscc4964.jpeg,2,1244
lungscc4965.jpeg,2,1197
lungscc4966.jpeg,2,1163
lungscc4969.jpeg,2,1215
lungscc4971.jpeg,2,1232
lungscc4973.jpeg,2,1186
lungscc4974.jpeg,2,1186
lungscc4976.jpeg,2,1016
lungscc4977.jpeg,2,1047
lungscc4978.jpeg,2,1064
lungscc4979.jpeg,2,1051
lungscc498.jpeg,2,1058
lungscc4980.jpeg,2,1195
lungscc4982.jpeg,2,1219
lungscc4983.jpeg,2,1237
lungscc4984.jpeg,2,1025
lungscc4985.jpeg,2,1025
lungscc4987.jpeg,2,1119
lungscc4988.jpeg,2,1223
lungscc4989.jpeg,2,1223
lungscc499.jpeg,2,1201
lungscc4990.jpeg,2,1223
lungscc4991.jpeg,2,1060
lungscc4992.jpeg,2,1060
lungscc4995.jpeg,2,1062
lungscc4996.jpeg,2,1127
lungscc4997.jpeg,2,1127
lungscc4999.jpeg,2,1200
lungscc5.jpeg,2,1144
lungscc50.jpeg,2,1237
lungscc5000.jpeg,2,1011
lungscc502.jpeg,2,1240
lungscc503.jpeg,2,1034
lungscc505.jpeg,2,1088
lungscc506.jpeg,2,1042
lungscc507.jpeg,2,1021
lungscc508.jpeg,2,1099
lungscc509.jpeg,2,1145
lungscc51.jpeg,2,1086
lungscc511.jpeg,2,1001
lungscc512.jpeg,2,1208
lungscc513.jpeg,2,1132
lungscc514.jpeg,2,1174
lungscc515.jpeg,2,1144
lungscc516.jpeg,2,1170
lungscc517.jpeg,2,1170
lungscc518.jpeg,2,1163
lungscc519.jpeg,2,1129
lungscc52.jpeg,2,1035
lungscc520.jpeg,2,1129
lungscc524.jpeg,2,998
lungscc526.jpeg,2,1077
lungscc531.jpeg,2,1027
lungscc532.jpeg,2,1027
lungscc533.jpeg,2,1236
lungscc534.jpeg,2,1092
lungscc535.jpeg,2,1195
lungscc536.jpeg,2,1121
lungscc537.jpeg,2,1119
lungscc54.jpeg,2,1210
lungscc540.jpeg,2,1147
lungscc542.jpeg,2,1035
lungscc545.jpeg,2,1229
lungscc547.jpeg,2,1085
lungscc548.jpeg,2,1002
lungscc550.jpeg,2,1201
lungscc552.jpeg,2,1240
lungscc553.jpeg,2,1110
lungscc554.jpeg,2,1156
lungscc555.jpeg,2,1099
lungscc556.jpeg,2,1056
lungscc557.jpeg,2,1166
lungscc558.jpeg,2,1071
lungscc559.jpeg,2,1239
lungscc56.jpeg,2,1199
lungscc560.jpeg,2,1049
lungscc561.jpeg,2,1208
lungscc562.jpeg,2,1244
lungscc563.jpeg,2,1132
lungscc564.jpeg,2,1132
lungscc565.jpeg,2,1174
lungscc566.jpeg,2,1163
lungscc572.jpeg,2,1215
lungscc573.jpeg,2,1215
lungscc574.jpeg,2,1007
lungscc577.jpeg,2,1023
lungscc578.jpeg,2,1023
lungscc579.jpeg,2,1186
lungscc58.jpeg,2,1155
lungscc583.jpeg,2,1104
lungscc584.jpeg,2,1016
lungscc587.jpeg,2,1027
lungscc588.jpeg,2,1112
lungscc59.jpeg,2,1026
lungscc590.jpeg,2,1111
lungscc592.jpeg,2,1051
lungscc593.jpeg,2,1081
lungscc594.jpeg,2,1017
lungscc596.jpeg,2,1237
lungscc597.jpeg,2,1086
lungscc598.jpeg,2,1089
lungscc6.jpeg,2,1019
lungscc600.jpeg,2,1124
lungscc601.jpeg,2,1065
lungscc603.jpeg,2,1008
lungscc604.jpeg,2,1199
lungscc61.jpeg,2,1085
lungscc612.jpeg,2,1085
lungscc613.jpeg,2,1118
lungscc614.jpeg,2,1222
lungscc617.jpeg,2,1030
lungscc618.jpeg,2,1030
lungscc620.jpeg,2,1070
lungscc621.jpeg,2,1063
lungscc625.jpeg,2,1201
lungscc627.jpeg,2,1034
lungscc628.jpeg,2,1088
lungscc629.jpeg,2,1198
lungscc632.jpeg,2,1132
lungscc633.jpeg,2,1174
lungscc639.jpeg,2,1003
lungscc640.jpeg,2,1188
lungscc641.jpeg,2,1188
lungscc642.jpeg,2,1093
lungscc643.jpeg,2,1093
lungscc647.jpeg,2,1018
lungscc648.jpeg,2,1018
lungscc649.jpeg,2,1047
lungscc65.jpeg,2,1113
lungscc650.jpeg,2,1193
lungscc651.jpeg,2,1154
lungscc652.jpeg,2,1092
lungscc653.jpeg,2,1111
lungscc655.jpeg,2,1086
lungscc656.jpeg,2,1086
lungscc657.jpeg,2,1223
lungscc658.jpeg,2,1035
lungscc659.jpeg,2,1065
lungscc66.jpeg,2,1030
lungscc660.jpeg,2,1068
lungscc665.jpeg,2,1009
lungscc667.jpeg,2,1078
lungscc668.jpeg,2,1127
lungscc669.jpeg,2,1200
lungscc67.jpeg,2,1030
lungscc674.jpeg,2,1094
lungscc675.jpeg,2,1075
lungscc676.jpeg,2,1041
lungscc677.jpeg,2,1034
lungscc678.jpeg,2,1031
lungscc679.jpeg,2,1099
lungscc680.jpeg,2,1166
lungscc681.jpeg,2,1245
lungscc682.jpeg,2,1146
lungscc684.jpeg,2,1006
lungscc685.jpeg,2,1049
lungscc686.jpeg,2,1144
lungscc687.jpeg,2,1144
lungscc689.jpeg,2,1214
lungscc690.jpeg,2,1168
lungscc696.jpeg,2,1019
lungscc697.jpeg,2,1019
lungscc698.jpeg,2,1020
lungscc701.jpeg,2,1101
lungscc702.jpeg,2,1101
lungscc703.jpeg,2,1186
lungscc704.jpeg,2,1134
lungscc705.jpeg,2,1014
lungscc706.jpeg,2,1014
lungscc707.jpeg,2,1188
lungscc708.jpeg,2,1093
lungscc709.jpeg,2,1093
lungscc71.jpeg,2,1075
lungscc711.jpeg,2,1047
lungscc712.jpeg,2,1152
lungscc713.jpeg,2,1037
lungscc714.jpeg,2,1171
lungscc715.jpeg,2,1111
lungscc718.jpeg,2,1025
lungscc719.jpeg,2,1025
lungscc721.jpeg,2,1124
lungscc722.jpeg,2,1124
lungscc723.jpeg,2,1065
lungscc724.jpeg,2,1080
lungscc73.jpeg,2,1041
lungscc730.jpeg,2,1026
lungscc731.jpeg,2,1181
lungscc732.jpeg,2,1225
lungscc733.jpeg,2,1225
lungscc735.jpeg,2,1118
lungscc736.jpeg,2,1216
lungscc74.jpeg,2,1041
lungscc740.jpeg,2,1070
lungscc741.jpeg,2,1063
lungscc743.jpeg,2,1015
lungscc747.jpeg,2,1099
lungscc748.jpeg,2,1099
lungscc749.jpeg,2,1056
lungscc75.jpeg,2,1041
lungscc751.jpeg,2,1150
lungscc752.jpeg,2,1049
lungscc753.jpeg,2,1170
lungscc754.jpeg,2,1106
lungscc756.jpeg,2,1221
lungscc757.jpeg,2,1221
lungscc758.jpeg,2,1123
lungscc762.jpeg,2,1232
lungscc764.jpeg,2,1114
lungscc765.jpeg,2,1125
lungscc766.jpeg,2,1018
lungscc767.jpeg,2,1152
lungscc768.jpeg,2,1112
lungscc769.jpeg,2,1092
lungscc77.jpeg,2,1031
lungscc770.jpeg,2,1191
lungscc771.jpeg,2,1051
lungscc772.jpeg,2,1017
lungscc773.jpeg,2,1237
lungscc774.jpeg,2,1119
lungscc775.jpeg,2,1089
lungscc776.jpeg,2,1124
lungscc777.jpeg,2,1068
lungscc778.jpeg,2,1068
lungscc779.jpeg,2,1060
lungscc78.jpeg,2,1088
lungscc781.jpeg,2,1199
lungscc782.jpeg,2,1155
lungscc784.jpeg,2,1062
lungscc786.jpeg,2,1126
lungscc787.jpeg,2,1181
lungscc79.jpeg,2,1198
lungscc790.jpeg,2,1118
lungscc791.jpeg,2,1177
lungscc793.jpeg,2,1011
lungscc796.jpeg,2,1063
lungscc797.jpeg,2,1063
lungscc799.jpeg,2,1075
lungscc8.jpeg,2,1101
lungscc80.jpeg,2,1211
lungscc801.jpeg,2,1160
lungscc803.jpeg,2,1015
lungscc804.jpeg,2,1015
lungscc805.jpeg,2,1098
lungscc806.jpeg,2,1031
lungscc807.jpeg,2,1145
lungscc808.jpeg,2,1056
lungscc810.jpeg,2,1202
lungscc813.jpeg,2,1217
lungscc814.jpeg,2,1001
lungscc815.jpeg,2,1230
lungscc817.jpeg,2,1175
lungscc818.jpeg,2,1197
lungscc819.jpeg,2,1214
lungscc82.jpeg,2,1166
lungscc821.jpeg,2,998
lungscc822.jpeg,2,1020
lungscc823.jpeg,2,1212
lungscc824.jpeg,2,1232
lungscc825.jpeg,2,1176
lungscc826.jpeg,2,1134
lungscc827.jpeg,2,1014
lungscc828.jpeg,2,1128
lungscc829.jpeg,2,1243
lungscc83.jpeg,2,1245
lungscc830.jpeg,2,1104
lungscc831.jpeg,2,1213
lungscc835.jpeg,2,1047
lungscc838.jpeg,2,1061
lungscc839.jpeg,2,1025
lungscc840.jpeg,2,1196
lungscc841.jpeg,2,1196
lungscc842.jpeg,2,1147
lungscc843.jpeg,2,1035
lungscc844.jpeg,2,1065
lungscc845.jpeg,2,1080
lungscc849.jpeg,2,1026
lungscc85.jpeg,2,1197
lungscc850.jpeg,2,1181
lungscc851.jpeg,2,1097
lungscc852.jpeg,2,1108
lungscc853.jpeg,2,1057
lungscc854.jpeg,2,1167
lungscc855.jpeg,2,1194
lungscc86.jpeg,2,1197
lungscc860.jpeg,2,1142
lungscc862.jpeg,2,1058
lungscc863.jpeg,2,999
lungscc864.jpeg,2,999
lungscc865.jpeg,2,1095
lungscc867.jpeg,2,1043
lungscc870.jpeg,2,1071
lungscc872.jpeg,2,1006
lungscc873.jpeg,2,1233
lungscc874.jpeg,2,1230
lungscc875.jpeg,2,1175
lungscc876.jpeg,2,1028
lungscc877.jpeg,2,1023
lungscc878.jpeg,2,1134
lungscc879.jpeg,2,1134
lungscc88.jpeg,2,1168
lungscc880.jpeg,2,1093
lungscc881.jpeg,2,1243
lungscc883.jpeg,2,1137
lungscc886.jpeg,2,1018
lungscc888.jpeg,2,1061
lungscc89.jpeg,2,1158
lungscc890.jpeg,2,1112
lungscc891.jpeg,2,1159
lungscc893.jpeg,2,1076
lungscc894.jpeg,2,1143
lungscc896.jpeg,2,1064
lungscc897.jpeg,2,1051
lungscc898.jpeg,2,1196
lungscc9.jpeg,2,1023
lungscc902.jpeg,2,1223
lungscc903.jpeg,2,1035
lungscc904.jpeg,2,1206
lungscc905.jpeg,2,1182
lungscc907.jpeg,2,1009
lungscc909.jpeg,2,1009
lungscc91.jpeg,2,998
lungscc913.jpeg,2,1162
lungscc914.jpeg,2,1120
lungscc918.jpeg,2,1177
lungscc919.jpeg,2,1177
lungscc92.jpeg,2,1077
lungscc920.jpeg,2,1194
lungscc922.jpeg,2,1094
lungscc924.jpeg,2,1075
lungscc925.jpeg,2,1201
lungscc927.jpeg,2,1041
lungscc928.jpeg,2,1160
lungscc93.jpeg,2,1020
lungscc934.jpeg,2,1088
lungscc935.jpeg,2,1202
lungscc936.jpeg,2,1146
lungscc94.jpeg,2,1101
lungscc940.jpeg,2,1217
lungscc942.jpeg,2,1001
lungscc943.jpeg,2,1049
lungscc944.jpeg,2,1230
lungscc945.jpeg,2,1197
lungscc947.jpeg,2,1214
lungscc948.jpeg,2,1028
lungscc949.jpeg,2,1129
lungscc95.jpeg,2,1014
lungscc952.jpeg,2,998
lungscc953.jpeg,2,1176
lungscc954.jpeg,2,1003
lungscc956.jpeg,2,1186
lungscc957.jpeg,2,1093
lungscc96.jpeg,2,1093
lungscc961.jpeg,2,1112
lungscc962.jpeg,2,1171
lungscc963.jpeg,2,1171
lungscc964.jpeg,2,1195
lungscc965.jpeg,2,1086
lungscc966.jpeg,2,1196
lungscc967.jpeg,2,1196
lungscc968.jpeg,2,1223
lungscc969.jpeg,2,1147
lungscc97.jpeg,2,1018
lungscc970.jpeg,2,1147
lungscc972.jpeg,2,1060
lungscc973.jpeg,2,1009
lungscc974.jpeg,2,1229
lungscc975.jpeg,2,1229
lungscc977.jpeg,2,1078
lungscc978.jpeg,2,1078
lungscc98.jpeg,2,1018
lungscc980.jpeg,2,1108
lungscc983.jpeg,2,1201
lungscc985.jpeg,2,1095
lungscc986.jpeg,2,1015
lungscc987.jpeg,2,1074
lungscc988.jpeg,2,1156
lungscc991.jpeg,2,1166
lungscc992.jpeg,2,1245
lungscc996.jpeg,2,1242
lungscc997.jpeg,2,1175
lungscc998.jpeg,2,1175
lungscc999.jpeg,2,1149
