filename,label,group_id
lungaca1581.jpeg,0,646
lungn1002.jpeg,1,873
lungaca4705.jpeg,0,569
lungn114.jpeg,1,827
lungn3356.jpeg,1,983
lungn1228.jpeg,1,928
lungaca3470.jpeg,0,570
lungscc287.jpeg,2,1027
lungscc4997.jpeg,2,1127
lungaca4284.jpeg,0,741
lungscc4852.jpeg,2,1150
lungn3558.jpeg,1,857
lungscc3611.jpeg,2,1042
lungaca1245.jpeg,0,649
lungscc1481.jpeg,2,1152
lungscc81.jpeg,2,1052
lungaca2684.jpeg,0,506
lungscc3484.jpeg,2,1240
lungaca223.jpeg,0,548
lungaca1186.jpeg,0,592
lungn2051.jpeg,1,868
lungn642.jpeg,1,837
lungaca2266.jpeg,0,561
lungscc1116.jpeg,2,1087
lungscc2441.jpeg,2,1130
lungaca1972.jpeg,0,605
lungscc2018.jpeg,2,1053
lungscc3235.jpeg,2,1065
lungn4602.jpeg,1,817
lungn3932.jpeg,1,788
lungscc2187.jpeg,2,1192
lungscc581.jpeg,2,1117
lungscc3477.jpeg,2,1194
lungscc1537.jpeg,2,1117
lungscc3193.jpeg,2,1015
lungaca332.jpeg,0,602
lungscc962.jpeg,2,1171
lungn2815.jpeg,1,897
lungaca2478.jpeg,0,724
lungscc3410.jpeg,2,1025
lungaca3884.jpeg,0,591
lungn4890.jpeg,1,811
lungaca1640.jpeg,0,740
lungscc4285.jpeg,2,1037
lungn3344.jpeg,1,819
lungn1922.jpeg,1,795
lungscc4227.jpeg,2,1003
lungscc3988.jpeg,2,1134
lungn3226.jpeg,1,775
lungn4051.jpeg,1,776
lungaca2993.jpeg,0,536
lungscc2076.jpeg,2,1020
lungaca611.jpeg,0,699
lungscc2669.jpeg,2,1029
lungn4592.jpeg,1,867
lungaca3431.jpeg,0,694
lungn4525.jpeg,1,991
lungn1695.jpeg,1,865
lungn4012.jpeg,1,800
lungaca3587.jpeg,0,697
lungn2470.jpeg,1,889
lungaca2898.jpeg,0,743
lungaca3677.jpeg,0,571
lungn2301.jpeg,1,777
lungaca1317.jpeg,0,653
lungscc863.jpeg,2,999
lungaca4993.jpeg,0,519
lungaca2501.jpeg,0,697
lungn1536.jpeg,1,908
lungscc2034.jpeg,2,1133
lungaca1543.jpeg,0,671
lungn4746.jpeg,1,934
lungaca520.jpeg,0,592
lungaca4036.jpeg,0,524
lungn2078.jpeg,1,798
lungscc2434.jpeg,2,1014
lungaca4300.jpeg,0,608
lungn3746.jpeg,1,777
lungaca3149.jpeg,0,546
lungscc110.jpeg,2,1210
lungaca3396.jpeg,0,587
lungaca1971.jpeg,0,517
lungn4457.jpeg,1,929
lungscc1854.jpeg,2,1051
lungn1169.jpeg,1,877
lungn3055.jpeg,1,821
lungscc1421.jpeg,2,1221
lungaca4404.jpeg,0,588
lungaca3827.jpeg,0,654
lungscc4691.jpeg,2,1159
lungaca1150.jpeg,0,573
lungaca1042.jpeg,0,651
lungscc1747.jpeg,2,1216
lungn4816.jpeg,1,872
lungscc2643.jpeg,2,1033
lungaca3304.jpeg,0,596
lungn4478.jpeg,1,756
lungscc3596.jpeg,2,1097
lungscc2073.jpeg,2,1053
lungaca2589.jpeg,0,590
lungaca162.jpeg,0,701
lungscc4802.jpeg,2,1027
lungscc2147.jpeg,2,1131
lungscc4684.jpeg,2,1134
lungaca4032.jpeg,0,516
lungn2582.jpeg,1,768
lungn58.jpeg,1,914
lungscc1855.jpeg,2,1051
lungaca1206.jpeg,0,582
lungscc2719.jpeg,2,1189
lungaca3602.jpeg,0,606
lungn3675.jpeg,1,898
lungscc1696.jpeg,2,1041
lungn1280.jpeg,1,762
lungaca183.jpeg,0,679
lungaca1057.jpeg,0,521
lungscc4664.jpeg,2,1031
lungscc2811.jpeg,2,1182
lungaca80.jpeg,0,625
lungaca3975.jpeg,0,540
lungaca1560.jpeg,0,629
lungn1815.jpeg,1,880
lungaca4657.jpeg,0,729
lungn248.jpeg,1,750
lungscc2904.jpeg,2,1174
lungaca3323.jpeg,0,533
lungn2782.jpeg,1,949
lungn3315.jpeg,1,760
lungaca2497.jpeg,0,603
lungscc2573.jpeg,2,1131
lungn2436.jpeg,1,990
lungaca4786.jpeg,0,681
lungaca1855.jpeg,0,633
lungaca4493.jpeg,0,560
lungaca3076.jpeg,0,530
lungaca4833.jpeg,0,645
lungn3062.jpeg,1,953
lungscc2116.jpeg,2,1107
lungscc2973.jpeg,2,1018
lungn3187.jpeg,1,752
lungn2125.jpeg,1,780
lungn2758.jpeg,1,977
lungn3745.jpeg,1,777
lungn1956.jpeg,1,888
lungscc2170.jpeg,2,1157
lungaca3818.jpeg,0,637
lungaca3786.jpeg,0,515
lungscc696.jpeg,2,1019
lungscc4161.jpeg,2,1028
lungscc1100.jpeg,2,1161
lungscc3181.jpeg,2,1127
lungscc2421.jpeg,2,1174
lungn4493.jpeg,1,935
lungn197.jpeg,1,791
lungn1044.jpeg,1,888
lungscc1848.jpeg,2,1152
lungscc405.jpeg,2,1235
lungaca836.jpeg,0,717
lungn4913.jpeg,1,800
lungscc2202.jpeg,2,1117
lungn2953.jpeg,1,843
lungscc3026.jpeg,2,1044
lungaca2304.jpeg,0,631
lungn1918.jpeg,1,857
lungaca3357.jpeg,0,604
lungscc2523.jpeg,2,1108
lungaca1502.jpeg,0,633
lungscc4190.jpeg,2,1109
lungaca3152.jpeg,0,506
lungscc2903.jpeg,2,1174
lungscc4100.jpeg,2,1013
lungaca2377.jpeg,0,511
lungn3345.jpeg,1,835
lungn3107.jpeg,1,810
lungscc2886.jpeg,2,1063
lungaca3198.jpeg,0,734
lungaca1266.jpeg,0,692
lungscc4289.jpeg,2,1171
lungscc1102.jpeg,2,1057
lungn1628.jpeg,1,827
lungscc4082.jpeg,2,1041
lungaca3764.jpeg,0,597
lungaca4100.jpeg,0,552
lungscc1381.jpeg,2,1122
lungaca3674.jpeg,0,600
lungaca598.jpeg,0,735
lungaca760.jpeg,0,745
lungscc496.jpeg,2,1075
lungn1664.jpeg,1,926
lungscc1330.jpeg,2,1069
lungaca3843.jpeg,0,547
lungn8.jpeg,1,910
lungscc4011.jpeg,2,1225
lungscc791.jpeg,2,1177
lungn3109.jpeg,1,940
lungn3019.jpeg,1,936
lungn3615.jpeg,1,965
lungscc618.jpeg,2,1030
lungscc2821.jpeg,2,1113
lungaca4572.jpeg,0,694
lungn3876.jpeg,1,778
lungaca3671.jpeg,0,731
lungn1063.jpeg,1,912
lungaca3761.jpeg,0,572
lungscc3221.jpeg,2,1137
lungscc2430.jpeg,2,1048
lungn2824.jpeg,1,942
lungaca4026.jpeg,0,512
lungscc4561.jpeg,2,1023
lungscc4188.jpeg,2,1181
lungn4027.jpeg,1,889
lungscc477.jpeg,2,1089
lungaca663.jpeg,0,709
lungscc1191.jpeg,2,1141
lungn1356.jpeg,1,870
lungn1850.jpeg,1,785
lungscc384.jpeg,2,1220
lungscc4625.jpeg,2,1173
lungscc817.jpeg,2,1175
lungscc281.jpeg,2,1102
lungaca453.jpeg,0,621
lungscc1146.jpeg,2,1083
lungscc2291.jpeg,2,1074
lungaca730.jpeg,0,571
lungn3991.jpeg,1,778
lungaca521.jpeg,0,738
lungn4963.jpeg,1,883
lungaca693.jpeg,0,622
lungaca3209.jpeg,0,531
lungn1032.jpeg,1,956
lungscc1970.jpeg,2,1137
lungn730.jpeg,1,750
lungn1210.jpeg,1,925
lungn1196.jpeg,1,995
lungscc2135.jpeg,2,1101
lungaca211.jpeg,0,673
lungaca1774.jpeg,0,703
lungscc1529.jpeg,2,1077
lungn1745.jpeg,1,995
lungaca993.jpeg,0,690
lungaca4882.jpeg,0,746
lungscc541.jpeg,2,1131
lungscc4530.jpeg,2,1068
lungscc2134.jpeg,2,1048
lungaca106.jpeg,0,641
lungn3496.jpeg,1,816
lungscc4632.jpeg,2,1133
lungn3708.jpeg,1,908
lungaca29.jpeg,0,568
lungn2737.jpeg,1,799
lungscc2050.jpeg,2,1075
lungn1658.jpeg,1,897
lungn381.jpeg,1,819
lungscc3248.jpeg,2,1169
lungscc194.jpeg,2,1094
lungaca2161.jpeg,0,565
lungaca3718.jpeg,0,620
lungscc3923.jpeg,2,1007
lungscc4292.jpeg,2,1111
lungscc3412.jpeg,2,1131
lungaca4180.jpeg,0,602
lungaca1781.jpeg,0,682
lungaca305.jpeg,0,521
lungscc4870.jpeg,2,1024
lungaca4729.jpeg,0,609
lungaca3634.jpeg,0,621
lungn350.jpeg,1,923
lungaca1471.jpeg,0,748
lungscc3201.jpeg,2,1132
lungaca4968.jpeg,0,547
lungscc3619.jpeg,2,1197
lungscc4542.jpeg,2,1216
lungn1611.jpeg,1,919
lungscc1986.jpeg,2,1155
lungscc3704.jpeg,2,1068
lungn2127.jpeg,1,804
lungaca2961.jpeg,0,558
lungaca2091.jpeg,0,609
lungscc1878.jpeg,2,1107
lungn2230.jpeg,1,816
lungn2786.jpeg,1,777
lungn2690.jpeg,1,967
lungn2682.jpeg,1,950
lungaca1549.jpeg,0,628
lungaca1063.jpeg,0,563
lungn3967.jpeg,1,933
lungn2615.jpeg,1,991
lungscc2021.jpeg,2,1186
lungscc4907.jpeg,2,1036
lungaca1822.jpeg,0,562
lungn4610.jpeg,1,912
lungaca2918.jpeg,0,621
lungaca4028.jpeg,0,709
lungn4059.jpeg,1,924
lungaca2879.jpeg,0,554
lungaca3555.jpeg,0,709
lungaca4685.jpeg,0,725
lungaca3966.jpeg,0,606
lungaca2982.jpeg,0,715
lungscc4773.jpeg,2,1160
lungn2242.jpeg,1,825
lungn3869.jpeg,1,880
lungscc1860.jpeg,2,1139
lungaca901.jpeg,0,576
lungaca2527.jpeg,0,545
lungaca2532.jpeg,0,646
lungscc2118.jpeg,2,1022
lungn76.jpeg,1,867
lungn2421.jpeg,1,840
lungscc1470.jpeg,2,1231
lungscc2586.jpeg,2,1161
lungaca1666.jpeg,0,597
lungn2515.jpeg,1,874
lungaca3675.jpeg,0,739
lungaca3262.jpeg,0,539
lungn2728.jpeg,1,968
lungn1091.jpeg,1,806
lungaca2776.jpeg,0,542
lungaca3067.jpeg,0,516
lungscc4271.jpeg,2,1001
lungaca4380.jpeg,0,594
lungscc418.jpeg,2,1196
lungn2765.jpeg,1,935
lungaca2646.jpeg,0,573
lungscc1522.jpeg,2,1197
lungscc2641.jpeg,2,1062
lungscc3671.jpeg,2,1146
lungscc2471.jpeg,2,1034
lungn1093.jpeg,1,904
lungscc1071.jpeg,2,1093
lungn693.jpeg,1,905
lungn2475.jpeg,1,941
lungscc2462.jpeg,2,1005
lungscc1724.jpeg,2,1125
lungscc975.jpeg,2,1229
lungscc2081.jpeg,2,1134
lungn4899.jpeg,1,957
lungaca4847.jpeg,0,614
lungn1647.jpeg,1,996
lungaca3158.jpeg,0,657
lungaca1567.jpeg,0,604
lungscc4611.jpeg,2,1036
lungaca2942.jpeg,0,589
lungaca2197.jpeg,0,587
lungscc1038.jpeg,2,1057
lungn1865.jpeg,1,915
lungscc4973.jpeg,2,1186
lungaca4388.jpeg,0,566
lungaca4879.jpeg,0,617
lungn3241.jpeg,1,947
lungn4484.jpeg,1,810
lungaca747.jpeg,0,649
lungscc2800.jpeg,2,1047
lungscc1065.jpeg,2,1020
lungn3279.jpeg,1,950
lungn1602.jpeg,1,864
lungaca3825.jpeg,0,682
lungscc2095.jpeg,2,1079
lungaca2843.jpeg,0,563
lungaca519.jpeg,0,570
lungaca3626.jpeg,0,576
lungn3623.jpeg,1,868
lungaca4223.jpeg,0,555
lungscc1002.jpeg,2,1072
lungn63.jpeg,1,826
lungaca938.jpeg,0,589
lungscc1766.jpeg,2,1168
lungaca384.jpeg,0,523
lungaca4612.jpeg,0,651
lungscc390.jpeg,2,1013
lungscc1297.jpeg,2,1052
lungaca3939.jpeg,0,603
lungscc1558.jpeg,2,1060
lungaca1648.jpeg,0,627
lungaca2287.jpeg,0,590
lungscc1066.jpeg,2,1023
lungscc3714.jpeg,2,1177
lungn2817.jpeg,1,980
lungscc2269.jpeg,2,1012
lungaca4624.jpeg,0,584
lungaca4182.jpeg,0,508
lungn4034.jpeg,1,795
lungaca26.jpeg,0,669
lungn4654.jpeg,1,918
lungn401.jpeg,1,947
lungaca852.jpeg,0,546
lungaca3049.jpeg,0,614
lungscc664.jpeg,2,1135
lungn977.jpeg,1,798
lungscc3140.jpeg,2,1022
lungaca159.jpeg,0,664
lungaca2704.jpeg,0,554
lungscc4641.jpeg,2,1069
lungaca2977.jpeg,0,621
lungaca930.jpeg,0,514
lungn3139.jpeg,1,941
lungn3879.jpeg,1,776
lungaca1839.jpeg,0,716
lungn2267.jpeg,1,877
lungaca209.jpeg,0,583
lungscc2348.jpeg,2,1190
lungaca953.jpeg,0,669
lungscc3936.jpeg,2,1100
lungn2260.jpeg,1,818
lungn658.jpeg,1,893
lungn3367.jpeg,1,970
lungscc4583.jpeg,2,1219
lungn3135.jpeg,1,917
lungaca2766.jpeg,0,578
lungscc2033.jpeg,2,1064
lungscc3576.jpeg,2,1010
lungaca2964.jpeg,0,576
lungscc328.jpeg,2,1019
lungaca4618.jpeg,0,594
lungn4149.jpeg,1,923
lungscc3703.jpeg,2,1080
lungscc3525.jpeg,2,1147
lungscc4562.jpeg,2,1114
lungn2792.jpeg,1,790
lungaca2583.jpeg,0,685
lungn2188.jpeg,1,925
lungn3243.jpeg,1,933
lungn3987.jpeg,1,815
lungscc1162.jpeg,2,1172
lungn3251.jpeg,1,984
lungn2770.jpeg,1,873
lungscc3363.jpeg,2,1000
lungn2686.jpeg,1,975
lungaca37.jpeg,0,621
lungaca4176.jpeg,0,538
lungaca1524.jpeg,0,599
lungn3536.jpeg,1,861
lungn1474.jpeg,1,976
lungn1337.jpeg,1,911
lungn2785.jpeg,1,847
lungaca4038.jpeg,0,739
lungscc2121.jpeg,2,1234
lungn2790.jpeg,1,930
lungaca3424.jpeg,0,679
lungaca1534.jpeg,0,509
lungscc1563.jpeg,2,1162
lungaca4452.jpeg,0,623
lungscc4577.jpeg,2,1111
lungscc928.jpeg,2,1160
lungaca2762.jpeg,0,633
lungn745.jpeg,1,977
lungn3812.jpeg,1,825
lungaca3517.jpeg,0,688
lungscc1063.jpeg,2,1141
lungscc2410.jpeg,2,999
lungn4972.jpeg,1,942
lungn1182.jpeg,1,900
lungscc2249.jpeg,2,1049
lungn1604.jpeg,1,824
lungaca212.jpeg,0,562
lungaca623.jpeg,0,538
lungn1912.jpeg,1,962
lungscc94.jpeg,2,1101
lungn1545.jpeg,1,942
lungn4560.jpeg,1,797
lungn1221.jpeg,1,975
lungn2642.jpeg,1,752
lungaca4179.jpeg,0,645
lungscc1630.jpeg,2,1005
lungaca204.jpeg,0,552
lungscc8.jpeg,2,1101
lungn1328.jpeg,1,769
lungaca1378.jpeg,0,687
lungaca3364.jpeg,0,578
lungscc890.jpeg,2,1112
lungaca1792.jpeg,0,579
lungaca3139.jpeg,0,556
lungaca1826.jpeg,0,602
lungscc4335.jpeg,2,1168
lungaca342.jpeg,0,682
lungscc2797.jpeg,2,1148
lungaca644.jpeg,0,570
lungscc2629.jpeg,2,1121
lungn3696.jpeg,1,815
lungaca1562.jpeg,0,551
lungaca3879.jpeg,0,602
lungscc2921.jpeg,2,1016
lungaca2970.jpeg,0,601
lungscc931.jpeg,2,1203
lungaca472.jpeg,0,586
lungscc2887.jpeg,2,1201
lungscc1438.jpeg,2,1133
lungaca3749.jpeg,0,667
lungn2660.jpeg,1,827
lungn1472.jpeg,1,775
lungn4316.jpeg,1,768
lungn1443.jpeg,1,873
lungaca280.jpeg,0,736
lungaca1995.jpeg,0,724
lungaca317.jpeg,0,588
lungscc1695.jpeg,2,1041
lungscc3553.jpeg,2,1202
lungaca2809.jpeg,0,536
lungscc2022.jpeg,2,1014
lungaca1070.jpeg,0,706
lungscc124.jpeg,2,1011
lungn2749.jpeg,1,817
lungaca4962.jpeg,0,517
lungaca330.jpeg,0,625
lungscc2241.jpeg,2,1056
lungn4900.jpeg,1,993
lungaca83.jpeg,0,621
lungscc4701.jpeg,2,1135
lungn98.jpeg,1,905
lungscc4797.jpeg,2,1032
lungaca488.jpeg,0,670
lungscc790.jpeg,2,1118
lungscc806.jpeg,2,1031
lungn3590.jpeg,1,791
lungscc1415.jpeg,2,1197
lungn4302.jpeg,1,842
lungn2959.jpeg,1,891
lungn3179.jpeg,1,821
lungaca879.jpeg,0,725
lungscc3834.jpeg,2,1035
lungscc2612.jpeg,2,1231
lungscc3848.jpeg,2,1095
lungscc938.jpeg,2,1105
lungn3509.jpeg,1,769
lungn4679.jpeg,1,760
lungn3170.jpeg,1,897
lungn4718.jpeg,1,982
lungscc1790.jpeg,2,1237
lungaca196.jpeg,0,724
lungn683.jpeg,1,749
lungaca4052.jpeg,0,627
lungscc3820.jpeg,2,1154
lungscc4064.jpeg,2,1241
lungscc1737.jpeg,2,1008
lungn719.jpeg,1,865
lungaca3306.jpeg,0,549
lungaca178.jpeg,0,726
lungscc1318.jpeg,2,1061
lungn2332.jpeg,1,870
lungscc3962.jpeg,2,1180
lungaca3222.jpeg,0,575
lungaca3998.jpeg,0,637
lungaca2824.jpeg,0,695
lungn3837.jpeg,1,927
lungaca1550.jpeg,0,747
lungn2761.jpeg,1,927
lungscc4427.jpeg,2,1038
lungn4808.jpeg,1,844
lungscc4415.jpeg,2,1199
lungscc310.jpeg,2,1142
lungn2703.jpeg,1,834
lungscc255.jpeg,2,1099
lungscc3096.jpeg,2,1061
lungaca2692.jpeg,0,701
lungn1676.jpeg,1,889
lungscc1211.jpeg,2,1153
lungn3087.jpeg,1,805
lungscc1425.jpeg,2,1082
lungscc1514.jpeg,2,1074
lungn2586.jpeg,1,979
lungaca2925.jpeg,0,681
lungscc3975.jpeg,2,1040
lungaca4989.jpeg,0,631
lungaca3483.jpeg,0,721
lungn4790.jpeg,1,994
lungscc4418.jpeg,2,1153
lungscc1578.jpeg,2,1075
lungaca207.jpeg,0,676
lungn1199.jpeg,1,941
lungaca3416.jpeg,0,547
lungscc1841.jpeg,2,1101
lungaca182.jpeg,0,695
lungn2420.jpeg,1,840
lungscc1478.jpeg,2,1125
lungn4524.jpeg,1,792
lungn837.jpeg,1,974
lungaca4495.jpeg,0,560
lungaca2560.jpeg,0,622
lungn1823.jpeg,1,932
lungn1272.jpeg,1,972
lungn4838.jpeg,1,951
lungscc4048.jpeg,2,1047
lungaca1045.jpeg,0,691
lungn2990.jpeg,1,864
lungaca195.jpeg,0,683
lungscc3705.jpeg,2,1182
lungn4078.jpeg,1,921
lungaca2990.jpeg,0,592
lungaca287.jpeg,0,726
lungscc960.jpeg,2,1091
lungscc2769.jpeg,2,1005
lungaca2558.jpeg,0,511
lungn1434.jpeg,1,979
lungscc347.jpeg,2,1017
lungaca1285.jpeg,0,706
lungn3023.jpeg,1,806
lungscc3147.jpeg,2,1242
lungaca931.jpeg,0,710
lungn4061.jpeg,1,883
lungaca2231.jpeg,0,650
lungn3549.jpeg,1,763
lungn4402.jpeg,1,880
lungscc1020.jpeg,2,1218
lungscc47.jpeg,2,1207
lungaca4444.jpeg,0,678
lungaca1513.jpeg,0,527
lungaca1403.jpeg,0,537
lungn3471.jpeg,1,770
lungscc2750.jpeg,2,1012
lungscc1798.jpeg,2,1068
lungn1517.jpeg,1,859
lungaca2176.jpeg,0,563
lungn4451.jpeg,1,784
lungscc3068.jpeg,2,1157
lungn379.jpeg,1,879
lungscc1635.jpeg,2,1034
lungaca3006.jpeg,0,653
lungscc2897.jpeg,2,1226
lungn2129.jpeg,1,845
lungn2613.jpeg,1,856
lungscc2581.jpeg,2,1026
lungn56.jpeg,1,970
lungscc3492.jpeg,2,1045
lungn165.jpeg,1,979
lungaca2815.jpeg,0,745
lungscc1219.jpeg,2,1177
lungaca872.jpeg,0,528
lungscc4659.jpeg,2,1015
lungaca3703.jpeg,0,730
lungscc1801.jpeg,2,1151
lungaca3239.jpeg,0,526
lungaca352.jpeg,0,560
lungaca3960.jpeg,0,507
lungaca4390.jpeg,0,634
lungn1976.jpeg,1,943
lungscc1891.jpeg,2,1208
lungaca2947.jpeg,0,679
lungscc3768.jpeg,2,1083
lungn2273.jpeg,1,848
lungaca1483.jpeg,0,654
lungaca1976.jpeg,0,663
lungn2973.jpeg,1,852
lungscc692.jpeg,2,1231
lungaca1323.jpeg,0,742
lungscc4981.jpeg,2,1218
lungn3015.jpeg,1,838
lungaca911.jpeg,0,660
lungscc3119.jpeg,2,1155
lungaca21.jpeg,0,735
lungn83.jpeg,1,885
lungaca1373.jpeg,0,528
lungn1925.jpeg,1,774
lungn4166.jpeg,1,790
lungscc787.jpeg,2,1181
lungscc3575.jpeg,2,1224
lungaca1320.jpeg,0,666
lungaca1758.jpeg,0,569
lungscc524.jpeg,2,998
lungaca2479.jpeg,0,699
lungaca3848.jpeg,0,725
lungaca1442.jpeg,0,547
lungscc874.jpeg,2,1230
lungn4924.jpeg,1,988
lungscc1278.jpeg,2,1109
lungaca565.jpeg,0,654
lungn2033.jpeg,1,906
lungaca596.jpeg,0,693
lungscc4247.jpeg,2,1225
lungaca1772.jpeg,0,506
lungscc4209.jpeg,2,1166
lungaca4231.jpeg,0,696
lungscc4608.jpeg,2,1031
lungn1941.jpeg,1,830
lungn1191.jpeg,1,797
lungscc4142.jpeg,2,1180
lungaca200.jpeg,0,740
lungn4383.jpeg,1,855
lungscc2859.jpeg,2,1191
lungaca4943.jpeg,0,660
lungscc187.jpeg,2,1033
lungscc4704.jpeg,2,1033
lungaca1274.jpeg,0,647
lungaca3219.jpeg,0,615
lungaca2594.jpeg,0,524
lungn3813.jpeg,1,956
lungn1065.jpeg,1,766
lungn3926.jpeg,1,992
lungaca2418.jpeg,0,643
lungaca1199.jpeg,0,605
lungaca4865.jpeg,0,584
lungn4774.jpeg,1,959
lungaca1717.jpeg,0,562
lungaca99.jpeg,0,704
lungscc4914.jpeg,2,1138
lungscc3118.jpeg,2,1153
lungaca779.jpeg,0,734
lungaca4634.jpeg,0,543
lungn1848.jpeg,1,772
lungn3990.jpeg,1,789
lungaca4956.jpeg,0,738
lungscc2666.jpeg,2,1187
lungaca4682.jpeg,0,582
lungaca3417.jpeg,0,663
lungaca79.jpeg,0,662
lungaca4192.jpeg,0,747
lungaca1412.jpeg,0,684
lungscc651.jpeg,2,1154
lungn1253.jpeg,1,891
lungn3433.jpeg,1,784
lungscc4152.jpeg,2,1105
lungn355.jpeg,1,853
lungn3413.jpeg,1,858
lungaca3305.jpeg,0,727
lungscc1725.jpeg,2,1213
lungn3865.jpeg,1,777
lungn1322.jpeg,1,780
lungn3598.jpeg,1,964
lungaca4875.jpeg,0,669
lungn1544.jpeg,1,987
lungn4646.jpeg,1,925
lungn3423.jpeg,1,921
lungn860.jpeg,1,817
lungaca1769.jpeg,0,645
lungaca4551.jpeg,0,651
lungaca3788.jpeg,0,596
lungn666.jpeg,1,777
lungn1655.jpeg,1,973
lungscc3112.jpeg,2,1227
lungscc2804.jpeg,2,1027
lungn2121.jpeg,1,767
lungn2062.jpeg,1,767
lungscc314.jpeg,2,1098
lungscc501.jpeg,2,1203
lungscc4051.jpeg,2,1091
lungscc4522.jpeg,2,1076
lungscc4878.jpeg,2,1195
lungaca3585.jpeg,0,587
lungscc306.jpeg,2,1190
lungscc1768.jpeg,2,1221
lungn1287.jpeg,1,912
lungn1585.jpeg,1,792
lungscc172.jpeg,2,1133
lungn3923.jpeg,1,758
lungn2065.jpeg,1,780
lungaca1813.jpeg,0,530
lungscc732.jpeg,2,1225
lungaca2399.jpeg,0,710
lungaca4571.jpeg,0,735
lungn846.jpeg,1,815
lungscc894.jpeg,2,1143
lungn1324.jpeg,1,780
lungaca2553.jpeg,0,546
lungaca3070.jpeg,0,652
lungn4874.jpeg,1,812
lungscc838.jpeg,2,1061
lungn49.jpeg,1,916
lungn569.jpeg,1,753
lungaca888.jpeg,0,516
lungn1046.jpeg,1,967
lungn31.jpeg,1,993
lungscc977.jpeg,2,1078
lungn1665.jpeg,1,912
lungaca2687.jpeg,0,615
lungscc3333.jpeg,2,1170
lungn3332.jpeg,1,932
lungscc571.jpeg,2,1204
lungn220.jpeg,1,784
lungscc1496.jpeg,2,1124
lungn2377.jpeg,1,955
lungaca4735.jpeg,0,718
lungn789.jpeg,1,879
lungn216.jpeg,1,906
lungaca2364.jpeg,0,618
lungscc4199.jpeg,2,999
lungn3474.jpeg,1,958
lungn4243.jpeg,1,878
lungn1310.jpeg,1,884
lungscc1849.jpeg,2,1173
lungaca3861.jpeg,0,549
lungn1027.jpeg,1,850
lungscc2056.jpeg,2,1087
lungn4530.jpeg,1,909
lungscc3075.jpeg,2,1052
lungn3873.jpeg,1,895
lungscc2795.jpeg,2,1117
lungscc4065.jpeg,2,1225
lungn3465.jpeg,1,951
lungscc1969.jpeg,2,1014
lungn318.jpeg,1,876
lungn2213.jpeg,1,848
lungscc1157.jpeg,2,1225
lungn3512.jpeg,1,829
lungn210.jpeg,1,821
lungscc1473.jpeg,2,998
lungn4812.jpeg,1,758
lungn4013.jpeg,1,766
lungaca2816.jpeg,0,559
lungaca4570.jpeg,0,584
lungaca1991.jpeg,0,646
lungn500.jpeg,1,902
lungaca331.jpeg,0,553
lungaca3745.jpeg,0,601
lungscc1510.jpeg,2,1180
lungscc2358.jpeg,2,1156
lungn3791.jpeg,1,760
lungaca784.jpeg,0,569
lungscc981.jpeg,2,1161
lungscc1082.jpeg,2,1218
lungaca766.jpeg,0,526
lungaca2148.jpeg,0,525
lungn4389.jpeg,1,899
lungn3973.jpeg,1,797
lungaca1747.jpeg,0,743
lungn1117.jpeg,1,787
lungscc2174.jpeg,2,1075
lungn168.jpeg,1,751
lungscc3468.jpeg,2,1108
lungaca1281.jpeg,0,569
lungscc4821.jpeg,2,1085
lungn1707.jpeg,1,944
lungaca2366.jpeg,0,568
lungaca1050.jpeg,0,594
lungaca2715.jpeg,0,545
lungscc216.jpeg,2,1158
lungn792.jpeg,1,957
lungn986.jpeg,1,802
lungaca3104.jpeg,0,658
lungaca2810.jpeg,0,744
lungn3826.jpeg,1,842
lungscc392.jpeg,2,1138
lungscc1509.jpeg,2,1115
lungn4631.jpeg,1,795
lungscc4937.jpeg,2,1206
lungaca2172.jpeg,0,600
lungscc2415.jpeg,2,1021
lungn3410.jpeg,1,973
lungn5.jpeg,1,771
lungaca2601.jpeg,0,739
lungn4257.jpeg,1,841
lungaca3388.jpeg,0,625
lungscc4836.jpeg,2,1201
lungscc1380.jpeg,2,1219
lungscc1312.jpeg,2,1007
lungaca339.jpeg,0,659
lungaca2112.jpeg,0,549
lungn4112.jpeg,1,955
lungn1462.jpeg,1,990
lungaca4980.jpeg,0,700
lungn995.jpeg,1,870
lungn790.jpeg,1,924
lungn2404.jpeg,1,759
lungn1043.jpeg,1,750
lungaca3189.jpeg,0,569
lungn1721.jpeg,1,897
lungscc691.jpeg,2,1231
lungaca1243.jpeg,0,622
lungscc2454.jpeg,2,1119
lungscc3474.jpeg,2,1222
lungn62.jpeg,1,850
lungaca2499.jpeg,0,557
lungaca748.jpeg,0,587
lungaca643.jpeg,0,654
lungaca3815.jpeg,0,684
lungn3983.jpeg,1,825
lungscc3088.jpeg,2,1013
lungn1760.jpeg,1,812
lungn2981.jpeg,1,871
lungaca545.jpeg,0,717
lungaca3362.jpeg,0,735
lungn2320.jpeg,1,951
lungaca1696.jpeg,0,732
lungaca391.jpeg,0,562
lungscc633.jpeg,2,1174
lungaca1767.jpeg,0,519
lungaca4507.jpeg,0,679
lungaca1191.jpeg,0,641
lungaca1425.jpeg,0,644
lungaca110.jpeg,0,718
lungn4441.jpeg,1,752
lungn1605.jpeg,1,983
lungn2385.jpeg,1,786
lungscc4396.jpeg,2,1212
lungscc2650.jpeg,2,1194
lungn3127.jpeg,1,836
lungaca1368.jpeg,0,630
lungaca3949.jpeg,0,548
lungn2741.jpeg,1,918
lungscc1507.jpeg,2,1057
lungscc1933.jpeg,2,1177
lungn2571.jpeg,1,824
lungaca1313.jpeg,0,548
lungaca3065.jpeg,0,647
lungaca3401.jpeg,0,513
lungscc2238.jpeg,2,1203
lungaca3691.jpeg,0,577
lungscc3511.jpeg,2,1037
lungaca3872.jpeg,0,530
lungaca2139.jpeg,0,703
lungaca4802.jpeg,0,679
lungaca2128.jpeg,0,631
lungaca1928.jpeg,0,733
lungn1318.jpeg,1,827
lungscc4810.jpeg,2,1237
lungn4877.jpeg,1,767
lungaca2450.jpeg,0,522
lungscc3360.jpeg,2,1195
lungaca3034.jpeg,0,599
lungn4896.jpeg,1,750
lungscc67.jpeg,2,1030
lungn4233.jpeg,1,811
lungn3392.jpeg,1,798
lungscc1458.jpeg,2,1165
lungn1076.jpeg,1,832
lungn2234.jpeg,1,949
lungscc1752.jpeg,2,1136
lungaca415.jpeg,0,514
lungn2979.jpeg,1,791
lungscc4643.jpeg,2,1155
lungn975.jpeg,1,869
lungaca3711.jpeg,0,718
lungscc2464.jpeg,2,1136
lungscc163.jpeg,2,1117
lungscc1086.jpeg,2,1086
lungscc3284.jpeg,2,1119
lungaca4111.jpeg,0,553
lungn3674.jpeg,1,915
lungscc364.jpeg,2,1059
lungn3420.jpeg,1,900
lungn3338.jpeg,1,944
lungscc4535.jpeg,2,1085
lungscc2154.jpeg,2,1062
lungaca687.jpeg,0,673
lungaca1670.jpeg,0,570
lungn2651.jpeg,1,917
lungn1082.jpeg,1,937
lungn2315.jpeg,1,911
lungn2961.jpeg,1,941
lungn1887.jpeg,1,918
lungaca1981.jpeg,0,565
lungscc2507.jpeg,2,1154
lungaca1454.jpeg,0,683
lungn2787.jpeg,1,777
lungscc1156.jpeg,2,1004
lungn1007.jpeg,1,931
lungscc3264.jpeg,2,1033
lungscc1419.jpeg,2,1013
lungaca4844.jpeg,0,619
lungn2361.jpeg,1,780
lungn4218.jpeg,1,963
lungn1888.jpeg,1,762
lungaca3722.jpeg,0,692
lungscc1255.jpeg,2,1112
lungscc414.jpeg,2,1133
lungn119.jpeg,1,968
lungaca846.jpeg,0,737
lungn12.jpeg,1,853
lungaca4244.jpeg,0,730
lungscc3868.jpeg,2,1082
lungaca2711.jpeg,0,620
lungscc4534.jpeg,2,1209
lungn902.jpeg,1,880
lungscc4172.jpeg,2,1090
lungn517.jpeg,1,796
lungscc679.jpeg,2,1099
lungn354.jpeg,1,853
lungaca4490.jpeg,0,554
lungaca1077.jpeg,0,636
lungscc16.jpeg,2,1079
lungscc4918.jpeg,2,1176
lungscc3416.jpeg,2,1085
lungaca4311.jpeg,0,594
lungn947.jpeg,1,866
lungaca238.jpeg,0,732
lungaca4042.jpeg,0,680
lungscc629.jpeg,2,1198
lungn1454.jpeg,1,859
lungaca4540.jpeg,0,615
lungaca39.jpeg,0,682
lungn1494.jpeg,1,881
lungn663.jpeg,1,872
lungaca2372.jpeg,0,538
lungn3648.jpeg,1,842
lungaca470.jpeg,0,517
lungn2780.jpeg,1,915
lungaca2526.jpeg,0,732
lungaca1413.jpeg,0,546
lungscc1982.jpeg,2,1068
lungn2543.jpeg,1,860
lungn4019.jpeg,1,833
lungn522.jpeg,1,823
lungn1354.jpeg,1,960
lungscc1796.jpeg,2,1035
lungaca2170.jpeg,0,643
lungn3624.jpeg,1,868
lungscc2908.jpeg,2,1138
lungaca2631.jpeg,0,605
lungn3782.jpeg,1,803
lungaca334.jpeg,0,661
lungaca3526.jpeg,0,612
lungn2431.jpeg,1,882
lungaca4402.jpeg,0,640
lungaca4597.jpeg,0,603
lungn3167.jpeg,1,993
lungscc4058.jpeg,2,1124
lungscc1263.jpeg,2,1195
lungn2375.jpeg,1,944
lungn3252.jpeg,1,784
lungn4494.jpeg,1,938
lungaca4897.jpeg,0,682
lungaca2938.jpeg,0,713
lungn4910.jpeg,1,960
lungn3263.jpeg,1,777
lungn1186.jpeg,1,752
lungn1176.jpeg,1,926
lungaca40.jpeg,0,644
lungscc2343.jpeg,2,1103
lungn219.jpeg,1,891
lungscc2688.jpeg,2,1186
lungscc4983.jpeg,2,1237
lungn960.jpeg,1,840
lungaca1167.jpeg,0,740
lungaca3385.jpeg,0,746
lungscc2398.jpeg,2,1127
lungaca4211.jpeg,0,521
lungn2342.jpeg,1,962
lungn2757.jpeg,1,960
lungaca4652.jpeg,0,564
lungn1050.jpeg,1,878
lungscc824.jpeg,2,1232
lungn851.jpeg,1,901
lungn4284.jpeg,1,788
lungn1107.jpeg,1,749
lungscc1260.jpeg,2,1111
lungn1924.jpeg,1,985
lungscc416.jpeg,2,1081
lungscc1155.jpeg,2,1009
lungn1987.jpeg,1,889
lungscc3407.jpeg,2,1207
lungaca2416.jpeg,0,595
lungn126.jpeg,1,909
lungaca4037.jpeg,0,598
lungn1735.jpeg,1,935
lungaca4481.jpeg,0,715
lungscc161.jpeg,2,1003
lungaca2375.jpeg,0,711
lungn2064.jpeg,1,974
lungscc1272.jpeg,2,1228
lungaca2517.jpeg,0,573
lungn1691.jpeg,1,860
lungaca4141.jpeg,0,554
lungscc3606.jpeg,2,1095
lungscc3424.jpeg,2,1094
lungn3355.jpeg,1,858
lungn243.jpeg,1,966
lungaca4566.jpeg,0,725
lungn3553.jpeg,1,881
lungn2149.jpeg,1,864
lungaca4892.jpeg,0,575
lungaca1881.jpeg,0,618
lungscc744.jpeg,2,1096
lungn320.jpeg,1,791
lungn1730.jpeg,1,772
lungscc4403.jpeg,2,1102
lungscc713.jpeg,2,1037
lungscc3748.jpeg,2,1186
lungscc4668.jpeg,2,1036
lungaca2277.jpeg,0,565
lungscc647.jpeg,2,1018
lungscc4681.jpeg,2,1215
lungaca4354.jpeg,0,660
lungn1089.jpeg,1,898
lungaca4112.jpeg,0,637
lungn2629.jpeg,1,773
lungaca3823.jpeg,0,557
lungscc4520.jpeg,2,1027
lungaca2333.jpeg,0,638
lungaca4185.jpeg,0,593
lungaca1308.jpeg,0,525
lungscc3376.jpeg,2,1034
lungaca3456.jpeg,0,631
lungaca89.jpeg,0,593
lungscc2266.jpeg,2,1039
lungaca2444.jpeg,0,572
lungaca736.jpeg,0,618
lungaca2591.jpeg,0,516
lungscc1099.jpeg,2,1161
lungn2630.jpeg,1,810
lungn2731.jpeg,1,804
lungaca4749.jpeg,0,679
lungn3161.jpeg,1,756
lungaca2194.jpeg,0,518
lungscc3964.jpeg,2,1074
lungaca1381.jpeg,0,719
lungscc4068.jpeg,2,1078
lungn935.jpeg,1,820
lungn2901.jpeg,1,974
lungaca2406.jpeg,0,666
lungaca3472.jpeg,0,592
lungscc1666.jpeg,2,1061
lungn3895.jpeg,1,948
lungaca1401.jpeg,0,689
lungaca4518.jpeg,0,669
lungn3618.jpeg,1,828
lungn3372.jpeg,1,757
lungaca407.jpeg,0,534
lungn3722.jpeg,1,837
lungn4434.jpeg,1,947
lungn4442.jpeg,1,763
lungscc420.jpeg,2,1139
lungaca3625.jpeg,0,537
lungaca2402.jpeg,0,721
lungscc4922.jpeg,2,1073
lungscc2026.jpeg,2,1112
lungn3710.jpeg,1,793
lungn4572.jpeg,1,934
lungn776.jpeg,1,974
lungscc51.jpeg,2,1086
lungn889.jpeg,1,929
lungscc317.jpeg,2,1099
lungn1030.jpeg,1,779
lungaca4448.jpeg,0,607
lungscc3005.jpeg,2,1118
lungscc3124.jpeg,2,1216
lungaca1891.jpeg,0,520
lungn3111.jpeg,1,964
lungscc2585.jpeg,2,1120
lungscc3787.jpeg,2,1030
lungn4745.jpeg,1,868
lungaca3809.jpeg,0,617
lungscc3007.jpeg,2,1172
lungaca1727.jpeg,0,611
lungscc4532.jpeg,2,1067
lungn2649.jpeg,1,995
lungscc178.jpeg,2,1025
lungscc3367.jpeg,2,1155
lungaca2875.jpeg,0,668
lungaca1712.jpeg,0,662
lungscc2476.jpeg,2,1234
lungaca1653.jpeg,0,546
lungaca4260.jpeg,0,560
lungaca1522.jpeg,0,530
lungn3195.jpeg,1,784
lungn3308.jpeg,1,752
lungn3429.jpeg,1,887
lungaca3851.jpeg,0,679
lungaca2324.jpeg,0,641
lungscc3487.jpeg,2,1052
lungaca464.jpeg,0,712
lungscc2616.jpeg,2,1176
lungn3582.jpeg,1,876
lungaca4731.jpeg,0,651
lungscc683.jpeg,2,1226
lungaca408.jpeg,0,644
lungscc3755.jpeg,2,1018
lungscc4495.jpeg,2,1156
lungaca3207.jpeg,0,581
lungaca2282.jpeg,0,692
lungn918.jpeg,1,756
lungn2111.jpeg,1,816
lungaca2921.jpeg,0,518
lungaca4384.jpeg,0,552
lungn596.jpeg,1,816
lungn1862.jpeg,1,941
lungscc1115.jpeg,2,1043
lungn4479.jpeg,1,756
lungn385.jpeg,1,878
lungscc107.jpeg,2,1139
lungscc4414.jpeg,2,1135
lungscc309.jpeg,2,1070
lungn3200.jpeg,1,929
lungn2250.jpeg,1,754
lungn254.jpeg,1,818
lungscc2529.jpeg,2,1169
lungaca4650.jpeg,0,673
lungn3041.jpeg,1,817
lungaca2130.jpeg,0,688
lungscc3155.jpeg,2,1013
lungaca1591.jpeg,0,688
lungscc2314.jpeg,2,1130
lungscc1396.jpeg,2,1157
lungscc2317.jpeg,2,1037
lungn4583.jpeg,1,829
lungscc3097.jpeg,2,1238
lungaca1977.jpeg,0,687
lungscc295.jpeg,2,1131
lungaca4076.jpeg,0,668
lungaca2017.jpeg,0,637
lungn2285.jpeg,1,970
lungn2705.jpeg,1,933
lungscc4240.jpeg,2,1008
lungn2407.jpeg,1,889
lungscc4182.jpeg,2,1223
lungscc4576.jpeg,2,1010
lungn3400.jpeg,1,913
lungaca1446.jpeg,0,675
lungscc1483.jpeg,2,1235
lungscc3159.jpeg,2,1077
lungscc339.jpeg,2,1073
lungscc4853.jpeg,2,1006
lungn4516.jpeg,1,886
lungaca637.jpeg,0,591
lungscc468.jpeg,2,1235
lungscc2282.jpeg,2,1120
lungn3693.jpeg,1,895
lungaca4235.jpeg,0,621
lungscc4574.jpeg,2,1091
lungaca1874.jpeg,0,635
lungaca3504.jpeg,0,680
lungaca3159.jpeg,0,671
lungn1734.jpeg,1,833
lungn3930.jpeg,1,815
lungn4309.jpeg,1,766
lungscc3160.jpeg,2,1215
lungn955.jpeg,1,757
lungn3874.jpeg,1,781
lungn1476.jpeg,1,897
lungn1895.jpeg,1,849
lungscc1249.jpeg,2,1014
lungn2955.jpeg,1,803
lungn1632.jpeg,1,930
lungscc871.jpeg,2,1046
lungaca2677.jpeg,0,702
lungscc3499.jpeg,2,1072
lungaca4025.jpeg,0,584
lungaca4695.jpeg,0,733
lungaca4790.jpeg,0,744
lungn2298.jpeg,1,992
lungaca313.jpeg,0,543
lungscc2198.jpeg,2,1048
lungaca1372.jpeg,0,629
lungn2183.jpeg,1,779
lungn1190.jpeg,1,803
lungaca3567.jpeg,0,567
lungaca503.jpeg,0,696
lungscc2798.jpeg,2,1137
lungscc3550.jpeg,2,1074
lungn4188.jpeg,1,813
lungn2944.jpeg,1,785
lungscc1936.jpeg,2,1169
lungn4954.jpeg,1,781
lungscc865.jpeg,2,1095
lungn4424.jpeg,1,802
lungaca751.jpeg,0,697
lungscc1871.jpeg,2,1222
lungn3194.jpeg,1,783
lungscc92.jpeg,2,1077
lungscc1158.jpeg,2,1109
lungn3463.jpeg,1,775
lungaca3887.jpeg,0,597
lungn1249.jpeg,1,931
lungscc3335.jpeg,2,1214
lungn1122.jpeg,1,905
lungaca3898.jpeg,0,551
lungaca1756.jpeg,0,624
lungaca1362.jpeg,0,681
lungscc3004.jpeg,2,1161
lungaca242.jpeg,0,720
lungaca3110.jpeg,0,638
lungscc406.jpeg,2,1037
lungn3540.jpeg,1,862
lungscc2399.jpeg,2,1200
lungaca4672.jpeg,0,517
lungscc2197.jpeg,2,1048
lungaca3778.jpeg,0,710
lungn72.jpeg,1,846
lungaca3895.jpeg,0,605
lungn2409.jpeg,1,857
lungscc2582.jpeg,2,1181
lungscc1493.jpeg,2,1089
lungaca2084.jpeg,0,511
lungscc2272.jpeg,2,1065
lungn1938.jpeg,1,846
lungaca2276.jpeg,0,507
lungaca1817.jpeg,0,617
lungaca1808.jpeg,0,700
lungaca3390.jpeg,0,659
lungscc879.jpeg,2,1134
lungscc4171.jpeg,2,1104
lungaca2217.jpeg,0,708
lungaca1024.jpeg,0,673
lungaca1862.jpeg,0,647
lungscc2572.jpeg,2,1131
lungscc1795.jpeg,2,1227
lungscc3893.jpeg,2,1147
lungscc4985.jpeg,2,1025
lungscc2874.jpeg,2,1062
lungscc2411.jpeg,2,1095
lungscc3845.jpeg,2,1115
lungn1574.jpeg,1,939
lungaca1240.jpeg,0,625
lungaca2042.jpeg,0,692
lungn326.jpeg,1,802
lungn67.jpeg,1,974
lungaca4508.jpeg,0,578
lungaca1521.jpeg,0,552
lungn2246.jpeg,1,845
lungaca4841.jpeg,0,697
lungn634.jpeg,1,874
lungaca429.jpeg,0,549
lungn850.jpeg,1,867
lungn34.jpeg,1,770
lungn2547.jpeg,1,847
lungscc970.jpeg,2,1147
lungaca176.jpeg,0,560
lungaca1577.jpeg,0,743
lungscc1777.jpeg,2,1117
lungn874.jpeg,1,785
lungaca4660.jpeg,0,682
lungscc103.jpeg,2,1039
lungaca1944.jpeg,0,539
lungn1929.jpeg,1,808
lungaca1039.jpeg,0,658
lungscc2772.jpeg,2,1055
lungscc1392.jpeg,2,1059
lungn965.jpeg,1,825
lungscc2822.jpeg,2,1183
lungaca1101.jpeg,0,545
lungscc2281.jpeg,2,1085
lungscc657.jpeg,2,1223
lungaca3866.jpeg,0,640
lungaca1147.jpeg,0,663
lungscc876.jpeg,2,1028
lungn537.jpeg,1,934
lungaca1590.jpeg,0,617
lungn1320.jpeg,1,863
lungaca1872.jpeg,0,624
lungn2462.jpeg,1,836
lungscc1554.jpeg,2,1025
lungaca3226.jpeg,0,716
lungn2700.jpeg,1,907
lungn2024.jpeg,1,821
lungscc4163.jpeg,2,1129
lungn132.jpeg,1,971
lungaca4709.jpeg,0,676
lungn2685.jpeg,1,819
lungaca593.jpeg,0,579
lungaca4930.jpeg,0,707
lungn2504.jpeg,1,775
lungaca3619.jpeg,0,733
lungn1033.jpeg,1,961
lungscc1709.jpeg,2,1226
lungaca4867.jpeg,0,549
lungscc597.jpeg,2,1086
lungn1618.jpeg,1,916
lungscc4961.jpeg,2,1166
lungaca1342.jpeg,0,530
lungscc3873.jpeg,2,1093
lungscc4097.jpeg,2,1132
lungn1451.jpeg,1,992
lungn2896.jpeg,1,949
lungn1168.jpeg,1,964
lungscc1309.jpeg,2,1212
lungscc1761.jpeg,2,1242
lungn1028.jpeg,1,839
lungscc578.jpeg,2,1023
lungaca1930.jpeg,0,598
lungaca4727.jpeg,0,536
lungn4557.jpeg,1,771
lungaca2135.jpeg,0,723
lungn1845.jpeg,1,987
lungn1260.jpeg,1,915
lungscc2488.jpeg,2,1123
lungscc3116.jpeg,2,1067
lungn1996.jpeg,1,893
lungn1390.jpeg,1,915
lungaca1647.jpeg,0,627
lungn3328.jpeg,1,974
lungn1518.jpeg,1,859
lungn336.jpeg,1,834
lungaca3911.jpeg,0,596
lungscc1545.jpeg,2,1236
lungscc421.jpeg,2,1124
lungn4857.jpeg,1,841
lungaca2679.jpeg,0,519
lungn4829.jpeg,1,901
lungn3668.jpeg,1,891
lungaca2544.jpeg,0,689
lungscc1843.jpeg,2,1032
lungaca3286.jpeg,0,654
lungn1762.jpeg,1,886
lungscc4255.jpeg,2,1136
lungscc4141.jpeg,2,1063
lungn3803.jpeg,1,847
lungscc4144.jpeg,2,1095
lungn2592.jpeg,1,995
lungn2194.jpeg,1,852
lungn2926.jpeg,1,871
lungscc2664.jpeg,2,1088
lungaca3528.jpeg,0,644
lungaca2771.jpeg,0,670
lungaca2878.jpeg,0,514
lungaca689.jpeg,0,564
lungscc3100.jpeg,2,1111
lungn870.jpeg,1,907
lungscc1604.jpeg,2,1102
lungscc3464.jpeg,2,1033
lungscc1400.jpeg,2,1189
lungn2023.jpeg,1,922
lungscc821.jpeg,2,998
lungscc4019.jpeg,2,1165
lungn4684.jpeg,1,757
lungscc2933.jpeg,2,1210
lungn2199.jpeg,1,924
lungn750.jpeg,1,927
lungn353.jpeg,1,937
lungscc3369.jpeg,2,1041
lungscc1188.jpeg,2,1192
lungn4073.jpeg,1,927
lungscc4440.jpeg,2,1242
lungaca707.jpeg,0,611
lungn4768.jpeg,1,815
lungn1784.jpeg,1,753
lungn415.jpeg,1,914
lungscc441.jpeg,2,1098
lungaca875.jpeg,0,721
lungaca1124.jpeg,0,659
lungaca2916.jpeg,0,636
lungn53.jpeg,1,881
lungaca4702.jpeg,0,640
lungaca4633.jpeg,0,707
lungaca2153.jpeg,0,559
lungscc4578.jpeg,2,1111
lungscc4447.jpeg,2,1231
lungn4171.jpeg,1,932
lungaca2232.jpeg,0,600
lungn1910.jpeg,1,833
lungaca2720.jpeg,0,670
lungaca3328.jpeg,0,637
lungaca2823.jpeg,0,653
lungscc2594.jpeg,2,1055
lungscc1183.jpeg,2,1006
lungaca2634.jpeg,0,718
lungaca4861.jpeg,0,687
lungn4608.jpeg,1,997
lungscc2201.jpeg,2,1134
lungn3817.jpeg,1,830
lungaca2174.jpeg,0,527
lungaca3294.jpeg,0,586
lungscc4343.jpeg,2,1148
lungscc674.jpeg,2,1094
lungaca1481.jpeg,0,572
lungscc4748.jpeg,2,1236
lungscc4306.jpeg,2,1033
lungscc2515.jpeg,2,1000
lungaca574.jpeg,0,572
lungscc4665.jpeg,2,1031
lungn2832.jpeg,1,933
lungaca3785.jpeg,0,566
lungaca455.jpeg,0,661
lungaca4359.jpeg,0,622
lungaca47.jpeg,0,630
lungaca2215.jpeg,0,566
lungaca680.jpeg,0,556
lungn3797.jpeg,1,816
lungn3950.jpeg,1,908
lungscc3298.jpeg,2,1008
lungn3673.jpeg,1,893
lungn817.jpeg,1,768
lungaca841.jpeg,0,550
lungaca1397.jpeg,0,563
lungaca4449.jpeg,0,709
lungn1450.jpeg,1,860
lungn3375.jpeg,1,840
lungn150.jpeg,1,960
lungn2353.jpeg,1,949
lungscc2127.jpeg,2,1163
lungaca2618.jpeg,0,748
lungaca4398.jpeg,0,549
lungaca796.jpeg,0,662
lungaca2316.jpeg,0,659
lungscc3711.jpeg,2,1109
lungn330.jpeg,1,753
lungn1744.jpeg,1,884
lungn4725.jpeg,1,987
lungscc2448.jpeg,2,1092
lungn2678.jpeg,1,869
lungn3396.jpeg,1,750
lungscc1134.jpeg,2,1137
lungn3104.jpeg,1,773
lungscc2277.jpeg,2,1067
lungn342.jpeg,1,836
lungaca4133.jpeg,0,609
lungscc4222.jpeg,2,1019
lungn747.jpeg,1,862
lungaca348.jpeg,0,745
lungscc1135.jpeg,2,1102
lungscc3559.jpeg,2,1244
lungn106.jpeg,1,857
lungaca3201.jpeg,0,650
lungscc2520.jpeg,2,1184
lungaca1009.jpeg,0,669
lungscc3223.jpeg,2,1090
lungaca1353.jpeg,0,524
lungaca3653.jpeg,0,526
lungaca4146.jpeg,0,693
lungaca3122.jpeg,0,569
lungscc1730.jpeg,2,1076
lungaca4167.jpeg,0,531
lungscc3086.jpeg,2,1163
lungscc3815.jpeg,2,1047
lungaca4269.jpeg,0,720
lungn4500.jpeg,1,873
lungn2205.jpeg,1,993
lungn4138.jpeg,1,763
lungscc3036.jpeg,2,1134
lungscc611.jpeg,2,1209
lungn3208.jpeg,1,925
lungaca2763.jpeg,0,742
lungn3956.jpeg,1,770
lungn1019.jpeg,1,838
lungaca960.jpeg,0,689
lungscc472.jpeg,2,1064
lungscc1336.jpeg,2,1005
lungaca1957.jpeg,0,520
lungaca3811.jpeg,0,627
lungscc4293.jpeg,2,1185
lungn1372.jpeg,1,866
lungn3670.jpeg,1,936
lungn184.jpeg,1,945
lungscc4835.jpeg,2,1201
lungscc2976.jpeg,2,1091
lungscc4383.jpeg,2,1174
lungn1900.jpeg,1,858
lungscc3963.jpeg,2,1055
lungscc89.jpeg,2,1158
lungn4003.jpeg,1,954
lungaca1574.jpeg,0,590
lungscc4826.jpeg,2,1190
lungn2089.jpeg,1,951
lungaca4029.jpeg,0,709
lungscc3114.jpeg,2,1000
lungaca3053.jpeg,0,651
lungscc3374.jpeg,2,1107
lungn2988.jpeg,1,948
lungscc3896.jpeg,2,1182
lungscc489.jpeg,2,1085
lungaca3205.jpeg,0,699
lungaca4339.jpeg,0,542
lungaca1844.jpeg,0,747
lungaca833.jpeg,0,596
lungscc4525.jpeg,2,1237
lungscc1819.jpeg,2,1021
lungaca60.jpeg,0,626
lungaca2745.jpeg,0,592
lungaca1312.jpeg,0,580
lungscc4154.jpeg,2,1217
lungn164.jpeg,1,906
lungn3563.jpeg,1,936
lungscc2360.jpeg,2,1145
lungaca1258.jpeg,0,548
lungaca4253.jpeg,0,747
lungn2056.jpeg,1,893
lungscc2761.jpeg,2,1085
lungscc2336.jpeg,2,1162
lungn485.jpeg,1,961
lungn4533.jpeg,1,749
lungn1359.jpeg,1,907
lungaca1607.jpeg,0,592
lungscc4341.jpeg,2,1023
lungscc4301.jpeg,2,1155
lungscc4482.jpeg,2,1200
lungn4401.jpeg,1,863
lungscc3959.jpeg,2,1038
lungn1184.jpeg,1,823
lungn3753.jpeg,1,830
lungscc3203.jpeg,2,1033
lungn3292.jpeg,1,773
lungn1717.jpeg,1,993
lungscc701.jpeg,2,1101
lungaca1278.jpeg,0,527
lungscc1075.jpeg,2,1018
lungaca1387.jpeg,0,731
lungn1037.jpeg,1,991
lungn1471.jpeg,1,913
lungscc2079.jpeg,2,1032
lungscc380.jpeg,2,1029
lungaca450.jpeg,0,562
lungscc1547.jpeg,2,1171
lungn640.jpeg,1,919
lungaca4349.jpeg,0,568
lungn644.jpeg,1,873
lungscc4651.jpeg,2,1118
lungn1516.jpeg,1,845
lungn2288.jpeg,1,784
lungaca576.jpeg,0,534
lungaca2177.jpeg,0,563
lungn2892.jpeg,1,774
lungscc4863.jpeg,2,1048
lungaca324.jpeg,0,533
lungn926.jpeg,1,928
lungn3002.jpeg,1,836
lungn3982.jpeg,1,779
lungn2952.jpeg,1,843
lungscc2359.jpeg,2,1066
lungn1263.jpeg,1,860
lungscc2687.jpeg,2,1101
lungscc1471.jpeg,2,1123
lungaca3399.jpeg,0,619
lungaca1526.jpeg,0,684
lungn1525.jpeg,1,799
lungaca4017.jpeg,0,690
lungscc3909.jpeg,2,1046
lungscc3613.jpeg,2,1234
lungscc4355.jpeg,2,1086
lungaca1531.jpeg,0,621
lungscc4041.jpeg,2,1020
lungn652.jpeg,1,795
lungaca659.jpeg,0,679
lungn1370.jpeg,1,916
lungaca2249.jpeg,0,748
lungn175.jpeg,1,826
lungn1775.jpeg,1,911
lungaca447.jpeg,0,613
lungn4086.jpeg,1,855
lungn4065.jpeg,1,864
lungscc4472.jpeg,2,1079
lungn4020.jpeg,1,833
lungscc3338.jpeg,2,1013
lungaca1863.jpeg,0,540
lungn4690.jpeg,1,904
lungscc1978.jpeg,2,1133
lungscc4685.jpeg,2,1128
lungscc3996.jpeg,2,1224
lungscc2212.jpeg,2,1061
lungaca2203.jpeg,0,534
lungscc428.jpeg,2,1162
lungn107.jpeg,1,784
lungscc1345.jpeg,2,1203
lungscc521.jpeg,2,1231
lungscc799.jpeg,2,1075
lungn2587.jpeg,1,843
lungn181.jpeg,1,805
lungscc4544.jpeg,2,1095
lungaca3240.jpeg,0,638
lungaca3615.jpeg,0,521
lungn3977.jpeg,1,941
lungn1816.jpeg,1,880
lungaca4387.jpeg,0,573
lungaca2166.jpeg,0,549
lungscc446.jpeg,2,1029
lungscc1775.jpeg,2,1186
lungn2558.jpeg,1,892
lungn4537.jpeg,1,818
lungn772.jpeg,1,904
lungaca1496.jpeg,0,726
lungaca583.jpeg,0,698
lungaca4850.jpeg,0,611
lungaca1879.jpeg,0,539
lungn170.jpeg,1,929
lungn4040.jpeg,1,872
lungaca1085.jpeg,0,609
lungaca2751.jpeg,0,691
lungscc4794.jpeg,2,1084
lungn4671.jpeg,1,836
lungscc2986.jpeg,2,1012
lungaca3783.jpeg,0,573
lungscc1311.jpeg,2,1048
lungscc1426.jpeg,2,1048
lungscc2445.jpeg,2,1193
lungscc2946.jpeg,2,1201
lungscc1525.jpeg,2,1138
lungscc1584.jpeg,2,999
lungaca4236.jpeg,0,602
lungaca4089.jpeg,0,719
lungn763.jpeg,1,857
lungaca329.jpeg,0,562
lungn1984.jpeg,1,884
lungscc126.jpeg,2,1059
lungscc374.jpeg,2,1107
lungaca608.jpeg,0,731
lungn2570.jpeg,1,920
lungn1902.jpeg,1,861
lungn3643.jpeg,1,959
lungn4601.jpeg,1,883
lungscc554.jpeg,2,1156
lungscc1276.jpeg,2,1120
lungaca877.jpeg,0,695
lungaca3148.jpeg,0,667
lungaca2059.jpeg,0,563
lungn2942.jpeg,1,905
lungn1053.jpeg,1,948
lungaca3061.jpeg,0,708
lungscc1139.jpeg,2,1224
lungaca4935.jpeg,0,555
lungn180.jpeg,1,829
lungaca4899.jpeg,0,644
lungn2943.jpeg,1,785
lungaca1265.jpeg,0,582
lungn4730.jpeg,1,981
lungn704.jpeg,1,803
lungn3815.jpeg,1,945
lungscc2729.jpeg,2,1145
lungscc1972.jpeg,2,1173
lungn1216.jpeg,1,990
lungn1430.jpeg,1,768
lungn1613.jpeg,1,938
lungaca1510.jpeg,0,521
lungaca1253.jpeg,0,658
lungn3526.jpeg,1,912
lungaca916.jpeg,0,659
lungscc3633.jpeg,2,1073
lungn1970.jpeg,1,994
lungaca3246.jpeg,0,565
lungscc4857.jpeg,2,1205
lungaca2411.jpeg,0,626
lungn1570.jpeg,1,934
lungn3091.jpeg,1,830
lungscc3792.jpeg,2,1034
lungn9.jpeg,1,931
lungn4091.jpeg,1,853
lungscc3388.jpeg,2,1028
lungscc1117.jpeg,2,1042
lungn3035.jpeg,1,807
lungn2929.jpeg,1,883
lungscc3216.jpeg,2,1082
lungscc3586.jpeg,2,1119
lungn376.jpeg,1,869
lungaca3630.jpeg,0,617
lungn2509.jpeg,1,770
lungscc1538.jpeg,2,1188
lungn4985.jpeg,1,782
lungaca4832.jpeg,0,519
lungn4343.jpeg,1,867
lungn2813.jpeg,1,793
lungn426.jpeg,1,779
lungscc4862.jpeg,2,1212
lungaca1801.jpeg,0,596
lungscc3514.jpeg,2,1039
lungn685.jpeg,1,858
lungaca4006.jpeg,0,671
lungaca4243.jpeg,0,730
lungscc898.jpeg,2,1196
lungn4607.jpeg,1,874
lungn3651.jpeg,1,787
lungn1601.jpeg,1,940
lungscc1508.jpeg,2,1011
lungaca4926.jpeg,0,647
lungscc4623.jpeg,2,1014
lungn3331.jpeg,1,815
lungscc1129.jpeg,2,1019
lungn4546.jpeg,1,820
lungn1142.jpeg,1,777
lungaca3029.jpeg,0,576
lungn2638.jpeg,1,834
lungscc528.jpeg,2,1148
lungscc3617.jpeg,2,1244
lungscc112.jpeg,2,1229
lungaca2257.jpeg,0,649
lungaca2253.jpeg,0,603
lungn281.jpeg,1,988
lungn1466.jpeg,1,971
lungn883.jpeg,1,843
lungscc620.jpeg,2,1070
lungn4093.jpeg,1,963
lungscc3095.jpeg,2,1027
lungn538.jpeg,1,949
lungscc2059.jpeg,2,1021
lungaca2969.jpeg,0,631
lungaca1602.jpeg,0,587
lungscc3944.jpeg,2,1033
lungn616.jpeg,1,829
lungn1009.jpeg,1,881
lungscc159.jpeg,2,1232
lungaca4573.jpeg,0,647
lungaca390.jpeg,0,562
lungscc2783.jpeg,2,1149
lungn3609.jpeg,1,823
lungaca2123.jpeg,0,707
lungn2762.jpeg,1,796
lungscc4921.jpeg,2,1125
lungn2454.jpeg,1,800
lungscc2092.jpeg,2,1064
lungaca2736.jpeg,0,625
lungn4252.jpeg,1,848
lungn3482.jpeg,1,796
lungscc1618.jpeg,2,1065
lungn3163.jpeg,1,913
lungn1699.jpeg,1,805
lungn914.jpeg,1,807
lungscc484.jpeg,2,1153
lungscc993.jpeg,2,1029
lungn4680.jpeg,1,816
lungaca3564.jpeg,0,563
lungaca3610.jpeg,0,540
lungn4914.jpeg,1,766
lungn1203.jpeg,1,915
lungn994.jpeg,1,952
lungn2362.jpeg,1,880
lungn866.jpeg,1,920
lungscc1837.jpeg,2,1050
lungn1355.jpeg,1,870
lungscc2305.jpeg,2,1205
lungaca4164.jpeg,0,581
lungscc1806.jpeg,2,1005
lungn284.jpeg,1,931
lungaca2269.jpeg,0,560
lungaca1015.jpeg,0,537
lungaca3976.jpeg,0,540
lungaca479.jpeg,0,620
lungscc802.jpeg,2,1203
lungn1592.jpeg,1,950
lungaca2168.jpeg,0,720
lungaca1842.jpeg,0,536
lungscc2066.jpeg,2,1149
lungn1088.jpeg,1,774
lungaca2382.jpeg,0,704
lungaca3767.jpeg,0,701
lungaca865.jpeg,0,744
lungaca2358.jpeg,0,569
lungscc3690.jpeg,2,1186
lungn4098.jpeg,1,780
lungaca2071.jpeg,0,635
lungscc3977.jpeg,2,1197
lungaca3693.jpeg,0,711
lungn3434.jpeg,1,784
lungaca3885.jpeg,0,657
lungn1646.jpeg,1,854
lungscc4393.jpeg,2,1123
lungscc3970.jpeg,2,1036
lungn4296.jpeg,1,879
lungscc1518.jpeg,2,1046
lungaca2321.jpeg,0,592
lungaca1276.jpeg,0,733
lungscc3608.jpeg,2,1043
lungn542.jpeg,1,780
lungn1463.jpeg,1,799
lungscc978.jpeg,2,1078
lungaca4047.jpeg,0,577
lungscc2914.jpeg,2,1114
lungscc4679.jpeg,2,1204
lungscc1713.jpeg,2,1175
lungscc3505.jpeg,2,1014
lungaca1500.jpeg,0,719
lungn1901.jpeg,1,864
lungn4733.jpeg,1,836
lungaca711.jpeg,0,532
lungaca2171.jpeg,0,650
lungscc2231.jpeg,2,1200
lungaca1685.jpeg,0,638
lungaca3047.jpeg,0,654
lungscc2027.jpeg,2,1159
lungn1132.jpeg,1,838
lungscc358.jpeg,2,1113
lungaca2592.jpeg,0,731
lungscc1097.jpeg,2,1078
lungn618.jpeg,1,788
lungscc141.jpeg,2,1087
lungn1787.jpeg,1,800
lungscc4233.jpeg,2,1164
lungaca4107.jpeg,0,673
lungn4535.jpeg,1,842
lungn3025.jpeg,1,847
lungn3620.jpeg,1,941
lungn972.jpeg,1,754
lungaca2864.jpeg,0,572
lungn1629.jpeg,1,872
lungn4843.jpeg,1,964
lungscc1056.jpeg,2,1029
lungscc2862.jpeg,2,1207
lungn1979.jpeg,1,836
lungaca2599.jpeg,0,683
lungaca1746.jpeg,0,720
lungaca2189.jpeg,0,602
lungscc1005.jpeg,2,1077
lungn1003.jpeg,1,866
lungaca2570.jpeg,0,665
lungn3784.jpeg,1,965
lungaca4629.jpeg,0,733
lungscc3773.jpeg,2,1121
lungaca4062.jpeg,0,697
lungscc444.jpeg,2,1145
lungaca3261.jpeg,0,669
lungscc3060.jpeg,2,1162
lungn708.jpeg,1,917
lungscc1472.jpeg,2,1050
lungaca742.jpeg,0,546
lungn2911.jpeg,1,830
lungscc3579.jpeg,2,1012
lungscc3846.jpeg,2,1075
lungaca477.jpeg,0,653
lungscc4476.jpeg,2,1229
lungscc3676.jpeg,2,1233
lungscc201.jpeg,2,1107
lungaca2866.jpeg,0,716
lungaca1983.jpeg,0,565
lungn1144.jpeg,1,780
lungn531.jpeg,1,857
lungn703.jpeg,1,831
lungn2925.jpeg,1,975
lungaca3920.jpeg,0,527
lungn226.jpeg,1,939
lungn266.jpeg,1,926
lungscc906.jpeg,2,1054
lungn193.jpeg,1,869
lungscc2947.jpeg,2,1096
lungn548.jpeg,1,961
lungn804.jpeg,1,920
lungaca2068.jpeg,0,588
lungscc1293.jpeg,2,1240
lungaca814.jpeg,0,747
lungn1755.jpeg,1,782
lungscc2063.jpeg,2,1244
lungn3705.jpeg,1,819
lungscc1598.jpeg,2,1163
lungn1179.jpeg,1,875
lungn4231.jpeg,1,788
lungn601.jpeg,1,808
lungaca4789.jpeg,0,738
lungaca4767.jpeg,0,705
lungaca2191.jpeg,0,506
lungn2161.jpeg,1,823
lungaca2296.jpeg,0,563
lungaca2088.jpeg,0,597
lungscc4096.jpeg,2,1220
lungaca550.jpeg,0,680
lungaca2855.jpeg,0,533
lungaca327.jpeg,0,673
lungaca1419.jpeg,0,575
lungaca878.jpeg,0,565
lungscc3800.jpeg,2,1105
lungscc891.jpeg,2,1159
lungaca1978.jpeg,0,687
lungscc93.jpeg,2,1020
lungaca4963.jpeg,0,580
lungaca255.jpeg,0,538
lungn2907.jpeg,1,894
lungscc282.jpeg,2,1102
lungscc954.jpeg,2,1003
lungn1859.jpeg,1,843
lungscc1714.jpeg,2,1044
lungscc877.jpeg,2,1023
lungscc98.jpeg,2,1018
lungscc2816.jpeg,2,1153
lungaca4019.jpeg,0,532
lungn4416.jpeg,1,996
lungn2225.jpeg,1,803
lungscc313.jpeg,2,1034
lungn686.jpeg,1,787
lungaca743.jpeg,0,636
lungaca4950.jpeg,0,649
lungn35.jpeg,1,786
lungn2727.jpeg,1,822
lungscc1327.jpeg,2,1000
lungn3819.jpeg,1,789
lungaca1688.jpeg,0,552
lungn2295.jpeg,1,985
lungaca1249.jpeg,0,664
lungaca1.jpeg,0,664
lungaca322.jpeg,0,599
lungscc2115.jpeg,2,1043
lungaca1061.jpeg,0,724
lungscc3074.jpeg,2,1145
lungaca3394.jpeg,0,587
lungn1739.jpeg,1,752
lungscc2260.jpeg,2,1032
lungn4714.jpeg,1,973
lungn4016.jpeg,1,900
lungaca90.jpeg,0,603
lungn2853.jpeg,1,779
lungscc1569.jpeg,2,1002
lungn706.jpeg,1,759
lungn668.jpeg,1,769
lungscc2532.jpeg,2,1095
lungaca3988.jpeg,0,523
lungn510.jpeg,1,861
lungaca4057.jpeg,0,524
lungn4154.jpeg,1,868
lungn13.jpeg,1,782
lungn1565.jpeg,1,868
lungaca1912.jpeg,0,574
lungscc3731.jpeg,2,1029
lungn1439.jpeg,1,838
lungscc440.jpeg,2,1107
lungscc2527.jpeg,2,1167
lungscc4078.jpeg,2,1115
lungn3718.jpeg,1,862
lungaca1613.jpeg,0,579
lungscc2802.jpeg,2,1164
lungn54.jpeg,1,759
lungn3548.jpeg,1,752
lungscc4728.jpeg,2,1205
lungscc2096.jpeg,2,1089
lungn2488.jpeg,1,804
lungn1768.jpeg,1,859
lungn1413.jpeg,1,959
lungn4682.jpeg,1,755
lungscc4463.jpeg,2,1185
lungn1193.jpeg,1,759
lungn665.jpeg,1,839
lungaca3075.jpeg,0,635
lungscc4955.jpeg,2,1110
lungn1105.jpeg,1,946
lungn2772.jpeg,1,857
lungscc4777.jpeg,2,1066
lungn2297.jpeg,1,758
lungn4004.jpeg,1,849
lungn4232.jpeg,1,972
lungscc3919.jpeg,2,1106
lungn3779.jpeg,1,935
lungscc1464.jpeg,2,1242
lungn3634.jpeg,1,781
lungscc1233.jpeg,2,1046
lungaca1126.jpeg,0,659
lungscc1850.jpeg,2,1027
lungscc4128.jpeg,2,1126
lungaca2765.jpeg,0,569
lungn2247.jpeg,1,856
lungn4510.jpeg,1,915
lungaca3624.jpeg,0,588
lungscc3312.jpeg,2,1169
lungn1448.jpeg,1,827
lungaca2319.jpeg,0,671
lungaca3160.jpeg,0,671
lungscc2220.jpeg,2,1191
lungn3247.jpeg,1,841
lungn657.jpeg,1,844
lungaca3500.jpeg,0,734
lungaca2477.jpeg,0,598
lungn349.jpeg,1,784
lungn4128.jpeg,1,927
lungn4367.jpeg,1,960
lungn1600.jpeg,1,973
lungn4371.jpeg,1,900
lungscc1051.jpeg,2,1187
lungn100.jpeg,1,910
lungscc1454.jpeg,2,1222
lungn4456.jpeg,1,757
lungn2666.jpeg,1,956
lungaca1158.jpeg,0,732
lungaca4075.jpeg,0,642
lungn1319.jpeg,1,865
lungscc4721.jpeg,2,1099
lungaca2062.jpeg,0,571
lungscc448.jpeg,2,1045
lungn3666.jpeg,1,984
lungn3129.jpeg,1,836
lungaca4700.jpeg,0,700
lungaca1900.jpeg,0,608
lungaca3319.jpeg,0,530
lungaca2190.jpeg,0,661
lungscc1179.jpeg,2,1105
lungaca3038.jpeg,0,662
lungaca4684.jpeg,0,573
lungaca1291.jpeg,0,702
lungscc2001.jpeg,2,1046
lungscc825.jpeg,2,1176
lungaca3936.jpeg,0,711
lungn3310.jpeg,1,979
lungscc3371.jpeg,2,1043
lungscc2146.jpeg,2,1089
lungn3343.jpeg,1,762
lungn4030.jpeg,1,937
lungscc2215.jpeg,2,1236
lungaca1671.jpeg,0,608
lungn4268.jpeg,1,755
lungscc1282.jpeg,2,1030
lungscc4860.jpeg,2,1013
lungaca2571.jpeg,0,674
lungn1294.jpeg,1,753
lungaca4836.jpeg,0,518
lungscc4178.jpeg,2,1133
lungscc354.jpeg,2,1206
lungaca1237.jpeg,0,673
lungscc2337.jpeg,2,1026
lungn252.jpeg,1,967
lungaca2773.jpeg,0,598
lungscc4479.jpeg,2,1126
lungn4329.jpeg,1,914
lungscc1776.jpeg,2,1117
lungaca108.jpeg,0,517
lungaca296.jpeg,0,633
lungn2026.jpeg,1,935
lungaca115.jpeg,0,685
lungscc3638.jpeg,2,1159
lungn1687.jpeg,1,808
lungn4840.jpeg,1,908
lungscc2142.jpeg,2,1193
lungn1077.jpeg,1,979
lungaca376.jpeg,0,714
lungn3418.jpeg,1,766
lungn4637.jpeg,1,758
lungaca1992.jpeg,0,549
lungn1719.jpeg,1,770
lungaca4854.jpeg,0,526
lungscc4173.jpeg,2,1027
lungscc1534.jpeg,2,1023
lungn701.jpeg,1,831
lungscc4589.jpeg,2,1080
lungn4164.jpeg,1,767
lungscc365.jpeg,2,1005
lungscc2995.jpeg,2,1080
lungn230.jpeg,1,779
lungn289.jpeg,1,794
lungscc3182.jpeg,2,1120
lungaca4293.jpeg,0,649
lungn4315.jpeg,1,933
lungn1991.jpeg,1,816
lungaca1269.jpeg,0,607
lungaca3358.jpeg,0,604
lungn2783.jpeg,1,949
lungscc184.jpeg,2,1009
lungn4979.jpeg,1,816
lungscc459.jpeg,2,1020
lungscc225.jpeg,2,1027
lungn322.jpeg,1,913
lungscc3081.jpeg,2,1192
lungn129.jpeg,1,892
lungn4462.jpeg,1,860
lungscc1647.jpeg,2,1132
lungscc1351.jpeg,2,1156
lungscc4722.jpeg,2,1166
lungscc3011.jpeg,2,1115
lungscc2675.jpeg,2,1197
lungn1399.jpeg,1,859
lungn1791.jpeg,1,875
lungn3948.jpeg,1,967
lungaca4607.jpeg,0,744
lungn4452.jpeg,1,795
lungaca4470.jpeg,0,746
lungaca3605.jpeg,0,578
lungn2621.jpeg,1,971
lungscc575.jpeg,2,1084
lungaca4403.jpeg,0,558
lungscc3817.jpeg,2,1010
lungn3435.jpeg,1,914
lungscc1104.jpeg,2,1190
lungscc1204.jpeg,2,1076
lungn830.jpeg,1,757
lungn4123.jpeg,1,960
lungn59.jpeg,1,941
lungaca68.jpeg,0,539
lungscc3423.jpeg,2,1063
lungaca614.jpeg,0,588
lungaca2566.jpeg,0,534
lungn4300.jpeg,1,871
lungn568.jpeg,1,940
lungaca2919.jpeg,0,520
lungscc2494.jpeg,2,1134
lungaca2439.jpeg,0,660
lungscc1654.jpeg,2,1044
lungn3891.jpeg,1,908
lungaca4053.jpeg,0,702
lungscc3027.jpeg,2,1163
lungscc3835.jpeg,2,1210
lungscc1124.jpeg,2,1028
lungaca4268.jpeg,0,633
lungscc3647.jpeg,2,1131
lungaca1715.jpeg,0,711
lungn317.jpeg,1,946
lungn1573.jpeg,1,826
lungn3264.jpeg,1,968
lungaca1497.jpeg,0,713
lungn1437.jpeg,1,984
lungscc2048.jpeg,2,1070
lungaca1783.jpeg,0,592
lungaca2301.jpeg,0,537
lungn4695.jpeg,1,880
lungn535.jpeg,1,751
lungscc3227.jpeg,2,1092
lungaca2994.jpeg,0,698
lungaca1261.jpeg,0,638
lungaca4313.jpeg,0,656
lungn3617.jpeg,1,828
lungaca3460.jpeg,0,684
lungn4940.jpeg,1,934
lungn718.jpeg,1,839
lungscc1247.jpeg,2,1232
lungscc389.jpeg,2,1170
lungn2667.jpeg,1,956
lungn3293.jpeg,1,810
lungscc1734.jpeg,2,1081
lungn1937.jpeg,1,961
lungn2340.jpeg,1,833
lungscc2614.jpeg,2,1053
lungn1643.jpeg,1,890
lungscc1680.jpeg,2,1060
lungn4246.jpeg,1,858
lungaca1887.jpeg,0,546
lungn2277.jpeg,1,833
lungn1794.jpeg,1,927
lungscc4297.jpeg,2,1131
lungn1916.jpeg,1,855
lungaca2888.jpeg,0,604
lungscc2577.jpeg,2,1182
lungscc1186.jpeg,2,1208
lungscc4308.jpeg,2,1216
lungaca1174.jpeg,0,618
lungaca2955.jpeg,0,714
lungaca1637.jpeg,0,539
lungn3309.jpeg,1,916
lungaca4356.jpeg,0,723
lungn4247.jpeg,1,907
lungn4454.jpeg,1,751
lungscc4076.jpeg,2,1094
lungaca797.jpeg,0,538
lungscc1774.jpeg,2,1084
lungn3188.jpeg,1,916
lungn4310.jpeg,1,848
lungn3767.jpeg,1,928
lungscc3241.jpeg,2,1181
lungscc4967.jpeg,2,1204
lungscc3595.jpeg,2,1225
lungn1360.jpeg,1,942
lungscc3630.jpeg,2,1188
lungaca3591.jpeg,0,644
lungscc747.jpeg,2,1099
lungn623.jpeg,1,971
lungaca2470.jpeg,0,742
lungscc4420.jpeg,2,1126
lungn4995.jpeg,1,971
lungscc3764.jpeg,2,1076
lungaca359.jpeg,0,616
lungscc3976.jpeg,2,1001
lungaca1275.jpeg,0,647
lungn4616.jpeg,1,797
lungscc2334.jpeg,2,1151
lungscc2491.jpeg,2,1082
lungaca3946.jpeg,0,747
lungn3918.jpeg,1,751
lungscc3083.jpeg,2,1197
lungscc1938.jpeg,2,1189
lungn4970.jpeg,1,983
lungn2039.jpeg,1,881
lungscc3950.jpeg,2,1161
lungaca4158.jpeg,0,720
lungaca1044.jpeg,0,605
lungscc4511.jpeg,2,1188
lungaca3228.jpeg,0,570
lungscc3320.jpeg,2,1022
lungscc2954.jpeg,2,1040
lungscc3935.jpeg,2,1092
lungaca4488.jpeg,0,745
lungaca4102.jpeg,0,601
lungaca4175.jpeg,0,556
lungscc4999.jpeg,2,1200
lungscc326.jpeg,2,998
lungaca2012.jpeg,0,688
lungscc1746.jpeg,2,1177
lungscc1261.jpeg,2,1051
lungscc2749.jpeg,2,1185
lungaca631.jpeg,0,506
lungscc2632.jpeg,2,1079
lungaca1144.jpeg,0,690
lungn3661.jpeg,1,836
lungn1020.jpeg,1,914
lungaca153.jpeg,0,703
lungn1677.jpeg,1,857
lungn2400.jpeg,1,896
lungscc217.jpeg,2,1158
lungscc3785.jpeg,2,1216
lungscc2994.jpeg,2,1065
lungaca4101.jpeg,0,706
lungscc1965.jpeg,2,1212
lungscc3566.jpeg,2,1053
lungscc2727.jpeg,2,1156
lungaca416.jpeg,0,629
lungscc3343.jpeg,2,1007
lungn588.jpeg,1,887
lungscc4553.jpeg,2,1239
lungscc2537.jpeg,2,1198
lungaca1407.jpeg,0,617
lungscc882.jpeg,2,1148
lungn3539.jpeg,1,862
lungscc3995.jpeg,2,1235
lungaca1251.jpeg,0,701
lungn3358.jpeg,1,823
lungaca497.jpeg,0,705
lungaca4537.jpeg,0,511
lungscc2940.jpeg,2,1222
lungn1432.jpeg,1,906
lungscc3956.jpeg,2,1165
lungn1343.jpeg,1,888
lungaca3551.jpeg,0,634
lungscc673.jpeg,2,1136
lungn3431.jpeg,1,884
lungaca3032.jpeg,0,568
lungn416.jpeg,1,816
lungscc3945.jpeg,2,1127
lungaca1296.jpeg,0,723
lungn3285.jpeg,1,975
lungscc1403.jpeg,2,1107
lungn4658.jpeg,1,912
lungn4547.jpeg,1,800
lungn4534.jpeg,1,888
lungscc563.jpeg,2,1132
lungn1790.jpeg,1,766
lungn1622.jpeg,1,979
lungn3743.jpeg,1,992
lungn3460.jpeg,1,924
lungscc728.jpeg,2,1184
lungscc870.jpeg,2,1071
lungn3171.jpeg,1,920
lungn3514.jpeg,1,765
lungscc2677.jpeg,2,1028
lungscc192.jpeg,2,1190
lungscc953.jpeg,2,1176
lungscc476.jpeg,2,1121
lungaca3435.jpeg,0,540
lungn276.jpeg,1,981
lungn4717.jpeg,1,948
lungscc370.jpeg,2,1058
lungscc3274.jpeg,2,1061
lungscc2867.jpeg,2,1025
lungn152.jpeg,1,874
lungn1998.jpeg,1,898
lungaca2897.jpeg,0,529
lungscc4718.jpeg,2,1031
lungaca4317.jpeg,0,604
lungscc2094.jpeg,2,1237
lungn2975.jpeg,1,756
lungscc239.jpeg,2,1196
lungscc461.jpeg,2,1007
lungaca3490.jpeg,0,633
lungaca1394.jpeg,0,739
lungn2632.jpeg,1,753
lungn953.jpeg,1,764
lungn4417.jpeg,1,950
lungn1006.jpeg,1,953
lungn3794.jpeg,1,937
lungscc1631.jpeg,2,1142
lungscc331.jpeg,2,1007
lungaca3330.jpeg,0,748
lungscc2123.jpeg,2,1208
lungscc4365.jpeg,2,1005
lungscc227.jpeg,2,1171
lungn1723.jpeg,1,813
lungn1021.jpeg,1,751
lungn3334.jpeg,1,754
lungn371.jpeg,1,792
lungaca3127.jpeg,0,720
lungaca4602.jpeg,0,681
lungn1598.jpeg,1,818
lungaca2448.jpeg,0,648
lungaca2923.jpeg,0,597
lungn3842.jpeg,1,837
lungaca3236.jpeg,0,514
lungaca3102.jpeg,0,614
lungn457.jpeg,1,841
lungaca203.jpeg,0,576
lungscc4742.jpeg,2,1102
lungscc1992.jpeg,2,1167
lungscc3443.jpeg,2,1148
lungaca3871.jpeg,0,567
lungaca2080.jpeg,0,637
lungscc3277.jpeg,2,1193
lungaca987.jpeg,0,544
lungscc3377.jpeg,2,1088
lungaca1217.jpeg,0,549
lungn1402.jpeg,1,867
lungn2345.jpeg,1,965
lungscc2311.jpeg,2,1176
lungn1220.jpeg,1,750
lungn3032.jpeg,1,895
lungaca4103.jpeg,0,533
lungaca861.jpeg,0,575
lungaca3072.jpeg,0,571
lungscc2875.jpeg,2,1241
lungaca2814.jpeg,0,641
lungaca51.jpeg,0,579
lungaca135.jpeg,0,555
lungscc851.jpeg,2,1097
lungn1947.jpeg,1,778
lungscc1072.jpeg,2,1125
lungaca3694.jpeg,0,660
lungn4474.jpeg,1,892
lungscc2556.jpeg,2,1023
lungscc1580.jpeg,2,1055
lungscc2195.jpeg,2,1082
lungn1149.jpeg,1,792
lungaca36.jpeg,0,637
lungn3680.jpeg,1,767
lungn3342.jpeg,1,762
lungn388.jpeg,1,948
lungn1564.jpeg,1,755
lungscc1679.jpeg,2,1008
lungn1247.jpeg,1,841
lungscc1575.jpeg,2,1063
lungn2903.jpeg,1,825
lungn609.jpeg,1,767
lungaca921.jpeg,0,657
lungscc2030.jpeg,2,1143
lungn3223.jpeg,1,924
lungscc4976.jpeg,2,1016
lungscc2732.jpeg,2,1242
lungn2583.jpeg,1,836
lungscc65.jpeg,2,1113
lungn2997.jpeg,1,848
lungscc924.jpeg,2,1075
lungaca990.jpeg,0,517
lungn1553.jpeg,1,843
lungn390.jpeg,1,787
lungn4437.jpeg,1,921
lungaca2263.jpeg,0,510
lungn182.jpeg,1,856
lungaca3557.jpeg,0,516
lungscc4422.jpeg,2,1161
lungscc703.jpeg,2,1186
lungscc733.jpeg,2,1225
lungscc1391.jpeg,2,1194
lungaca1605.jpeg,0,697
lungn73.jpeg,1,945
lungscc1959.jpeg,2,1129
lungscc4673.jpeg,2,1105
lungn3312.jpeg,1,881
lungn4709.jpeg,1,756
lungaca1448.jpeg,0,626
lungaca3377.jpeg,0,558
lungscc3500.jpeg,2,1168
lungn2934.jpeg,1,861
lungscc2960.jpeg,2,1208
lungn3737.jpeg,1,757
lungscc35.jpeg,2,1044
lungscc4841.jpeg,2,1087
lungscc3258.jpeg,2,1036
lungn942.jpeg,1,938
lungaca2567.jpeg,0,592
lungscc2533.jpeg,2,1015
lungscc3355.jpeg,2,1091
lungaca4766.jpeg,0,705
lungn3319.jpeg,1,757
lungn4101.jpeg,1,801
lungaca3525.jpeg,0,682
lungn3473.jpeg,1,897
lungscc413.jpeg,2,1012
lungscc2456.jpeg,2,1124
lungscc3283.jpeg,2,1121
lungscc4220.jpeg,2,998
lungscc234.jpeg,2,1064
lungscc3880.jpeg,2,1235
lungscc3330.jpeg,2,1233
lungscc3555.jpeg,2,1234
lungscc686.jpeg,2,1144
lungn2328.jpeg,1,793
lungn1477.jpeg,1,786
lungn2198.jpeg,1,918
lungaca3507.jpeg,0,531
lungscc1681.jpeg,2,1009
lungn2894.jpeg,1,899
lungscc4445.jpeg,2,1140
lungscc1123.jpeg,2,1072
lungaca970.jpeg,0,621
lungaca4920.jpeg,0,679
lungn2382.jpeg,1,793
lungaca1948.jpeg,0,601
lungaca1782.jpeg,0,534
lungaca1020.jpeg,0,627
lungaca4674.jpeg,0,514
lungscc1924.jpeg,2,1153
lungaca4059.jpeg,0,659
lungscc1767.jpeg,2,1129
lungn1054.jpeg,1,753
lungn3307.jpeg,1,935
lungn3275.jpeg,1,799
lungn4070.jpeg,1,926
lungn3735.jpeg,1,814
lungaca4204.jpeg,0,596
lungn200.jpeg,1,951
lungscc2300.jpeg,2,1244
lungscc3802.jpeg,2,1129
lungscc1729.jpeg,2,1076
lungn3045.jpeg,1,982
lungaca4869.jpeg,0,743
lungscc3557.jpeg,2,1046
lungaca375.jpeg,0,714
lungscc4512.jpeg,2,1016
lungn2550.jpeg,1,767
lungscc3225.jpeg,2,1091
lungn1543.jpeg,1,820
lungn4373.jpeg,1,947
lungaca244.jpeg,0,540
lungaca3125.jpeg,0,529
lungscc1284.jpeg,2,1157
lungn2938.jpeg,1,987
lungaca1030.jpeg,0,591
lungaca1546.jpeg,0,525
lungscc9.jpeg,2,1023
lungaca3443.jpeg,0,640
lungn4115.jpeg,1,818
lungn2446.jpeg,1,753
lungscc278.jpeg,2,1101
lungn81.jpeg,1,901
lungscc3136.jpeg,2,1201
lungscc2422.jpeg,2,1175
lungscc4145.jpeg,2,1107
lungn1121.jpeg,1,900
lungscc3345.jpeg,2,1114
lungaca3640.jpeg,0,572
lungscc735.jpeg,2,1118
lungaca2545.jpeg,0,530
lungscc3723.jpeg,2,1043
lungn3401.jpeg,1,885
lungn2620.jpeg,1,798
lungaca435.jpeg,0,724
lungn694.jpeg,1,943
lungaca1931.jpeg,0,598
lungaca4936.jpeg,0,610
lungaca3329.jpeg,0,637
lungscc2496.jpeg,2,1016
lungscc3654.jpeg,2,1097
lungscc2855.jpeg,2,1091
lungscc4823.jpeg,2,1177
lungscc1688.jpeg,2,1183
lungaca4600.jpeg,0,612
lungaca2267.jpeg,0,559
lungscc1836.jpeg,2,1231
lungaca1125.jpeg,0,659
lungn2513.jpeg,1,824
lungn2439.jpeg,1,966
lungscc74.jpeg,2,1041
lungscc3245.jpeg,2,1059
lungscc1457.jpeg,2,1165
lungscc86.jpeg,2,1197
lungscc1285.jpeg,2,1038
lungn1209.jpeg,1,974
lungn1785.jpeg,1,858
lungn3557.jpeg,1,855
lungn3667.jpeg,1,889
lungn427.jpeg,1,761
lungaca3577.jpeg,0,602
lungaca1622.jpeg,0,692
lungaca4345.jpeg,0,737
lungaca2564.jpeg,0,654
lungaca3285.jpeg,0,612
lungn4748.jpeg,1,963
lungaca1441.jpeg,0,656
lungaca3489.jpeg,0,735
lungn2042.jpeg,1,965
lungn927.jpeg,1,793
lungaca4271.jpeg,0,530
lungn4392.jpeg,1,806
lungn1015.jpeg,1,784
lungscc2302.jpeg,2,1174
lungn1278.jpeg,1,950
lungscc3080.jpeg,2,1150
lungscc2452.jpeg,2,1086
lungaca2590.jpeg,0,529
lungaca2519.jpeg,0,708
lungn1930.jpeg,1,915
lungscc3598.jpeg,2,1005
lungscc830.jpeg,2,1104
lungn3583.jpeg,1,756
lungscc4320.jpeg,2,1187
lungscc4962.jpeg,2,1116
lungaca4678.jpeg,0,710
lungaca4855.jpeg,0,629
lungscc508.jpeg,2,1099
lungscc2522.jpeg,2,1005
lungscc1348.jpeg,2,1043
lungscc2252.jpeg,2,1175
lungaca2487.jpeg,0,552
lungscc4690.jpeg,2,1112
lungn3849.jpeg,1,843
lungscc4724.jpeg,2,1217
lungaca902.jpeg,0,552
lungn4732.jpeg,1,837
lungscc4416.jpeg,2,1199
lungaca4779.jpeg,0,730
lungn4186.jpeg,1,948
lungn1300.jpeg,1,947
lungscc1829.jpeg,2,1233
lungscc4086.jpeg,2,1066
lungscc3879.jpeg,2,1164
lungaca675.jpeg,0,539
lungn1163.jpeg,1,878
lungscc4812.jpeg,2,1089
lungaca1501.jpeg,0,606
lungn3671.jpeg,1,816
lungscc1487.jpeg,2,1092
lungaca1541.jpeg,0,730
lungscc4219.jpeg,2,1179
lungn1505.jpeg,1,840
lungaca2518.jpeg,0,565
lungn93.jpeg,1,980
lungscc1004.jpeg,2,998
lungn4845.jpeg,1,824
lungaca4706.jpeg,0,539
lungaca807.jpeg,0,608
lungaca1197.jpeg,0,580
lungaca2028.jpeg,0,522
lungaca1897.jpeg,0,534
lungaca1113.jpeg,0,640
lungn1558.jpeg,1,970
lungaca2581.jpeg,0,552
lungaca1584.jpeg,0,652
lungaca958.jpeg,0,610
lungaca71.jpeg,0,567
lungscc318.jpeg,2,1187
lungn1239.jpeg,1,900
lungaca2633.jpeg,0,560
lungscc4368.jpeg,2,1169
lungscc4214.jpeg,2,1170
lungscc1915.jpeg,2,1159
lungaca3448.jpeg,0,610
lungn3381.jpeg,1,761
lungn2514.jpeg,1,960
lungscc4116.jpeg,2,1237
lungscc245.jpeg,2,1135
lungaca319.jpeg,0,635
lungaca4747.jpeg,0,719
lungn2556.jpeg,1,789
lungscc2350.jpeg,2,1070
lungaca4613.jpeg,0,686
lungn3330.jpeg,1,925
lungaca1511.jpeg,0,549
lungscc2759.jpeg,2,1206
lungscc4735.jpeg,2,1020
lungn4892.jpeg,1,892
lungaca344.jpeg,0,744
lungn2152.jpeg,1,986
lungn1211.jpeg,1,925
lungaca3867.jpeg,0,740
lungn525.jpeg,1,841
lungn3227.jpeg,1,818
lungaca1695.jpeg,0,596
lungn2451.jpeg,1,926
lungn420.jpeg,1,840
lungscc4386.jpeg,2,1033
lungn3430.jpeg,1,884
lungscc4935.jpeg,2,1223
lungscc2437.jpeg,2,1128
lungscc71.jpeg,2,1075
lungscc26.jpeg,2,1056
lungscc926.jpeg,2,1055
lungaca4944.jpeg,0,660
lungaca179.jpeg,0,663
lungaca3941.jpeg,0,704
lungscc794.jpeg,2,1059
lungn3254.jpeg,1,985
lungaca5000.jpeg,0,657
lungn1195.jpeg,1,884
lungaca2800.jpeg,0,625
lungscc1864.jpeg,2,1135
lungn4255.jpeg,1,988
lungscc3581.jpeg,2,1083
lungn491.jpeg,1,909
lungn3896.jpeg,1,824
lungaca4361.jpeg,0,557
lungaca2758.jpeg,0,721
lungn3155.jpeg,1,991
lungaca3003.jpeg,0,560
lungaca3310.jpeg,0,524
lungaca722.jpeg,0,584
lungaca256.jpeg,0,627
lungn2637.jpeg,1,862
lungn721.jpeg,1,779
lungscc2595.jpeg,2,1041
lungscc3966.jpeg,2,1198
lungn502.jpeg,1,871
lungn2282.jpeg,1,962
lungscc914.jpeg,2,1120
lungaca4453.jpeg,0,540
lungscc2844.jpeg,2,1077
lungscc402.jpeg,2,1130
lungn1795.jpeg,1,848
lungscc242.jpeg,2,1206
lungaca2122.jpeg,0,707
lungscc367.jpeg,2,1094
lungn553.jpeg,1,945
lungscc1566.jpeg,2,1127
lungn2171.jpeg,1,917
lungscc1602.jpeg,2,1101
lungscc3192.jpeg,2,1041
lungn2180.jpeg,1,840
lungscc3721.jpeg,2,1041
lungscc3184.jpeg,2,1108
lungscc4362.jpeg,2,1009
lungaca1290.jpeg,0,741
lungn1465.jpeg,1,966
lungscc822.jpeg,2,1020
lungscc2755.jpeg,2,1196
lungscc1332.jpeg,2,1151
lungscc4964.jpeg,2,1244
lungn1282.jpeg,1,902
lungscc4677.jpeg,2,1149
lungn1502.jpeg,1,844
lungn2109.jpeg,1,828
lungn2044.jpeg,1,760
lungaca2275.jpeg,0,721
lungaca4750.jpeg,0,679
lungscc3454.jpeg,2,1076
lungscc2540.jpeg,2,1116
lungn1961.jpeg,1,993
lungn1846.jpeg,1,862
lungscc3445.jpeg,2,1016
lungscc2251.jpeg,2,1175
lungn2047.jpeg,1,936
lungaca3129.jpeg,0,683
lungaca4119.jpeg,0,715
lungaca4587.jpeg,0,519
lungscc3733.jpeg,2,1105
lungn1778.jpeg,1,835
lungaca1538.jpeg,0,575
lungscc3980.jpeg,2,1141
lungn209.jpeg,1,796
lungn207.jpeg,1,787
lungn1095.jpeg,1,780
lungn2261.jpeg,1,818
lungaca3930.jpeg,0,533
lungn645.jpeg,1,906
lungaca3954.jpeg,0,616
lungscc7.jpeg,2,1082
lungaca1998.jpeg,0,543
lungn648.jpeg,1,887
lungscc654.jpeg,2,1185
lungn4771.jpeg,1,944
lungscc1548.jpeg,2,1143
lungaca2146.jpeg,0,619
lungaca1064.jpeg,0,550
lungn4432.jpeg,1,994
lungaca2115.jpeg,0,720
lungscc600.jpeg,2,1124
lungscc3055.jpeg,2,1008
lungn2011.jpeg,1,990
lungaca2223.jpeg,0,694
lungscc3708.jpeg,2,1097
lungaca3244.jpeg,0,655
lungn1660.jpeg,1,980
lungn2274.jpeg,1,994
lungaca259.jpeg,0,613
lungn1067.jpeg,1,785
lungn312.jpeg,1,909
lungaca148.jpeg,0,661
lungscc2275.jpeg,2,1054
lungaca1568.jpeg,0,693
lungscc1382.jpeg,2,1089
lungn3762.jpeg,1,791
lungn2626.jpeg,1,902
lungn2239.jpeg,1,939
lungscc968.jpeg,2,1223
lungn3363.jpeg,1,953
lungscc3303.jpeg,2,1026
lungaca727.jpeg,0,724
lungaca1391.jpeg,0,643
lungaca2914.jpeg,0,538
lungaca1242.jpeg,0,703
lungaca1555.jpeg,0,554
lungaca4350.jpeg,0,696
lungn4612.jpeg,1,994
lungn423.jpeg,1,939
lungscc1314.jpeg,2,1093
lungaca4576.jpeg,0,543
lungscc264.jpeg,2,1132
lungn3132.jpeg,1,783
lungn4799.jpeg,1,962
lungaca1540.jpeg,0,730
lungn4497.jpeg,1,910
lungscc1189.jpeg,2,1106
lungn587.jpeg,1,962
lungaca146.jpeg,0,637
lungscc2667.jpeg,2,1036
lungscc2167.jpeg,2,1167
lungaca2002.jpeg,0,740
lungn2103.jpeg,1,763
lungaca4366.jpeg,0,681
lungaca1904.jpeg,0,698
lungscc2835.jpeg,2,1211
lungaca3480.jpeg,0,547
lungn4237.jpeg,1,756
lungaca3596.jpeg,0,554
lungaca315.jpeg,0,669
lungscc4904.jpeg,2,1042
lungn699.jpeg,1,873
lungn1387.jpeg,1,774
lungn3158.jpeg,1,799
lungaca1051.jpeg,0,690
lungaca3829.jpeg,0,614
lungscc1742.jpeg,2,1026
lungscc4756.jpeg,2,1147
lungaca395.jpeg,0,564
lungscc1674.jpeg,2,1237
lungscc2479.jpeg,2,1244
lungn4107.jpeg,1,799
lungaca3335.jpeg,0,649
lungscc4588.jpeg,2,1131
lungscc2635.jpeg,2,1089
lungaca699.jpeg,0,597
lungn3320.jpeg,1,963
lungn2994.jpeg,1,800
lungscc80.jpeg,2,1211
lungaca1046.jpeg,0,560
lungscc1675.jpeg,2,1139
lungaca4696.jpeg,0,733
lungn4449.jpeg,1,797
lungscc999.jpeg,2,1149
lungn843.jpeg,1,804
lungn2325.jpeg,1,817
lungaca2430.jpeg,0,576
lungscc1555.jpeg,2,1025
lungaca3713.jpeg,0,528
lungscc4824.jpeg,2,1172
lungscc1657.jpeg,2,1204
lungaca3720.jpeg,0,655
lungn482.jpeg,1,769
lungaca1209.jpeg,0,566
lungn4743.jpeg,1,816
lungscc1482.jpeg,2,1164
lungscc4877.jpeg,2,1012
lungn1891.jpeg,1,842
lungaca1435.jpeg,0,526
lungaca3947.jpeg,0,580
lungaca883.jpeg,0,709
lungn2433.jpeg,1,754
lungaca1652.jpeg,0,673
lungn2461.jpeg,1,768
lungn3425.jpeg,1,873
lungscc1150.jpeg,2,1182
lungscc3014.jpeg,2,1034
lungaca3154.jpeg,0,506
lungaca4733.jpeg,0,672
lungaca4428.jpeg,0,525
lungscc607.jpeg,2,1033
lungn4741.jpeg,1,937
lungaca1408.jpeg,0,696
lungaca1235.jpeg,0,639
lungaca46.jpeg,0,668
lungn1198.jpeg,1,760
lungscc2183.jpeg,2,1021
lungn1049.jpeg,1,878
lungaca4895.jpeg,0,657
lungaca2337.jpeg,0,604
lungscc4153.jpeg,2,1045
lungscc2114.jpeg,2,1015
lungscc2832.jpeg,2,1107
lungaca1386.jpeg,0,521
lungn751.jpeg,1,919
lungaca3701.jpeg,0,575
lungscc2610.jpeg,2,1140
lungaca2716.jpeg,0,590
lungn3885.jpeg,1,966
lungscc904.jpeg,2,1206
lungn1511.jpeg,1,825
lungaca4250.jpeg,0,744
lungn2189.jpeg,1,859
lungn895.jpeg,1,840
lungn741.jpeg,1,878
lungn3296.jpeg,1,753
lungaca4912.jpeg,0,532
lungaca1013.jpeg,0,624
lungn359.jpeg,1,898
lungn2032.jpeg,1,896
lungscc3895.jpeg,2,1206
lungn222.jpeg,1,985
lungn2453.jpeg,1,986
lungaca4122.jpeg,0,671
lungn3642.jpeg,1,869
lungn3323.jpeg,1,865
lungaca572.jpeg,0,564
lungscc1550.jpeg,2,1051
lungscc4.jpeg,2,1001
lungscc544.jpeg,2,1069
lungn2473.jpeg,1,838
lungscc2633.jpeg,2,1119
lungaca886.jpeg,0,590
lungaca3379.jpeg,0,677
lungaca1889.jpeg,0,621
lungn3224.jpeg,1,975
lungscc833.jpeg,2,1073
lungn1668.jpeg,1,947
lungaca4605.jpeg,0,513
lungscc3709.jpeg,2,1078
lungscc4072.jpeg,2,1118
lungaca1028.jpeg,0,508
lungn4599.jpeg,1,879
lungn2662.jpeg,1,839
lungscc445.jpeg,2,1036
lungn620.jpeg,1,778
lungscc998.jpeg,2,1175
lungaca3090.jpeg,0,622
lungscc4692.jpeg,2,1159
lungn4398.jpeg,1,872
lungaca2150.jpeg,0,674
lungscc2583.jpeg,2,1085
lungaca2830.jpeg,0,679
lungaca4843.jpeg,0,597
lungaca1140.jpeg,0,629
lungscc391.jpeg,2,1158
lungaca3543.jpeg,0,547
lungaca294.jpeg,0,719
lungn1866.jpeg,1,915
lungscc2785.jpeg,2,1072
lungscc4930.jpeg,2,1191
lungaca772.jpeg,0,687
lungaca3172.jpeg,0,641
lungscc133.jpeg,2,1095
lungscc515.jpeg,2,1144
lungaca3142.jpeg,0,533
lungscc3837.jpeg,2,1209
lungscc4733.jpeg,2,1204
lungaca884.jpeg,0,545
lungscc2179.jpeg,2,1107
lungscc4603.jpeg,2,1055
lungn2688.jpeg,1,957
lungaca733.jpeg,0,610
lungscc4046.jpeg,2,1148
lungn1812.jpeg,1,779
lungaca893.jpeg,0,724
lungn3988.jpeg,1,815
lungn1620.jpeg,1,906
lungn202.jpeg,1,954
lungn1131.jpeg,1,917
lungn3176.jpeg,1,820
lungscc840.jpeg,2,1196
lungaca3193.jpeg,0,647
lungn1133.jpeg,1,816
lungscc4371.jpeg,2,1098
lungscc186.jpeg,2,1126
lungscc1627.jpeg,2,1118
lungaca2712.jpeg,0,582
lungscc540.jpeg,2,1147
lungn4210.jpeg,1,760
lungaca1018.jpeg,0,631
lungaca2293.jpeg,0,650
lungn1597.jpeg,1,775
lungaca2603.jpeg,0,740
lungscc2799.jpeg,2,1137
lungn1123.jpeg,1,836
lungn4854.jpeg,1,943
lungscc4774.jpeg,2,999
lungscc592.jpeg,2,1051
lungaca3111.jpeg,0,656
lungscc4477.jpeg,2,1155
lungaca3422.jpeg,0,634
lungaca2340.jpeg,0,634
lungaca3324.jpeg,0,533
lungaca4326.jpeg,0,545
lungscc3434.jpeg,2,1208
lungn4650.jpeg,1,852
lungn3361.jpeg,1,906
lungaca285.jpeg,0,586
lungaca512.jpeg,0,621
lungaca2056.jpeg,0,714
lungscc1017.jpeg,2,1010
lungscc669.jpeg,2,1200
lungaca452.jpeg,0,748
lungscc3736.jpeg,2,1149
lungscc2948.jpeg,2,1240
lungn3778.jpeg,1,797
lungscc1551.jpeg,2,1083
lungscc1980.jpeg,2,1147
lungaca3279.jpeg,0,722
lungaca3019.jpeg,0,743
lungaca3393.jpeg,0,722
lungaca3211.jpeg,0,737
lungaca509.jpeg,0,562
lungaca2024.jpeg,0,738
lungscc4412.jpeg,2,1065
lungaca1518.jpeg,0,640
lungn4635.jpeg,1,963
lungn1700.jpeg,1,894
lungn4345.jpeg,1,852
lungscc2204.jpeg,2,1188
lungaca2147.jpeg,0,608
lungn2000.jpeg,1,767
lungaca2754.jpeg,0,656
lungn298.jpeg,1,893
lungaca863.jpeg,0,681
lungaca3103.jpeg,0,510
lungscc987.jpeg,2,1074
lungscc2985.jpeg,2,1064
lungaca2198.jpeg,0,715
lungn2117.jpeg,1,808
lungn4778.jpeg,1,878
lungaca2246.jpeg,0,741
lungaca4894.jpeg,0,557
lungscc4189.jpeg,2,1225
lungaca3220.jpeg,0,729
lungaca1067.jpeg,0,640
lungn1578.jpeg,1,839
lungn4659.jpeg,1,818
lungscc3806.jpeg,2,1048
lungn3281.jpeg,1,756
lungaca1895.jpeg,0,575
lungn4706.jpeg,1,854
lungaca2738.jpeg,0,661
lungscc4226.jpeg,2,1176
lungscc153.jpeg,2,1205
lungaca2289.jpeg,0,530
lungn2398.jpeg,1,836
lungaca4401.jpeg,0,652
lungn1763.jpeg,1,825
lungscc947.jpeg,2,1214
lungaca569.jpeg,0,662
lungn3152.jpeg,1,815
lungn4273.jpeg,1,934
lungscc4043.jpeg,2,1082
lungaca2471.jpeg,0,632
lungn1018.jpeg,1,838
lungn1308.jpeg,1,953
lungn979.jpeg,1,807
lungscc2716.jpeg,2,1038
lungscc535.jpeg,2,1195
lungn3747.jpeg,1,822
lungscc2065.jpeg,2,1175
lungscc2345.jpeg,2,1216
lungaca1224.jpeg,0,699
lungscc4607.jpeg,2,1087
lungn4832.jpeg,1,950
lungn1596.jpeg,1,871
lungaca4591.jpeg,0,637
lungscc1466.jpeg,2,1144
lungaca4658.jpeg,0,622
lungn4366.jpeg,1,960
lungscc3543.jpeg,2,1094
lungscc362.jpeg,2,1167
lungn1506.jpeg,1,992
lungaca2901.jpeg,0,524
lungscc3971.jpeg,2,1146
lungaca1332.jpeg,0,600
lungn2822.jpeg,1,820
lungn3898.jpeg,1,862
lungn461.jpeg,1,783
lungn3011.jpeg,1,891
lungn2743.jpeg,1,842
lungn1240.jpeg,1,900
lungaca3676.jpeg,0,707
lungscc2883.jpeg,2,1059
lungscc1572.jpeg,2,1059
lungn2452.jpeg,1,926
lungn4148.jpeg,1,783
lungaca1950.jpeg,0,662
lungscc3808.jpeg,2,1003
lungscc878.jpeg,2,1134
lungn1109.jpeg,1,802
lungscc4975.jpeg,2,1117
lungn48.jpeg,1,910
lungscc4882.jpeg,2,1069
lungaca3736.jpeg,0,699
lungaca3598.jpeg,0,663
lungscc4470.jpeg,2,1196
lungaca2323.jpeg,0,674
lungn2135.jpeg,1,890
lungaca1075.jpeg,0,684
lungscc986.jpeg,2,1015
lungaca1711.jpeg,0,696
lungn4949.jpeg,1,845
lungaca913.jpeg,0,602
lungaca538.jpeg,0,719
lungscc2384.jpeg,2,1081
lungaca3729.jpeg,0,623
lungaca3086.jpeg,0,625
lungscc2185.jpeg,2,1239
lungscc4933.jpeg,2,1089
lungaca3873.jpeg,0,577
lungn2821.jpeg,1,997
lungaca2031.jpeg,0,544
lungaca2579.jpeg,0,653
lungaca1026.jpeg,0,645
lungscc2591.jpeg,2,1115
lungn3655.jpeg,1,927
lungscc3567.jpeg,2,998
lungaca1927.jpeg,0,521
lungn123.jpeg,1,805
lungaca361.jpeg,0,653
lungscc574.jpeg,2,1007
lungscc4900.jpeg,2,1087
lungaca3986.jpeg,0,555
lungn4663.jpeg,1,973
lungn3972.jpeg,1,931
lungn2664.jpeg,1,822
lungaca2236.jpeg,0,563
lungn3904.jpeg,1,916
lungaca1135.jpeg,0,559
lungaca2775.jpeg,0,581
lungaca2827.jpeg,0,584
lungscc3805.jpeg,2,1212
lungaca2290.jpeg,0,524
lungscc3897.jpeg,2,1199
lungscc1950.jpeg,2,1150
lungaca2615.jpeg,0,553
lungscc261.jpeg,2,1045
lungn3184.jpeg,1,933
lungscc2820.jpeg,2,1172
lungn2048.jpeg,1,755
lungscc1109.jpeg,2,1075
lungaca1804.jpeg,0,524
lungaca3156.jpeg,0,509
lungaca2718.jpeg,0,540
lungscc4782.jpeg,2,1233
lungscc2876.jpeg,2,1126
lungn3777.jpeg,1,987
lungscc3603.jpeg,2,1165
lungn3299.jpeg,1,980
lungscc168.jpeg,2,1024
lungscc4291.jpeg,2,1092
lungn4104.jpeg,1,788
lungn2460.jpeg,1,989
lungaca2725.jpeg,0,680
lungscc2203.jpeg,2,1188
lungscc1910.jpeg,2,1137
lungn2038.jpeg,1,953
lungaca2975.jpeg,0,684
lungaca729.jpeg,0,714
lungscc4363.jpeg,2,1026
lungscc4536.jpeg,2,1005
lungn402.jpeg,1,947
lungn3748.jpeg,1,822
lungn4222.jpeg,1,777
lungn4282.jpeg,1,804
lungscc449.jpeg,2,1045
lungscc2866.jpeg,2,1237
lungaca45.jpeg,0,559
lungscc2386.jpeg,2,1079
lungscc376.jpeg,2,1066
lungn2679.jpeg,1,966
lungaca4273.jpeg,0,600
lungn377.jpeg,1,807
lungscc2639.jpeg,2,1135
lungaca2180.jpeg,0,542
lungaca686.jpeg,0,702
lungn3092.jpeg,1,792
lungn3949.jpeg,1,912
lungscc4652.jpeg,2,1216
lungscc2254.jpeg,2,1106
lungaca2081.jpeg,0,621
lungn3003.jpeg,1,763
lungscc4965.jpeg,2,1197
lungscc4580.jpeg,2,1051
lungaca892.jpeg,0,739
lungaca2930.jpeg,0,611
lungn347.jpeg,1,931
lungaca107.jpeg,0,745
lungn3790.jpeg,1,760
lungn2355.jpeg,1,886
lungn4876.jpeg,1,860
lungaca4560.jpeg,0,687
lungscc1822.jpeg,2,1234
lungscc1143.jpeg,2,1171
lungscc2924.jpeg,2,1152
lungscc2813.jpeg,2,1060
lungscc1057.jpeg,2,1046
lungscc1736.jpeg,2,1035
lungscc2596.jpeg,2,1107
lungn4711.jpeg,1,818
lungscc3892.jpeg,2,1089
lungn4921.jpeg,1,981
lungaca2401.jpeg,0,532
lungscc3659.jpeg,2,1172
lungn3273.jpeg,1,776
lungaca3124.jpeg,0,578
lungn3043.jpeg,1,897
lungscc4140.jpeg,2,1178
lungn21.jpeg,1,799
lungaca439.jpeg,0,567
lungscc3480.jpeg,2,1070
lungn755.jpeg,1,763
lungaca2728.jpeg,0,624
lungscc4138.jpeg,2,1136
lungaca600.jpeg,0,675
lungscc2110.jpeg,2,1038
lungscc2235.jpeg,2,1038
lungscc471.jpeg,2,1159
lungaca2433.jpeg,0,706
lungaca3134.jpeg,0,555
lungaca4703.jpeg,0,705
lungn4228.jpeg,1,790
lungaca2995.jpeg,0,658
lungn2525.jpeg,1,962
lungaca444.jpeg,0,599
lungn2577.jpeg,1,905
lungscc1809.jpeg,2,1200
lungaca3253.jpeg,0,590
lungaca2334.jpeg,0,594
lungn4917.jpeg,1,927
lungn4912.jpeg,1,820
lungn1424.jpeg,1,874
lungaca638.jpeg,0,587
lungaca3299.jpeg,0,604
lungaca389.jpeg,0,746
lungn2617.jpeg,1,901
lungscc4198.jpeg,2,1055
lungscc1782.jpeg,2,1027
lungn2563.jpeg,1,924
lungn113.jpeg,1,806
lungscc4696.jpeg,2,1237
lungn1270.jpeg,1,815
lungaca1369.jpeg,0,580
lungscc2038.jpeg,2,1008
lungn2123.jpeg,1,761
lungaca5.jpeg,0,614
lungscc1532.jpeg,2,1084
lungn4569.jpeg,1,755
lungscc4951.jpeg,2,1180
lungscc2482.jpeg,2,1205
lungn2833.jpeg,1,989
lungn478.jpeg,1,779
lungscc1928.jpeg,2,1097
lungaca1418.jpeg,0,722
lungaca4778.jpeg,0,625
lungaca4804.jpeg,0,606
lungaca3972.jpeg,0,545
lungn954.jpeg,1,853
lungaca2486.jpeg,0,737
lungaca801.jpeg,0,661
lungscc1220.jpeg,2,1183
lungaca3719.jpeg,0,582
lungaca311.jpeg,0,707
lungn636.jpeg,1,912
lungn3769.jpeg,1,793
lungn38.jpeg,1,862
lungn306.jpeg,1,863
lungn2581.jpeg,1,768
lungn3848.jpeg,1,831
lungn3678.jpeg,1,767
lungaca1465.jpeg,0,728
lungn4517.jpeg,1,865
lungn2339.jpeg,1,947
lungaca3352.jpeg,0,544
lungaca3024.jpeg,0,543
lungaca2140.jpeg,0,622
lungscc2392.jpeg,2,1008
lungaca716.jpeg,0,620
lungn4312.jpeg,1,797
lungn3040.jpeg,1,775
lungscc4281.jpeg,2,1117
lungaca1867.jpeg,0,652
lungn1965.jpeg,1,920
lungaca2932.jpeg,0,560
lungaca2798.jpeg,0,684
lungscc1644.jpeg,2,1105
lungn2300.jpeg,1,863
lungscc3849.jpeg,2,1096
lungscc3266.jpeg,2,1179
lungn2873.jpeg,1,773
lungscc2682.jpeg,2,1158
lungaca4774.jpeg,0,538
lungn4786.jpeg,1,820
lungscc4604.jpeg,2,1095
lungaca1307.jpeg,0,510
lungaca1498.jpeg,0,507
lungn1419.jpeg,1,753
lungn1041.jpeg,1,918
lungn2593.jpeg,1,891
lungaca4082.jpeg,0,586
lungaca594.jpeg,0,690
lungn1952.jpeg,1,762
lungscc1833.jpeg,2,1072
lungaca4960.jpeg,0,668
lungaca1189.jpeg,0,510
lungscc4217.jpeg,2,1123
lungscc1579.jpeg,2,1075
lungn2176.jpeg,1,844
lungaca336.jpeg,0,509
lungn3502.jpeg,1,929
lungaca1620.jpeg,0,566
lungaca4671.jpeg,0,544
lungaca839.jpeg,0,524
lungscc4024.jpeg,2,1041
lungaca3956.jpeg,0,690
lungn4342.jpeg,1,792
lungn4010.jpeg,1,874
lungscc2539.jpeg,2,1036
lungn528.jpeg,1,970
lungscc2035.jpeg,2,1124
lungaca1284.jpeg,0,568
lungscc2366.jpeg,2,1033
lungn4184.jpeg,1,810
lungscc3415.jpeg,2,1135
lungscc1683.jpeg,2,1241
lungaca1303.jpeg,0,654
lungn2663.jpeg,1,779
lungaca701.jpeg,0,738
lungn1876.jpeg,1,792
lungaca4194.jpeg,0,554
lungaca3696.jpeg,0,508
lungscc2685.jpeg,2,1077
lungn4927.jpeg,1,881
lungscc3684.jpeg,2,1215
lungaca2991.jpeg,0,592
lungaca4751.jpeg,0,596
lungn3140.jpeg,1,774
lungscc4674.jpeg,2,1226
lungn409.jpeg,1,884
lungscc2833.jpeg,2,1087
lungscc2296.jpeg,2,1187
lungscc3735.jpeg,2,1208
lungscc758.jpeg,2,1123
lungn1868.jpeg,1,904
lungn1257.jpeg,1,757
lungaca2252.jpeg,0,509
lungscc2647.jpeg,2,1005
lungscc3255.jpeg,2,1066
lungscc4453.jpeg,2,1023
lungaca505.jpeg,0,639
lungscc2156.jpeg,2,1126
lungaca4983.jpeg,0,689
lungscc2320.jpeg,2,1159
lungn1992.jpeg,1,757
lungscc1670.jpeg,2,1010
lungn1086.jpeg,1,755
lungn3839.jpeg,1,796
lungn4641.jpeg,1,865
lungn3807.jpeg,1,863
lungn4935.jpeg,1,985
lungscc1354.jpeg,2,1217
lungscc2133.jpeg,2,1215
lungn1948.jpeg,1,811
lungaca111.jpeg,0,586
lungn2814.jpeg,1,793
lungaca4274.jpeg,0,707
lungscc918.jpeg,2,1177
lungscc3259.jpeg,2,1029
lungscc2160.jpeg,2,1127
lungscc3691.jpeg,2,1117
lungscc279.jpeg,2,1117
lungscc3021.jpeg,2,1006
lungn2100.jpeg,1,938
lungn1792.jpeg,1,875
lungn3554.jpeg,1,887
lungaca940.jpeg,0,655
lungn1727.jpeg,1,820
lungaca4048.jpeg,0,601
lungn3657.jpeg,1,785
lungn4216.jpeg,1,893
lungaca3553.jpeg,0,633
lungscc3993.jpeg,2,1024
lungscc3375.jpeg,2,1034
lungaca1177.jpeg,0,556
lungscc734.jpeg,2,1005
lungn4835.jpeg,1,957
lungscc4566.jpeg,2,1134
lungaca3166.jpeg,0,513
lungaca771.jpeg,0,687
lungaca3145.jpeg,0,741
lungaca62.jpeg,0,549
lungn3707.jpeg,1,775
lungn4358.jpeg,1,976
lungn2399.jpeg,1,896
lungscc1271.jpeg,2,1054
lungaca3838.jpeg,0,586
lungn2094.jpeg,1,878
lungn1537.jpeg,1,976
lungscc3046.jpeg,2,1064
lungscc4924.jpeg,2,1152
lungn2165.jpeg,1,978
lungn2993.jpeg,1,907
lungscc181.jpeg,2,1080
lungaca785.jpeg,0,610
lungn2233.jpeg,1,934
lungaca3361.jpeg,0,512
lungaca3372.jpeg,0,714
lungn3214.jpeg,1,972
lungscc1727.jpeg,2,1171
lungn4491.jpeg,1,785
lungscc2698.jpeg,2,1237
lungaca278.jpeg,0,674
lungn3.jpeg,1,927
lungn3612.jpeg,1,931
lungn1801.jpeg,1,828
lungscc4552.jpeg,2,1040
lungn4622.jpeg,1,866
lungaca2425.jpeg,0,680
lungaca1233.jpeg,0,688
lungscc1847.jpeg,2,1152
lungscc447.jpeg,2,1045
lungn3385.jpeg,1,788
lungaca1310.jpeg,0,642
lungscc483.jpeg,2,1067
lungaca1958.jpeg,0,703
lungaca1616.jpeg,0,620
lungn4046.jpeg,1,961
lungn3298.jpeg,1,858
lungaca3554.jpeg,0,607
lungn991.jpeg,1,813
lungn2124.jpeg,1,761
lungaca1128.jpeg,0,697
lungaca3870.jpeg,0,689
lungn3173.jpeg,1,952
lungn3989.jpeg,1,932
lungaca2196.jpeg,0,591
lungn1959.jpeg,1,818
lungaca829.jpeg,0,692
lungaca3570.jpeg,0,627
lungn3628.jpeg,1,880
lungscc2535.jpeg,2,1107
lungn4062.jpeg,1,770
lungscc2429.jpeg,2,1020
lungaca1457.jpeg,0,542
lungscc2385.jpeg,2,1219
lungn4848.jpeg,1,907
lungscc1702.jpeg,2,1031
lungn952.jpeg,1,764
lungn3409.jpeg,1,993
lungaca2695.jpeg,0,665
lungscc1224.jpeg,2,1203
lungscc659.jpeg,2,1065
lungaca2034.jpeg,0,629
lungn3761.jpeg,1,835
lungscc4083.jpeg,2,1043
lungaca4594.jpeg,0,661
lungscc4402.jpeg,2,1117
lungscc3364.jpeg,2,1054
lungscc1603.jpeg,2,1176
lungaca2183.jpeg,0,617
lungn3085.jpeg,1,968
lungscc3433.jpeg,2,1006
lungscc3138.jpeg,2,999
lungscc3167.jpeg,2,1238
lungscc2287.jpeg,2,1059
lungn3809.jpeg,1,777
lungscc3520.jpeg,2,1025
lungn271.jpeg,1,942
lungn2412.jpeg,1,795
lungaca1151.jpeg,0,655
lungscc2830.jpeg,2,1043
lungscc3009.jpeg,2,1222
lungscc661.jpeg,2,1000
lungaca247.jpeg,0,600
lungaca2941.jpeg,0,604
lungaca312.jpeg,0,714
lungaca1737.jpeg,0,687
lungaca466.jpeg,0,701
lungscc3740.jpeg,2,1231
lungscc4744.jpeg,2,1073
lungaca1395.jpeg,0,714
lungaca2645.jpeg,0,582
lungn4490.jpeg,1,919
lungscc3269.jpeg,2,1048
lungaca3994.jpeg,0,702
lungaca1062.jpeg,0,539
lungn2900.jpeg,1,761
lungaca1959.jpeg,0,622
lungn1844.jpeg,1,986
lungscc4799.jpeg,2,1243
lungn2949.jpeg,1,763
lungn2294.jpeg,1,985
lungn4672.jpeg,1,896
lungscc4262.jpeg,2,1198
lungscc1500.jpeg,2,1004
lungaca3469.jpeg,0,682
lungn713.jpeg,1,774
lungscc1091.jpeg,2,1080
lungaca1678.jpeg,0,526
lungscc1942.jpeg,2,1043
lungscc3521.jpeg,2,1121
lungn2843.jpeg,1,760
lungaca4642.jpeg,0,568
lungn4215.jpeg,1,844
lungscc481.jpeg,2,1000
lungaca2862.jpeg,0,518
lungn363.jpeg,1,865
lungscc4054.jpeg,2,1039
lungaca2576.jpeg,0,586
lungn102.jpeg,1,843
lungn1136.jpeg,1,985
lungaca1333.jpeg,0,700
lungn4721.jpeg,1,864
lungn1486.jpeg,1,978
lungscc4434.jpeg,2,1088
lungscc3166.jpeg,2,1102
lungn206.jpeg,1,858
lungaca3376.jpeg,0,640
lungscc2658.jpeg,2,1189
lungn4038.jpeg,1,758
lungaca1231.jpeg,0,706
lungaca2693.jpeg,0,648
lungscc3224.jpeg,2,1018
lungscc4258.jpeg,2,1041
lungaca2454.jpeg,0,517
lungaca2120.jpeg,0,739
lungscc4239.jpeg,2,1139
lungn3802.jpeg,1,826
lungscc4211.jpeg,2,1220
lungaca2109.jpeg,0,727
lungn142.jpeg,1,973
lungscc175.jpeg,2,1017
lungscc4658.jpeg,2,1160
lungn1498.jpeg,1,857
lungaca2352.jpeg,0,714
lungscc29.jpeg,2,1146
lungaca4426.jpeg,0,619
lungn1627.jpeg,1,826
lungaca1848.jpeg,0,574
lungscc2546.jpeg,2,1192
lungscc2566.jpeg,2,1076
lungn2397.jpeg,1,823
lungaca4997.jpeg,0,575
lungaca4203.jpeg,0,719
lungaca2307.jpeg,0,746
lungaca2596.jpeg,0,643
lungscc1463.jpeg,2,1239
lungaca64.jpeg,0,516
lungn4292.jpeg,1,959
lungn2655.jpeg,1,764
lungn2914.jpeg,1,781
lungn1519.jpeg,1,830
lungscc3961.jpeg,2,1142
lungaca442.jpeg,0,618
lungaca1390.jpeg,0,598
lungn3780.jpeg,1,752
lungscc4468.jpeg,2,1083
lungn1756.jpeg,1,915
lungaca4977.jpeg,0,724
lungaca4598.jpeg,0,557
lungscc2439.jpeg,2,1213
lungaca1181.jpeg,0,660
lungn1208.jpeg,1,761
lungscc283.jpeg,2,1102
lungscc1329.jpeg,2,1153
lungscc4527.jpeg,2,1139
lungscc456.jpeg,2,1168
lungaca4187.jpeg,0,615
lungn37.jpeg,1,907
lungaca3118.jpeg,0,584
lungaca3216.jpeg,0,746
lungaca2144.jpeg,0,597
lungaca1764.jpeg,0,577
lungn4742.jpeg,1,969
lungaca1491.jpeg,0,548
lungaca4230.jpeg,0,696
lungn4376.jpeg,1,823
lungn1314.jpeg,1,751
lungscc886.jpeg,2,1018
lungscc2767.jpeg,2,1194
lungaca2022.jpeg,0,712
lungn1547.jpeg,1,836
lungn2797.jpeg,1,788
lungaca2356.jpeg,0,588
lungscc4204.jpeg,2,1107
lungn2692.jpeg,1,773
lungaca518.jpeg,0,654
lungn1081.jpeg,1,794
lungscc1050.jpeg,2,1066
lungscc917.jpeg,2,1161
lungscc1676.jpeg,2,1124
lungn141.jpeg,1,973
lungn4747.jpeg,1,963
lungscc1206.jpeg,2,1191
lungscc4505.jpeg,2,1179
lungaca1810.jpeg,0,635
lungaca1484.jpeg,0,592
lungaca696.jpeg,0,575
lungn4941.jpeg,1,840
lungaca3023.jpeg,0,714
lungscc2242.jpeg,2,1056
lungscc1895.jpeg,2,1072
lungscc4022.jpeg,2,1075
lungscc3814.jpeg,2,1243
lungaca4780.jpeg,0,704
lungn3183.jpeg,1,837
lungscc404.jpeg,2,1164
lungn3253.jpeg,1,917
lungn1173.jpeg,1,864
lungaca3264.jpeg,0,588
lungaca661.jpeg,0,607
lungscc3941.jpeg,2,1135
lungn1817.jpeg,1,930
lungscc1294.jpeg,2,1240
lungn3042.jpeg,1,976
lungn50.jpeg,1,763
lungscc3681.jpeg,2,1158
lungn1429.jpeg,1,834
lungaca2513.jpeg,0,580
lungscc2817.jpeg,2,1153
lungaca2049.jpeg,0,535
lungaca355.jpeg,0,586
lungaca3183.jpeg,0,685
lungscc4707.jpeg,2,1209
lungscc3871.jpeg,2,1186
lungaca4910.jpeg,0,594
lungn1073.jpeg,1,836
lungscc3315.jpeg,2,1142
lungaca18.jpeg,0,678
lungaca4654.jpeg,0,509
lungaca2003.jpeg,0,552
lungn4238.jpeg,1,924
lungaca533.jpeg,0,678
lungn2591.jpeg,1,970
lungn1357.jpeg,1,874
lungn3096.jpeg,1,892
lungn122.jpeg,1,769
lungaca4934.jpeg,0,571
lungn1858.jpeg,1,832
lungaca86.jpeg,0,508
lungn1949.jpeg,1,950
lungn3297.jpeg,1,982
lungaca2243.jpeg,0,577
lungscc1585.jpeg,2,1043
lungaca4255.jpeg,0,668
lungscc4506.jpeg,2,1019
lungaca523.jpeg,0,510
lungscc3905.jpeg,2,1156
lungaca3105.jpeg,0,641
lungscc4757.jpeg,2,1065
lungn323.jpeg,1,888
lungaca4468.jpeg,0,741
lungscc2274.jpeg,2,1068
lungn3864.jpeg,1,839
lungaca1942.jpeg,0,555
lungscc207.jpeg,2,1245
lungaca4593.jpeg,0,564
lungscc1114.jpeg,2,999
lungscc1748.jpeg,2,1172
lungn4655.jpeg,1,756
lungscc4760.jpeg,2,1069
lungscc487.jpeg,2,1155
lungscc4719.jpeg,2,1198
lungscc2794.jpeg,2,1117
lungaca378.jpeg,0,563
lungaca4334.jpeg,0,699
lungaca1843.jpeg,0,641
lungscc3459.jpeg,2,1119
lungscc1926.jpeg,2,1062
lungscc687.jpeg,2,1144
lungn3589.jpeg,1,835
lungscc2046.jpeg,2,1005
lungn4700.jpeg,1,961
lungscc1479.jpeg,2,1090
lungaca1106.jpeg,0,524
lungscc538.jpeg,2,1227
lungaca854.jpeg,0,564
lungaca4890.jpeg,0,729
lungscc615.jpeg,2,1183
lungn4205.jpeg,1,995
lungn28.jpeg,1,950
lungaca2216.jpeg,0,666
lungscc1462.jpeg,2,999
lungscc869.jpeg,2,1029
lungn2777.jpeg,1,814
lungaca4627.jpeg,0,516
lungaca4424.jpeg,0,534
lungaca669.jpeg,0,646
lungscc2511.jpeg,2,1119
lungscc1557.jpeg,2,1054
lungaca3180.jpeg,0,653
lungaca3784.jpeg,0,655
lungscc3366.jpeg,2,1008
lungaca1645.jpeg,0,537
lungaca1380.jpeg,0,573
lungaca2516.jpeg,0,620
lungn582.jpeg,1,821
lungscc625.jpeg,2,1201
lungn4122.jpeg,1,824
lungscc2381.jpeg,2,1100
lungaca1322.jpeg,0,596
lungn2773.jpeg,1,891
lungaca2459.jpeg,0,638
lungn2659.jpeg,1,850
lungn1461.jpeg,1,776
lungaca4316.jpeg,0,653
lungscc2558.jpeg,2,1125
lungn4481.jpeg,1,888
lungaca2905.jpeg,0,714
lungn1551.jpeg,1,866
lungscc1205.jpeg,2,1191
lungaca194.jpeg,0,598
lungn1487.jpeg,1,910
lungaca314.jpeg,0,652
lungscc1903.jpeg,2,1023
lungaca3496.jpeg,0,590
lungn4813.jpeg,1,827
lungn2965.jpeg,1,812
lungn232.jpeg,1,780
lungn4936.jpeg,1,985
lungn2286.jpeg,1,794
lungn2529.jpeg,1,970
lungn1788.jpeg,1,942
lungn1177.jpeg,1,926
lungn1331.jpeg,1,956
lungn4067.jpeg,1,960
lungn3403.jpeg,1,908
lungscc850.jpeg,2,1181
lungn3046.jpeg,1,786
lungscc1661.jpeg,2,1003
lungn1068.jpeg,1,785
lungn3698.jpeg,1,754
lungaca1962.jpeg,0,557
lungscc4883.jpeg,2,1209
lungn2373.jpeg,1,809
lungn555.jpeg,1,815
lungscc2789.jpeg,2,1138
lungaca1267.jpeg,0,679
lungaca3008.jpeg,0,663
lungscc1305.jpeg,2,1168
lungscc3319.jpeg,2,1031
lungaca1780.jpeg,0,664
lungscc2605.jpeg,2,1072
lungaca1857.jpeg,0,578
lungaca1940.jpeg,0,531
lungscc2424.jpeg,2,1072
lungscc2615.jpeg,2,1082
lungscc668.jpeg,2,1127
lungscc1967.jpeg,2,1176
lungn4318.jpeg,1,752
lungaca2237.jpeg,0,550
lungscc322.jpeg,2,1028
lungn2390.jpeg,1,874
lungn3800.jpeg,1,893
lungn1225.jpeg,1,951
lungaca2500.jpeg,0,557
lungaca2314.jpeg,0,509
lungscc2894.jpeg,2,1022
lungaca3742.jpeg,0,567
lungn3484.jpeg,1,916
lungn3805.jpeg,1,886
lungscc3188.jpeg,2,1094
lungaca2729.jpeg,0,530
lungscc1423.jpeg,2,1179
lungscc2735.jpeg,2,1144
lungn1291.jpeg,1,948
lungscc3580.jpeg,2,1133
lungscc1133.jpeg,2,1137
lungscc2845.jpeg,2,1212
lungn3690.jpeg,1,805
lungscc4020.jpeg,2,1142
lungn1052.jpeg,1,770
lungaca3007.jpeg,0,663
lungaca2573.jpeg,0,642
lungscc4763.jpeg,2,1181
lungscc2737.jpeg,2,1106
lungaca2785.jpeg,0,552
lungaca4787.jpeg,0,644
lungn3808.jpeg,1,777
lungaca980.jpeg,0,561
lungn3909.jpeg,1,803
lungaca2789.jpeg,0,631
lungaca516.jpeg,0,615
lungaca582.jpeg,0,614
lungscc1291.jpeg,2,1095
lungaca4744.jpeg,0,708
lungaca1829.jpeg,0,506
lungaca4971.jpeg,0,685
lungscc1927.jpeg,2,1033
lungaca3336.jpeg,0,557
lungaca4263.jpeg,0,616
lungaca795.jpeg,0,688
lungn2272.jpeg,1,766
lungn1692.jpeg,1,939
lungscc2138.jpeg,2,1102
lungaca1134.jpeg,0,614
lungscc3132.jpeg,2,1115
lungaca3794.jpeg,0,529
lungaca4549.jpeg,0,609
lungaca2070.jpeg,0,569
lungaca2968.jpeg,0,523
lungn487.jpeg,1,856
lungaca1681.jpeg,0,629
lungaca1472.jpeg,0,621
lungn1770.jpeg,1,792
lungscc4385.jpeg,2,1205
lungn2349.jpeg,1,899
lungaca2279.jpeg,0,666
lungaca720.jpeg,0,708
lungscc2681.jpeg,2,1141
lungscc274.jpeg,2,1077
lungn2701.jpeg,1,848
lungscc740.jpeg,2,1070
lungscc1302.jpeg,2,1244
lungn1403.jpeg,1,990
lungn524.jpeg,1,962
lungn2160.jpeg,1,981
lungn1363.jpeg,1,875
lungscc226.jpeg,2,1027
lungscc3038.jpeg,2,1024
lungaca4975.jpeg,0,529
lungscc2145.jpeg,2,1051
lungaca1352.jpeg,0,506
lungaca4491.jpeg,0,514
lungscc858.jpeg,2,1157
lungn2789.jpeg,1,761
lungscc3591.jpeg,2,1155
lungaca4666.jpeg,0,525
lungn4085.jpeg,1,984
lungn756.jpeg,1,873
lungscc2074.jpeg,2,1215
lungaca4547.jpeg,0,561
lungaca1554.jpeg,0,630
lungaca2627.jpeg,0,513
lungscc2405.jpeg,2,1180
lungaca4742.jpeg,0,585
lungscc531.jpeg,2,1027
lungscc1238.jpeg,2,1192
lungn2299.jpeg,1,839
lungaca2760.jpeg,0,678
lungaca1953.jpeg,0,746
lungaca261.jpeg,0,684
lungn1528.jpeg,1,918
lungaca1400.jpeg,0,555
lungscc3440.jpeg,2,1077
lungaca2706.jpeg,0,594
lungn4227.jpeg,1,780
lungn4304.jpeg,1,878
lungaca31.jpeg,0,677
lungn1151.jpeg,1,944
lungaca4555.jpeg,0,579
lungaca2441.jpeg,0,509
lungaca4330.jpeg,0,524
lungaca2657.jpeg,0,717
lungaca2803.jpeg,0,704
lungaca1449.jpeg,0,545
lungn913.jpeg,1,971
lungaca1802.jpeg,0,569
lungaca2412.jpeg,0,545
lungaca4924.jpeg,0,626
lungscc2256.jpeg,2,1204
lungscc1300.jpeg,2,1220
lungscc193.jpeg,2,1165
lungn2734.jpeg,1,754
lungscc2842.jpeg,2,1205
lungscc3986.jpeg,2,1232
lungn921.jpeg,1,818
lungn4810.jpeg,1,893
lungn297.jpeg,1,814
lungn858.jpeg,1,835
lungn820.jpeg,1,916
lungaca1636.jpeg,0,598
lungscc852.jpeg,2,1108
lungaca263.jpeg,0,723
lungaca1740.jpeg,0,685
lungaca1187.jpeg,0,513
lungscc2863.jpeg,2,1017
lungn3444.jpeg,1,827
lungaca4544.jpeg,0,522
lungaca4406.jpeg,0,728
lungaca4363.jpeg,0,716
lungn3056.jpeg,1,947
lungn4151.jpeg,1,941
lungaca2013.jpeg,0,639
lungscc2413.jpeg,2,1107
lungaca3837.jpeg,0,586
lungn1373.jpeg,1,831
lungaca4024.jpeg,0,515
lungscc1012.jpeg,2,1117
lungscc3677.jpeg,2,1144
lungaca418.jpeg,0,528
lungscc2080.jpeg,2,1032
lungaca4162.jpeg,0,563
lungn1276.jpeg,1,946
lungscc3854.jpeg,2,1031
lungaca2026.jpeg,0,744
lungaca963.jpeg,0,618
lungaca2283.jpeg,0,512
lungscc4329.jpeg,2,1132
lungscc4256.jpeg,2,1115
lungaca1314.jpeg,0,629
lungaca2.jpeg,0,664
lungaca3321.jpeg,0,568
lungn2394.jpeg,1,771
lungaca4170.jpeg,0,618
lungaca1153.jpeg,0,512
lungaca1619.jpeg,0,655
lungaca1894.jpeg,0,649
lungscc3634.jpeg,2,1235
lungscc1825.jpeg,2,1001
lungn2633.jpeg,1,824
lungaca1718.jpeg,0,593
lungaca1230.jpeg,0,728
lungscc1313.jpeg,2,1032
lungscc4942.jpeg,2,1162
lungn3724.jpeg,1,978
lungaca1282.jpeg,0,610
lungaca58.jpeg,0,512
lungscc2553.jpeg,2,1019
lungaca4323.jpeg,0,727
lungaca817.jpeg,0,514
lungscc424.jpeg,2,1135
lungscc134.jpeg,2,1015
lungaca1090.jpeg,0,574
lungscc3253.jpeg,2,1041
lungn3838.jpeg,1,927
lungn1713.jpeg,1,885
lungaca642.jpeg,0,682
lungscc4122.jpeg,2,1210
lungn4177.jpeg,1,852
lungaca2580.jpeg,0,532
lungscc2487.jpeg,2,1138
lungn3141.jpeg,1,774
lungaca1766.jpeg,0,662
lungscc2920.jpeg,2,1125
lungaca3499.jpeg,0,516
lungn3701.jpeg,1,776
lungaca445.jpeg,0,631
lungscc3460.jpeg,2,1147
lungn893.jpeg,1,915
lungscc1435.jpeg,2,1111
lungn2704.jpeg,1,837
lungn2455.jpeg,1,922
lungscc671.jpeg,2,1136
lungaca3854.jpeg,0,607
lungaca293.jpeg,0,515
lungscc3196.jpeg,2,1098
lungscc934.jpeg,2,1088
lungaca1974.jpeg,0,586
lungscc1648.jpeg,2,1132
lungaca3452.jpeg,0,530
lungscc2763.jpeg,2,1005
lungn4467.jpeg,1,804
lungaca1508.jpeg,0,623
lungn2912.jpeg,1,830
lungscc4131.jpeg,2,1209
lungn1688.jpeg,1,808
lungscc3903.jpeg,2,1088
lungn882.jpeg,1,906
lungaca1259.jpeg,0,718
lungscc2665.jpeg,2,1021
lungaca2996.jpeg,0,609
lungn3517.jpeg,1,911
lungn4660.jpeg,1,773
lungaca3412.jpeg,0,528
lungn4077.jpeg,1,938
lungscc4201.jpeg,2,1015
lungn4852.jpeg,1,771
lungaca4315.jpeg,0,547
lungn163.jpeg,1,763
lungaca3002.jpeg,0,554
lungn2449.jpeg,1,861
lungaca2357.jpeg,0,531
lungn540.jpeg,1,777
lungscc2642.jpeg,2,1162
lungn1515.jpeg,1,894
lungscc2580.jpeg,2,1184
lungaca2574.jpeg,0,686
lungaca2940.jpeg,0,552
lungn1963.jpeg,1,958
lungn928.jpeg,1,793
lungn11.jpeg,1,784
lungscc258.jpeg,2,1029
lungn2742.jpeg,1,871
lungscc1073.jpeg,2,1137
lungn1129.jpeg,1,783
lungn2406.jpeg,1,828
lungaca2984.jpeg,0,557
lungscc2451.jpeg,2,1195
lungscc3934.jpeg,2,1076
lungn1010.jpeg,1,783
lungaca221.jpeg,0,745
lungaca2666.jpeg,0,689
lungn4075.jpeg,1,905
lungn1977.jpeg,1,933
lungaca1402.jpeg,0,567
lungscc3267.jpeg,2,1077
lungn2363.jpeg,1,790
lungaca2625.jpeg,0,534
lungn3088.jpeg,1,846
lungscc1151.jpeg,2,1210
lungn844.jpeg,1,859
lungn3216.jpeg,1,776
lungn1701.jpeg,1,845
lungscc3176.jpeg,2,1155
lungscc1787.jpeg,2,1133
lungn788.jpeg,1,959
lungscc1334.jpeg,2,1033
lungaca1860.jpeg,0,632
lungn4692.jpeg,1,767
lungn2265.jpeg,1,810
lungaca4497.jpeg,0,616
lungaca1263.jpeg,0,726
lungaca3454.jpeg,0,568
lungaca323.jpeg,0,577
lungn3186.jpeg,1,768
lungscc1846.jpeg,2,1213
lungscc2351.jpeg,2,1063
lungaca258.jpeg,0,667
lungn4265.jpeg,1,891
lungn3889.jpeg,1,791
lungscc2506.jpeg,2,1154
lungn4420.jpeg,1,756
lungaca3494.jpeg,0,590
lungscc3149.jpeg,2,1208
lungaca218.jpeg,0,592
lungaca2743.jpeg,0,597
lungn3952.jpeg,1,954
lungscc3661.jpeg,2,1011
lungaca101.jpeg,0,712
lungscc2790.jpeg,2,1123
lungn3336.jpeg,1,811
lungscc4518.jpeg,2,1037
lungscc901.jpeg,2,1139
lungscc243.jpeg,2,1210
lungn2639.jpeg,1,905
lungn2695.jpeg,1,753
lungaca1089.jpeg,0,718
lungscc3107.jpeg,2,1237
lungscc1608.jpeg,2,1112
lungscc1905.jpeg,2,1032
lungn4847.jpeg,1,977
lungaca4520.jpeg,0,680
lungaca1379.jpeg,0,721
lungscc3419.jpeg,2,1109
lungscc719.jpeg,2,1025
lungscc1918.jpeg,2,1076
lungn4041.jpeg,1,847
lungn2306.jpeg,1,804
lungaca1279.jpeg,0,700
lungscc3544.jpeg,2,1094
lungaca1014.jpeg,0,689
lungaca2415.jpeg,0,529
lungscc232.jpeg,2,1111
lungscc41.jpeg,2,1020
lungaca1304.jpeg,0,534
lungn1572.jpeg,1,850
lungn600.jpeg,1,893
lungaca4451.jpeg,0,545
lungscc1689.jpeg,2,1167
lungaca100.jpeg,0,697
lungn4291.jpeg,1,911
lungn2764.jpeg,1,797
lungaca3509.jpeg,0,635
lungn4683.jpeg,1,751
lungaca534.jpeg,0,515
lungscc21.jpeg,2,1021
lungn454.jpeg,1,821
lungscc4067.jpeg,2,1078
lungaca1770.jpeg,0,637
lungn3424.jpeg,1,763
lungaca1141.jpeg,0,579
lungscc4832.jpeg,2,1157
lungaca2133.jpeg,0,583
lungn567.jpeg,1,818
lungscc678.jpeg,2,1031
lungn2627.jpeg,1,924
lungscc2466.jpeg,2,1157
lungscc963.jpeg,2,1171
lungscc497.jpeg,2,1180
lungn4864.jpeg,1,759
lungn134.jpeg,1,871
lungscc3754.jpeg,2,1073
lungn1162.jpeg,1,773
lungn4230.jpeg,1,846
lungn3452.jpeg,1,781
lungscc1128.jpeg,2,1050
lungscc2825.jpeg,2,1059
lungn1309.jpeg,1,887
lungn1348.jpeg,1,940
lungscc1215.jpeg,2,1097
lungscc780.jpeg,2,1228
lungaca4984.jpeg,0,530
lungaca746.jpeg,0,591
lungaca1193.jpeg,0,642
lungscc2926.jpeg,2,1164
lungn3547.jpeg,1,752
lungscc4513.jpeg,2,1102
lungscc3054.jpeg,2,1210
lungaca3176.jpeg,0,528
lungn1796.jpeg,1,921
lungn3000.jpeg,1,837
lungaca2584.jpeg,0,708
lungn1710.jpeg,1,876
lungaca595.jpeg,0,604
lungn1159.jpeg,1,975
lungscc3170.jpeg,2,1133
lungn1563.jpeg,1,795
lungaca4080.jpeg,0,526
lungscc2152.jpeg,2,1069
lungn664.jpeg,1,886
lungscc4124.jpeg,2,1009
lungaca2367.jpeg,0,568
lungscc819.jpeg,2,1214
lungscc3368.jpeg,2,1157
lungaca4941.jpeg,0,533
lungaca3700.jpeg,0,587
lungaca1229.jpeg,0,569
lungscc1106.jpeg,2,1178
lungscc4546.jpeg,2,1145
lungn7.jpeg,1,834
lungscc988.jpeg,2,1156
lungscc3807.jpeg,2,1007
lungaca2464.jpeg,0,582
lungscc4456.jpeg,2,1130
lungaca1724.jpeg,0,674
lungn2369.jpeg,1,789
lungn2268.jpeg,1,858
lungaca1456.jpeg,0,581
lungn1786.jpeg,1,952
lungaca3413.jpeg,0,579
lungaca2778.jpeg,0,542
lungn4578.jpeg,1,974
lungscc3379.jpeg,2,1021
lungscc3701.jpeg,2,1196
lungscc3053.jpeg,2,1054
lungn818.jpeg,1,910
lungaca1477.jpeg,0,591
lungn4220.jpeg,1,860
lungaca3802.jpeg,0,588
lungaca1468.jpeg,0,627
lungn3201.jpeg,1,929
lungaca1132.jpeg,0,534
lungn4005.jpeg,1,903
lungscc2621.jpeg,2,1152
lungaca1035.jpeg,0,644
lungscc1932.jpeg,2,1103
lungscc731.jpeg,2,1181
lungscc966.jpeg,2,1196
lungn1738.jpeg,1,836
lungaca2424.jpeg,0,700
lungaca2229.jpeg,0,646
lungscc3627.jpeg,2,1019
lungaca3045.jpeg,0,622
lungscc1677.jpeg,2,1065
lungaca2799.jpeg,0,673
lungscc1637.jpeg,2,1031
lungscc1920.jpeg,2,1065
lungscc1068.jpeg,2,1023
lungscc4367.jpeg,2,1070
lungaca3089.jpeg,0,603
lungaca2651.jpeg,0,569
lungn4263.jpeg,1,889
lungaca2179.jpeg,0,680
lungscc4864.jpeg,2,1048
lungaca3384.jpeg,0,613
lungaca4275.jpeg,0,588
lungn1867.jpeg,1,949
lungaca2853.jpeg,0,676
lungn332.jpeg,1,977
lungaca882.jpeg,0,606
lungaca1183.jpeg,0,575
lungn4783.jpeg,1,973
lungn3233.jpeg,1,861
lungaca1339.jpeg,0,689
lungaca2066.jpeg,0,542
lungn1915.jpeg,1,884
lungn2258.jpeg,1,885
lungn1087.jpeg,1,757
lungn4064.jpeg,1,982
lungaca1631.jpeg,0,632
lungaca4186.jpeg,0,659
lungaca1027.jpeg,0,723
lungscc2993.jpeg,2,1124
lungn2276.jpeg,1,797
lungn1759.jpeg,1,850
lungscc2983.jpeg,2,1191
lungscc4876.jpeg,2,1100
lungn2838.jpeg,1,881
lungn2067.jpeg,1,769
lungn4841.jpeg,1,908
lungn1059.jpeg,1,997
lungscc2623.jpeg,2,1171
lungn3189.jpeg,1,832
lungscc332.jpeg,2,1007
lungaca186.jpeg,0,626
lungscc762.jpeg,2,1232
lungn4102.jpeg,1,769
lungn988.jpeg,1,878
lungn2766.jpeg,1,910
lungn3970.jpeg,1,841
lungscc1632.jpeg,2,1160
lungscc3801.jpeg,2,1242
lungscc3949.jpeg,2,1161
lungscc885.jpeg,2,1073
lungn2130.jpeg,1,991
lungscc2310.jpeg,2,1077
lungn1358.jpeg,1,907
lungaca1069.jpeg,0,537
lungscc4730.jpeg,2,1168
lungaca3317.jpeg,0,610
lungscc516.jpeg,2,1170
lungaca2116.jpeg,0,521
lungn3382.jpeg,1,968
lungaca4949.jpeg,0,659
lungscc4052.jpeg,2,1238
lungn604.jpeg,1,934
lungaca3097.jpeg,0,534
lungaca2506.jpeg,0,674
lungn1673.jpeg,1,797
lungn4320.jpeg,1,906
lungscc4912.jpeg,2,1129
lungn1872.jpeg,1,845
lungn906.jpeg,1,811
lungaca1165.jpeg,0,652
lungn1369.jpeg,1,933
lungaca423.jpeg,0,655
lungn2756.jpeg,1,958
lungaca2272.jpeg,0,574
lungscc2941.jpeg,2,1057
lungaca4785.jpeg,0,534
lungscc4929.jpeg,2,1092
lungaca3062.jpeg,0,735
lungn411.jpeg,1,794
lungaca2421.jpeg,0,739
lungn2862.jpeg,1,901
lungn2781.jpeg,1,963
lungn4024.jpeg,1,803
lungaca3276.jpeg,0,593
lungn2811.jpeg,1,993
lungaca3389.jpeg,0,625
lungn1392.jpeg,1,949
lungn3102.jpeg,1,902
lungaca2945.jpeg,0,692
lungn187.jpeg,1,789
lungscc3694.jpeg,2,1010
lungaca1916.jpeg,0,585
lungaca3363.jpeg,0,596
lungscc2836.jpeg,2,1187
lungscc2793.jpeg,2,1014
lungaca1890.jpeg,0,602
lungscc235.jpeg,2,1207
lungaca1507.jpeg,0,549
lungaca710.jpeg,0,653
lungscc2534.jpeg,2,1015
lungn3038.jpeg,1,879
lungaca778.jpeg,0,717
lungscc179.jpeg,2,1119
lungn3579.jpeg,1,890
lungaca1539.jpeg,0,657
lungscc517.jpeg,2,1170
lungn4889.jpeg,1,867
lungn1681.jpeg,1,853
lungn4084.jpeg,1,759
lungscc4874.jpeg,2,1076
lungn269.jpeg,1,820
lungaca2404.jpeg,0,725
lungscc4974.jpeg,2,1186
lungaca181.jpeg,0,685
lungaca3993.jpeg,0,583
lungscc1571.jpeg,2,1059
lungaca1625.jpeg,0,512
lungscc2469.jpeg,2,1240
lungscc837.jpeg,2,1164
lungn4089.jpeg,1,923
lungscc3539.jpeg,2,1113
lungaca553.jpeg,0,624
lungn3440.jpeg,1,814
lungaca3831.jpeg,0,658
lungscc2273.jpeg,2,1080
lungn4869.jpeg,1,891
lungscc1110.jpeg,2,1180
lungn6.jpeg,1,834
lungn1031.jpeg,1,974
lungn3146.jpeg,1,974
lungscc4310.jpeg,2,1167
lungscc4395.jpeg,2,1019
lungn4793.jpeg,1,921
lungscc2971.jpeg,2,1014
lungscc2015.jpeg,2,1138
lungscc273.jpeg,2,1053
lungn4498.jpeg,1,836
lungn1623.jpeg,1,843
lungscc1145.jpeg,2,1039
lungaca905.jpeg,0,538
lungn4731.jpeg,1,981
lungscc1042.jpeg,2,1038
lungscc1856.jpeg,2,1121
lungscc2987.jpeg,2,1121
lungaca3197.jpeg,0,670
lungaca1734.jpeg,0,638
lungn572.jpeg,1,813
lungaca2726.jpeg,0,542
lungscc1707.jpeg,2,1116
lungaca1943.jpeg,0,610
lungaca2792.jpeg,0,688
lungn4396.jpeg,1,860
lungn1094.jpeg,1,992
lungaca177.jpeg,0,594
lungscc2911.jpeg,2,1007
lungn4045.jpeg,1,804
lungscc976.jpeg,2,1151
lungaca3552.jpeg,0,584
lungn768.jpeg,1,757
lungaca4457.jpeg,0,680
lungaca4434.jpeg,0,548
lungaca2552.jpeg,0,546
lungn4955.jpeg,1,778
lungaca1201.jpeg,0,579
lungn3276.jpeg,1,901
lungn3427.jpeg,1,831
lungn3119.jpeg,1,766
lungscc1030.jpeg,2,1069
lungscc3197.jpeg,2,1031
lungn3291.jpeg,1,912
lungscc3541.jpeg,2,1178
lungaca1246.jpeg,0,572
lungscc236.jpeg,2,1237
lungn3703.jpeg,1,918
lungaca2008.jpeg,0,599
lungaca621.jpeg,0,662
lungscc3180.jpeg,2,1078
lungaca228.jpeg,0,616
lungaca32.jpeg,0,538
lungn1367.jpeg,1,785
lungaca2588.jpeg,0,626
lungscc864.jpeg,2,999
lungscc3563.jpeg,2,1044
lungaca3200.jpeg,0,683
lungaca4438.jpeg,0,616
lungscc2840.jpeg,2,1049
lungscc109.jpeg,2,1000
lungn395.jpeg,1,766
lungaca3083.jpeg,0,583
lungn3855.jpeg,1,936
lungaca799.jpeg,0,684
lungaca160.jpeg,0,612
lungaca2790.jpeg,0,617
lungaca942.jpeg,0,666
lungscc2271.jpeg,2,1124
lungn218.jpeg,1,984
lungn101.jpeg,1,851
lungscc4726.jpeg,2,1132
lungscc2584.jpeg,2,1120
lungscc4373.jpeg,2,1042
lungaca4585.jpeg,0,538
lungscc771.jpeg,2,1051
lungn160.jpeg,1,978
lungaca4979.jpeg,0,543
lungaca4373.jpeg,0,554
lungaca3948.jpeg,0,605
lungscc2091.jpeg,2,1039
lungscc1069.jpeg,2,1032
lungn3715.jpeg,1,870
lungscc337.jpeg,2,1137
lungn3156.jpeg,1,754
lungscc2871.jpeg,2,1210
lungaca2142.jpeg,0,682
lungscc1861.jpeg,2,1068
lungn794.jpeg,1,912
lungn2654.jpeg,1,941
lungn2886.jpeg,1,965
lungscc1436.jpeg,2,1111
lungaca1570.jpeg,0,515
lungaca119.jpeg,0,708
lungscc1251.jpeg,2,1130
lungn1813.jpeg,1,974
lungscc4101.jpeg,2,1129
lungaca150.jpeg,0,520
lungn2502.jpeg,1,924
lungscc1913.jpeg,2,1152
lungaca438.jpeg,0,610
lungaca4344.jpeg,0,531
lungaca3710.jpeg,0,554
lungn3083.jpeg,1,777
lungscc4489.jpeg,2,1041
lungscc2006.jpeg,2,1220
lungscc3857.jpeg,2,1145
lungaca1365.jpeg,0,614
lungn4634.jpeg,1,808
lungn1728.jpeg,1,987
lungaca1517.jpeg,0,563
lungaca1954.jpeg,0,562
lungn3235.jpeg,1,987
lungn854.jpeg,1,798
lungscc465.jpeg,2,1016
lungaca1765.jpeg,0,617
lungaca3266.jpeg,0,610
lungscc386.jpeg,2,1049
lungscc3686.jpeg,2,1084
lungscc3712.jpeg,2,1005
lungaca1913.jpeg,0,726
lungaca3204.jpeg,0,699
lungn224.jpeg,1,929
lungn656.jpeg,1,985
lungn2650.jpeg,1,784
lungn1489.jpeg,1,752
lungscc2991.jpeg,2,1131
lungn3033.jpeg,1,792
lungn4308.jpeg,1,800
lungn1155.jpeg,1,955
lungaca2101.jpeg,0,541
lungaca1329.jpeg,0,598
lungaca526.jpeg,0,668
lungn301.jpeg,1,806
lungscc214.jpeg,2,1013
lungn765.jpeg,1,937
lungscc768.jpeg,2,1112
lungscc4751.jpeg,2,1207
lungn3391.jpeg,1,869
lungaca4242.jpeg,0,649
lungn2004.jpeg,1,930
lungscc2576.jpeg,2,1182
lungscc1985.jpeg,2,1069
lungn3126.jpeg,1,768
lungn4306.jpeg,1,980
lungaca2090.jpeg,0,525
lungn496.jpeg,1,854
lungaca4002.jpeg,0,520
lungscc681.jpeg,2,1245
lungaca3196.jpeg,0,530
lungn4826.jpeg,1,991
lungaca236.jpeg,0,584
lungscc4491.jpeg,2,1043
lungn1440.jpeg,1,764
lungaca4970.jpeg,0,589
lungaca168.jpeg,0,674
lungn814.jpeg,1,796
lungscc407.jpeg,2,1061
lungaca131.jpeg,0,700
lungscc185.jpeg,2,1069
lungscc3297.jpeg,2,1210
lungn1589.jpeg,1,901
lungn2800.jpeg,1,778
lungscc3658.jpeg,2,1177
lungscc3145.jpeg,2,1029
lungn3946.jpeg,1,888
lungaca2958.jpeg,0,581
lungn1999.jpeg,1,827
lungaca2598.jpeg,0,683
lungaca2636.jpeg,0,616
lungaca4005.jpeg,0,730
lungscc3610.jpeg,2,1088
lungn2548.jpeg,1,992
lungaca499.jpeg,0,537
lungaca1768.jpeg,0,546
lungscc4845.jpeg,2,1187
lungscc2338.jpeg,2,1097
lungn2471.jpeg,1,794
lungaca2072.jpeg,0,537
lungaca1494.jpeg,0,579
lungn819.jpeg,1,836
lungscc248.jpeg,2,1108
lungn915.jpeg,1,950
lungaca149.jpeg,0,511
lungaca3438.jpeg,0,733
lungn3494.jpeg,1,853
lungn4219.jpeg,1,826
lungn3030.jpeg,1,856
lungn406.jpeg,1,916
lungn1779.jpeg,1,885
lungscc3273.jpeg,2,1018
lungn3841.jpeg,1,981
lungaca2557.jpeg,0,508
lungscc4709.jpeg,2,1183
lungaca4286.jpeg,0,645
lungscc4115.jpeg,2,1218
lungn1666.jpeg,1,772
lungscc2955.jpeg,2,1105
lungscc265.jpeg,2,1230
lungn4487.jpeg,1,820
lungscc4848.jpeg,2,1245
lungn213.jpeg,1,823
lungscc1778.jpeg,2,1188
lungscc810.jpeg,2,1202
lungaca3405.jpeg,0,736
lungn1421.jpeg,1,861
lungaca4120.jpeg,0,557
lungn1807.jpeg,1,929
lungscc4587.jpeg,2,1139
lungaca3806.jpeg,0,539
lungaca4907.jpeg,0,686
lungscc2188.jpeg,2,1149
lungn4904.jpeg,1,928
lungaca4034.jpeg,0,734
lungscc1443.jpeg,2,1025
lungaca2069.jpeg,0,555
lungaca2428.jpeg,0,610
lungn3856.jpeg,1,816
lungaca367.jpeg,0,569
lungscc3084.jpeg,2,1044
lungaca2329.jpeg,0,686
lungn214.jpeg,1,910
lungscc4686.jpeg,2,1128
lungn1040.jpeg,1,971
lungaca4932.jpeg,0,539
lungn3544.jpeg,1,821
lungaca4881.jpeg,0,702
lungaca3880.jpeg,0,508
lungscc293.jpeg,2,1122
lungaca2098.jpeg,0,586
lungaca1389.jpeg,0,734
lungscc3822.jpeg,2,1092
lungscc4503.jpeg,2,1205
lungscc3232.jpeg,2,1086
lungaca189.jpeg,0,529
lungn3915.jpeg,1,923
lungn4229.jpeg,1,846
lungaca87.jpeg,0,511
lungscc4480.jpeg,2,1209
lungn4439.jpeg,1,978
lungaca411.jpeg,0,522
lungscc138.jpeg,2,1043
lungn4719.jpeg,1,858
lungn2132.jpeg,1,776
lungaca558.jpeg,0,569
lungn3691.jpeg,1,894
lungaca4880.jpeg,0,688
lungaca1348.jpeg,0,519
lungn4127.jpeg,1,922
lungaca3980.jpeg,0,650
lungaca4270.jpeg,0,516
lungaca1404.jpeg,0,539
lungscc174.jpeg,2,1081
lungn2254.jpeg,1,852
lungscc1988.jpeg,2,1151
lungaca1898.jpeg,0,597
lungaca3231.jpeg,0,665
lungaca1755.jpeg,0,680
lungaca2125.jpeg,0,705
lungaca732.jpeg,0,555
lungaca3575.jpeg,0,645
lungaca401.jpeg,0,575
lungscc2470.jpeg,2,1110
lungn437.jpeg,1,959
lungn2102.jpeg,1,837
lungaca3290.jpeg,0,686
lungscc77.jpeg,2,1031
lungaca2759.jpeg,0,507
lungscc4991.jpeg,2,1060
lungscc3939.jpeg,2,1210
lungn2916.jpeg,1,901
lungaca337.jpeg,0,603
lungscc1887.jpeg,2,1071
lungn1982.jpeg,1,797
lungscc3104.jpeg,2,1207
lungaca1986.jpeg,0,727
lungscc2093.jpeg,2,1083
lungaca4197.jpeg,0,663
lungaca4379.jpeg,0,579
lungn2964.jpeg,1,816
lungaca2523.jpeg,0,607
lungaca3017.jpeg,0,732
lungscc4927.jpeg,2,1061
lungn931.jpeg,1,858
lungscc1698.jpeg,2,1160
lungaca2909.jpeg,0,567
lungaca1433.jpeg,0,605
lungaca1195.jpeg,0,630
lungscc1359.jpeg,2,1170
lungscc4149.jpeg,2,1234
lungaca4579.jpeg,0,577
lungscc2218.jpeg,2,1154
lungn4340.jpeg,1,930
lungscc3286.jpeg,2,1089
lungn4691.jpeg,1,886
lungn4341.jpeg,1,895
lungn786.jpeg,1,869
lungaca14.jpeg,0,560
lungn4950.jpeg,1,859
lungscc3653.jpeg,2,1155
lungaca988.jpeg,0,686
lungn1232.jpeg,1,787
lungn1752.jpeg,1,929
lungn1706.jpeg,1,892
lungscc3169.jpeg,2,1185
lungaca4218.jpeg,0,739
lungscc2263.jpeg,2,1018
lungn1757.jpeg,1,915
lungscc275.jpeg,2,1077
lungscc2003.jpeg,2,1045
lungaca1241.jpeg,0,520
lungaca4906.jpeg,0,672
lungscc4818.jpeg,2,1004
lungscc667.jpeg,2,1078
lungn3676.jpeg,1,949
lungn368.jpeg,1,856
lungn1400.jpeg,1,895
lungn1973.jpeg,1,905
lungaca2481.jpeg,0,539
lungn1928.jpeg,1,893
lungscc2126.jpeg,2,1044
lungscc3057.jpeg,2,1135
lungaca4383.jpeg,0,663
lungscc1540.jpeg,2,1018
lungaca1961.jpeg,0,587
lungaca1399.jpeg,0,680
lungaca3931.jpeg,0,583
lungaca4278.jpeg,0,531
lungn643.jpeg,1,989
lungn1206.jpeg,1,812
lungscc2000.jpeg,2,1187
lungscc1138.jpeg,2,1235
lungscc1214.jpeg,2,1033
lungn4079.jpeg,1,916
lungaca2473.jpeg,0,743
lungaca3327.jpeg,0,741
lungn469.jpeg,1,934
lungscc305.jpeg,2,1057
lungscc3692.jpeg,2,1173
lungscc3448.jpeg,2,1224
lungscc2200.jpeg,2,1114
lungn3168.jpeg,1,849
lungaca2480.jpeg,0,652
lungscc3358.jpeg,2,1193
lungaca1129.jpeg,0,664
lungn3827.jpeg,1,842
lungaca4563.jpeg,0,573
lungscc2679.jpeg,2,1013
lungn590.jpeg,1,828
lungaca2238.jpeg,0,571
lungscc4241.jpeg,2,1067
lungaca4191.jpeg,0,651
lungscc1780.jpeg,2,1130
lungaca3979.jpeg,0,683
lungn3607.jpeg,1,981
lungscc2402.jpeg,2,1115
lungaca3582.jpeg,0,703
lungaca1038.jpeg,0,510
lungaca4687.jpeg,0,678
lungn4297.jpeg,1,924
lungaca996.jpeg,0,687
lungscc1268.jpeg,2,1131
lungscc2860.jpeg,2,1191
lungscc4133.jpeg,2,1109
lungaca3337.jpeg,0,704
lungn3741.jpeg,1,782
lungaca1760.jpeg,0,539
lungscc709.jpeg,2,1093
lungaca4667.jpeg,0,641
lungaca4294.jpeg,0,575
lungaca3502.jpeg,0,527
lungaca4193.jpeg,0,686
lungscc1909.jpeg,2,1137
lungscc4909.jpeg,2,1001
lungaca4212.jpeg,0,521
lungscc2631.jpeg,2,1121
lungn1404.jpeg,1,811
lungaca1344.jpeg,0,677
lungn314.jpeg,1,890
lungscc2831.jpeg,2,1110
lungaca1719.jpeg,0,729
lungn3831.jpeg,1,928
lungaca233.jpeg,0,582
lungn3824.jpeg,1,955
lungaca1213.jpeg,0,515
lungscc491.jpeg,2,1057
lungaca2029.jpeg,0,561
lungn3645.jpeg,1,902
lungaca4516.jpeg,0,643
lungn2196.jpeg,1,946
lungn2079.jpeg,1,971
lungn3239.jpeg,1,919
lungaca370.jpeg,0,540
lungaca698.jpeg,0,612
lungaca2312.jpeg,0,602
lungaca1669.jpeg,0,570
lungaca1827.jpeg,0,602
lungscc1275.jpeg,2,1181
lungscc4867.jpeg,2,1093
lungscc3044.jpeg,2,1143
lungaca3816.jpeg,0,673
lungscc298.jpeg,2,1199
lungaca241.jpeg,0,529
lungn4241.jpeg,1,951
lungn3268.jpeg,1,895
lungscc2915.jpeg,2,1134
lungaca2256.jpeg,0,622
lungaca1835.jpeg,0,722
lungaca2145.jpeg,0,597
lungscc795.jpeg,2,1005
lungaca4545.jpeg,0,522
lungscc388.jpeg,2,1175
lungscc1449.jpeg,2,1162
lungn1529.jpeg,1,876
lungscc1228.jpeg,2,1022
lungaca1583.jpeg,0,652
lungn3422.jpeg,1,833
lungscc2002.jpeg,2,1040
lungscc1319.jpeg,2,1064
lungn4574.jpeg,1,860
lungscc961.jpeg,2,1112
lungn4902.jpeg,1,849
lungaca4318.jpeg,0,620
lungn2035.jpeg,1,841
lungn4194.jpeg,1,834
lungaca1578.jpeg,0,516
lungscc4287.jpeg,2,1061
lungaca3747.jpeg,0,676
lungscc2229.jpeg,2,1184
lungn3485.jpeg,1,873
lungn1460.jpeg,1,765
lungscc251.jpeg,2,1038
lungaca2944.jpeg,0,692
lungscc1866.jpeg,2,1229
lungn1017.jpeg,1,917
lungaca728.jpeg,0,707
lungscc3695.jpeg,2,1076
lungscc564.jpeg,2,1132
lungn2691.jpeg,1,912
lungn1141.jpeg,1,847
lungscc642.jpeg,2,1093
lungscc2898.jpeg,2,1217
lungscc2232.jpeg,2,1190
lungscc2968.jpeg,2,1084
lungscc4237.jpeg,2,1122
lungn746.jpeg,1,997
lungn61.jpeg,1,899
lungaca4392.jpeg,0,584
lungscc1634.jpeg,2,1110
lungn1682.jpeg,1,755
lungn3154.jpeg,1,792
lungscc1889.jpeg,2,1150
lungn154.jpeg,1,942
lungscc4360.jpeg,2,1000
lungscc4018.jpeg,2,1194
lungn738.jpeg,1,883
lungaca1935.jpeg,0,550
lungscc1171.jpeg,2,1015
lungscc145.jpeg,2,1021
lungscc2393.jpeg,2,1199
lungaca475.jpeg,0,710
lungscc2765.jpeg,2,1002
lungaca496.jpeg,0,558
lungn3219.jpeg,1,966
lungscc4004.jpeg,2,1121
lungaca3682.jpeg,0,624
lungn1371.jpeg,1,988
lungn4126.jpeg,1,820
lungscc4284.jpeg,2,1047
lungaca3795.jpeg,0,720
lungscc3991.jpeg,2,1104
lungn4704.jpeg,1,778
lungaca1833.jpeg,0,703
lungn1181.jpeg,1,927
lungn1234.jpeg,1,861
lungscc1081.jpeg,2,1143
lungn1926.jpeg,1,899
lungscc3904.jpeg,2,1088
lungscc3668.jpeg,2,1056
lungn2376.jpeg,1,911
lungscc2011.jpeg,2,1163
lungscc3291.jpeg,2,1035
lungaca944.jpeg,0,512
lungn1145.jpeg,1,880
lungn3789.jpeg,1,891
lungn1047.jpeg,1,951
lungaca917.jpeg,0,615
lungaca4557.jpeg,0,690
lungaca1155.jpeg,0,633
lungscc429.jpeg,2,1033
lungscc2485.jpeg,2,1170
lungn3486.jpeg,1,962
lungscc3462.jpeg,2,1067
lungn2128.jpeg,1,894
lungscc3292.jpeg,2,1035
lungscc779.jpeg,2,1060
lungn4611.jpeg,1,900
lungn4796.jpeg,1,896
lungn1128.jpeg,1,783
lungn3133.jpeg,1,794
lungscc2751.jpeg,2,1051
lungscc4377.jpeg,2,1029
lungaca1327.jpeg,0,516
lungscc1267.jpeg,2,1025
lungn2803.jpeg,1,966
lungn743.jpeg,1,897
lungaca2400.jpeg,0,551
lungaca4859.jpeg,0,663
lungn2603.jpeg,1,839
lungn2989.jpeg,1,864
lungscc4073.jpeg,2,1059
lungaca4161.jpeg,0,669
lungn779.jpeg,1,830
lungn3597.jpeg,1,770
lungscc3042.jpeg,2,1238
lungaca3714.jpeg,0,579
lungn3333.jpeg,1,789
lungn1853.jpeg,1,823
lungscc1317.jpeg,2,1024
lungscc3294.jpeg,2,1206
lungscc4167.jpeg,2,1084
lungn598.jpeg,1,757
lungaca1073.jpeg,0,583
lungaca1903.jpeg,0,510
lungaca4515.jpeg,0,733
lungscc2352.jpeg,2,1142
lungaca1786.jpeg,0,642
lungscc2807.jpeg,2,1064
lungscc4474.jpeg,2,1035
lungaca3754.jpeg,0,553
lungn2738.jpeg,1,901
lungscc2870.jpeg,2,1182
lungaca1597.jpeg,0,661
lungaca243.jpeg,0,623
lungaca2868.jpeg,0,570
lungscc2893.jpeg,2,1022
lungaca896.jpeg,0,542
lungn758.jpeg,1,953
lungaca1893.jpeg,0,649
lungaca2939.jpeg,0,585
lungscc2162.jpeg,2,1108
lungn3931.jpeg,1,788
lungaca4668.jpeg,0,611
lungscc4509.jpeg,2,1186
lungscc3982.jpeg,2,1123
lungn2625.jpeg,1,879
lungaca4454.jpeg,0,733
lungscc1235.jpeg,2,1208
lungscc4091.jpeg,2,1071
lungscc4159.jpeg,2,1163
lungscc3378.jpeg,2,1022
lungaca301.jpeg,0,632
lungscc1876.jpeg,2,1075
lungscc3012.jpeg,2,1201
lungaca140.jpeg,0,617
lungscc3288.jpeg,2,1147
lungn3229.jpeg,1,948
lungn3207.jpeg,1,925
lungscc1048.jpeg,2,1022
lungaca4043.jpeg,0,624
lungaca2619.jpeg,0,703
lungn676.jpeg,1,867
lungscc3395.jpeg,2,1003
lungscc411.jpeg,2,1111
lungn2501.jpeg,1,750
lungaca2829.jpeg,0,719
lungn2395.jpeg,1,947
lungn3604.jpeg,1,821
lungn3113.jpeg,1,877
lungaca1582.jpeg,0,650
lungaca4266.jpeg,0,693
lungaca1396.jpeg,0,669
lungn2516.jpeg,1,820
lungscc475.jpeg,2,1086
lungn1659.jpeg,1,813
lungn3036.jpeg,1,876
lungaca706.jpeg,0,628
lungn147.jpeg,1,861
lungscc375.jpeg,2,1198
lungaca383.jpeg,0,568
lungscc1127.jpeg,2,1123
lungaca4708.jpeg,0,688
lungn79.jpeg,1,776
lungaca2795.jpeg,0,702
lungscc3231.jpeg,2,1083
lungscc1623.jpeg,2,1033
lungn2207.jpeg,1,940
lungscc1361.jpeg,2,1170
lungaca4466.jpeg,0,676
lungscc675.jpeg,2,1075
lungscc4332.jpeg,2,1197
lungn1252.jpeg,1,970
lungscc3328.jpeg,2,1049
lungaca3473.jpeg,0,536
lungn3072.jpeg,1,774
lungaca4639.jpeg,0,610
lungaca1684.jpeg,0,579
lungaca4421.jpeg,0,622
lungn4014.jpeg,1,772
lungn1166.jpeg,1,793
lungscc4374.jpeg,2,1052
lungaca645.jpeg,0,644
lungn687.jpeg,1,920
lungscc2190.jpeg,2,1044
lungscc749.jpeg,2,1056
lungn4710.jpeg,1,756
lungscc479.jpeg,2,1035
lungn4850.jpeg,1,922
lungscc3309.jpeg,2,1178
lungaca891.jpeg,0,524
lungscc3548.jpeg,2,999
lungscc3265.jpeg,2,1141
lungaca2053.jpeg,0,530
lungn595.jpeg,1,764
lungscc3133.jpeg,2,1142
lungn803.jpeg,1,864
lungaca4759.jpeg,0,549
lungn3606.jpeg,1,938
lungscc4590.jpeg,2,1228
lungaca1347.jpeg,0,662
lungn787.jpeg,1,854
lungscc2486.jpeg,2,1106
lungn559.jpeg,1,811
lungaca780.jpeg,0,643
lungscc2929.jpeg,2,1092
lungaca966.jpeg,0,631
lungscc2589.jpeg,2,1094
lungscc967.jpeg,2,1196
lungaca1638.jpeg,0,680
lungaca604.jpeg,0,590
lungscc804.jpeg,2,1015
lungn3192.jpeg,1,843
lungaca506.jpeg,0,702
lungn2013.jpeg,1,809
lungaca2531.jpeg,0,524
lungn775.jpeg,1,968
lungscc4164.jpeg,2,1158
lungn1750.jpeg,1,795
lungaca4763.jpeg,0,699
lungn1425.jpeg,1,987
lungn256.jpeg,1,883
lungscc1088.jpeg,2,1121
lungscc1922.jpeg,2,1068
lungn4916.jpeg,1,772
lungn2184.jpeg,1,779
lungscc2782.jpeg,2,1174
lungaca3892.jpeg,0,611
lungn3730.jpeg,1,889
lungn1720.jpeg,1,770
lungscc4409.jpeg,2,1086
lungn253.jpeg,1,967
lungscc4319.jpeg,2,1099
lungaca3527.jpeg,0,619
lungn4083.jpeg,1,843
lungn1214.jpeg,1,991
lungaca3043.jpeg,0,625
lungaca1451.jpeg,0,540
lungscc4729.jpeg,2,1044
lungscc63.jpeg,2,1161
lungscc3008.jpeg,2,1002
lungn2677.jpeg,1,852
lungaca4071.jpeg,0,658
lungscc3334.jpeg,2,1033
lungaca1818.jpeg,0,538
lungscc3669.jpeg,2,1234
lungscc2353.jpeg,2,1075
lungn4915.jpeg,1,922
lungscc3632.jpeg,2,1016
lungn3348.jpeg,1,791
lungn3028.jpeg,1,805
lungn3962.jpeg,1,875
lungscc1120.jpeg,2,1242
lungn3844.jpeg,1,752
lungn3068.jpeg,1,923
lungscc3174.jpeg,2,1080
lungn4966.jpeg,1,787
lungn2956.jpeg,1,783
lungn4538.jpeg,1,849
lungn2918.jpeg,1,809
lungaca1639.jpeg,0,558
lungaca3289.jpeg,0,544
lungscc33.jpeg,2,1170
lungn3925.jpeg,1,992
lungaca3409.jpeg,0,548
lungscc3984.jpeg,2,1053
lungn3148.jpeg,1,805
lungaca2475.jpeg,0,731
lungaca1918.jpeg,0,589
lungaca3926.jpeg,0,635
lungaca4939.jpeg,0,677
lungn3246.jpeg,1,832
lungscc338.jpeg,2,1090
lungscc2468.jpeg,2,1041
lungaca4927.jpeg,0,743
lungaca3343.jpeg,0,513
lungaca2565.jpeg,0,534
lungscc1304.jpeg,2,1072
lungaca1171.jpeg,0,576
lungn1634.jpeg,1,894
lungaca1074.jpeg,0,702
lungaca2097.jpeg,0,514
lungaca2630.jpeg,0,641
lungaca4730.jpeg,0,609
lungn167.jpeg,1,764
lungaca2423.jpeg,0,539
lungaca3177.jpeg,0,528
lungscc1040.jpeg,2,1070
lungscc994.jpeg,2,1226
lungn3515.jpeg,1,799
lungaca1849.jpeg,0,585
lungn2112.jpeg,1,985
lungaca3307.jpeg,0,529
lungn667.jpeg,1,779
lungn2856.jpeg,1,790
lungscc3622.jpeg,2,1168
lungaca2696.jpeg,0,698
lungn690.jpeg,1,922
lungaca1736.jpeg,0,551
lungscc104.jpeg,2,1064
lungscc3530.jpeg,2,1067
lungn4960.jpeg,1,835
lungn1340.jpeg,1,750
lungaca925.jpeg,0,614
lungn2588.jpeg,1,797
lungaca2244.jpeg,0,556
lungscc4155.jpeg,2,1001
lungn2876.jpeg,1,948
lungn2465.jpeg,1,841
lungscc135.jpeg,2,1096
lungn1753.jpeg,1,808
lungaca3353.jpeg,0,544
lungscc3025.jpeg,2,1192
lungn3286.jpeg,1,871
lungn277.jpeg,1,933
lungscc1588.jpeg,2,1234
lungscc2882.jpeg,2,1057
lungn3067.jpeg,1,891
lungscc3117.jpeg,2,1228
lungaca422.jpeg,0,589
lungscc2656.jpeg,2,1058
lungscc1769.jpeg,2,1050
lungn1298.jpeg,1,862
lungaca922.jpeg,0,664
lungaca1542.jpeg,0,730
lungn2092.jpeg,1,817
lungscc2814.jpeg,2,1009
lungaca1966.jpeg,0,644
lungscc4230.jpeg,2,1213
lungscc4458.jpeg,2,1061
lungscc2598.jpeg,2,1145
lungaca414.jpeg,0,630
lungaca4155.jpeg,0,709
lungaca3234.jpeg,0,698
lungaca1076.jpeg,0,645
lungscc4689.jpeg,2,1091
lungn3180.jpeg,1,797
lungaca2723.jpeg,0,699
lungn2528.jpeg,1,965
lungscc598.jpeg,2,1089
lungscc4202.jpeg,2,1240
lungaca2462.jpeg,0,532
lungscc1869.jpeg,2,1127
lungn2335.jpeg,1,927
lungaca2379.jpeg,0,518
lungaca3150.jpeg,0,645
lungscc2244.jpeg,2,1052
lungn2478.jpeg,1,929
lungn989.jpeg,1,810
lungn3847.jpeg,1,831
lungscc1362.jpeg,2,1044
lungn3523.jpeg,1,871
lungn3232.jpeg,1,958
lungscc2680.jpeg,2,1140
lungaca3855.jpeg,0,590
lungscc4517.jpeg,2,1224
lungscc4391.jpeg,2,1204
lungaca3326.jpeg,0,538
lungscc3914.jpeg,2,1226
lungn499.jpeg,1,762
lungscc137.jpeg,2,1240
lungscc3300.jpeg,2,1151
lungaca4378.jpeg,0,710
lungn4156.jpeg,1,782
lungaca826.jpeg,0,573
lungaca2157.jpeg,0,687
lungaca2877.jpeg,0,580
lungscc4745.jpeg,2,1073
lungn358.jpeg,1,929
lungaca1626.jpeg,0,675
lungscc974.jpeg,2,1229
lungscc3000.jpeg,2,1184
lungn2097.jpeg,1,861
lungscc2992.jpeg,2,1131
lungscc2951.jpeg,2,1098
lungscc3746.jpeg,2,998
lungaca3383.jpeg,0,662
lungaca3772.jpeg,0,651
lungn4248.jpeg,1,800
lungaca3790.jpeg,0,578
lungaca3272.jpeg,0,553
lungaca630.jpeg,0,621
lungn932.jpeg,1,813
lungaca1017.jpeg,0,568
lungn659.jpeg,1,949
lungaca2707.jpeg,0,726
lungn2917.jpeg,1,901
lungn2623.jpeg,1,959
lungn2572.jpeg,1,960
lungaca4828.jpeg,0,601
lungn2201.jpeg,1,912
lungaca648.jpeg,0,641
lungscc4879.jpeg,2,1122
lungaca2121.jpeg,0,739
lungn334.jpeg,1,942
lungaca597.jpeg,0,620
lungaca3461.jpeg,0,562
lungscc1692.jpeg,2,1157
lungaca2859.jpeg,0,661
lungscc4849.jpeg,2,1046
lungn4287.jpeg,1,852
lungscc1184.jpeg,2,1220
lungscc1407.jpeg,2,1166
lungaca974.jpeg,0,722
lungn3528.jpeg,1,802
lungaca588.jpeg,0,611
lungn4378.jpeg,1,906
lungaca2974.jpeg,0,702
lungn1350.jpeg,1,813
lungaca114.jpeg,0,685
lungaca404.jpeg,0,704
lungscc3279.jpeg,2,1081
lungscc2979.jpeg,2,1010
lungn3034.jpeg,1,971
lungaca3850.jpeg,0,719
lungscc1456.jpeg,2,1059
lungscc3584.jpeg,2,1025
lungscc3222.jpeg,2,1213
lungaca2931.jpeg,0,559
lungn285.jpeg,1,797
lungn2167.jpeg,1,803
lungaca2436.jpeg,0,538
lungn2001.jpeg,1,779
lungn4522.jpeg,1,804
lungn879.jpeg,1,836
lungn1945.jpeg,1,991
lungscc3316.jpeg,2,1058
lungscc324.jpeg,2,1123
lungscc4910.jpeg,2,1208
lungn3586.jpeg,1,879
lungn3829.jpeg,1,954
lungn91.jpeg,1,786
lungn933.jpeg,1,787
lungn290.jpeg,1,794
lungscc3418.jpeg,2,1109
lungscc4266.jpeg,2,1056
lungn4480.jpeg,1,749
lungscc4934.jpeg,2,1227
lungaca2339.jpeg,0,678
lungscc2433.jpeg,2,1032
lungscc4656.jpeg,2,1142
lungaca1080.jpeg,0,671
lungn4562.jpeg,1,803
lungaca2537.jpeg,0,669
lungaca1108.jpeg,0,683
lungscc2459.jpeg,2,1184
lungscc3139.jpeg,2,1088
lungn4362.jpeg,1,877
lungn3476.jpeg,1,920
lungscc4085.jpeg,2,1198
lungn3672.jpeg,1,795
lungscc4028.jpeg,2,1116
lungaca299.jpeg,0,545
lungn4542.jpeg,1,982
lungaca2082.jpeg,0,621
lungaca2851.jpeg,0,631
lungaca2463.jpeg,0,687
lungn3649.jpeg,1,786
lungaca3277.jpeg,0,603
lungscc218.jpeg,2,1048
lungaca4431.jpeg,0,559
lungscc2286.jpeg,2,1167
lungn2327.jpeg,1,928
lungaca3031.jpeg,0,552
lungn1639.jpeg,1,867
lungscc699.jpeg,2,1082
lungaca206.jpeg,0,556
lungscc1499.jpeg,2,1153
lungaca2023.jpeg,0,681
lungn4640.jpeg,1,847
lungaca3315.jpeg,0,640
lungaca3397.jpeg,0,572
lungaca3771.jpeg,0,674
lungscc3766.jpeg,2,1064
lungscc3510.jpeg,2,1152
lungaca4397.jpeg,0,732
lungscc3651.jpeg,2,1229
lungn3914.jpeg,1,794
lungaca1359.jpeg,0,557
lungn3445.jpeg,1,872
lungscc4254.jpeg,2,1030
lungn4201.jpeg,1,752
lungn4846.jpeg,1,960
lungaca4644.jpeg,0,556
lungscc2588.jpeg,2,1165
lungscc2587.jpeg,2,1194
lungn1433.jpeg,1,962
lungn2752.jpeg,1,964
lungaca937.jpeg,0,552
lungscc3948.jpeg,2,1103
lungscc887.jpeg,2,1164
lungaca1744.jpeg,0,647
lungaca646.jpeg,0,738
lungaca1493.jpeg,0,586
lungn2337.jpeg,1,821
lungaca2048.jpeg,0,632
lungn1104.jpeg,1,854
lungn3835.jpeg,1,813
lungn4221.jpeg,1,939
lungaca4195.jpeg,0,528
lungaca3275.jpeg,0,511
lungaca1117.jpeg,0,523
lungaca1915.jpeg,0,585
lungn2206.jpeg,1,928
lungaca2403.jpeg,0,582
lungscc1916.jpeg,2,1159
lungaca3374.jpeg,0,563
lungn1172.jpeg,1,980
lungn2227.jpeg,1,760
lungn2745.jpeg,1,908
lungscc467.jpeg,2,1018
lungscc4357.jpeg,2,1122
lungn1797.jpeg,1,873
lungscc957.jpeg,2,1093
lungn3447.jpeg,1,790
lungscc4448.jpeg,2,1123
lungaca1490.jpeg,0,548
lungn576.jpeg,1,912
lungn4347.jpeg,1,966
lungaca613.jpeg,0,740
lungaca397.jpeg,0,524
lungscc4808.jpeg,2,1185
lungscc1881.jpeg,2,1066
lungscc4840.jpeg,2,1034
lungaca579.jpeg,0,644
lungn1453.jpeg,1,804
lungaca2156.jpeg,0,663
lungaca756.jpeg,0,525
lungscc238.jpeg,2,1122
lungscc2757.jpeg,2,1080
lungscc241.jpeg,2,1147
lungaca2218.jpeg,0,708
lungaca3511.jpeg,0,576
lungscc4617.jpeg,2,1208
lungaca1361.jpeg,0,619
lungscc4803.jpeg,2,1238
lungscc835.jpeg,2,1047
lungaca72.jpeg,0,576
lungaca4410.jpeg,0,741
lungn212.jpeg,1,938
lungn785.jpeg,1,892
lungn773.jpeg,1,860
lungaca4484.jpeg,0,570
lungn4818.jpeg,1,822
lungn453.jpeg,1,900
lungaca3136.jpeg,0,728
lungscc1984.jpeg,2,1153
lungaca2926.jpeg,0,536
lungscc260.jpeg,2,1239
lungscc4713.jpeg,2,1030
lungn3376.jpeg,1,850
lungscc756.jpeg,2,1221
lungn1048.jpeg,1,954
lungn451.jpeg,1,800
lungscc4931.jpeg,2,1111
lungaca38.jpeg,0,730
lungscc4459.jpeg,2,1010
lungscc4200.jpeg,2,1095
lungn4968.jpeg,1,824
lungn3432.jpeg,1,857
lungaca2007.jpeg,0,706
lungn3792.jpeg,1,914
lungn1326.jpeg,1,880
lungn1954.jpeg,1,924
lungaca1994.jpeg,0,600
lungn626.jpeg,1,835
lungscc4982.jpeg,2,1219
lungn2354.jpeg,1,850
lungn1560.jpeg,1,889
lungscc285.jpeg,2,1130
lungscc814.jpeg,2,1001
lungn117.jpeg,1,767
lungscc2139.jpeg,2,1047
lungaca1109.jpeg,0,527
lungscc4972.jpeg,2,1032
lungscc1639.jpeg,2,1036
lungscc3972.jpeg,2,1029
lungaca2644.jpeg,0,685
lungscc3465.jpeg,2,1078
lungaca1482.jpeg,0,716
lungscc2484.jpeg,2,1072
lungscc3339.jpeg,2,1140
lungn2865.jpeg,1,946
lungaca1175.jpeg,0,728
lungaca818.jpeg,0,691
lungscc2060.jpeg,2,1187
lungscc2786.jpeg,2,1033
lungn1394.jpeg,1,812
lungaca2064.jpeg,0,680
lungscc4653.jpeg,2,1222
lungscc2107.jpeg,2,1194
lungaca1416.jpeg,0,518
lungaca103.jpeg,0,608
lungscc4772.jpeg,2,1055
lungaca1709.jpeg,0,618
lungaca122.jpeg,0,569
lungscc513.jpeg,2,1132
lungaca2641.jpeg,0,507
lungscc1955.jpeg,2,1233
lungaca4815.jpeg,0,530
lungaca2857.jpeg,0,636
lungn344.jpeg,1,831
lungn4204.jpeg,1,887
lungaca3919.jpeg,0,600
lungn1538.jpeg,1,903
lungaca3288.jpeg,0,611
lungaca3735.jpeg,0,699
lungaca1999.jpeg,0,680
lungscc196.jpeg,2,1055
lungn2099.jpeg,1,821
lungscc3648.jpeg,2,1035
lungaca3000.jpeg,0,580
lungaca3519.jpeg,0,741
lungaca3997.jpeg,0,625
lungn2324.jpeg,1,773
lungaca3549.jpeg,0,695
lungscc4215.jpeg,2,1044
lungscc4394.jpeg,2,1053
lungscc4649.jpeg,2,1109
lungn3390.jpeg,1,869
lungscc136.jpeg,2,1096
lungscc231.jpeg,2,1143
lungn3044.jpeg,1,753
lungn417.jpeg,1,873
lungaca1805.jpeg,0,527
lungaca536.jpeg,0,512
lungaca360.jpeg,0,585
lungn3407.jpeg,1,817
lungaca4653.jpeg,0,511
lungscc1010.jpeg,2,1186
lungn4189.jpeg,1,907
lungscc2322.jpeg,2,1191
lungaca3506.jpeg,0,558
lungn4894.jpeg,1,756
lungscc4762.jpeg,2,1181
lungn1490.jpeg,1,752
lungn4701.jpeg,1,895
lungscc4619.jpeg,2,1231
lungaca853.jpeg,0,553
lungscc995.jpeg,2,1226
lungaca250.jpeg,0,539
lungaca3508.jpeg,0,555
lungn400.jpeg,1,797
lungscc353.jpeg,2,1068
lungaca1738.jpeg,0,589
lungn1685.jpeg,1,751
lungaca1283.jpeg,0,552
lungscc1590.jpeg,2,1046
lungn2391.jpeg,1,874
lungn802.jpeg,1,858
lungscc2213.jpeg,2,1061
lungaca2689.jpeg,0,591
lungscc1925.jpeg,2,1151
lungscc2357.jpeg,2,1043
lungaca4494.jpeg,0,560
lungscc4044.jpeg,2,1114
lungn3347.jpeg,1,791
lungn3160.jpeg,1,918
lungn1231.jpeg,1,786
lungscc37.jpeg,2,1106
lungscc743.jpeg,2,1015
lungn3052.jpeg,1,800
lungn2418.jpeg,1,898
lungn1654.jpeg,1,951
lungscc190.jpeg,2,1005
lungn625.jpeg,1,819
lungn2284.jpeg,1,965
lungscc643.jpeg,2,1093
lungscc1087.jpeg,2,1086
lungn2208.jpeg,1,948
lungn3943.jpeg,1,918
lungaca810.jpeg,0,648
lungn1799.jpeg,1,931
lungaca672.jpeg,0,600
lungaca715.jpeg,0,620
lungn688.jpeg,1,926
lungn1158.jpeg,1,879
lungn4715.jpeg,1,973
lungn2825.jpeg,1,942
lungscc68.jpeg,2,1157
lungaca3631.jpeg,0,677
lungaca1107.jpeg,0,598
lungn3487.jpeg,1,866
lungscc4855.jpeg,2,1049
lungscc2504.jpeg,2,1193
lungscc34.jpeg,2,1170
lungaca2207.jpeg,0,736
lungscc1539.jpeg,2,1090
lungaca2331.jpeg,0,691
lungscc3750.jpeg,2,1137
lungaca870.jpeg,0,691
lungscc3018.jpeg,2,1234
lungn4644.jpeg,1,825
lungaca501.jpeg,0,530
lungscc951.jpeg,2,1050
lungaca3224.jpeg,0,657
lungaca1499.jpeg,0,512
lungn1874.jpeg,1,856
lungaca424.jpeg,0,695
lungaca1492.jpeg,0,560
lungn2474.jpeg,1,937
lungaca3342.jpeg,0,513
lungaca2240.jpeg,0,689
lungaca489.jpeg,0,643
lungn4661.jpeg,1,976
lungscc2670.jpeg,2,1105
lungscc3191.jpeg,2,1075
lungscc1468.jpeg,2,1214
lungscc1884.jpeg,2,1202
lungscc3769.jpeg,2,1017
lungscc488.jpeg,2,1026
lungaca1553.jpeg,0,559
lungscc4948.jpeg,2,1063
lungaca2735.jpeg,0,741
lungn812.jpeg,1,772
lungn2984.jpeg,1,928
lungn3750.jpeg,1,780
lungaca3057.jpeg,0,638
lungaca3191.jpeg,0,545
lungscc1960.jpeg,2,1140
lungn4072.jpeg,1,766
lungn3799.jpeg,1,985
lungn3458.jpeg,1,911
lungscc3784.jpeg,2,1177
lungn1606.jpeg,1,800
lungscc2982.jpeg,2,1092
lungaca3077.jpeg,0,568
lungaca2126.jpeg,0,569
lungscc88.jpeg,2,1168
lungn3736.jpeg,1,814
lungn2445.jpeg,1,993
lungaca3896.jpeg,0,710
lungscc2428.jpeg,2,1020
lungscc2099.jpeg,2,1069
lungscc2173.jpeg,2,1142
lungaca4205.jpeg,0,545
lungscc397.jpeg,2,1082
lungscc1172.jpeg,2,1022
lungn3210.jpeg,1,830
lungaca2327.jpeg,0,668
lungaca2828.jpeg,0,512
lungaca1185.jpeg,0,570
lungscc4815.jpeg,2,1054
lungn2017.jpeg,1,810
lungaca2669.jpeg,0,618
lungaca3868.jpeg,0,740
lungaca4303.jpeg,0,658
lungn2414.jpeg,1,868
lungn237.jpeg,1,894
lungn3010.jpeg,1,984
lungaca2376.jpeg,0,562
lungn778.jpeg,1,845
lungscc1026.jpeg,2,1035
lungn2155.jpeg,1,766
lungaca740.jpeg,0,583
lungscc1059.jpeg,2,1132
lungn2105.jpeg,1,866
lungscc4779.jpeg,2,1116
lungn2085.jpeg,1,879
lungaca2419.jpeg,0,650
lungaca2284.jpeg,0,719
lungaca2616.jpeg,0,660
lungaca2295.jpeg,0,652
lungn131.jpeg,1,798
lungscc2801.jpeg,2,1173
lungaca341.jpeg,0,671
lungscc1788.jpeg,2,1195
lungaca2271.jpeg,0,718
lungscc22.jpeg,2,1021
lungscc1664.jpeg,2,1047
lungn3060.jpeg,1,851
lungn4254.jpeg,1,989
lungn315.jpeg,1,854
lungn434.jpeg,1,809
lungn3426.jpeg,1,851
lungn714.jpeg,1,934
lungaca4090.jpeg,0,675
lungscc1467.jpeg,2,1163
lungn899.jpeg,1,822
lungn4110.jpeg,1,892
lungaca483.jpeg,0,692
lungn172.jpeg,1,782
lungaca1614.jpeg,0,574
lungn1693.jpeg,1,939
lungscc3942.jpeg,2,1241
lungaca4954.jpeg,0,712
lungn2555.jpeg,1,895
lungn365.jpeg,1,956
lungaca4898.jpeg,0,534
lungscc1194.jpeg,2,1003
lungn1497.jpeg,1,884
lungaca2152.jpeg,0,628
lungaca3387.jpeg,0,562
lungscc2564.jpeg,2,1193
lungaca4341.jpeg,0,624
lungn4262.jpeg,1,984
lungscc3741.jpeg,2,1138
lungaca9.jpeg,0,609
lungn2293.jpeg,1,814
lungscc1685.jpeg,2,1103
lungscc2869.jpeg,2,1000
lungaca251.jpeg,0,569
lungn4737.jpeg,1,828
lungaca347.jpeg,0,561
lungn4203.jpeg,1,866
lungn2287.jpeg,1,857
lungaca3655.jpeg,0,718
lungaca3987.jpeg,0,737
lungn4140.jpeg,1,873
lungn3927.jpeg,1,839
lungaca1945.jpeg,0,530
lungscc4613.jpeg,2,1245
lungaca4663.jpeg,0,570
lungn2223.jpeg,1,916
lungaca982.jpeg,0,658
lungn4325.jpeg,1,917
lungaca3313.jpeg,0,581
lungaca1731.jpeg,0,528
lungscc3911.jpeg,2,1040
lungscc2390.jpeg,2,1227
lungscc4111.jpeg,2,1039
lungscc4413.jpeg,2,1000
lungscc3461.jpeg,2,1080
lungscc3929.jpeg,2,1018
lungscc4436.jpeg,2,1040
lungaca4092.jpeg,0,529
lungn885.jpeg,1,937
lungaca2371.jpeg,0,676
lungscc1431.jpeg,2,1102
lungscc203.jpeg,2,1156
lungn2602.jpeg,1,992
lungscc2684.jpeg,2,998
lungscc4947.jpeg,2,1005
lungscc2124.jpeg,2,1144
lungscc1257.jpeg,2,1143
lungaca434.jpeg,0,733
lungscc3020.jpeg,2,1040
lungscc730.jpeg,2,1026
lungaca2335.jpeg,0,713
lungscc2368.jpeg,2,1140
lungaca4942.jpeg,0,673
lungscc741.jpeg,2,1063
lungaca4.jpeg,0,665
lungscc4890.jpeg,2,1005
lungaca2686.jpeg,0,520
lungaca552.jpeg,0,558
lungscc3855.jpeg,2,1088
lungn3658.jpeg,1,785
lungscc3522.jpeg,2,1079
lungaca691.jpeg,0,593
lungscc2137.jpeg,2,1114
lungscc4375.jpeg,2,1166
lungscc1049.jpeg,2,1022
lungscc2969.jpeg,2,1023
lungn2635.jpeg,1,960
lungn4540.jpeg,1,928
lungn916.jpeg,1,959
lungn2020.jpeg,1,864
lungscc808.jpeg,2,1056
lungscc1997.jpeg,2,1160
lungscc2857.jpeg,2,1193
lungn191.jpeg,1,901
lungn1499.jpeg,1,891
lungn3663.jpeg,1,866
lungn1672.jpeg,1,931
lungn3626.jpeg,1,827
lungscc1758.jpeg,2,1146
lungscc1365.jpeg,2,1212
lungscc2697.jpeg,2,1218
lungaca1205.jpeg,0,589
lungaca2705.jpeg,0,616
lungscc2301.jpeg,2,1233
lungn4759.jpeg,1,886
lungn619.jpeg,1,788
lungscc125.jpeg,2,1167
lungscc2495.jpeg,2,1117
lungn2430.jpeg,1,956
lungaca2474.jpeg,0,516
lungn3733.jpeg,1,751
lungn242.jpeg,1,892
lungaca4304.jpeg,0,651
lungscc1765.jpeg,2,1028
lungn4435.jpeg,1,981
lungscc2541.jpeg,2,1146
lungscc464.jpeg,2,1125
lungn1473.jpeg,1,967
lungscc4781.jpeg,2,1049
lungn1610.jpeg,1,927
lungn4604.jpeg,1,770
lungn2542.jpeg,1,860
lungscc985.jpeg,2,1095
lungaca1374.jpeg,0,541
lungscc4042.jpeg,2,1237
lungaca2578.jpeg,0,713
lungn630.jpeg,1,973
lungscc3542.jpeg,2,1094
lungaca25.jpeg,0,707
lungscc4087.jpeg,2,1099
lungn1535.jpeg,1,802
lungscc3249.jpeg,2,1115
lungaca1055.jpeg,0,694
lungscc784.jpeg,2,1062
lungscc105.jpeg,2,1219
lungn1584.jpeg,1,792
lungscc4322.jpeg,2,1056
lungn2010.jpeg,1,754
lungn2059.jpeg,1,758
lungn1624.jpeg,1,953
lungscc786.jpeg,2,1126
lungaca2917.jpeg,0,553
lungaca4336.jpeg,0,543
lungscc3760.jpeg,2,1236
lungaca2927.jpeg,0,744
lungscc1451.jpeg,2,1209
lungn1024.jpeg,1,915
lungscc427.jpeg,2,1184
lungaca4992.jpeg,0,538
lungn1985.jpeg,1,984
lungaca761.jpeg,0,559
lungscc3091.jpeg,2,1023
lungaca4856.jpeg,0,710
lungaca3608.jpeg,0,529
lungscc2709.jpeg,2,1059
lungscc3687.jpeg,2,1023
lungn3840.jpeg,1,905
lungscc4811.jpeg,2,1122
lungn962.jpeg,1,761
lungn710.jpeg,1,853
lungn3134.jpeg,1,784
lungscc3310.jpeg,2,1070
lungn4130.jpeg,1,905
lungn669.jpeg,1,769
lungn2049.jpeg,1,985
lungaca419.jpeg,0,551
lungscc4614.jpeg,2,1116
lungn3284.jpeg,1,879
lungaca1328.jpeg,0,733
lungn159.jpeg,1,823
lungaca4498.jpeg,0,594
lungn4427.jpeg,1,810
lungaca3138.jpeg,0,631
lungn1871.jpeg,1,801
lungscc4381.jpeg,2,1132
lungaca2247.jpeg,0,746
lungaca3282.jpeg,0,682
lungscc2768.jpeg,2,1059
lungaca667.jpeg,0,595
lungscc1937.jpeg,2,1115
lungaca4798.jpeg,0,507
lungaca3428.jpeg,0,732
lungaca3303.jpeg,0,596
lungn4831.jpeg,1,944
lungn1914.jpeg,1,881
lungscc4244.jpeg,2,1184
lungaca1256.jpeg,0,559
lungn2970.jpeg,1,776
lungaca2752.jpeg,0,574
lungscc4847.jpeg,2,1245
lungaca3345.jpeg,0,614
lungaca2808.jpeg,0,644
lungaca1321.jpeg,0,606
lungscc18.jpeg,2,1189
lungaca528.jpeg,0,554
lungaca4625.jpeg,0,512
lungscc91.jpeg,2,998
lungscc415.jpeg,2,1083
lungaca138.jpeg,0,523
lungscc2217.jpeg,2,1193
lungscc2361.jpeg,2,1071
lungn2968.jpeg,1,790
lungaca1594.jpeg,0,711
lungn3364.jpeg,1,887
lungscc3508.jpeg,2,1102
lungscc3429.jpeg,2,1203
lungaca792.jpeg,0,599
lungn1554.jpeg,1,953
lungn2526.jpeg,1,831
lungn380.jpeg,1,749
lungscc2674.jpeg,2,1149
lungaca2300.jpeg,0,610
lungaca3206.jpeg,0,581
lungaca3296.jpeg,0,690
lungn261.jpeg,1,920
lungn4120.jpeg,1,903
lungn4987.jpeg,1,850
lungscc1221.jpeg,2,1169
lungscc3725.jpeg,2,1031
lungn3560.jpeg,1,838
lungn4526.jpeg,1,991
lungn4385.jpeg,1,838
lungscc4063.jpeg,2,1069
lungscc42.jpeg,2,1117
lungn201.jpeg,1,883
lungn2106.jpeg,1,866
lungscc2651.jpeg,2,1194
lungaca2710.jpeg,0,552
lungn3650.jpeg,1,813
lungscc1513.jpeg,2,1095
lungaca3221.jpeg,0,722
lungscc3041.jpeg,2,1027
lungaca1248.jpeg,0,671
lungaca4848.jpeg,0,658
lungscc1489.jpeg,2,1133
lungaca969.jpeg,0,723
lungn3562.jpeg,1,937
lungaca789.jpeg,0,635
lungaca326.jpeg,0,519
lungscc1832.jpeg,2,1205
lungn1000.jpeg,1,823
lungaca4809.jpeg,0,545
lungaca1459.jpeg,0,555
lungaca2117.jpeg,0,731
lungscc551.jpeg,2,1055
lungscc2912.jpeg,2,1101
lungn675.jpeg,1,991
lungaca59.jpeg,0,679
lungscc3537.jpeg,2,1097
lungaca10.jpeg,0,668
lungn4595.jpeg,1,990
lungscc457.jpeg,2,1231
lungn1822.jpeg,1,895
lungaca66.jpeg,0,739
lungaca3054.jpeg,0,611
lungn1125.jpeg,1,988
lungscc2853.jpeg,2,1047
lungaca3812.jpeg,0,741
lungn199.jpeg,1,913
lungn4699.jpeg,1,829
lungaca1979.jpeg,0,604
lungscc4478.jpeg,2,1184
lungn3905.jpeg,1,763
lungscc1018.jpeg,2,1100
lungaca816.jpeg,0,554
lungscc2778.jpeg,2,1040
lungscc3609.jpeg,2,1110
lungaca1033.jpeg,0,597
lungscc2742.jpeg,2,1014
lungscc1322.jpeg,2,1017
lungscc3590.jpeg,2,1009
lungaca208.jpeg,0,533
lungn945.jpeg,1,768
lungn4485.jpeg,1,824
lungscc1728.jpeg,2,1171
lungscc1947.jpeg,2,1245
lungscc4834.jpeg,2,1189
lungscc1132.jpeg,2,1134
lungaca2514.jpeg,0,547
lungaca4083.jpeg,0,551
lungscc1459.jpeg,2,1178
lungn3963.jpeg,1,905
lungaca3627.jpeg,0,530
lungscc4265.jpeg,2,1056
lungn869.jpeg,1,874
lungscc1289.jpeg,2,1189
lungscc1744.jpeg,2,1103
lungaca4407.jpeg,0,556
lungn1975.jpeg,1,947
lungaca4054.jpeg,0,546
lungn2262.jpeg,1,908
lungn509.jpeg,1,786
lungscc1859.jpeg,2,1089
lungn179.jpeg,1,956
lungaca4567.jpeg,0,566
lungscc3242.jpeg,2,1209
lungn1580.jpeg,1,790
lungaca4689.jpeg,0,742
lungaca4955.jpeg,0,644
lungscc379.jpeg,2,1187
lungscc1745.jpeg,2,1177
lungn3054.jpeg,1,821
lungaca3052.jpeg,0,641
lungscc3113.jpeg,2,1080
lungn2539.jpeg,1,782
lungn3322.jpeg,1,847
lungn835.jpeg,1,968
lungn4618.jpeg,1,933
lungaca2100.jpeg,0,541
lungn1607.jpeg,1,800
lungn2755.jpeg,1,958
lungaca904.jpeg,0,601
lungn429.jpeg,1,932
lungscc4232.jpeg,2,1164
lungn2599.jpeg,1,963
lungaca4849.jpeg,0,609
lungaca4391.jpeg,0,692
lungaca2442.jpeg,0,518
lungscc903.jpeg,2,1035
lungn674.jpeg,1,792
lungn2855.jpeg,1,790
lungaca899.jpeg,0,567
lungn1657.jpeg,1,793
lungn1284.jpeg,1,871
lungscc3884.jpeg,2,1039
lungaca1495.jpeg,0,638
lungscc3786.jpeg,2,1005
lungaca3009.jpeg,0,721
lungaca4234.jpeg,0,519
lungaca279.jpeg,0,658
lungaca1371.jpeg,0,586
lungscc412.jpeg,2,1064
lungn511.jpeg,1,952
lungn527.jpeg,1,803
lungscc4872.jpeg,2,1091
lungscc2117.jpeg,2,1087
lungaca3952.jpeg,0,574
lungaca4121.jpeg,0,572
lungscc1164.jpeg,2,1165
lungn4967.jpeg,1,824
lungscc1804.jpeg,2,1078
lungscc303.jpeg,2,1161
lungaca4245.jpeg,0,697
lungaca983.jpeg,0,651
lungaca4697.jpeg,0,650
lungn3196.jpeg,1,923
lungn2211.jpeg,1,862
lungscc4253.jpeg,2,1030
lungn3821.jpeg,1,809
lungn1160.jpeg,1,791
lungn4519.jpeg,1,825
lungn677.jpeg,1,809
lungn515.jpeg,1,848
lungscc1055.jpeg,2,1116
lungscc3187.jpeg,2,1172
lungn3682.jpeg,1,880
lungaca254.jpeg,0,538
lungscc334.jpeg,2,1032
lungaca95.jpeg,0,649
lungscc542.jpeg,2,1035
lungscc1113.jpeg,2,1203
lungscc1250.jpeg,2,1188
lungaca4298.jpeg,0,570
lungscc1625.jpeg,2,1161
lungn603.jpeg,1,782
lungscc377.jpeg,2,1066
lungaca4469.jpeg,0,702
lungaca2251.jpeg,0,661
lungn1178.jpeg,1,912
lungaca1504.jpeg,0,732
lungaca1650.jpeg,0,583
lungaca4413.jpeg,0,546
lungscc4084.jpeg,2,1088
lungn1569.jpeg,1,782
lungscc4248.jpeg,2,1109
lungscc3660.jpeg,2,1200
lungscc301.jpeg,2,1181
lungscc3790.jpeg,2,1075
lungaca4996.jpeg,0,520
lungn3378.jpeg,1,904
lungscc1697.jpeg,2,1160
lungn1898.jpeg,1,770
lungn799.jpeg,1,897
lungn2531.jpeg,1,855
lungn3524.jpeg,1,888
lungaca2067.jpeg,0,624
lungscc1917.jpeg,2,1039
lungscc519.jpeg,2,1129
lungn3230.jpeg,1,897
lungn3593.jpeg,1,885
lungn398.jpeg,1,927
lungn621.jpeg,1,776
lungn2522.jpeg,1,938
lungscc2626.jpeg,2,1017
lungaca456.jpeg,0,520
lungscc4846.jpeg,2,1052
lungn1411.jpeg,1,946
lungscc4844.jpeg,2,1211
lungaca1354.jpeg,0,511
lungn3138.jpeg,1,937
lungn490.jpeg,1,778
lungn2423.jpeg,1,872
lungn3633.jpeg,1,788
lungscc1770.jpeg,2,1179
lungn695.jpeg,1,837
lungaca4295.jpeg,0,715
lungaca4106.jpeg,0,746
lungn4842.jpeg,1,817
lungaca4641.jpeg,0,552
lungn2380.jpeg,1,817
lungaca3403.jpeg,0,544
lungscc2465.jpeg,2,1136
lungscc1269.jpeg,2,1124
lungaca3442.jpeg,0,707
lungn4749.jpeg,1,963
lungaca147.jpeg,0,723
lungscc4543.jpeg,2,999
lungn4811.jpeg,1,963
lungaca4888.jpeg,0,518
lungn3408.jpeg,1,976
lungn2598.jpeg,1,844
lungn3600.jpeg,1,861
lungscc4384.jpeg,2,1192
lungaca1376.jpeg,0,551
lungscc1872.jpeg,2,1057
lungscc3812.jpeg,2,1117
lungaca1593.jpeg,0,702
lungn148.jpeg,1,952
lungn1316.jpeg,1,808
lungn2530.jpeg,1,828
lungaca683.jpeg,0,583
lungaca187.jpeg,0,545
lungaca2446.jpeg,0,644
lungaca776.jpeg,0,607
lungaca2649.jpeg,0,584
lungscc1201.jpeg,2,1024
lungscc720.jpeg,2,1139
lungaca4419.jpeg,0,509
lungscc4571.jpeg,2,1073
lungaca1775.jpeg,0,615
lungn613.jpeg,1,801
lungscc4324.jpeg,2,1036
lungscc2620.jpeg,2,1134
lungn4903.jpeg,1,928
lungaca2328.jpeg,0,672
lungn2413.jpeg,1,755
lungn1648.jpeg,1,762
lungaca4343.jpeg,0,531
lungscc2024.jpeg,2,1213
lungn2008.jpeg,1,895
lungaca1858.jpeg,0,549
lungscc3161.jpeg,2,1007
lungscc1536.jpeg,2,1134
lungaca2624.jpeg,0,654
lungn3501.jpeg,1,929
lungn225.jpeg,1,782
lungscc3656.jpeg,2,1103
lungaca2786.jpeg,0,728
lungaca3914.jpeg,0,516
lungscc3483.jpeg,2,1096
lungscc3729.jpeg,2,1021
lungn4543.jpeg,1,877
lungn455.jpeg,1,989
lungn2579.jpeg,1,981
lungscc3306.jpeg,2,1002
lungn4338.jpeg,1,777
lungaca1239.jpeg,0,636
lungaca4058.jpeg,0,508
lungscc2977.jpeg,2,1112
lungscc2826.jpeg,2,1063
lungaca3055.jpeg,0,580
lungaca984.jpeg,0,642
lungscc1757.jpeg,2,1043
lungaca2325.jpeg,0,651
lungn2893.jpeg,1,929
lungscc557.jpeg,2,1166
lungscc13.jpeg,2,1173
lungaca3265.jpeg,0,555
lungn1389.jpeg,1,844
lungn3546.jpeg,1,768
lungscc800.jpeg,2,1055
lungn2058.jpeg,1,949
lungaca3599.jpeg,0,507
lungscc2467.jpeg,2,1041
lungscc4129.jpeg,2,1225
lungscc2262.jpeg,2,1130
lungaca2713.jpeg,0,565
lungaca4817.jpeg,0,524
lungscc4417.jpeg,2,1009
lungn1368.jpeg,1,833
lungaca4458.jpeg,0,558
lungscc1287.jpeg,2,1142
lungaca2079.jpeg,0,625
lungaca1489.jpeg,0,668
lungscc3175.jpeg,2,1068
lungn2248.jpeg,1,882
lungn4009.jpeg,1,983
lungscc1455.jpeg,2,1011
lungn1244.jpeg,1,933
lungaca4917.jpeg,0,655
lungn3601.jpeg,1,942
lungaca788.jpeg,0,567
lungn4448.jpeg,1,931
lungn1406.jpeg,1,901
lungaca3688.jpeg,0,618
lungaca3571.jpeg,0,639
lungn3519.jpeg,1,959
lungn4925.jpeg,1,906
lungaca4857.jpeg,0,551
lungaca1445.jpeg,0,512
lungscc596.jpeg,2,1237
lungaca627.jpeg,0,702
lungaca1273.jpeg,0,590
lungaca4775.jpeg,0,702
lungn258.jpeg,1,849
lungaca525.jpeg,0,674
lungaca4446.jpeg,0,633
lungaca3996.jpeg,0,636
lungaca2972.jpeg,0,696
lungaca78.jpeg,0,688
lungaca3223.jpeg,0,572
lungaca3005.jpeg,0,541
lungaca1745.jpeg,0,647
lungn3640.jpeg,1,809
lungn4815.jpeg,1,812
lungn440.jpeg,1,802
lungaca3037.jpeg,0,662
lungscc1192.jpeg,2,1141
lungn2707.jpeg,1,832
lungn1271.jpeg,1,789
lungaca1439.jpeg,0,528
lungaca4866.jpeg,0,596
lungscc1112.jpeg,2,1041
lungaca1846.jpeg,0,629
lungaca1676.jpeg,0,736
lungscc3126.jpeg,2,1200
lungn3086.jpeg,1,974
lungn4779.jpeg,1,878
lungscc3678.jpeg,2,1044
lungscc3624.jpeg,2,1158
lungaca1674.jpeg,0,674
lungaca2950.jpeg,0,720
lungaca4436.jpeg,0,526
lungaca3770.jpeg,0,525
lungaca1170.jpeg,0,569
lungaca2484.jpeg,0,569
lungaca3959.jpeg,0,532
lungn1711.jpeg,1,879
lungaca4114.jpeg,0,524
lungaca2384.jpeg,0,644
lungn3510.jpeg,1,925
lungscc736.jpeg,2,1216
lungn2170.jpeg,1,855
lungn1896.jpeg,1,928
lungscc4032.jpeg,2,1001
lungn468.jpeg,1,893
lungaca139.jpeg,0,617
lungaca3339.jpeg,0,654
lungaca2201.jpeg,0,612
lungaca2099.jpeg,0,579
lungn90.jpeg,1,770
lungscc1516.jpeg,2,1107
lungn2072.jpeg,1,778
lungaca855.jpeg,0,661
lungaca4694.jpeg,0,623
lungaca3586.jpeg,0,704
lungn3692.jpeg,1,961
lungscc831.jpeg,2,1213
lungscc4683.jpeg,2,1176
lungn45.jpeg,1,938
lungn4893.jpeg,1,944
lungscc3680.jpeg,2,1168
lungaca4771.jpeg,0,706
lungscc4949.jpeg,2,1038
lungaca3175.jpeg,0,586
lungscc2208.jpeg,2,1024
lungscc58.jpeg,2,1155
lungaca3340.jpeg,0,597
lungscc327.jpeg,2,1077
lungn4258.jpeg,1,979
lungaca1298.jpeg,0,509
lungaca4475.jpeg,0,723
lungaca1882.jpeg,0,577
lungscc3029.jpeg,2,1141
lungscc3105.jpeg,2,1012
lungscc2884.jpeg,2,1005
lungscc4185.jpeg,2,1009
lungn1447.jpeg,1,806
lungn4129.jpeg,1,821
lungaca3106.jpeg,0,747
lungn1488.jpeg,1,910
lungn680.jpeg,1,944
lungscc39.jpeg,2,1020
lungscc2064.jpeg,2,1230
lungscc666.jpeg,2,1069
lungaca2345.jpeg,0,623
lungn4593.jpeg,1,765
lungscc359.jpeg,2,1113
lungn1633.jpeg,1,769
lungaca1704.jpeg,0,714
lungn4866.jpeg,1,965
lungaca685.jpeg,0,741
lungscc6.jpeg,2,1019
lungaca2559.jpeg,0,703
lungaca535.jpeg,0,584
lungn3103.jpeg,1,908
lungscc115.jpeg,2,1097
lungscc1178.jpeg,2,1105
lungaca3833.jpeg,0,668
lungn96.jpeg,1,848
lungscc268.jpeg,2,1168
lungscc718.jpeg,2,1025
lungaca235.jpeg,0,634
lungaca3633.jpeg,0,533
lungaca1464.jpeg,0,552
lungaca758.jpeg,0,609
lungscc229.jpeg,2,1154
lungaca4040.jpeg,0,543
lungscc1914.jpeg,2,1152
lungaca4487.jpeg,0,745
lungscc2690.jpeg,2,1148
lungscc4378.jpeg,2,1150
lungn2719.jpeg,1,853
lungscc100.jpeg,2,1091
lungn2368.jpeg,1,788
lungscc3906.jpeg,2,1099
lungscc4804.jpeg,2,1159
lungaca2105.jpeg,0,685
lungscc721.jpeg,2,1124
lungn3868.jpeg,1,780
lungn435.jpeg,1,809
lungn3013.jpeg,1,917
lungn1851.jpeg,1,785
lungaca3252.jpeg,0,709
lungn862.jpeg,1,982
lungaca1878.jpeg,0,539
lungaca1697.jpeg,0,732
lungaca3088.jpeg,0,593
lungscc1491.jpeg,2,1017
lungaca1821.jpeg,0,627
lungaca1572.jpeg,0,633
lungscc434.jpeg,2,1167
lungscc1712.jpeg,2,1217
lungscc1212.jpeg,2,1004
lungn1577.jpeg,1,886
lungaca4656.jpeg,0,659
lungn720.jpeg,1,779
lungn3934.jpeg,1,754
lungn2750.jpeg,1,878
lungn316.jpeg,1,798
lungn712.jpeg,1,814
lungaca2234.jpeg,0,652
lungaca1535.jpeg,0,603
lungn1134.jpeg,1,751
lungn3854.jpeg,1,853
lungscc745.jpeg,2,1096
lungn4195.jpeg,1,919
lungscc352.jpeg,2,1035
lungn573.jpeg,1,980
lungaca1160.jpeg,0,731
lungscc4621.jpeg,2,1179
lungscc609.jpeg,2,1209
lungn493.jpeg,1,892
lungn563.jpeg,1,879
lungn4853.jpeg,1,833
lungn4196.jpeg,1,833
lungn452.jpeg,1,922
lungscc198.jpeg,2,999
lungscc1811.jpeg,2,1011
lungn4756.jpeg,1,812
lungaca610.jpeg,0,650
lungaca2617.jpeg,0,660
lungscc284.jpeg,2,1130
lungn4754.jpeg,1,806
lungaca4232.jpeg,0,662
lungaca1856.jpeg,0,727
lungn1894.jpeg,1,773
lungscc1252.jpeg,2,1130
lungscc4273.jpeg,2,1163
lungaca4280.jpeg,0,635
lungn4633.jpeg,1,774
lungaca3395.jpeg,0,587
lungn4514.jpeg,1,872
lungn1733.jpeg,1,947
lungaca616.jpeg,0,531
lungn2270.jpeg,1,787
lungscc83.jpeg,2,1245
lungscc1367.jpeg,2,1134
lungaca750.jpeg,0,572
lungaca3371.jpeg,0,699
lungscc754.jpeg,2,1106
lungscc3094.jpeg,2,1091
lungn372.jpeg,1,778
lungn4275.jpeg,1,904
lungaca2239.jpeg,0,555
lungscc4582.jpeg,2,1218
lungscc2739.jpeg,2,1212
lungaca2388.jpeg,0,744
lungn4050.jpeg,1,972
lungscc684.jpeg,2,1006
lungaca2817.jpeg,0,736
lungaca926.jpeg,0,510
lungscc3852.jpeg,2,1087
lungaca1929.jpeg,0,524
lungn4239.jpeg,1,912
lungn3641.jpeg,1,809
lungaca4876.jpeg,0,700
lungn3256.jpeg,1,915
lungaca2835.jpeg,0,743
lungscc4336.jpeg,2,1158
lungaca4788.jpeg,0,608
lungscc1281.jpeg,2,1194
lungaca4808.jpeg,0,545
lungaca3255.jpeg,0,595
lungaca695.jpeg,0,587
lungscc1719.jpeg,2,1084
lungn2590.jpeg,1,881
lungscc3039.jpeg,2,1047
lungn4707.jpeg,1,966
lungscc672.jpeg,2,1136
lungaca2422.jpeg,0,543
lungn488.jpeg,1,856
lungn4736.jpeg,1,884
lungscc3763.jpeg,2,1193
lungaca4805.jpeg,0,727
lungn1533.jpeg,1,957
lungscc2149.jpeg,2,1060
lungn4351.jpeg,1,918
lungaca2787.jpeg,0,577
lungaca3906.jpeg,0,620
lungscc2810.jpeg,2,1147
lungn4463.jpeg,1,839
lungaca1988.jpeg,0,535
lungscc3960.jpeg,2,1038
lungn1504.jpeg,1,840
lungscc2892.jpeg,2,1107
lungaca2605.jpeg,0,618
lungaca3521.jpeg,0,660
lungaca4301.jpeg,0,510
lungn2849.jpeg,1,806
lungaca999.jpeg,0,719
lungaca1331.jpeg,0,549
lungn4693.jpeg,1,780
lungscc1165.jpeg,2,1165
lungn922.jpeg,1,908
lungn3857.jpeg,1,795
lungn3314.jpeg,1,965
lungscc4612.jpeg,2,1036
lungscc4601.jpeg,2,1038
lungscc2823.jpeg,2,1011
lungaca3227.jpeg,0,712
lungaca2967.jpeg,0,737
lungaca2626.jpeg,0,597
lungn1175.jpeg,1,824
lungn294.jpeg,1,795
lungaca4046.jpeg,0,599
lungaca1411.jpeg,0,519
lungn806.jpeg,1,861
lungn2291.jpeg,1,853
lungn1820.jpeg,1,804
lungn3258.jpeg,1,850
lungaca142.jpeg,0,617
lungaca1079.jpeg,0,657
lungscc3776.jpeg,2,1223
lungn2857.jpeg,1,801
lungaca1713.jpeg,0,741
lungscc4348.jpeg,2,1047
lungn3193.jpeg,1,803
lungn3825.jpeg,1,924
lungaca4986.jpeg,0,568
lungaca3157.jpeg,0,557
lungscc1016.jpeg,2,1027
lungscc2865.jpeg,2,1017
lungn2313.jpeg,1,946
lungaca2582.jpeg,0,620
lungscc3089.jpeg,2,1221
lungscc566.jpeg,2,1163
lungaca4144.jpeg,0,532
lungscc1195.jpeg,2,1134
lungaca723.jpeg,0,633
lungscc2125.jpeg,2,1044
lungn2687.jpeg,1,885
lungscc4029.jpeg,2,1046
lungn4990.jpeg,1,805
lungscc628.jpeg,2,1088
lungn606.jpeg,1,840
lungscc437.jpeg,2,999
lungscc55.jpeg,2,1135
lungaca997.jpeg,0,604
lungaca2756.jpeg,0,653
lungaca1415.jpeg,0,593
lungn2644.jpeg,1,906
lungaca2021.jpeg,0,659
lungscc4225.jpeg,2,1007
lungscc1963.jpeg,2,1123
lungaca1785.jpeg,0,698
lungn519.jpeg,1,785
lungscc3885.jpeg,2,1076
lungscc3409.jpeg,2,1083
lungscc1177.jpeg,2,1146
lungscc3168.jpeg,2,1143
lungn1971.jpeg,1,771
lungaca3018.jpeg,0,529
lungscc2043.jpeg,2,1078
lungaca601.jpeg,0,607
lungn1491.jpeg,1,916
lungscc2036.jpeg,2,1054
lungn2142.jpeg,1,902
lungaca284.jpeg,0,548
lungaca2768.jpeg,0,540
lungn4242.jpeg,1,818
lungn1212.jpeg,1,846
lungaca4554.jpeg,0,548
lungn135.jpeg,1,842
lungscc2965.jpeg,2,1204
lungscc2233.jpeg,2,1011
lungn1849.jpeg,1,905
lungaca1003.jpeg,0,626
lungn1879.jpeg,1,854
lungscc3652.jpeg,2,1004
lungaca3165.jpeg,0,513
lungaca4688.jpeg,0,719
lungaca3672.jpeg,0,683
lungn1725.jpeg,1,952
lungn1150.jpeg,1,809
lungn4317.jpeg,1,978
lungn2798.jpeg,1,781
lungscc3655.jpeg,2,1120
lungaca2350.jpeg,0,527
lungn1102.jpeg,1,852
lungscc3519.jpeg,2,1017
lungscc2443.jpeg,2,1037
lungn476.jpeg,1,865
lungaca4329.jpeg,0,595
lungaca2717.jpeg,0,540
lungaca2543.jpeg,0,610
lungaca2131.jpeg,0,688
lungscc2696.jpeg,2,1218
lungaca2838.jpeg,0,643
lungscc3247.jpeg,2,1094
lungaca2359.jpeg,0,689
lungaca2858.jpeg,0,621
lungscc520.jpeg,2,1129
lungscc1609.jpeg,2,1236
lungn1493.jpeg,1,866
lungn4350.jpeg,1,918
lungn2991.jpeg,1,960
lungscc2636.jpeg,2,1000
lungaca2794.jpeg,0,583
lungscc2442.jpeg,2,1018
lungn2610.jpeg,1,804
lungscc1531.jpeg,2,1082
lungscc348.jpeg,2,1122
lungaca1575.jpeg,0,590
lungn2936.jpeg,1,874
lungscc4260.jpeg,2,1110
lungn4388.jpeg,1,868
lungaca3974.jpeg,0,623
lungn920.jpeg,1,951
lungaca379.jpeg,0,563
lungscc4080.jpeg,2,1180
lungscc3641.jpeg,2,1207
lungn1571.jpeg,1,758
lungscc3382.jpeg,2,1052
lungn1279.jpeg,1,756
lungn647.jpeg,1,843
lungn4023.jpeg,1,841
lungn3244.jpeg,1,933
lungaca1268.jpeg,0,675
lungscc3998.jpeg,2,1091
lungscc2662.jpeg,2,1087
lungaca1452.jpeg,0,670
lungaca3245.jpeg,0,695
lungaca1661.jpeg,0,722
lungaca3212.jpeg,0,728
lungn2506.jpeg,1,951
lungn4670.jpeg,1,910
lungscc28.jpeg,2,1116
lungaca1790.jpeg,0,560
lungn5000.jpeg,1,957
lungn328.jpeg,1,903
lungaca4455.jpeg,0,539
lungn1911.jpeg,1,916
lungscc4957.jpeg,2,1031
lungscc296.jpeg,2,1068
lungscc2528.jpeg,2,1094
lungscc2497.jpeg,2,1213
lungn1935.jpeg,1,925
lungn69.jpeg,1,805
lungscc4765.jpeg,2,1002
lungaca4756.jpeg,0,643
lungaca2431.jpeg,0,568
lungn3339.jpeg,1,946
lungscc210.jpeg,2,1233
lungaca4852.jpeg,0,517
lungscc3788.jpeg,2,1030
lungaca307.jpeg,0,646
lungscc4676.jpeg,2,1230
lungn2266.jpeg,1,903
lungscc4805.jpeg,2,1039
lungaca581.jpeg,0,648
lungaca2891.jpeg,0,634
lungaca2662.jpeg,0,581
lungscc3930.jpeg,2,1024
lungaca4439.jpeg,0,653
lungaca666.jpeg,0,720
lungscc1273.jpeg,2,1151
lungscc4830.jpeg,2,1070
lungscc10.jpeg,2,1023
lungn3738.jpeg,1,868
lungn2448.jpeg,1,920
lungscc4099.jpeg,2,1168
lungn3920.jpeg,1,899
lungscc4314.jpeg,2,1055
lungaca1315.jpeg,0,579
lungn4245.jpeg,1,948
lungscc2319.jpeg,2,1236
lungscc630.jpeg,2,1045
lungaca4821.jpeg,0,669
lungscc2388.jpeg,2,1139
lungaca618.jpeg,0,737
lungn2428.jpeg,1,968
lungn4114.jpeg,1,912
lungscc2403.jpeg,2,1075
lungscc2044.jpeg,2,1085
lungaca1812.jpeg,0,576
lungaca4511.jpeg,0,530
lungn4981.jpeg,1,814
lungn3074.jpeg,1,782
lungaca4581.jpeg,0,662
lungn130.jpeg,1,798
lungscc4057.jpeg,2,1223
lungscc4238.jpeg,2,1122
lungaca2844.jpeg,0,740
lungn3448.jpeg,1,769
lungaca1503.jpeg,0,596
lungscc4235.jpeg,2,1154
lungaca2883.jpeg,0,616
lungscc841.jpeg,2,1196
lungn984.jpeg,1,791
lungaca4725.jpeg,0,597
lungscc4680.jpeg,2,1019
lungn1599.jpeg,1,954
lungaca1088.jpeg,0,526
lungn1376.jpeg,1,783
lungaca4367.jpeg,0,665
lungaca3684.jpeg,0,539
lungscc3789.jpeg,2,1142
lungscc4361.jpeg,2,1199
lungn4018.jpeg,1,797
lungscc1198.jpeg,2,1148
lungaca316.jpeg,0,740
lungscc3573.jpeg,2,1102
lungscc1046.jpeg,2,1110
lungn2216.jpeg,1,785
lungaca1138.jpeg,0,514
lungaca3813.jpeg,0,702
lungscc1477.jpeg,2,1134
lungaca1221.jpeg,0,598
lungscc2728.jpeg,2,1021
lungn412.jpeg,1,923
lungaca1334.jpeg,0,680
lungscc3612.jpeg,2,1166
lungaca1272.jpeg,0,578
lungaca2076.jpeg,0,533
lungaca1208.jpeg,0,655
lungscc1726.jpeg,2,1090
lungn189.jpeg,1,972
lungscc4784.jpeg,2,1072
lungaca3069.jpeg,0,650
lungaca1257.jpeg,0,736
lungn2648.jpeg,1,931
lungn2243.jpeg,1,956
lungn1069.jpeg,1,935
lungscc4276.jpeg,2,1158
lungscc1054.jpeg,2,1202
lungn2535.jpeg,1,873
lungaca1963.jpeg,0,682
lungn4261.jpeg,1,783
lungaca3943.jpeg,0,712
lungscc393.jpeg,2,1123
lungscc935.jpeg,2,1202
lungn4515.jpeg,1,872
lungscc2477.jpeg,2,1242
lungn1274.jpeg,1,869
lungscc2375.jpeg,2,1188
lungaca3697.jpeg,0,509
lungscc3179.jpeg,2,1181
lungn2840.jpeg,1,828
lungn449.jpeg,1,983
lungscc4938.jpeg,2,1182
lungscc2.jpeg,2,1116
lungscc1047.jpeg,2,1031
lungscc1763.jpeg,2,1132
lungn3531.jpeg,1,810
lungaca3852.jpeg,0,675
lungscc1587.jpeg,2,1056
lungscc54.jpeg,2,1210
lungaca304.jpeg,0,743
lungn2255.jpeg,1,911
lungn1482.jpeg,1,771
lungscc2130.jpeg,2,1141
lungn4305.jpeg,1,964
lungscc4210.jpeg,2,1006
lungaca1182.jpeg,0,603
lungscc803.jpeg,2,1015
lungn348.jpeg,1,891
lungn4006.jpeg,1,770
lungaca3386.jpeg,0,546
lungaca3779.jpeg,0,656
lungaca1834.jpeg,0,722
lungaca822.jpeg,0,579
lungaca2087.jpeg,0,664
lungaca105.jpeg,0,674
lungscc2221.jpeg,2,1207
lungscc2259.jpeg,2,1023
lungaca406.jpeg,0,534
lungaca557.jpeg,0,555
lungn4097.jpeg,1,761
lungn2503.jpeg,1,791
lungscc4327.jpeg,2,1040
lungaca3059.jpeg,0,693
lungscc1834.jpeg,2,1214
lungaca2678.jpeg,0,613
lungscc949.jpeg,2,1129
lungaca1761.jpeg,0,737
lungscc1416.jpeg,2,1033
lungaca4596.jpeg,0,508
lungaca3044.jpeg,0,703
lungn2007.jpeg,1,856
lungn2978.jpeg,1,791
lungaca3449.jpeg,0,567
lungn1561.jpeg,1,784
lungaca2167.jpeg,0,535
lungaca1885.jpeg,0,583
lungaca3218.jpeg,0,615
lungaca1847.jpeg,0,528
lungscc4833.jpeg,2,1180
lungaca4049.jpeg,0,617
lungaca2118.jpeg,0,683
lungn2804.jpeg,1,944
lungaca3437.jpeg,0,733
lungaca2014.jpeg,0,639
lungaca494.jpeg,0,539
lungscc2781.jpeg,2,1174
lungn1438.jpeg,1,760
lungaca4646.jpeg,0,639
lungscc4388.jpeg,2,1214
lungaca4134.jpeg,0,609
lungn78.jpeg,1,765
lungscc2931.jpeg,2,1223
lungscc4156.jpeg,2,1132
lungscc2743.jpeg,2,1137
lungn1698.jpeg,1,956
lungscc1089.jpeg,2,1079
lungscc2396.jpeg,2,1062
lungn783.jpeg,1,852
lungaca4215.jpeg,0,527
lungaca2353.jpeg,0,669
lungscc1658.jpeg,2,1231
lungn3350.jpeg,1,976
lungaca2052.jpeg,0,717
lungscc1865.jpeg,2,1009
lungaca2346.jpeg,0,516
lungaca908.jpeg,0,519
lungaca1066.jpeg,0,640
lungaca636.jpeg,0,622
lungn1285.jpeg,1,885
lungaca3796.jpeg,0,595
lungn1085.jpeg,1,795
lungscc584.jpeg,2,1016
lungscc3958.jpeg,2,1063
lungn2680.jpeg,1,966
lungn4588.jpeg,1,781
lungscc292.jpeg,2,1083
lungn2168.jpeg,1,759
lungaca2953.jpeg,0,670
lungaca3093.jpeg,0,572
lungscc1561.jpeg,2,1155
lungaca2280.jpeg,0,708
lungn2569.jpeg,1,753
lungaca1561.jpeg,0,528
lungaca4559.jpeg,0,551
lungaca3727.jpeg,0,694
lungscc1240.jpeg,2,1205
lungscc1253.jpeg,2,1037
lungn2736.jpeg,1,776
lungscc1900.jpeg,2,1077
lungaca3094.jpeg,0,572
lungscc843.jpeg,2,1035
lungaca30.jpeg,0,599
lungn614.jpeg,1,801
lungscc1439.jpeg,2,1083
lungaca4485.jpeg,0,570
lungn403.jpeg,1,981
lungaca4430.jpeg,0,628
lungscc215.jpeg,2,1141
lungn2939.jpeg,1,942
lungn1754.jpeg,1,808
lungaca3391.jpeg,0,659
lungscc2364.jpeg,2,1239
lungscc536.jpeg,2,1121
lungaca3950.jpeg,0,586
lungaca1580.jpeg,0,524
lungn2921.jpeg,1,950
lungn112.jpeg,1,840
lungn2578.jpeg,1,981
lungscc329.jpeg,2,1020
lungscc2276.jpeg,2,1008
lungn4828.jpeg,1,776
lungaca1252.jpeg,0,510
lungaca3311.jpeg,0,739
lungn2487.jpeg,1,968
lungn2647.jpeg,1,931
lungn1353.jpeg,1,864
lungn564.jpeg,1,975
lungn149.jpeg,1,952
lungaca267.jpeg,0,511
lungaca4659.jpeg,0,657
lungscc2157.jpeg,2,1225
lungaca3493.jpeg,0,732
lungn4911.jpeg,1,983
lungaca2658.jpeg,0,643
lungscc2703.jpeg,2,1109
lungaca1173.jpeg,0,530
lungn1110.jpeg,1,802
lungn4486.jpeg,1,861
lungaca4145.jpeg,0,687
lungn3632.jpeg,1,830
lungscc155.jpeg,2,1163
lungn333.jpeg,1,862
lungn1415.jpeg,1,802
lungscc2475.jpeg,2,1166
lungaca3113.jpeg,0,604
lungscc3370.jpeg,2,1203
lungn52.jpeg,1,931
lungscc1667.jpeg,2,1061
lungn840.jpeg,1,801
lungscc1286.jpeg,2,1115
lungn99.jpeg,1,947
lungaca655.jpeg,0,594
lungn1427.jpeg,1,772
lungscc2498.jpeg,2,1102
lungn3262.jpeg,1,777
lungscc1430.jpeg,2,1213
lungaca4327.jpeg,0,549
lungscc1461.jpeg,2,1058
lungscc4516.jpeg,2,1152
lungn1939.jpeg,1,859
lungn2217.jpeg,1,935
lungaca288.jpeg,0,726
lungn3070.jpeg,1,914
lungaca2119.jpeg,0,600
lungn2551.jpeg,1,761
lungscc602.jpeg,2,1054
lungn1644.jpeg,1,892
lungn3491.jpeg,1,891
lungn3787.jpeg,1,889
lungaca4094.jpeg,0,733
lungscc2426.jpeg,2,1106
lungscc4936.jpeg,2,1131
lungscc3583.jpeg,2,1219
lungaca2839.jpeg,0,739
lungaca2255.jpeg,0,615
lungn3721.jpeg,1,943
lungscc2714.jpeg,2,1178
lungscc1966.jpeg,2,1232
lungaca420.jpeg,0,547
lungaca1840.jpeg,0,619
lungn3852.jpeg,1,889
lungn1034.jpeg,1,945
lungaca3071.jpeg,0,539
lungaca3639.jpeg,0,572
lungaca2660.jpeg,0,543
lungaca2143.jpeg,0,682
lungn1617.jpeg,1,836
lungn4784.jpeg,1,770
lungscc4557.jpeg,2,998
lungn4327.jpeg,1,760
lungn109.jpeg,1,873
lungn1521.jpeg,1,788
lungscc3901.jpeg,2,1110
lungn1651.jpeg,1,967
lungaca976.jpeg,0,619
lungn637.jpeg,1,994
lungn3933.jpeg,1,754
lungscc2981.jpeg,2,1154
lungscc2710.jpeg,2,1136
lungaca1223.jpeg,0,600
lungaca3520.jpeg,0,711
lungscc399.jpeg,2,1148
lungn3677.jpeg,1,827
lungscc2967.jpeg,2,1007
lungn3475.jpeg,1,958
lungscc4528.jpeg,2,1223
lungscc3551.jpeg,2,1087
lungn562.jpeg,1,944
lungscc4531.jpeg,2,1054
lungn2224.jpeg,1,803
lungn223.jpeg,1,868
lungaca4209.jpeg,0,743
lungaca4947.jpeg,0,518
lungaca240.jpeg,0,535
lungn3697.jpeg,1,789
lungn4143.jpeg,1,906
lungaca2208.jpeg,0,605
lungscc4013.jpeg,2,1103
lungn3080.jpeg,1,992
lungscc1503.jpeg,2,1126
lungaca1675.jpeg,0,544
lungn2411.jpeg,1,937
lungscc3540.jpeg,2,1222
lungscc4825.jpeg,2,1113
lungaca844.jpeg,0,531
lungaca443.jpeg,0,568
lungaca4734.jpeg,0,672
lungaca369.jpeg,0,529
lungaca1956.jpeg,0,524
lungn2209.jpeg,1,824
lungn2640.jpeg,1,833
lungscc1200.jpeg,2,1073
lungn1748.jpeg,1,891
lungscc2261.jpeg,2,1117
lungaca2981.jpeg,0,715
lungn4753.jpeg,1,806
lungn431.jpeg,1,778
lungaca4741.jpeg,0,713
lungaca4013.jpeg,0,517
lungn2238.jpeg,1,812
lungscc3867.jpeg,2,1158
lungaca1926.jpeg,0,623
lungn3075.jpeg,1,898
lungscc492.jpeg,2,1070
lungaca272.jpeg,0,664
lungaca2863.jpeg,0,715
lungaca1297.jpeg,0,511
lungn1137.jpeg,1,844
lungscc3592.jpeg,2,1062
lungaca2507.jpeg,0,658
lungscc3051.jpeg,2,1139
lungscc3365.jpeg,2,1008
lungn4880.jpeg,1,761
lungscc4193.jpeg,2,1011
lungaca7.jpeg,0,561
lungscc2562.jpeg,2,1236
lungaca1005.jpeg,0,530
lungscc2843.jpeg,2,1129
lungscc4628.jpeg,2,1092
lungn1035.jpeg,1,830
lungaca2727.jpeg,0,624
lungn993.jpeg,1,861
lungn602.jpeg,1,782
lungn1426.jpeg,1,862
lungscc341.jpeg,2,1235
lungscc36.jpeg,2,1028
lungaca1596.jpeg,0,660
lungn1680.jpeg,1,853
lungaca171.jpeg,0,628
lungn4712.jpeg,1,818
lungaca3254.jpeg,0,540
lungn3527.jpeg,1,912
lungaca2600.jpeg,0,600
lungaca559.jpeg,0,569
lungaca2512.jpeg,0,630
lungscc3233.jpeg,2,1086
lungaca978.jpeg,0,701
lungaca2774.jpeg,0,652
lungscc2592.jpeg,2,1180
lungaca19.jpeg,0,634
lungscc1973.jpeg,2,1236
lungn1860.jpeg,1,887
lungn2131.jpeg,1,867
lungn1640.jpeg,1,909
lungn2057.jpeg,1,808
lungaca4394.jpeg,0,584
lungscc3625.jpeg,2,1050
lungscc860.jpeg,2,1142
lungaca380.jpeg,0,740
lungaca3434.jpeg,0,623
lungaca607.jpeg,0,521
lungscc3295.jpeg,2,1182
lungaca2903.jpeg,0,643
lungn2084.jpeg,1,750
lungn459.jpeg,1,803
lungn4907.jpeg,1,877
lungscc502.jpeg,2,1240
lungscc3090.jpeg,2,1020
lungn3493.jpeg,1,969
lungscc4787.jpeg,2,1158
lungscc3301.jpeg,2,1151
lungn1830.jpeg,1,975
lungscc3390.jpeg,2,1138
lungn2147.jpeg,1,786
lungn881.jpeg,1,896
lungscc3070.jpeg,2,1095
lungn480.jpeg,1,968
lungaca2724.jpeg,0,543
lungaca3875.jpeg,0,688
lungaca1610.jpeg,0,672
lungscc1582.jpeg,2,1160
lungn2091.jpeg,1,883
lungn1.jpeg,1,820
lungaca4099.jpeg,0,588
lungaca4973.jpeg,0,578
lungscc2784.jpeg,2,1149
lungscc4037.jpeg,2,1204
lungscc1858.jpeg,2,1079
lungaca3164.jpeg,0,644
lungn633.jpeg,1,980
lungn240.jpeg,1,765
lungn2192.jpeg,1,867
lungaca84.jpeg,0,602
lungaca173.jpeg,0,747
lungscc1363.jpeg,2,1106
lungaca4649.jpeg,0,746
lungaca1907.jpeg,0,642
lungaca3415.jpeg,0,547
lungaca4474.jpeg,0,636
lungscc2661.jpeg,2,1015
lungn541.jpeg,1,974
lungaca234.jpeg,0,655
lungscc2895.jpeg,2,1202
lungn833.jpeg,1,822
lungaca546.jpeg,0,530
lungn1548.jpeg,1,763
lungaca91.jpeg,0,603
lungn2479.jpeg,1,782
lungaca2804.jpeg,0,654
lungn894.jpeg,1,840
lungn4461.jpeg,1,806
lungn1296.jpeg,1,870
lungscc3456.jpeg,2,1133
lungaca4870.jpeg,0,521
lungscc460.jpeg,2,1082
lungaca3516.jpeg,0,556
lungscc2570.jpeg,2,1218
lungscc3299.jpeg,2,1228
lungn456.jpeg,1,916
lungscc4828.jpeg,2,1167
lungscc4195.jpeg,2,1063
lungn4598.jpeg,1,971
lungaca394.jpeg,0,723
lungn2767.jpeg,1,836
lungn3022.jpeg,1,840
lungn944.jpeg,1,921
lungaca3617.jpeg,0,530
lungscc1494.jpeg,2,1089
lungaca4670.jpeg,0,559
lungaca973.jpeg,0,622
lungn4253.jpeg,1,833
lungn3304.jpeg,1,994
lungscc3502.jpeg,2,1141
lungn3097.jpeg,1,854
lungscc1306.jpeg,2,1140
lungscc2808.jpeg,2,1196
lungaca3060.jpeg,0,620
lungn628.jpeg,1,883
lungaca308.jpeg,0,600
lungaca3663.jpeg,0,678
lungscc774.jpeg,2,1119
lungaca134.jpeg,0,588
lungn2484.jpeg,1,886
lungaca551.jpeg,0,680
lungaca2721.jpeg,0,646
lungn1157.jpeg,1,879
lungscc1553.jpeg,2,1081
lungn292.jpeg,1,914
lungaca968.jpeg,0,746
lungaca2313.jpeg,0,524
lungscc946.jpeg,2,1072
lungscc2693.jpeg,2,1018
lungaca2015.jpeg,0,746
lungscc2609.jpeg,2,1028
lungscc577.jpeg,2,1023
lungscc462.jpeg,2,1176
lungn1092.jpeg,1,826
lungscc1823.jpeg,2,1245
lungaca2286.jpeg,0,590
lungn1315.jpeg,1,757
lungscc2438.jpeg,2,1104
lungaca143.jpeg,0,677
lungscc655.jpeg,2,1086
lungscc99.jpeg,2,1164
lungn999.jpeg,1,935
lungscc3732.jpeg,2,1071
lungn2837.jpeg,1,831
lungn3585.jpeg,1,879
lungn4412.jpeg,1,809
lungn383.jpeg,1,967
lungaca1729.jpeg,0,605
lungn4182.jpeg,1,878
lungn104.jpeg,1,995
lungaca1730.jpeg,0,514
lungaca1288.jpeg,0,533
lungn2136.jpeg,1,911
lungscc1906.jpeg,2,1032
lungaca3410.jpeg,0,560
lungscc1064.jpeg,2,1215
lungaca366.jpeg,0,692
lungaca4362.jpeg,0,671
lungscc3428.jpeg,2,1203
lungn1514.jpeg,1,894
lungaca2380.jpeg,0,722
lungn3441.jpeg,1,782
lungn3271.jpeg,1,765
lungaca656.jpeg,0,685
lungscc1130.jpeg,2,1007
lungn497.jpeg,1,996
lungscc4151.jpeg,2,1046
lungn4298.jpeg,1,835
lungaca2956.jpeg,0,700
lungscc4312.jpeg,2,1136
lungn2402.jpeg,1,832
lungaca1825.jpeg,0,602
lungn3499.jpeg,1,774
lungscc123.jpeg,2,1011
lungn3907.jpeg,1,988
lungscc1586.jpeg,2,1098
lungscc1629.jpeg,2,1057
lungscc111.jpeg,2,1135
lungn2197.jpeg,1,950
lungscc2792.jpeg,2,1186
lungaca2242.jpeg,0,728
lungaca1523.jpeg,0,568
lungscc4481.jpeg,2,1172
lungaca2414.jpeg,0,529
lungn2930.jpeg,1,810
lungscc2480.jpeg,2,1230
lungscc3916.jpeg,2,1220
lungn3986.jpeg,1,846
lungn504.jpeg,1,885
lungn1013.jpeg,1,794
lungaca3229.jpeg,0,701
lungscc2207.jpeg,2,1213
lungaca156.jpeg,0,587
lungscc1160.jpeg,2,1108
lungn698.jpeg,1,910
lungn878.jpeg,1,836
lungscc4176.jpeg,2,1185
lungscc793.jpeg,2,1011
lungn2554.jpeg,1,895
lungscc776.jpeg,2,1124
lungn1694.jpeg,1,865
lungscc658.jpeg,2,1035
lungscc2383.jpeg,2,1207
lungscc1032.jpeg,2,1225
lungn3828.jpeg,1,818
lungn929.jpeg,1,770
lungn430.jpeg,1,932
lungscc2815.jpeg,2,1153
lungscc4050.jpeg,2,1037
lungaca2663.jpeg,0,542
lungscc223.jpeg,2,1090
lungscc4093.jpeg,2,1150
lungn4033.jpeg,1,853
lungn366.jpeg,1,845
lungscc188.jpeg,2,1127
lungaca4393.jpeg,0,584
lungn2179.jpeg,1,898
lungscc2290.jpeg,2,1075
lungaca3425.jpeg,0,675
lungaca4964.jpeg,0,580
lungscc2082.jpeg,2,1188
lungn140.jpeg,1,817
lungaca133.jpeg,0,558
lungn2494.jpeg,1,830
lungscc1596.jpeg,2,1170
lungn2144.jpeg,1,888
lungaca2709.jpeg,0,653
lungaca2568.jpeg,0,738
lungn3090.jpeg,1,895
lungscc1358.jpeg,2,1197
lungaca1262.jpeg,0,594
lungscc3453.jpeg,2,1171
lungscc3031.jpeg,2,1019
lungn110.jpeg,1,868
lungn4445.jpeg,1,866
lungscc1369.jpeg,2,1024
lungscc1163.jpeg,2,1190
lungn3477.jpeg,1,987
lungaca1788.jpeg,0,544
lungn4791.jpeg,1,771
lungscc4856.jpeg,2,1049
lungscc1671.jpeg,2,1207
lungaca3590.jpeg,0,681
lungn296.jpeg,1,751
lungn60.jpeg,1,941
lungscc212.jpeg,2,1205
lungscc3810.jpeg,2,1032
lungscc2812.jpeg,2,1060
lungaca1949.jpeg,0,662
lungscc3516.jpeg,2,1012
lungn4918.jpeg,1,927
lungn4208.jpeg,1,917
lungaca737.jpeg,0,706
lungaca4077.jpeg,0,548
lungscc316.jpeg,2,1066
lungscc3899.jpeg,2,1167
lungn2932.jpeg,1,973
lungaca4721.jpeg,0,575
lungscc2974.jpeg,2,1047
lungn3261.jpeg,1,992
lungscc1154.jpeg,2,1135
lungaca4795.jpeg,0,580
lungaca2451.jpeg,0,628
lungscc3134.jpeg,2,1075
lungscc3607.jpeg,2,1015
lungscc3322.jpeg,2,1187
lungscc38.jpeg,2,1168
lungaca2748.jpeg,0,554
lungn4348.jpeg,1,971
lungaca3464.jpeg,0,661
lungaca2850.jpeg,0,577
lungscc2151.jpeg,2,1153
lungn2879.jpeg,1,861
lungaca4418.jpeg,0,524
lungaca647.jpeg,0,536
lungaca4588.jpeg,0,711
lungn375.jpeg,1,852
lungaca6.jpeg,0,561
lungaca4335.jpeg,0,543
lungscc276.jpeg,2,1077
lungn3136.jpeg,1,838
lungn4382.jpeg,1,995
lungaca2137.jpeg,0,603
lungn3660.jpeg,1,837
lungscc4873.jpeg,2,1010
lungaca2348.jpeg,0,731
lungscc2618.jpeg,2,1186
lungaca4991.jpeg,0,533
lungaca1556.jpeg,0,548
lungaca63.jpeg,0,623
lungaca381.jpeg,0,588
lungscc2481.jpeg,2,1197
lungaca3468.jpeg,0,664
lungaca1739.jpeg,0,620
lungaca3773.jpeg,0,611
lungaca4138.jpeg,0,672
lungaca1049.jpeg,0,574
lungscc252.jpeg,2,1015
lungaca3882.jpeg,0,659
lungn287.jpeg,1,828
lungn229.jpeg,1,863
lungn3414.jpeg,1,813
lungaca482.jpeg,0,695
lungaca4000.jpeg,0,564
lungn303.jpeg,1,872
lungscc3102.jpeg,2,1100
lungn1106.jpeg,1,918
lungaca1630.jpeg,0,694
lungn3530.jpeg,1,976
lungn4399.jpeg,1,847
lungaca2764.jpeg,0,607
lungscc4313.jpeg,2,1169
lungaca3781.jpeg,0,653
lungn2095.jpeg,1,770
lungscc4114.jpeg,2,1051
lungscc765.jpeg,2,1125
lungaca1059.jpeg,0,733
lungn764.jpeg,1,760
lungscc4494.jpeg,2,1022
lungscc3186.jpeg,2,1216
lungaca4645.jpeg,0,556
lungn2827.jpeg,1,912
lungn4781.jpeg,1,810
lungaca1917.jpeg,0,663
lungn460.jpeg,1,931
lungaca1382.jpeg,0,679
lungn279.jpeg,1,763
lungaca2383.jpeg,0,619
lungscc3615.jpeg,2,1001
lungaca2292.jpeg,0,643
lungn963.jpeg,1,968
lungscc4725.jpeg,2,1049
lungn1575.jpeg,1,847
lungaca2250.jpeg,0,602
lungscc3644.jpeg,2,1195
lungscc3016.jpeg,2,1066
lungaca2360.jpeg,0,537
lungn2444.jpeg,1,912
lungn4408.jpeg,1,765
lungn3049.jpeg,1,958
lungscc3517.jpeg,2,1051
lungn311.jpeg,1,792
lungn82.jpeg,1,902
lungn1679.jpeg,1,760
lungscc3240.jpeg,2,1181
lungn2706.jpeg,1,978
lungscc70.jpeg,2,1115
lungn1809.jpeg,1,949
lungaca3951.jpeg,0,629
lungaca1762.jpeg,0,552
lungn4750.jpeg,1,963
lungn4071.jpeg,1,987
lungn4687.jpeg,1,808
lungscc1668.jpeg,2,1236
lungaca1528.jpeg,0,546
lungaca1212.jpeg,0,708
lungaca3953.jpeg,0,638
lungaca652.jpeg,0,554
lungaca3092.jpeg,0,587
lungscc3421.jpeg,2,1178
lungaca4909.jpeg,0,638
lungn484.jpeg,1,805
lungaca2840.jpeg,0,714
lungaca1227.jpeg,0,588
lungn1375.jpeg,1,887
lungaca3349.jpeg,0,745
lungaca2089.jpeg,0,665
lungscc4569.jpeg,2,1243
lungn1960.jpeg,1,954
lungaca1563.jpeg,0,551
lungscc1441.jpeg,2,1219
lungn341.jpeg,1,768
lungscc1310.jpeg,2,1082
lungscc3866.jpeg,2,1231
lungaca2310.jpeg,0,723
lungaca4812.jpeg,0,720
lungn4453.jpeg,1,873
lungn65.jpeg,1,767
lungaca4249.jpeg,0,608
lungscc599.jpeg,2,1131
lungn807.jpeg,1,870
lungn3638.jpeg,1,799
lungaca1148.jpeg,0,552
lungn2173.jpeg,1,969
lungscc1418.jpeg,2,1028
lungaca1909.jpeg,0,686
lungscc2090.jpeg,2,1039
lungn4506.jpeg,1,774
lungaca1617.jpeg,0,582
lungaca487.jpeg,0,516
lungn2464.jpeg,1,896
lungscc162.jpeg,2,1134
lungscc3085.jpeg,2,1033
lungaca1520.jpeg,0,737
lungn2236.jpeg,1,904
lungscc3990.jpeg,2,1148
lungaca2221.jpeg,0,515
lungscc1386.jpeg,2,1151
lungaca1190.jpeg,0,561
lungn2046.jpeg,1,853
lungaca3733.jpeg,0,600
lungaca4803.jpeg,0,675
lungn3911.jpeg,1,881
lungaca923.jpeg,0,664
lungscc606.jpeg,2,1151
lungn3788.jpeg,1,794
lungn3357.jpeg,1,938
lungscc1480.jpeg,2,1130
lungscc4207.jpeg,2,1056
lungn2031.jpeg,1,896
lungscc1820.jpeg,2,1145
lungn4488.jpeg,1,766
lungaca2563.jpeg,0,697
lungaca4623.jpeg,0,666
lungscc888.jpeg,2,1061
lungn283.jpeg,1,831
lungaca1164.jpeg,0,714
lungn1990.jpeg,1,764
lungscc1413.jpeg,2,1174
lungn4111.jpeg,1,807
lungn3875.jpeg,1,778
lungn2636.jpeg,1,874
lungn697.jpeg,1,910
lungn781.jpeg,1,932
lungaca4835.jpeg,0,621
lungn2534.jpeg,1,923
lungscc3915.jpeg,2,1242
lungn4135.jpeg,1,938
lungscc1527.jpeg,2,1179
lungn1262.jpeg,1,806
lungaca1919.jpeg,0,685
lungaca2867.jpeg,0,570
lungaca1595.jpeg,0,625
lungscc2557.jpeg,2,1125
lungaca769.jpeg,0,551
lungscc1845.jpeg,2,1137
lungn3941.jpeg,1,946
lungn2066.jpeg,1,769
lungn3294.jpeg,1,993
lungn4234.jpeg,1,798
lungaca4385.jpeg,0,721
lungscc872.jpeg,2,1006
lungaca2452.jpeg,0,686
lungscc4350.jpeg,2,1010
lungaca2521.jpeg,0,512
lungscc3983.jpeg,2,1053
lungn2972.jpeg,1,852
lungaca1527.jpeg,0,684
lungn1416.jpeg,1,951
lungaca1667.jpeg,0,619
lungaca3763.jpeg,0,534
lungn1064.jpeg,1,766
lungscc1095.jpeg,2,1241
lungaca3865.jpeg,0,550
lungaca1548.jpeg,0,561
lungn479.jpeg,1,761
lungscc1581.jpeg,2,1041
lungscc357.jpeg,2,1184
lungscc1651.jpeg,2,1192
lungscc3637.jpeg,2,1238
lungn17.jpeg,1,860
lungaca3267.jpeg,0,537
lungaca4126.jpeg,0,654
lungaca4825.jpeg,0,530
lungscc2937.jpeg,2,1103
lungn30.jpeg,1,791
lungn51.jpeg,1,896
lungscc1262.jpeg,2,1083
lungscc751.jpeg,2,1150
lungscc1029.jpeg,2,1067
lungn4191.jpeg,1,800
lungn4703.jpeg,1,932
lungscc1862.jpeg,2,1054
lungscc2323.jpeg,2,1185
lungscc1655.jpeg,2,1033
lungn3567.jpeg,1,847
lungaca641.jpeg,0,682
lungscc1931.jpeg,2,1005
lungscc3470.jpeg,2,1161
lungn2906.jpeg,1,894
lungscc4014.jpeg,2,1161
lungscc2708.jpeg,2,1059
lungscc1700.jpeg,2,1110
lungaca1615.jpeg,0,585
lungaca570.jpeg,0,741
lungn4986.jpeg,1,949
lungscc157.jpeg,2,1231
lungn3613.jpeg,1,797
lungscc4759.jpeg,2,1153
lungaca724.jpeg,0,535
lungaca1154.jpeg,0,512
lungscc3605.jpeg,2,999
lungaca813.jpeg,0,611
lungaca1939.jpeg,0,705
lungscc2998.jpeg,2,1069
lungn3704.jpeg,1,750
lungn44.jpeg,1,833
lungscc3737.jpeg,2,1033
lungscc32.jpeg,2,1230
lungaca4770.jpeg,0,635
lungaca1343.jpeg,0,568
lungn4933.jpeg,1,936
lungscc4671.jpeg,2,1040
lungaca1791.jpeg,0,710
lungaca543.jpeg,0,632
lungaca2037.jpeg,0,656
lungscc4807.jpeg,2,1111
lungscc4887.jpeg,2,1190
lungaca1659.jpeg,0,722
lungaca1123.jpeg,0,703
lungn1746.jpeg,1,828
lungaca3109.jpeg,0,528
lungaca1824.jpeg,0,723
lungaca2491.jpeg,0,583
lungaca3607.jpeg,0,590
lungscc1335.jpeg,2,1097
lungaca555.jpeg,0,588
lungaca4998.jpeg,0,715
lungscc3614.jpeg,2,1116
lungscc920.jpeg,2,1194
lungaca2020.jpeg,0,603
lungn1919.jpeg,1,923
lungscc2247.jpeg,2,1046
lungn4806.jpeg,1,816
lungn4984.jpeg,1,844
lungaca4411.jpeg,0,519
lungscc2989.jpeg,2,1227
lungscc3329.jpeg,2,1208
lungn2305.jpeg,1,769
lungscc4792.jpeg,2,1007
lungn3108.jpeg,1,973
lungn4198.jpeg,1,823
lungscc3207.jpeg,2,1013
lungscc1610.jpeg,2,1207
lungn1025.jpeg,1,898
lungscc3864.jpeg,2,1129
lungn1207.jpeg,1,777
lungn1842.jpeg,1,813
lungn1224.jpeg,1,957
lungscc2555.jpeg,2,1101
lungaca4012.jpeg,0,544
lungaca3270.jpeg,0,538
lungn1532.jpeg,1,842
lungscc1105.jpeg,2,1030
lungn4174.jpeg,1,754
lungaca609.jpeg,0,731
lungaca3579.jpeg,0,593
lungn2336.jpeg,1,771
lungn4088.jpeg,1,889
lungscc2565.jpeg,2,1193
lungscc631.jpeg,2,1220
lungaca3341.jpeg,0,738
lungscc526.jpeg,2,1077
lungaca3603.jpeg,0,727
lungn3810.jpeg,1,761
lungn1335.jpeg,1,892
lungaca3028.jpeg,0,610
lungaca1871.jpeg,0,542
lungaca721.jpeg,0,634
lungscc4488.jpeg,2,1055
lungn3921.jpeg,1,808
lungn571.jpeg,1,786
lungn749.jpeg,1,766
lungaca3186.jpeg,0,725
lungscc2854.jpeg,2,1235
lungscc3673.jpeg,2,1040
lungaca4325.jpeg,0,742
lungaca764.jpeg,0,554
lungn3094.jpeg,1,890
lungn3793.jpeg,1,937
lungaca266.jpeg,0,506
lungn1944.jpeg,1,781
lungscc4727.jpeg,2,1192
lungn2495.jpeg,1,830
lungn1237.jpeg,1,907
lungn1741.jpeg,1,979
lungaca2608.jpeg,0,601
lungaca3078.jpeg,0,577
lungn2544.jpeg,1,860
lungscc723.jpeg,2,1065
lungaca126.jpeg,0,734
lungaca3800.jpeg,0,539
lungaca3140.jpeg,0,662
lungscc1280.jpeg,2,1113
lungn3439.jpeg,1,814
lungscc915.jpeg,2,1161
lungscc4389.jpeg,2,1028
lungn1689.jpeg,1,934
lungn2715.jpeg,1,828
lungaca639.jpeg,0,715
lungscc4338.jpeg,2,1077
lungscc4112.jpeg,2,1076
lungaca866.jpeg,0,522
lungaca703.jpeg,0,510
lungn1861.jpeg,1,828
lungaca2613.jpeg,0,746
lungn4920.jpeg,1,935
lungaca4342.jpeg,0,588
lungscc829.jpeg,2,1243
lungn4976.jpeg,1,794
lungaca1010.jpeg,0,669
lungaca754.jpeg,0,614
lungaca2597.jpeg,0,549
lungn4433.jpeg,1,797
lungscc1912.jpeg,2,1047
lungn3665.jpeg,1,984
lungscc2513.jpeg,2,1065
lungscc2953.jpeg,2,1211
lungaca437.jpeg,0,652
lungscc1292.jpeg,2,1240
lungn4882.jpeg,1,930
lungn3996.jpeg,1,871
lungn2594.jpeg,1,937
lungn2808.jpeg,1,842
lungn2497.jpeg,1,867
lungaca2219.jpeg,0,634
lungaca692.jpeg,0,518
lungaca3486.jpeg,0,678
lungscc1308.jpeg,2,1020
lungscc2788.jpeg,2,1129
lungn1321.jpeg,1,968
lungaca1060.jpeg,0,598
lungscc1739.jpeg,2,1155
lungn146.jpeg,1,786
lungn761.jpeg,1,884
lungaca941.jpeg,0,565
lungscc2655.jpeg,2,1157
lungn3833.jpeg,1,786
lungn4395.jpeg,1,827
lungaca2661.jpeg,0,563
lungaca1741.jpeg,0,566
lungaca2922.jpeg,0,591
lungaca1198.jpeg,0,580
lungaca192.jpeg,0,516
lungscc3783.jpeg,2,1118
lungn1383.jpeg,1,937
lungaca3804.jpeg,0,635
lungaca1587.jpeg,0,740
lungn1645.jpeg,1,854
lungaca3463.jpeg,0,621
lungaca1025.jpeg,0,711
lungscc2762.jpeg,2,1109
lungscc3426.jpeg,2,1189
lungn386.jpeg,1,928
lungaca1749.jpeg,0,524
lungaca454.jpeg,0,564
lungn1056.jpeg,1,824
lungaca3894.jpeg,0,736
lungscc1839.jpeg,2,1212
lungaca225.jpeg,0,554
lungn4998.jpeg,1,749
lungaca830.jpeg,0,515
lungaca2628.jpeg,0,561
lungaca4732.jpeg,0,642
lungscc1535.jpeg,2,1186
lungscc4758.jpeg,2,1008
lungn4764.jpeg,1,956
lungscc1877.jpeg,2,1015
lungn2120.jpeg,1,992
lungscc3562.jpeg,2,1170
lungscc3804.jpeg,2,1053
lungaca1429.jpeg,0,609
lungn4063.jpeg,1,753
lungn3683.jpeg,1,825
lungn536.jpeg,1,868
lungn4118.jpeg,1,849
lungscc1169.jpeg,2,999
lungn771.jpeg,1,826
lungn1942.jpeg,1,830
lungaca4752.jpeg,0,545
lungscc1344.jpeg,2,1201
lungscc1210.jpeg,2,1153
lungaca3927.jpeg,0,537
lungaca1606.jpeg,0,654
lungaca4128.jpeg,0,570
lungn2668.jpeg,1,894
lungaca2427.jpeg,0,610
lungaca4862.jpeg,0,604
lungn1877.jpeg,1,754
lungaca1019.jpeg,0,601
lungn4477.jpeg,1,876
lungn4108.jpeg,1,901
lungaca2911.jpeg,0,688
lungscc1331.jpeg,2,1151
lungn2616.jpeg,1,754
lungaca4097.jpeg,0,669
lungscc480.jpeg,2,1065
lungn4957.jpeg,1,950
lungn4795.jpeg,1,763
lungn3014.jpeg,1,917
lungaca790.jpeg,0,539
lungscc3087.jpeg,2,1214
lungaca1641.jpeg,0,542
lungscc3052.jpeg,2,1182
lungn3664.jpeg,1,887
lungscc4408.jpeg,2,1237
lungscc4118.jpeg,2,1079
lungn1330.jpeg,1,925
lungscc176.jpeg,2,1237
lungscc130.jpeg,2,1038
lungaca3922.jpeg,0,571
lungscc2382.jpeg,2,1185
lungaca1260.jpeg,0,718
lungscc1880.jpeg,2,1066
lungscc1388.jpeg,2,1127
lungscc1703.jpeg,2,1088
lungscc1197.jpeg,2,1128
lungn4384.jpeg,1,889
lungscc4461.jpeg,2,1191
lungn462.jpeg,1,760
lungn1907.jpeg,1,821
lungaca3427.jpeg,0,742
lungaca4519.jpeg,0,700
lungn3234.jpeg,1,874
lungn3951.jpeg,1,773
lungaca2483.jpeg,0,550
lungscc3865.jpeg,2,1140
lungn3711.jpeg,1,897
lungn238.jpeg,1,815
lungscc3220.jpeg,2,1125
lungn506.jpeg,1,967
lungaca112.jpeg,0,629
lungscc1735.jpeg,2,1119
lungscc2645.jpeg,2,1127
lungscc1084.jpeg,2,1237
lungn2350.jpeg,1,808
lungn503.jpeg,1,888
lungscc1771.jpeg,2,1077
lungaca664.jpeg,0,578
lungscc777.jpeg,2,1068
lungaca2690.jpeg,0,697
lungaca1876.jpeg,0,537
lungscc3765.jpeg,2,1092
lungn447.jpeg,1,861
lungscc3872.jpeg,2,1093
lungn1112.jpeg,1,940
lungn2215.jpeg,1,947
lungn4772.jpeg,1,946
lungscc3034.jpeg,2,1114
lungn1417.jpeg,1,951
lungscc727.jpeg,2,1135
lungscc4437.jpeg,2,1040
lungaca3453.jpeg,0,618
lungaca1969.jpeg,0,642
lungscc1517.jpeg,2,1021
lungn3520.jpeg,1,750
lungn3018.jpeg,1,853
lungscc772.jpeg,2,1017
lungn2672.jpeg,1,788
lungscc3313.jpeg,2,1169
lungaca4486.jpeg,0,525
lungn546.jpeg,1,956
lungaca4552.jpeg,0,686
lungaca3955.jpeg,0,594
lungscc1175.jpeg,2,1166
lungscc3058.jpeg,2,1229
lungn3166.jpeg,1,810
lungaca4764.jpeg,0,581
lungaca3925.jpeg,0,531
lungscc2512.jpeg,2,1223
lungn1669.jpeg,1,962
lungn1782.jpeg,1,773
lungaca3644.jpeg,0,534
lungaca2637.jpeg,0,541
lungn1075.jpeg,1,763
lungscc2236.jpeg,2,1115
lungaca4462.jpeg,0,568
lungn1057.jpeg,1,870
lungn1708.jpeg,1,996
lungaca3652.jpeg,0,526
lungn4421.jpeg,1,749
lungn4630.jpeg,1,764
lungscc1279.jpeg,2,1172
lungn570.jpeg,1,982
lungn389.jpeg,1,964
lungn144.jpeg,1,753
lungaca4055.jpeg,0,645
lungscc2196.jpeg,2,1048
lungn4856.jpeg,1,832
lungn339.jpeg,1,947
lungaca4737.jpeg,0,528
lungscc4521.jpeg,2,1159
lungaca2027.jpeg,0,614
lungn2359.jpeg,1,968
lungscc1779.jpeg,2,1016
lungn3371.jpeg,1,816
lungscc61.jpeg,2,1085
lungn2684.jpeg,1,749
lungn3709.jpeg,1,849
lungaca1393.jpeg,0,600
lungscc2161.jpeg,2,1109
lungscc3110.jpeg,2,1079
lungaca3433.jpeg,0,720
lungn2763.jpeg,1,796
lungaca440.jpeg,0,635
lungn155.jpeg,1,771
lungscc4305.jpeg,2,1026
lungscc1573.jpeg,2,1030
lungn173.jpeg,1,898
lungn4405.jpeg,1,895
lungn2768.jpeg,1,752
lungn3966.jpeg,1,943
lungaca4816.jpeg,0,670
lungscc2225.jpeg,2,1025
lungaca4609.jpeg,0,522
lungaca1037.jpeg,0,536
lungn2518.jpeg,1,766
lungaca1438.jpeg,0,528
lungscc3485.jpeg,2,1211
lungaca4923.jpeg,0,742
lungaca346.jpeg,0,698
lungscc3874.jpeg,2,1128
lungscc1935.jpeg,2,1011
lungscc4108.jpeg,2,1104
lungn3561.jpeg,1,914
lungscc711.jpeg,2,1047
lungscc1898.jpeg,2,1138
lungscc1595.jpeg,2,1149
lungscc1325.jpeg,2,1147
lungaca3717.jpeg,0,552
lungaca3734.jpeg,0,527
lungscc3881.jpeg,2,1224
lungaca1941.jpeg,0,555
lungn4410.jpeg,1,852
lungaca3283.jpeg,0,682
lungaca2999.jpeg,0,630
lungscc1375.jpeg,2,1092
lungscc1008.jpeg,2,1212
lungn711.jpeg,1,814
lungscc1408.jpeg,2,1234
lungn4429.jpeg,1,862
lungn4597.jpeg,1,944
lungn378.jpeg,1,762
lungscc1259.jpeg,2,1092
lungaca912.jpeg,0,660
lungn2463.jpeg,1,763
lungscc4743.jpeg,2,1102
lungn4155.jpeg,1,782
lungn2496.jpeg,1,792
lungaca1178.jpeg,0,627
lungn2417.jpeg,1,963
lungscc3391.jpeg,2,1123
lungn4240.jpeg,1,951
lungaca362.jpeg,0,604
lungscc3779.jpeg,2,1153
lungn4197.jpeg,1,938
lungaca4308.jpeg,0,560
lungn4716.jpeg,1,849
lungn4653.jpeg,1,918
lungaca4022.jpeg,0,695
lungscc12.jpeg,2,1073
lungn672.jpeg,1,894
lungscc2552.jpeg,2,998
lungn4060.jpeg,1,913
lungn3522.jpeg,1,975
lungscc4424.jpeg,2,1057
lungscc312.jpeg,2,1041
lungaca3797.jpeg,0,717
lungscc3989.jpeg,2,1128
lungaca4636.jpeg,0,640
lungaca3540.jpeg,0,616
lungscc846.jpeg,2,1135
lungscc2966.jpeg,2,1221
lungscc4300.jpeg,2,1229
lungaca952.jpeg,0,600
lungn2607.jpeg,1,790
lungscc3189.jpeg,2,1038
lungaca281.jpeg,0,517
lungaca3178.jpeg,0,616
lungn3240.jpeg,1,821
lungaca909.jpeg,0,519
lungn777.jpeg,1,961
lungaca1414.jpeg,0,723
lungscc2285.jpeg,2,1216
lungscc4000.jpeg,2,1159
lungaca709.jpeg,0,585
lungn4324.jpeg,1,995
lungscc3475.jpeg,2,1057
lungscc373.jpeg,2,1107
lungscc4352.jpeg,2,1191
lungn2021.jpeg,1,824
lungaca2960.jpeg,0,558
lungn4499.jpeg,1,752
lungscc1741.jpeg,2,1241
lungaca1725.jpeg,0,698
lungn4729.jpeg,1,947
lungscc4070.jpeg,2,1085
lungaca3702.jpeg,0,557
lungaca4429.jpeg,0,522
lungscc2653.jpeg,2,1165
lungn1464.jpeg,1,799
lungaca4312.jpeg,0,726
lungscc3561.jpeg,2,1197
lungaca682.jpeg,0,676
lungaca4806.jpeg,0,607
lungscc4697.jpeg,2,1147
lungaca1599.jpeg,0,703
lungscc1946.jpeg,2,1145
lungaca4074.jpeg,0,628
lungaca4246.jpeg,0,534
lungscc1957.jpeg,2,1106
lungaca2849.jpeg,0,728
lungaca97.jpeg,0,557
lungscc2016.jpeg,2,1123
lungn2963.jpeg,1,936
lungscc510.jpeg,2,1226
lungaca302.jpeg,0,647
lungn2681.jpeg,1,944
lungn3572.jpeg,1,754
lungscc2111.jpeg,2,999
lungaca3563.jpeg,0,549
lungscc3024.jpeg,2,1233
lungn1042.jpeg,1,756
lungscc911.jpeg,2,1004
lungaca4630.jpeg,0,524
lungscc3256.jpeg,2,1211
lungn2702.jpeg,1,848
lungscc250.jpeg,2,1157
lungscc3173.jpeg,2,1080
lungscc2745.jpeg,2,1104
lungn2081.jpeg,1,807
lungscc626.jpeg,2,1203
lungaca835.jpeg,0,590
lungn204.jpeg,1,770
lungscc2253.jpeg,2,1205
lungaca3874.jpeg,0,631
lungaca1533.jpeg,0,520
lungn556.jpeg,1,991
lungaca1687.jpeg,0,713
lungaca3457.jpeg,0,688
lungn4645.jpeg,1,825
lungaca985.jpeg,0,668
lungscc4801.jpeg,2,1173
lungaca3167.jpeg,0,665
lungn3280.jpeg,1,959
lungn3599.jpeg,1,787
lungscc3840.jpeg,2,1161
lungscc2756.jpeg,2,1131
lungaca4692.jpeg,0,626
lungn641.jpeg,1,935
lungscc775.jpeg,2,1089
lungscc553.jpeg,2,1110
lungscc4136.jpeg,2,1011
lungaca514.jpeg,0,511
lungscc195.jpeg,2,1169
lungscc3444.jpeg,2,1104
lungaca4819.jpeg,0,549
lungn1586.jpeg,1,754
lungscc2029.jpeg,2,1143
lungn4782.jpeg,1,993
lungn3290.jpeg,1,967
lungaca116.jpeg,0,573
lungn3464.jpeg,1,775
lungscc1678.jpeg,2,1182
lungscc3888.jpeg,2,1064
lungn2022.jpeg,1,912
lungscc1352.jpeg,2,1099
lungscc3422.jpeg,2,1070
lungaca2347.jpeg,0,731
lungaca3119.jpeg,0,675
lungaca4117.jpeg,0,649
lungscc3481.jpeg,2,1055
lungscc875.jpeg,2,1175
lungaca163.jpeg,0,681
lungscc907.jpeg,2,1009
lungscc769.jpeg,2,1092
lungn1566.jpeg,1,893
lungscc3098.jpeg,2,1159
lungscc4455.jpeg,2,1114
lungscc453.jpeg,2,1144
lungn1292.jpeg,1,897
lungscc3940.jpeg,2,1060
lungn1480.jpeg,1,922
lungscc2607.jpeg,2,1163
lungscc1645.jpeg,2,1045
lungn1060.jpeg,1,820
lungaca1487.jpeg,0,614
lungaca3123.jpeg,0,569
lungscc1390.jpeg,2,1057
lungn2256.jpeg,1,749
lungaca290.jpeg,0,721
lungscc211.jpeg,2,1144
lungaca4686.jpeg,0,666
lungaca4399.jpeg,0,535
lungscc1526.jpeg,2,1050
lungaca3292.jpeg,0,605
lungn1964.jpeg,1,813
lungn2347.jpeg,1,891
lungscc3400.jpeg,2,1164
lungaca568.jpeg,0,556
lungaca4104.jpeg,0,583
lungaca4908.jpeg,0,528
lungscc4741.jpeg,2,1104
lungscc4666.jpeg,2,1099
lungn2157.jpeg,1,919
lungn2193.jpeg,1,972
lungscc4903.jpeg,2,1156
lungn2851.jpeg,1,777
lungscc4986.jpeg,2,1079
lungn2178.jpeg,1,963
lungscc983.jpeg,2,1201
lungaca1097.jpeg,0,634
lungscc796.jpeg,2,1063
lungscc3666.jpeg,2,1099
lungscc451.jpeg,2,1244
lungaca2085.jpeg,0,572
lungscc1615.jpeg,2,1079
lungscc855.jpeg,2,1194
lungn4099.jpeg,1,825
lungscc1041.jpeg,2,1063
lungn4259.jpeg,1,931
lungaca3531.jpeg,0,665
lungn1981.jpeg,1,843
lungaca1990.jpeg,0,734
lungaca474.jpeg,0,586
lungaca2920.jpeg,0,509
lungn1061.jpeg,1,942
lungaca2733.jpeg,0,533
lungscc2590.jpeg,2,1115
lungscc4208.jpeg,2,1056
lungn3012.jpeg,1,923
lungscc2896.jpeg,2,1046
lungscc4502.jpeg,2,1049
lungn2271.jpeg,1,926
lungn3954.jpeg,1,903
lungscc4514.jpeg,2,1024
lungscc2017.jpeg,2,1053
lungscc385.jpeg,2,1220
lungaca282.jpeg,0,580
lungn2082.jpeg,1,959
lungn1636.jpeg,1,856
lungaca2508.jpeg,0,641
lungscc4564.jpeg,2,1186
lungaca172.jpeg,0,611
lungaca783.jpeg,0,707
lungaca4168.jpeg,0,689
lungscc1090.jpeg,2,1139
lungn1352.jpeg,1,864
lungaca320.jpeg,0,635
lungscc4959.jpeg,2,1187
lungn2045.jpeg,1,764
lungscc3413.jpeg,2,1035
lungn4274.jpeg,1,934
lungaca3485.jpeg,0,685
lungn2641.jpeg,1,981
lungn4021.jpeg,1,823
lungaca2550.jpeg,0,673
lungn3886.jpeg,1,966
lungaca1081.jpeg,0,701
lungn4844.jpeg,1,858
lungn1286.jpeg,1,967
lungscc117.jpeg,2,1127
lungaca4797.jpeg,0,687
lungn4470.jpeg,1,882
lungn2283.jpeg,1,803
lungaca1366.jpeg,0,628
lungscc4498.jpeg,2,1052
lungaca3616.jpeg,0,521
lungn4798.jpeg,1,962
lungn3936.jpeg,1,890
lungn1958.jpeg,1,912
lungscc4296.jpeg,2,1121
lungaca4769.jpeg,0,567
lungaca3840.jpeg,0,656
lungn3106.jpeg,1,878
lungn3611.jpeg,1,841
lungn1726.jpeg,1,926
lungn3215.jpeg,1,765
lungscc3650.jpeg,2,1153
lungaca4746.jpeg,0,634
lungscc4752.jpeg,2,1195
lungscc781.jpeg,2,1199
lungaca3466.jpeg,0,557
lungaca3001.jpeg,0,514
lungscc4966.jpeg,2,1163
lungaca253.jpeg,0,618
lungscc2379.jpeg,2,1235
lungn4919.jpeg,1,833
lungn3105.jpeg,1,883
lungaca4262.jpeg,0,629
lungaca4239.jpeg,0,520
lungn1583.jpeg,1,788
lungscc2509.jpeg,2,1012
lungn1327.jpeg,1,790
lungaca918.jpeg,0,722
lungaca3903.jpeg,0,589
lungn4422.jpeg,1,819
lungaca964.jpeg,0,568
lungn2600.jpeg,1,827
lungaca1569.jpeg,0,685
lungscc3565.jpeg,2,1028
lungaca1356.jpeg,0,659
lungn4623.jpeg,1,803
lungaca1104.jpeg,0,717
lungn1510.jpeg,1,930
lungn4738.jpeg,1,984
lungaca919.jpeg,0,587
lungaca2386.jpeg,0,513
lungn762.jpeg,1,794
lungn3552.jpeg,1,931
lungscc1902.jpeg,2,1007
lungscc2478.jpeg,2,1220
lungn4178.jpeg,1,749
lungscc766.jpeg,2,1018
lungscc507.jpeg,2,1021
lungn3669.jpeg,1,917
lungn4705.jpeg,1,799
lungaca4864.jpeg,0,692
lungaca4060.jpeg,0,730
lungscc4429.jpeg,2,1115
lungn438.jpeg,1,762
lungscc4299.jpeg,2,1228
lungscc2899.jpeg,2,1220
lungn127.jpeg,1,799
lungn1188.jpeg,1,916
lungn2279.jpeg,1,916
lungaca4256.jpeg,0,668
lungscc1303.jpeg,2,1149
lungaca4915.jpeg,0,573
lungaca1202.jpeg,0,541
lungn3974.jpeg,1,889
lungaca873.jpeg,0,656
lungn992.jpeg,1,861
lungscc549.jpeg,2,1005
lungscc1288.jpeg,2,1189
lungaca2369.jpeg,0,631
lungscc1815.jpeg,2,1115
lungaca3278.jpeg,0,659
lungn1642.jpeg,1,901
lungn1481.jpeg,1,994
lungaca1163.jpeg,0,683
lungscc2105.jpeg,2,1002
lungaca615.jpeg,0,705
lungaca1922.jpeg,0,708
lungaca2405.jpeg,0,566
lungscc4053.jpeg,2,1171
lungn4891.jpeg,1,852
lungn4503.jpeg,1,917
lungscc2380.jpeg,2,1076
lungaca4292.jpeg,0,703
lungscc3999.jpeg,2,1112
lungn475.jpeg,1,839
lungaca1906.jpeg,0,641
lungn236.jpeg,1,894
lungn2735.jpeg,1,972
lungn3209.jpeg,1,846
lungn673.jpeg,1,932
lungn838.jpeg,1,974
lungn3118.jpeg,1,800
lungscc4165.jpeg,2,1138
lungn1653.jpeg,1,951
lungaca2315.jpeg,0,593
lungaca530.jpeg,0,560
lungn4755.jpeg,1,826
lungscc650.jpeg,2,1193
lungn707.jpeg,1,828
lungaca4310.jpeg,0,710
lungn1170.jpeg,1,858
lungscc3531.jpeg,2,1228
lungn2040.jpeg,1,759
lungn4364.jpeg,1,787
lungn2517.jpeg,1,942
lungscc4732.jpeg,2,1140
lungscc1378.jpeg,2,1083
lungscc1244.jpeg,2,1138
lungscc3503.jpeg,2,1123
lungn4923.jpeg,1,933
lungscc4379.jpeg,2,1217
lungaca3562.jpeg,0,598
lungaca2270.jpeg,0,560
lungscc4750.jpeg,2,1143
lungn4723.jpeg,1,920
lungscc3405.jpeg,2,1092
lungaca1384.jpeg,0,694
lungn3908.jpeg,1,832
lungaca230.jpeg,0,532
lungn2895.jpeg,1,893
lungaca2317.jpeg,0,572
lungscc4471.jpeg,2,1196
lungn327.jpeg,1,802
lungn1307.jpeg,1,843
lungn3399.jpeg,1,871
lungn4002.jpeg,1,883
lungn1084.jpeg,1,936
lungn1100.jpeg,1,901
lungscc2013.jpeg,2,1140
lungn2383.jpeg,1,940
lungn2937.jpeg,1,820
lungaca3990.jpeg,0,556
lungn4934.jpeg,1,814
lungaca4219.jpeg,0,669
lungn418.jpeg,1,868
lungscc1118.jpeg,2,1052
lungscc2671.jpeg,2,1045
lungscc4771.jpeg,2,1180
lungaca495.jpeg,0,640
lungn3250.jpeg,1,783
lungaca2206.jpeg,0,745
lungaca3968.jpeg,0,633
lungscc984.jpeg,2,1055
lungscc4831.jpeg,2,1063
lungaca1319.jpeg,0,695
lungn4175.jpeg,1,867
lungn4881.jpeg,1,761
lungscc4908.jpeg,2,1006
lungn3456.jpeg,1,854
lungn4158.jpeg,1,758
lungscc171.jpeg,2,1012
lungn2200.jpeg,1,885
lungaca4500.jpeg,0,726
lungscc4272.jpeg,2,1192
lungn624.jpeg,1,756
lungn3830.jpeg,1,976
lungn4181.jpeg,1,967
lungn4549.jpeg,1,912
lungscc3751.jpeg,2,1016
lungaca4130.jpeg,0,665
lungn2148.jpeg,1,958
lungn424.jpeg,1,939
lungscc573.jpeg,2,1215
lungaca2673.jpeg,0,599
lungn4504.jpeg,1,937
lungscc4555.jpeg,2,1138
lungn441.jpeg,1,802
lungscc3662.jpeg,2,1063
lungaca167.jpeg,0,614
lungscc1793.jpeg,2,1122
lungaca3618.jpeg,0,733
lungscc1528.jpeg,2,998
lungaca3199.jpeg,0,643
lungaca500.jpeg,0,576
lungn3125.jpeg,1,933
lungscc4325.jpeg,2,1071
lungscc2837.jpeg,2,1166
lungaca4324.jpeg,0,742
lungscc2776.jpeg,2,1099
lungaca2440.jpeg,0,564
lungn4346.jpeg,1,890
lungaca3194.jpeg,0,647
lungscc3217.jpeg,2,1114
lungn2330.jpeg,1,864
lungscc2524.jpeg,2,1177
lungscc3467.jpeg,2,1127
lungscc646.jpeg,2,1073
lungaca4871.jpeg,0,521
lungn3975.jpeg,1,889
lungaca2746.jpeg,0,665
lungaca4601.jpeg,0,597
lungscc3049.jpeg,2,1081
lungn911.jpeg,1,869
lungscc3719.jpeg,2,1136
lungn4163.jpeg,1,865
lungscc132.jpeg,2,1203
lungaca2175.jpeg,0,707
lungscc1453.jpeg,2,1200
lungscc432.jpeg,2,1183
lungn1678.jpeg,1,857
lungaca123.jpeg,0,623
lungscc2733.jpeg,2,1001
lungscc2525.jpeg,2,1172
lungscc2603.jpeg,2,1192
lungaca850.jpeg,0,741
lungn3438.jpeg,1,816
lungn2202.jpeg,1,818
lungscc996.jpeg,2,1242
lungn4507.jpeg,1,868
lungn4977.jpeg,1,857
lungn4187.jpeg,1,858
lungaca1247.jpeg,0,671
lungaca1405.jpeg,0,530
lungaca3864.jpeg,0,550
lungscc4584.jpeg,2,1196
lungaca4680.jpeg,0,656
lungn1143.jpeg,1,822
lungscc3013.jpeg,2,1107
lungscc3952.jpeg,2,1113
lungaca2784.jpeg,0,539
lungscc85.jpeg,2,1197
lungaca4319.jpeg,0,695
lungaca832.jpeg,0,633
lungaca1529.jpeg,0,637
lungscc2246.jpeg,2,1029
lungscc3205.jpeg,2,1168
lungaca3451.jpeg,0,576
lungscc880.jpeg,2,1093
lungaca3741.jpeg,0,705
lungaca3757.jpeg,0,661
lungaca3121.jpeg,0,606
lungaca3730.jpeg,0,540
lungn2966.jpeg,1,865
lungscc1061.jpeg,2,1192
lungaca1777.jpeg,0,715
lungn3354.jpeg,1,940
lungaca4283.jpeg,0,533
lungscc1888.jpeg,2,1040
lungn2609.jpeg,1,925
lungaca4299.jpeg,0,681
lungscc788.jpeg,2,1033
lungscc1001.jpeg,2,1205
lungaca4717.jpeg,0,511
lungaca303.jpeg,0,720
lungscc3142.jpeg,2,1056
lungn2226.jpeg,1,855
lungscc1559.jpeg,2,1229
lungscc1142.jpeg,2,1171
lungn1581.jpeg,1,859
lungaca2047.jpeg,0,632
lungscc1411.jpeg,2,1049
lungaca1573.jpeg,0,545
lungscc4960.jpeg,2,1187
lungn1994.jpeg,1,929
lungaca2731.jpeg,0,599
lungn1397.jpeg,1,829
lungaca1383.jpeg,0,606
lungscc4915.jpeg,2,1123
lungn370.jpeg,1,789
lungn950.jpeg,1,759
lungscc330.jpeg,2,1048
lungaca3541.jpeg,0,541
lungn3695.jpeg,1,815
lungn489.jpeg,1,932
lungn1893.jpeg,1,818
lungscc1045.jpeg,2,1095
lungaca1271.jpeg,0,626
lungscc1023.jpeg,2,1079
lungscc2934.jpeg,2,1078
lungscc4615.jpeg,2,1049
lungscc514.jpeg,2,1174
lungaca2058.jpeg,0,539
lungscc1624.jpeg,2,1127
lungaca2299.jpeg,0,531
lungscc2328.jpeg,2,1035
lungn4965.jpeg,1,793
lungscc4687.jpeg,2,1148
lungscc11.jpeg,2,1090
lungn4278.jpeg,1,779
lungscc494.jpeg,2,1169
lungaca4290.jpeg,0,661
lungn1496.jpeg,1,965
lungaca1417.jpeg,0,622
lungscc3127.jpeg,2,1200
lungn1546.jpeg,1,771
lungn3884.jpeg,1,854
lungaca2952.jpeg,0,731
lungn1222.jpeg,1,871
lungn3131.jpeg,1,831
lungaca4820.jpeg,0,600
lungn2589.jpeg,1,797
lungaca2948.jpeg,0,596
lungn2969.jpeg,1,801
lungn2290.jpeg,1,941
lungn4209.jpeg,1,760
lungaca2417.jpeg,0,521
lungn1001.jpeg,1,873
lungaca2653.jpeg,0,545
lungn4471.jpeg,1,792
lungn495.jpeg,1,854
lungscc842.jpeg,2,1147
lungn3610.jpeg,1,823
lungn1258.jpeg,1,757
lungn4698.jpeg,1,769
lungaca2980.jpeg,0,729
lungaca2846.jpeg,0,567
lungscc576.jpeg,2,1084
lungaca4883.jpeg,0,546
lungn3093.jpeg,1,901
lungn2145.jpeg,1,802
lungscc1786.jpeg,2,1064
lungn1814.jpeg,1,780
lungn1747.jpeg,1,855
lungaca599.jpeg,0,735
lungaca4098.jpeg,0,740
lungaca357.jpeg,0,579
lungscc3700.jpeg,2,1121
lungscc2902.jpeg,2,1132
lungaca2504.jpeg,0,744
lungscc1043.jpeg,2,1075
lungaca4188.jpeg,0,591
lungaca3407.jpeg,0,580
lungscc706.jpeg,2,1014
lungn1743.jpeg,1,797
lungn3961.jpeg,1,766
lungaca1092.jpeg,0,551
lungscc1234.jpeg,2,1045
lungaca4800.jpeg,0,573
lungn4057.jpeg,1,750
lungaca1693.jpeg,0,735
lungaca3429.jpeg,0,590
lungaca2801.jpeg,0,660
lungaca245.jpeg,0,646
lungn4580.jpeg,1,801
lungn905.jpeg,1,799
lungscc202.jpeg,2,1098
lungn2852.jpeg,1,779
lungscc3351.jpeg,2,1024
lungn310.jpeg,1,882
lungaca1289.jpeg,0,741
lungaca371.jpeg,0,743
lungscc1196.jpeg,2,1188
lungscc2055.jpeg,2,1095
lungn4830.jpeg,1,966
lungscc2715.jpeg,2,1094
lungn3406.jpeg,1,817
lungn309.jpeg,1,825
lungn956.jpeg,1,868
lungaca542.jpeg,0,694
lungaca3738.jpeg,0,563
lungn1479.jpeg,1,870
lungscc60.jpeg,2,1033
lungaca894.jpeg,0,699
lungscc4356.jpeg,2,1122
lungscc936.jpeg,2,1146
lungscc1170.jpeg,2,1095
lungaca702.jpeg,0,614
lungn3687.jpeg,1,804
lungaca4305.jpeg,0,642
lungaca4338.jpeg,0,680
lungn599.jpeg,1,929
lungn2472.jpeg,1,917
lungscc1523.jpeg,2,1205
lungaca2623.jpeg,0,697
lungn3037.jpeg,1,756
lungscc1429.jpeg,2,1213
lungn2595.jpeg,1,751
lungaca4473.jpeg,0,546
lungaca2264.jpeg,0,525
lungaca2528.jpeg,0,632
lungaca1634.jpeg,0,595
lungaca2848.jpeg,0,618
lungaca3073.jpeg,0,555
lungscc4446.jpeg,2,1204
lungaca1316.jpeg,0,616
lungscc3717.jpeg,2,1059
lungscc3965.jpeg,2,1156
lungscc2158.jpeg,2,1078
lungaca2554.jpeg,0,546
lungaca869.jpeg,0,605
lungaca2164.jpeg,0,578
lungscc937.jpeg,2,1046
lungn1889.jpeg,1,902
lungaca4640.jpeg,0,689
lungaca4772.jpeg,0,631
lungscc2919.jpeg,2,1125
lungscc146.jpeg,2,1052
lungscc839.jpeg,2,1025
lungscc1460.jpeg,2,1038
lungscc2834.jpeg,2,1198
lungaca2612.jpeg,0,613
lungscc2770.jpeg,2,1038
lungn550.jpeg,1,859
lungscc4952.jpeg,2,1041
lungscc1161.jpeg,2,1118
lungn2835.jpeg,1,832
lungn2948.jpeg,1,763
lungaca1975.jpeg,0,653
lungaca2297.jpeg,0,680
lungscc335.jpeg,2,1014
lungn4702.jpeg,1,830
lungn2877.jpeg,1,786
lungaca4638.jpeg,0,569
lungscc150.jpeg,2,1045
lungscc4166.jpeg,2,1232
lungscc4785.jpeg,2,1028
lungscc1755.jpeg,2,1160
lungscc2108.jpeg,2,1178
lungaca4669.jpeg,0,745
lungn4223.jpeg,1,779
lungscc698.jpeg,2,1020
lungscc263.jpeg,2,1001
lungaca3085.jpeg,0,625
lungscc1448.jpeg,2,1067
lungaca1358.jpeg,0,557
lungaca2410.jpeg,0,607
lungn891.jpeg,1,893
lungn259.jpeg,1,982
lungn1005.jpeg,1,953
lungaca3942.jpeg,0,712
lungscc351.jpeg,2,1227
lungn4369.jpeg,1,907
lungn2419.jpeg,1,898
lungaca4561.jpeg,0,721
lungn3272.jpeg,1,776
lungn3017.jpeg,1,764
lungaca3101.jpeg,0,536
lungscc4946.jpeg,2,1190
lungn742.jpeg,1,849
lungn3327.jpeg,1,761
lungscc3063.jpeg,2,1011
lungn2482.jpeg,1,827
lungscc547.jpeg,2,1085
lungaca2025.jpeg,0,536
lungscc4288.jpeg,2,1159
lungaca1571.jpeg,0,606
lungn2523.jpeg,1,763
lungn532.jpeg,1,917
lungn3770.jpeg,1,770
lungscc4380.jpeg,2,1132
lungscc269.jpeg,2,1013
lungn1332.jpeg,1,789
lungaca4885.jpeg,0,661
lungaca2030.jpeg,0,561
lungn1881.jpeg,1,966
lungaca358.jpeg,0,574
lungn800.jpeg,1,753
lungn884.jpeg,1,931
lungscc677.jpeg,2,1034
lungaca658.jpeg,0,692
lungaca3737.jpeg,0,669
lungscc1182.jpeg,2,1006
lungscc3059.jpeg,2,1004
lungaca2755.jpeg,0,585
lungscc4755.jpeg,2,1196
lungn4501.jpeg,1,962
lungn3543.jpeg,1,796
lungscc3718.jpeg,2,1030
lungn3564.jpeg,1,893
lungscc3154.jpeg,2,1163
lungn646.jpeg,1,979
lungn2061.jpeg,1,860
lungaca4546.jpeg,0,698
lungn2606.jpeg,1,761
lungaca2933.jpeg,0,528
lungn458.jpeg,1,979
lungscc1568.jpeg,2,1113
lungaca2468.jpeg,0,692
lungn1115.jpeg,1,964
lungaca2309.jpeg,0,723
lungscc2957.jpeg,2,1239
lungscc4353.jpeg,2,1064
lungn1579.jpeg,1,839
lungscc2927.jpeg,2,1159
lungaca633.jpeg,0,509
lungn816.jpeg,1,933
lungscc1376.jpeg,2,1133
lungscc423.jpeg,2,1210
lungaca3537.jpeg,0,580
lungscc1616.jpeg,2,1124
lungaca2802.jpeg,0,518
lungaca291.jpeg,0,507
lungaca3792.jpeg,0,549
lungaca3014.jpeg,0,727
lungaca4412.jpeg,0,519
lungscc4016.jpeg,2,1222
lungaca3131.jpeg,0,669
lungscc1254.jpeg,2,1037
lungscc3912.jpeg,2,1105
lungn2396.jpeg,1,947
lungscc2787.jpeg,2,1163
lungaca3708.jpeg,0,611
lungscc567.jpeg,2,1013
lungaca2739.jpeg,0,508
lungn428.jpeg,1,956
lungn1495.jpeg,1,759
lungaca412.jpeg,0,561
lungscc2199.jpeg,2,1176
lungaca2587.jpeg,0,569
lungscc2881.jpeg,2,1222
lungaca3114.jpeg,0,589
lungscc4263.jpeg,2,1042
lungaca4267.jpeg,0,735
lungn2922.jpeg,1,955
lungn4603.jpeg,1,903
lungn4272.jpeg,1,782
lungn2788.jpeg,1,822
lungaca1159.jpeg,0,530
lungscc433.jpeg,2,1011
lungscc3657.jpeg,2,1161
lungn2941.jpeg,1,796
lungaca4189.jpeg,0,570
lungscc972.jpeg,2,1060
lungn4475.jpeg,1,892
lungn3890.jpeg,1,818
lungn3398.jpeg,1,749
lungn3077.jpeg,1,812
lungn1361.jpeg,1,912
lungscc1515.jpeg,2,1107
lungscc4706.jpeg,2,1078
lungn824.jpeg,1,794
lungaca2595.jpeg,0,643
lungn4757.jpeg,1,847
lungscc4899.jpeg,2,1087
lungscc1011.jpeg,2,1014
lungaca4427.jpeg,0,744
lungaca3559.jpeg,0,731
lungscc30.jpeg,2,1049
lungaca967.jpeg,0,696
lungscc2102.jpeg,2,1161
lungaca2149.jpeg,0,522
lungn4697.jpeg,1,769
lungaca2291.jpeg,0,524
lungaca4123.jpeg,0,682
lungscc1323.jpeg,2,1122
lungaca4538.jpeg,0,509
lungn1382.jpeg,1,838
lungn2379.jpeg,1,883
lungscc1349.jpeg,2,1074
lungn3389.jpeg,1,892
lungscc1256.jpeg,2,1236
lungaca4662.jpeg,0,619
lungn2037.jpeg,1,953
lungn115.jpeg,1,827
lungscc2427.jpeg,2,1019
lungscc2400.jpeg,2,1165
lungaca3130.jpeg,0,652
lungn4299.jpeg,1,975
lungscc400.jpeg,2,1104
lungn2816.jpeg,1,877
lungscc4568.jpeg,2,1125
lungaca3758.jpeg,0,524
lungaca2390.jpeg,0,665
lungaca3632.jpeg,0,662
lungn1869.jpeg,1,968
lungn3411.jpeg,1,877
lungscc3066.jpeg,2,1005
lungaca4202.jpeg,0,719
lungn736.jpeg,1,775
lungn4651.jpeg,1,807
lungn2693.jpeg,1,883
lungscc1368.jpeg,2,1243
lungn1436.jpeg,1,884
lungn2958.jpeg,1,889
lungaca2205.jpeg,0,747
lungaca1031.jpeg,0,671
lungscc3780.jpeg,2,1078
lungaca1461.jpeg,0,737
lungn2729.jpeg,1,930
lungn3863.jpeg,1,847
lungscc2387.jpeg,2,1139
lungn340.jpeg,1,935
lungscc1828.jpeg,2,1132
lungaca1673.jpeg,0,525
lungaca2308.jpeg,0,645
lungscc200.jpeg,2,1074
lungscc2230.jpeg,2,1026
lungn4090.jpeg,1,838
lungn2960.jpeg,1,784
lungn4685.jpeg,1,774
lungaca2791.jpeg,0,696
lungscc2113.jpeg,2,1015
lungscc3150.jpeg,2,1233
lungscc2418.jpeg,2,1029
lungn2863.jpeg,1,901
lungaca1139.jpeg,0,691
lungscc3436.jpeg,2,1144
lungn71.jpeg,1,961
lungn4386.jpeg,1,969
lungaca910.jpeg,0,562
lungscc4242.jpeg,2,1228
lungaca945.jpeg,0,512
lungscc2652.jpeg,2,1005
lungscc785.jpeg,2,1184
lungn2859.jpeg,1,776
lungscc4661.jpeg,2,1043
lungn2823.jpeg,1,942
lungaca1053.jpeg,0,565
lungaca1807.jpeg,0,539
lungn2747.jpeg,1,883
lungscc813.jpeg,2,1217
lungn3021.jpeg,1,808
lungaca4129.jpeg,0,648
lungaca449.jpeg,0,645
lungscc1353.jpeg,2,1046
lungn3867.jpeg,1,761
lungscc3891.jpeg,2,1079
lungn585.jpeg,1,916
lungscc714.jpeg,2,1171
lungscc3744.jpeg,2,1050
lungaca2949.jpeg,0,727
lungaca719.jpeg,0,566
lungscc2228.jpeg,2,1210
lungaca3574.jpeg,0,673
lungn183.jpeg,1,945
lungn3066.jpeg,1,857
lungaca3817.jpeg,0,636
lungaca3116.jpeg,0,666
lungaca4523.jpeg,0,537
lungscc1983.jpeg,2,1210
lungn1509.jpeg,1,930
lungn2670.jpeg,1,895
lungaca4178.jpeg,0,613
lungscc2209.jpeg,2,1024
lungscc3402.jpeg,2,1236
lungscc1427.jpeg,2,1232
lungscc1611.jpeg,2,1012
lungaca4131.jpeg,0,614
lungaca4710.jpeg,0,627
lungscc4426.jpeg,2,1038
lungscc4280.jpeg,2,1032
lungn2794.jpeg,1,925
lungaca4241.jpeg,0,722
lungscc2741.jpeg,2,1101
lungscc1813.jpeg,2,1070
lungscc826.jpeg,2,1134
lungaca35.jpeg,0,639
lungaca4157.jpeg,0,720
lungn1834.jpeg,1,903
lungaca2200.jpeg,0,682
lungaca1601.jpeg,0,587
lungn270.jpeg,1,942
lungaca50.jpeg,0,528
lungn847.jpeg,1,932
lungaca2078.jpeg,0,639
lungaca2648.jpeg,0,725
lungaca2761.jpeg,0,735
lungscc4895.jpeg,2,1043
lungscc1236.jpeg,2,1233
lungscc4560.jpeg,2,1176
lungscc612.jpeg,2,1085
lungn671.jpeg,1,829
lungaca1447.jpeg,0,742
lungaca226.jpeg,0,586
lungscc486.jpeg,2,1153
lungn4849.jpeg,1,800
lungn1393.jpeg,1,826
lungaca3096.jpeg,0,612
lungaca4580.jpeg,0,617
lungscc4616.jpeg,2,1049
lungaca3273.jpeg,0,564
lungn4361.jpeg,1,964
lungaca2004.jpeg,0,618
lungaca3169.jpeg,0,510
lungn1254.jpeg,1,838
lungscc582.jpeg,2,1148
lungaca1612.jpeg,0,629
lungaca840.jpeg,0,683
lungscc1919.jpeg,2,1196
lungscc3446.jpeg,2,1102
lungscc4660.jpeg,2,1096
lungn4321.jpeg,1,841
lungn1409.jpeg,1,892
lungaca4095.jpeg,0,549
lungn766.jpeg,1,853
lungscc95.jpeg,2,1014
lungn4539.jpeg,1,903
lungscc2186.jpeg,2,1174
lungn465.jpeg,1,757
lungscc2943.jpeg,2,1136
lungscc2039.jpeg,2,1228
lungaca3642.jpeg,0,704
lungscc2193.jpeg,2,1019
lungn2871.jpeg,1,871
lungn4589.jpeg,1,789
lungn4780.jpeg,1,810
lungaca4722.jpeg,0,664
lungscc2177.jpeg,2,1074
lungn2673.jpeg,1,789
lungn3550.jpeg,1,832
lungaca1036.jpeg,0,738
lungn1080.jpeg,1,984
lungscc4819.jpeg,2,1062
lungaca2095.jpeg,0,736
lungaca1809.jpeg,0,740
lungaca3984.jpeg,0,558
lungn3871.jpeg,1,801
lungaca3481.jpeg,0,585
lungscc4906.jpeg,2,1187
lungaca4482.jpeg,0,572
lungn2195.jpeg,1,852
lungaca4893.jpeg,0,715
lungscc3707.jpeg,2,1151
lungn4293.jpeg,1,876
lungscc3262.jpeg,2,1242
lungscc3050.jpeg,2,1017
lungaca3751.jpeg,0,673
lungn3901.jpeg,1,927
lungn2696.jpeg,1,920
lungaca635.jpeg,0,659
lungscc4245.jpeg,2,1126
lungn364.jpeg,1,790
lungaca3670.jpeg,0,720
lungaca3971.jpeg,0,732
lungscc4923.jpeg,2,1018
lungn1347.jpeg,1,976
lungn1445.jpeg,1,985
lungscc2945.jpeg,2,1189
lungaca1335.jpeg,0,588
lungscc2606.jpeg,2,1033
lungaca2114.jpeg,0,529
lungn3700.jpeg,1,776
lungscc2963.jpeg,2,1072
lungscc1168.jpeg,2,1142
lungscc4001.jpeg,2,1010
lungaca1651.jpeg,0,667
lungaca286.jpeg,0,726
lungscc2306.jpeg,2,1072
lungaca1886.jpeg,0,667
lungscc4005.jpeg,2,1079
lungaca3066.jpeg,0,623
lungn1714.jpeg,1,842
lungn4415.jpeg,1,807
lungn1083.jpeg,1,941
lungn4426.jpeg,1,883
lungaca1830.jpeg,0,524
lungn2322.jpeg,1,908
lungaca4569.jpeg,0,634
lungaca2493.jpeg,0,673
lungaca3.jpeg,0,716
lungn4190.jpeg,1,907
lungn291.jpeg,1,760
lungscc708.jpeg,2,1093
lungn1161.jpeg,1,888
lungscc2928.jpeg,2,1039
lungaca4743.jpeg,0,589
lungn1341.jpeg,1,913
lungscc862.jpeg,2,1058
lungaca4450.jpeg,0,578
lungaca677.jpeg,0,737
lungscc1385.jpeg,2,1151
lungscc4734.jpeg,2,1158
lungscc4627.jpeg,2,1076
lungn4455.jpeg,1,814
lungn4054.jpeg,1,971
lungaca2682.jpeg,0,562
lungscc4932.jpeg,2,1185
lungn2713.jpeg,1,995
lungn343.jpeg,1,866
lungn3647.jpeg,1,819
lungn909.jpeg,1,852
lungaca1280.jpeg,0,550
lungn2221.jpeg,1,768
lungn4785.jpeg,1,861
lungaca1514.jpeg,0,724
lungscc2803.jpeg,2,1037
lungscc2240.jpeg,2,1198
lungscc4769.jpeg,2,1169
lungaca3965.jpeg,0,675
lungn1412.jpeg,1,911
lungn2508.jpeg,1,973
lungn4565.jpeg,1,855
lungscc3078.jpeg,2,1239
lungaca4437.jpeg,0,528
lungaca2655.jpeg,0,632
lungn4971.jpeg,1,800
lungscc1773.jpeg,2,1082
lungaca231.jpeg,0,620
lungscc2829.jpeg,2,1240
lungscc3570.jpeg,2,1093
lungn971.jpeg,1,894
lungaca2614.jpeg,0,636
lungaca2222.jpeg,0,578
lungscc1107.jpeg,2,1063
lungaca4558.jpeg,0,551
lungaca2413.jpeg,0,632
lungn4176.jpeg,1,811
lungaca3826.jpeg,0,654
lungaca4829.jpeg,0,601
lungscc3987.jpeg,2,1101
lungscc1844.jpeg,2,1093
lungn3629.jpeg,1,801
lungscc1015.jpeg,2,1235
lungn2432.jpeg,1,815
lungn4566.jpeg,1,855
lungaca4360.jpeg,0,649
lungscc4132.jpeg,2,1085
lungn2443.jpeg,1,750
lungaca1831.jpeg,0,508
lungn2036.jpeg,1,953
lungscc2561.jpeg,2,1224
lungn2498.jpeg,1,909
lungscc59.jpeg,2,1026
lungscc1614.jpeg,2,1017
lungn3785.jpeg,1,884
lungscc4267.jpeg,2,1036
lungn157.jpeg,1,797
lungscc3509.jpeg,2,1130
lungn2927.jpeg,1,913
lungaca1220.jpeg,0,521
lungscc2109.jpeg,2,1094
lungaca3982.jpeg,0,581
lungscc3797.jpeg,2,1040
lungaca1716.jpeg,0,562
lungscc2646.jpeg,2,1120
lungaca1811.jpeg,0,539
lungn23.jpeg,1,811
lungn529.jpeg,1,828
lungn873.jpeg,1,797
lungaca1908.jpeg,0,745
lungscc959.jpeg,2,1224
lungn632.jpeg,1,770
lungaca1119.jpeg,0,533
lungaca33.jpeg,0,583
lungn4656.jpeg,1,902
lungaca1914.jpeg,0,585
lungn4906.jpeg,1,964
lungaca628.jpeg,0,711
lungaca4206.jpeg,0,529
lungaca20.jpeg,0,515
lungaca3297.jpeg,0,656
lungaca3280.jpeg,0,649
lungaca1629.jpeg,0,607
lungn4931.jpeg,1,969
lungscc3028.jpeg,2,1013
lungscc3244.jpeg,2,1200
lungscc3151.jpeg,2,1205
lungscc1818.jpeg,2,1034
lungaca4813.jpeg,0,623
lungaca3985.jpeg,0,555
lungn422.jpeg,1,872
lungn1304.jpeg,1,763
lungscc4633.jpeg,2,1237
lungaca2593.jpeg,0,670
lungn3801.jpeg,1,963
lungaca2621.jpeg,0,704
lungscc2128.jpeg,2,1106
lungscc4854.jpeg,2,1217
lungn1408.jpeg,1,892
lungscc1660.jpeg,2,1212
lungscc4624.jpeg,2,1024
lungn3900.jpeg,1,772
lungaca2476.jpeg,0,646
lungscc3442.jpeg,2,1084
lungn3555.jpeg,1,783
lungaca798.jpeg,0,583
lungscc1567.jpeg,2,1108
lungaca4460.jpeg,0,705
lungaca3250.jpeg,0,607
lungaca1021.jpeg,0,741
lungaca1735.jpeg,0,616
lungscc1321.jpeg,2,1219
lungscc1101.jpeg,2,1216
lungn4777.jpeg,1,775
lungn255.jpeg,1,773
lungn2674.jpeg,1,909
lungscc2356.jpeg,2,1240
lungn2156.jpeg,1,771
lungscc3290.jpeg,2,1131
lungaca933.jpeg,0,690
lungn3182.jpeg,1,823
lungscc3574.jpeg,2,1130
lungn10.jpeg,1,931
lungn268.jpeg,1,820
lungn473.jpeg,1,806
lungscc482.jpeg,2,1008
lungscc1524.jpeg,2,1231
lungaca2344.jpeg,0,632
lungscc1593.jpeg,2,1244
lungn1513.jpeg,1,805
lungscc1607.jpeg,2,1027
lungscc4746.jpeg,2,1018
lungaca4565.jpeg,0,655
lungscc1530.jpeg,2,1019
lungn4908.jpeg,1,920
lungscc2295.jpeg,2,1088
lungaca1702.jpeg,0,734
lungscc902.jpeg,2,1223
lungn1265.jpeg,1,779
lungscc3957.jpeg,2,1070
lungscc4387.jpeg,2,1033
lungaca3731.jpeg,0,521
lungaca3915.jpeg,0,530
lungn507.jpeg,1,849
lungscc3431.jpeg,2,1146
lungscc2766.jpeg,2,1002
lungaca2001.jpeg,0,558
lungaca3381.jpeg,0,677
lungn3516.jpeg,1,966
lungscc408.jpeg,2,1010
lungn2527.jpeg,1,843
lungn549.jpeg,1,859
lungn2278.jpeg,1,823
lungscc992.jpeg,2,1245
lungscc1600.jpeg,2,1050
lungscc1174.jpeg,2,1056
lungscc4194.jpeg,2,1005
lungn966.jpeg,1,825
lungscc2178.jpeg,2,1107
lungn2596.jpeg,1,774
lungaca2224.jpeg,0,647
lungaca3163.jpeg,0,570
lungaca4288.jpeg,0,553
lungaca3012.jpeg,0,606
lungaca2278.jpeg,0,566
lungscc3621.jpeg,2,1106
lungaca3355.jpeg,0,554
lungscc4295.jpeg,2,1064
lungscc2324.jpeg,2,1237
lungscc3824.jpeg,2,1051
lungaca4041.jpeg,0,680
lungaca4626.jpeg,0,516
lungn2910.jpeg,1,945
lungn4235.jpeg,1,971
lungn2041.jpeg,1,759
lungaca3918.jpeg,0,598
lungscc3706.jpeg,2,1199
lungn3353.jpeg,1,793
lungscc4600.jpeg,2,1165
lungn4430.jpeg,1,912
lungscc3251.jpeg,2,1058
lungaca2298.jpeg,0,624
lungscc79.jpeg,2,1198
lungscc4978.jpeg,2,1064
lungn715.jpeg,1,758
lungaca3274.jpeg,0,564
lungscc1223.jpeg,2,1203
lungaca3989.jpeg,0,577
lungscc3838.jpeg,2,1120
lungscc639.jpeg,2,1003
lungscc1371.jpeg,2,1173
lungn4722.jpeg,1,920
lungscc1446.jpeg,2,1080
lungaca3476.jpeg,0,736
lungaca831.jpeg,0,606
lungn136.jpeg,1,957
lungn2166.jpeg,1,916
lungaca3883.jpeg,0,615
lungn4544.jpeg,1,858
lungaca4643.jpeg,0,599
lungn2077.jpeg,1,854
lungn2389.jpeg,1,870
lungn907.jpeg,1,901
lungscc979.jpeg,2,1005
lungaca4976.jpeg,0,647
lungscc4809.jpeg,2,1064
lungscc2706.jpeg,2,1002
lungscc1246.jpeg,2,1077
lungn4928.jpeg,1,884
lungn1667.jpeg,1,947
lungscc4754.jpeg,2,1025
lungscc290.jpeg,2,1154
lungn3525.jpeg,1,842
lungaca563.jpeg,0,568
lungscc4025.jpeg,2,1107
lungaca1800.jpeg,0,675
lungaca2045.jpeg,0,545
lungscc3463.jpeg,2,1181
lungaca3309.jpeg,0,734
lungscc897.jpeg,2,1051
lungn3069.jpeg,1,917
lungscc2397.jpeg,2,1184
lungn1071.jpeg,1,768
lungaca2320.jpeg,0,716
lungaca2928.jpeg,0,744
lungaca585.jpeg,0,561
lungaca1621.jpeg,0,708
lungaca2447.jpeg,0,513
lungscc583.jpeg,2,1104
lungaca467.jpeg,0,592
lungaca2273.jpeg,0,547
lungaca2453.jpeg,0,517
lungscc3482.jpeg,2,1041
lungn3985.jpeg,1,961
lungn3479.jpeg,1,772
lungn2006.jpeg,1,846
lungaca1519.jpeg,0,567
lungn3922.jpeg,1,963
lungscc3496.jpeg,2,1001
lungaca2381.jpeg,0,591
lungn1099.jpeg,1,867
lungn3513.jpeg,1,856
lungscc244.jpeg,2,1135
lungn3478.jpeg,1,875
lungscc323.jpeg,2,1138
lungscc4218.jpeg,2,1123
lungn1183.jpeg,1,900
lungaca4183.jpeg,0,520
lungn3415.jpeg,1,920
lungscc325.jpeg,2,1050
lungn2083.jpeg,1,876
lungaca803.jpeg,0,622
lungn4319.jpeg,1,916
lungn4017.jpeg,1,821
lungscc4995.jpeg,2,1062
lungscc1911.jpeg,2,1018
lungn1980.jpeg,1,873
lungaca3488.jpeg,0,634
lungn3968.jpeg,1,978
lungscc1835.jpeg,2,1140
lungscc307.jpeg,2,1165
lungaca3308.jpeg,0,529
lungscc3032.jpeg,2,1215
lungscc738.jpeg,2,1005
lungaca4496.jpeg,0,718
lungaca4513.jpeg,0,530
lungaca592.jpeg,0,586
lungaca3477.jpeg,0,630
lungn4459.jpeg,1,963
lungaca1691.jpeg,0,620
lungaca1422.jpeg,0,597
lungn4871.jpeg,1,850
lungn4094.jpeg,1,963
lungscc289.jpeg,2,1010
lungscc3560.jpeg,2,1149
lungaca4314.jpeg,0,547
lungn2485.jpeg,1,886
lungaca874.jpeg,0,551
lungaca2496.jpeg,0,593
lungaca1357.jpeg,0,622
lungaca2455.jpeg,0,554
lungaca612.jpeg,0,652
lungscc1740.jpeg,2,1241
lungn43.jpeg,1,905
lungscc246.jpeg,2,1026
lungn1508.jpeg,1,767
lungaca1194.jpeg,0,686
lungscc2907.jpeg,2,1072
lungscc4540.jpeg,2,1118
lungn1016.jpeg,1,784
lungscc4135.jpeg,2,1216
lungscc2518.jpeg,2,1135
lungn20.jpeg,1,765
lungaca959.jpeg,0,689
lungscc3809.jpeg,2,1023
lungscc3599.jpeg,2,1172
lungn1116.jpeg,1,877
lungaca1341.jpeg,0,737
lungscc1754.jpeg,2,1189
lungaca1853.jpeg,0,515
lungn4270.jpeg,1,844
lungscc1792.jpeg,2,1237
lungscc1428.jpeg,2,1137
lungn2074.jpeg,1,811
lungscc1324.jpeg,2,1121
lungscc1485.jpeg,2,1112
lungscc1339.jpeg,2,1057
lungn288.jpeg,1,828
lungaca3185.jpeg,0,582
lungn3763.jpeg,1,842
lungaca3901.jpeg,0,721
lungaca1458.jpeg,0,624
lungn4994.jpeg,1,799
lungscc1402.jpeg,2,999
lungn410.jpeg,1,855
lungn612.jpeg,1,780
lungaca3842.jpeg,0,713
lungaca2065.jpeg,0,680
lungaca946.jpeg,0,727
lungscc4567.jpeg,2,1117
lungaca3331.jpeg,0,520
lungn796.jpeg,1,849
lungaca806.jpeg,0,712
lungscc4563.jpeg,2,1114
lungaca1157.jpeg,0,709
lungn3483.jpeg,1,796
lungn4964.jpeg,1,903
lungn3303.jpeg,1,875
lungn3699.jpeg,1,867
lungscc942.jpeg,2,1001
lungaca1093.jpeg,0,551
lungscc4034.jpeg,2,1205
lungaca4535.jpeg,0,661
lungscc3861.jpeg,2,1013
lungaca274.jpeg,0,701
lungscc2997.jpeg,2,1135
lungaca2169.jpeg,0,598
lungscc2270.jpeg,2,1051
lungscc1190.jpeg,2,1129
lungscc3128.jpeg,2,1113
lungn1972.jpeg,1,834
lungaca2102.jpeg,0,541
lungn399.jpeg,1,919
lungscc3380.jpeg,2,1211
lungaca2460.jpeg,0,594
lungaca4933.jpeg,0,571
lungscc3210.jpeg,2,1123
lungn3082.jpeg,1,886
lungn3480.jpeg,1,900
lungaca340.jpeg,0,657
lungaca2821.jpeg,0,560
lungscc1053.jpeg,2,1036
lungn560.jpeg,1,901
lungaca2110.jpeg,0,607
lungscc56.jpeg,2,1199
lungn2771.jpeg,1,828
lungn2889.jpeg,1,873
lungaca1436.jpeg,0,560
lungaca4974.jpeg,0,549
lungn4938.jpeg,1,774
lungn4144.jpeg,1,832
lungscc3997.jpeg,2,1224
lungscc2970.jpeg,2,1134
lungaca1796.jpeg,0,604
lungn387.jpeg,1,793
lungn1325.jpeg,1,880
lungn1828.jpeg,1,750
lungscc3663.jpeg,2,1169
lungscc3698.jpeg,2,1237
lungscc4451.jpeg,2,1007
lungscc3747.jpeg,2,1023
lungaca1244.jpeg,0,591
lungaca1987.jpeg,0,632
lungscc3955.jpeg,2,1165
lungn4353.jpeg,1,791
lungaca4172.jpeg,0,601
lungn3123.jpeg,1,919
lungscc3631.jpeg,2,1016
lungscc3602.jpeg,2,1167
lungaca1078.jpeg,0,723
lungscc131.jpeg,2,1075
lungaca2228.jpeg,0,524
lungn2846.jpeg,1,853
lungscc3777.jpeg,2,1206
lungn2086.jpeg,1,975
lungaca1431.jpeg,0,544
lungscc1886.jpeg,2,1029
lungn4767.jpeg,1,856
lungaca1082.jpeg,0,738
lungscc2395.jpeg,2,1155
lungn2304.jpeg,1,880
lungscc1549.jpeg,2,1185
lungn1966.jpeg,1,862
lungaca4550.jpeg,0,628
lungaca88.jpeg,0,511
lungscc645.jpeg,2,1102
lungscc3250.jpeg,2,1058
lungn1096.jpeg,1,801
lungaca2847.jpeg,0,737
lungn2175.jpeg,1,764
lungscc755.jpeg,2,1013
lungaca264.jpeg,0,621
lungn1899.jpeg,1,858
lungn3734.jpeg,1,814
lungn4277.jpeg,1,777
lungscc2839.jpeg,2,1150
lungscc1140.jpeg,2,1091
lungaca4277.jpeg,0,705
lungscc2153.jpeg,2,1155
lungaca4621.jpeg,0,507
lungscc4047.jpeg,2,1090
lungaca580.jpeg,0,644
lungscc2349.jpeg,2,1178
lungscc2542.jpeg,2,1045
lungaca2643.jpeg,0,620
lungn3027.jpeg,1,825
lungscc1652.jpeg,2,1149
lungaca1214.jpeg,0,675
lungscc270.jpeg,2,1129
lungscc1222.jpeg,2,1055
lungn3115.jpeg,1,920
lungscc2258.jpeg,2,1023
lungn1884.jpeg,1,798
lungscc1743.jpeg,2,1085
lungaca1996.jpeg,0,699
lungscc4075.jpeg,2,1070
lungscc3578.jpeg,2,1064
lungscc3211.jpeg,2,1123
lungn3588.jpeg,1,819
lungscc3109.jpeg,2,1122
lungaca3558.jpeg,0,731
lungscc503.jpeg,2,1034
lungn732.jpeg,1,791
lungscc1810.jpeg,2,1002
lungscc1506.jpeg,2,1177
lungn4260.jpeg,1,759
lungscc2544.jpeg,2,1001
lungaca1426.jpeg,0,608
lungscc2517.jpeg,2,1228
lungscc4716.jpeg,2,1058
lungaca1516.jpeg,0,539
lungscc230.jpeg,2,1154
lungn1414.jpeg,1,902
lungn4571.jpeg,1,782
lungn442.jpeg,1,951
lungaca4476.jpeg,0,602
lungaca4718.jpeg,0,615
lungaca3338.jpeg,0,664
lungaca2343.jpeg,0,578
lungn2754.jpeg,1,877
lungscc3938.jpeg,2,1035
lungaca1910.jpeg,0,517
lungscc2245.jpeg,2,1202
lungscc3688.jpeg,2,1114
lungn1467.jpeg,1,876
lungaca2155.jpeg,0,547
lungaca4159.jpeg,0,734
lungn2844.jpeg,1,969
lungaca2719.jpeg,0,516
lungscc3148.jpeg,2,1001
lungaca2998.jpeg,0,668
lungn3913.jpeg,1,855
lungaca4166.jpeg,0,705
lungn2457.jpeg,1,905
lungn3076.jpeg,1,840
lungscc4104.jpeg,2,1023
lungaca4023.jpeg,0,634
lungaca3916.jpeg,0,733
lungscc2180.jpeg,2,1107
lungn2140.jpeg,1,879
lungn156.jpeg,1,834
lungaca3601.jpeg,0,695
lungn1674.jpeg,1,970
lungaca137.jpeg,0,737
lungscc2889.jpeg,2,1110
lungscc1180.jpeg,2,1105
lungaca306.jpeg,0,524
lungaca2865.jpeg,0,572
lungscc4316.jpeg,2,1088
lungscc3568.jpeg,2,1101
lungscc4770.jpeg,2,1142
lungscc2313.jpeg,2,1014
lungn3461.jpeg,1,975
lungaca1993.jpeg,0,549
lungscc562.jpeg,2,1244
lungn162.jpeg,1,752
lungscc4675.jpeg,2,1150
lungscc4460.jpeg,2,1143
lungscc3696.jpeg,2,1081
lungscc1800.jpeg,2,1004
lungn305.jpeg,1,886
lungscc2952.jpeg,2,1066
lungaca3756.jpeg,0,661
lungscc1149.jpeg,2,1139
lungscc943.jpeg,2,1049
lungn2408.jpeg,1,794
lungscc4175.jpeg,2,1039
lungn42.jpeg,1,821
lungaca777.jpeg,0,647
lungn1346.jpeg,1,954
lungscc3165.jpeg,2,1148
lungaca3963.jpeg,0,666
lungn3387.jpeg,1,852
lungn3862.jpeg,1,860
lungscc1232.jpeg,2,1071
lungaca1145.jpeg,0,726
lungscc4943.jpeg,2,1127
lungaca4712.jpeg,0,562
lungaca2073.jpeg,0,576
lungn3318.jpeg,1,751
lungscc280.jpeg,2,1188
lungaca3455.jpeg,0,599
lungscc3361.jpeg,2,1218
lungn3850.jpeg,1,881
lungn2524.jpeg,1,906
lungscc2172.jpeg,2,1115
lungn3130.jpeg,1,988
lungn4590.jpeg,1,792
lungscc4783.jpeg,2,1197
lungscc3699.jpeg,2,1086
lungscc4398.jpeg,2,1048
lungn4787.jpeg,1,942
lungn1140.jpeg,1,827
lungn1875.jpeg,1,932
lungaca1238.jpeg,0,562
lungscc4102.jpeg,2,1158
lungn4271.jpeg,1,808
lungscc3062.jpeg,2,1011
lungscc4039.jpeg,2,1123
lungaca3260.jpeg,0,527
lungscc2243.jpeg,2,1052
lungaca4259.jpeg,0,560
lungaca1663.jpeg,0,712
lungscc4487.jpeg,2,1038
lungaca4140.jpeg,0,544
lungn3508.jpeg,1,769
lungn1934.jpeg,1,872
lungscc3734.jpeg,2,1045
lungn1205.jpeg,1,850
lungaca1933.jpeg,0,739
lungaca1588.jpeg,0,588
lungn1840.jpeg,1,877
lungscc4346.jpeg,2,1024
lungn3259.jpeg,1,904
lungn3145.jpeg,1,777
lungscc2791.jpeg,2,1176
lungn4775.jpeg,1,924
lungn2122.jpeg,1,822
lungscc249.jpeg,2,1167
lungn1766.jpeg,1,829
lungaca1789.jpeg,0,691
lungn2740.jpeg,1,996
lungscc1897.jpeg,2,1231
lungn1696.jpeg,1,974
lungscc604.jpeg,2,1199
lungscc343.jpeg,2,1112
lungn2512.jpeg,1,877
lungaca3583.jpeg,0,622
lungscc1299.jpeg,2,1146
lungscc142.jpeg,2,1022
lungn662.jpeg,1,826
lungn4555.jpeg,1,771
lungaca257.jpeg,0,741
lungscc2483.jpeg,2,1205
lungscc778.jpeg,2,1068
lungn3716.jpeg,1,983
lungscc106.jpeg,2,1025
lungscc2725.jpeg,2,1088
lungn976.jpeg,1,944
lungaca3048.jpeg,0,654
lungn3267.jpeg,1,882
lungscc505.jpeg,2,1088
lungaca3657.jpeg,0,656
lungscc2538.jpeg,2,1187
lungn2698.jpeg,1,926
lungaca2668.jpeg,0,552
lungscc2367.jpeg,2,1129
lungn4819.jpeg,1,822
lungn1559.jpeg,1,884
lungaca3921.jpeg,0,699
lungscc4731.jpeg,2,1129
lungaca2744.jpeg,0,592
lungscc4002.jpeg,2,1193
lungscc3532.jpeg,2,1009
lungn4675.jpeg,1,970
lungscc4549.jpeg,2,1036
lungaca210.jpeg,0,639
lungn3142.jpeg,1,929
lungscc3507.jpeg,2,1016
lungaca1336.jpeg,0,531
lungscc3564.jpeg,2,1033
lungn3532.jpeg,1,849
lungaca3853.jpeg,0,606
lungscc87.jpeg,2,1044
lungn4100.jpeg,1,825
lungscc4229.jpeg,2,1213
lungaca1618.jpeg,0,582
lungscc436.jpeg,2,1189
lungn1311.jpeg,1,760
lungaca268.jpeg,0,591
lungscc149.jpeg,2,1040
lungaca2374.jpeg,0,639
lungscc1711.jpeg,2,1006
lungn521.jpeg,1,938
lungn39.jpeg,1,942
lungn4587.jpeg,1,932
lungaca3548.jpeg,0,573
lungn1187.jpeg,1,752
lungn1250.jpeg,1,797
lungn1773.jpeg,1,809
lungaca586.jpeg,0,609
lungn196.jpeg,1,835
lungscc3318.jpeg,2,1110
lungaca620.jpeg,0,688
lungaca2929.jpeg,0,609
lungscc2045.jpeg,2,1005
lungaca2368.jpeg,0,728
lungn2218.jpeg,1,943
lungn1955.jpeg,1,888
lungaca856.jpeg,0,506
lungn1776.jpeg,1,876
lungaca262.jpeg,0,684
lungscc4968.jpeg,2,1053
lungaca4716.jpeg,0,524
lungaca2213.jpeg,0,585
lungscc1852.jpeg,2,1010
lungaca4509.jpeg,0,590
lungaca457.jpeg,0,593
lungn1988.jpeg,1,891
lungscc1356.jpeg,2,1132
lungscc2106.jpeg,2,1194
lungscc3515.jpeg,2,1143
lungaca2265.jpeg,0,522
lungscc3757.jpeg,2,1047
lungaca2387.jpeg,0,536
lungn250.jpeg,1,819
lungn2214.jpeg,1,900
lungscc2747.jpeg,2,1092
lungscc3178.jpeg,2,1181
lungn2090.jpeg,1,818
lungaca804.jpeg,0,591
lungn2967.jpeg,1,761
lungaca215.jpeg,0,587
lungscc1543.jpeg,2,1173
lungn980.jpeg,1,911
lungscc1404.jpeg,2,1022
lungscc2613.jpeg,2,1123
lungscc1717.jpeg,2,1123
lungscc2416.jpeg,2,1202
lungscc1469.jpeg,2,1168
lungaca4033.jpeg,0,670
lungn1422.jpeg,1,870
lungaca4635.jpeg,0,669
lungscc1343.jpeg,2,1180
lungscc3304.jpeg,2,1033
lungn3412.jpeg,1,958
lungn4591.jpeg,1,991
lungscc4109.jpeg,2,1213
lungn1523.jpeg,1,778
lungn3497.jpeg,1,816
lungscc4533.jpeg,2,1151
lungn2107.jpeg,1,931
lungscc2148.jpeg,2,1035
lungscc2692.jpeg,2,1016
lungn3020.jpeg,1,816
lungscc4768.jpeg,2,1167
lungscc3386.jpeg,2,1149
lungscc3214.jpeg,2,1215
lungscc4837.jpeg,2,1041
lungscc773.jpeg,2,1237
lungn661.jpeg,1,826
lungaca3230.jpeg,0,744
lungaca2987.jpeg,0,612
lungaca4420.jpeg,0,593
lungaca735.jpeg,0,530
lungaca174.jpeg,0,745
lungaca1367.jpeg,0,517
lungscc3720.jpeg,2,1075
lungscc3002.jpeg,2,1126
lungscc266.jpeg,2,1149
lungscc442.jpeg,2,1022
lungaca3839.jpeg,0,638
lungn4146.jpeg,1,953
lungn3199.jpeg,1,757
lungscc764.jpeg,2,1114
lungscc4977.jpeg,2,1047
lungaca1707.jpeg,0,571
lungscc845.jpeg,2,1080
lungn4751.jpeg,1,898
lungaca459.jpeg,0,575
lungaca2783.jpeg,0,537
lungn1856.jpeg,1,896
lungaca880.jpeg,0,666
lungaca426.jpeg,0,606
lungaca2033.jpeg,0,526
lungn4639.jpeg,1,827
lungaca1703.jpeg,0,683
lungn3270.jpeg,1,972
lungscc3336.jpeg,2,1028
lungn1026.jpeg,1,840
lungaca4142.jpeg,0,713
lungaca4207.jpeg,0,647
lungscc537.jpeg,2,1119
lungn809.jpeg,1,862
lungscc2032.jpeg,2,1111
lungaca3050.jpeg,0,522
lungaca4874.jpeg,0,652
lungscc3992.jpeg,2,1213
lungscc147.jpeg,2,1116
lungn4105.jpeg,1,867
lungscc2344.jpeg,2,1103
lungn4379.jpeg,1,803
lungscc1519.jpeg,2,1132
lungn443.jpeg,1,908
lungaca1338.jpeg,0,569
lungscc4497.jpeg,2,1099
lungn1180.jpeg,1,772
lungscc3069.jpeg,2,1038
lungn4600.jpeg,1,924
lungn2222.jpeg,1,910
lungaca4914.jpeg,0,604
lungn2182.jpeg,1,939
lungn3149.jpeg,1,894
lungscc1265.jpeg,2,1017
lungn586.jpeg,1,962
lungscc1266.jpeg,2,1086
lungaca1883.jpeg,0,601
lungaca3459.jpeg,0,667
lungn2053.jpeg,1,899
lungscc2999.jpeg,2,1062
lungscc4223.jpeg,2,1020
lungscc1930.jpeg,2,1209
lungscc3268.jpeg,2,1019
lungn2162.jpeg,1,837
lungscc44.jpeg,2,1037
lungscc3261.jpeg,2,1226
lungn4406.jpeg,1,815
lungscc4309.jpeg,2,1011
lungn47.jpeg,1,978
lungn2158.jpeg,1,935
lungaca3248.jpeg,0,727
lungaca2233.jpeg,0,652
lungn2104.jpeg,1,841
lungscc2780.jpeg,2,1226
lungaca1294.jpeg,0,625
lungn4939.jpeg,1,929
lungn1362.jpeg,1,922
lungscc585.jpeg,2,1102
lungscc1546.jpeg,2,1238
lungscc3556.jpeg,2,1046
lungn331.jpeg,1,861
lungaca275.jpeg,0,644
lungaca3807.jpeg,0,530
lungn3181.jpeg,1,943
lungn190.jpeg,1,811
lungn3373.jpeg,1,808
lungaca2158.jpeg,0,589
lungaca2429.jpeg,0,689
lungscc165.jpeg,2,1243
lungn4200.jpeg,1,910
lungaca4433.jpeg,0,580
lungn1235.jpeg,1,960
lungn3306.jpeg,1,833
lungn195.jpeg,1,996
lungn1927.jpeg,1,844
lungn4531.jpeg,1,799
lungn185.jpeg,1,882
lungaca1932.jpeg,0,683
lungn1345.jpeg,1,908
lungaca3316.jpeg,0,558
lungn74.jpeg,1,788
lungn391.jpeg,1,861
lungaca2854.jpeg,0,533
lungaca1880.jpeg,0,618
lungn2360.jpeg,1,780
lungscc3620.jpeg,2,1163
lungaca3522.jpeg,0,703
lungaca2322.jpeg,0,648
lungscc1576.jpeg,2,1038
lungscc2330.jpeg,2,1009
lungaca3392.jpeg,0,622
lungn3255.jpeg,1,985
lungn1078.jpeg,1,866
lungn2259.jpeg,1,885
lungaca1311.jpeg,0,517
lungn4620.jpeg,1,988
lungaca4676.jpeg,0,560
lungaca96.jpeg,0,587
lungaca531.jpeg,0,656
lungaca1806.jpeg,0,699
lungn3758.jpeg,1,890
lungn2334.jpeg,1,862
lungn464.jpeg,1,814
lungn3165.jpeg,1,878
lungaca662.jpeg,0,569
lungscc267.jpeg,2,1149
lungscc2457.jpeg,2,1068
lungscc2007.jpeg,2,1049
lungn1459.jpeg,1,932
lungn1781.jpeg,1,802
lungaca2893.jpeg,0,515
lungscc1296.jpeg,2,1099
lungaca17.jpeg,0,585
lungscc1497.jpeg,2,1080
lungscc1316.jpeg,2,1024
lungaca2488.jpeg,0,530
lungscc1355.jpeg,2,1208
lungaca2039.jpeg,0,573
lungscc2303.jpeg,2,1144
lungaca3214.jpeg,0,538
lungn3277.jpeg,1,852
lungscc2321.jpeg,2,1092
lungn4289.jpeg,1,890
lungn3274.jpeg,1,990
lungn1119.jpeg,1,912
lungn1192.jpeg,1,881
lungaca3420.jpeg,0,678
lungn3428.jpeg,1,803
lungaca2370.jpeg,0,556
lungscc3518.jpeg,2,1219
lungn1552.jpeg,1,831
lungaca3900.jpeg,0,547
lungn4440.jpeg,1,978
lungscc4669.jpeg,2,1245
lungaca4504.jpeg,0,693
lungaca1264.jpeg,0,653
lungaca3646.jpeg,0,744
lungscc896.jpeg,2,1064
lungaca2672.jpeg,0,728
lungaca1609.jpeg,0,665
lungscc3275.jpeg,2,1061
lungaca1710.jpeg,0,677
lungn1147.jpeg,1,859
lungscc4160.jpeg,2,1214
lungaca3501.jpeg,0,734
lungscc2325.jpeg,2,1086
lungscc121.jpeg,2,1057
lungaca808.jpeg,0,592
lungscc173.jpeg,2,1195
lungscc1077.jpeg,2,1224
lungscc1277.jpeg,2,1109
lungn4885.jpeg,1,956
lungscc1409.jpeg,2,1146
lungn607.jpeg,1,806
lungscc4971.jpeg,2,1232
lungscc3172.jpeg,2,1089
lungaca3768.jpeg,0,592
lungaca3243.jpeg,0,589
lungscc2444.jpeg,2,1159
lungscc4105.jpeg,2,1134
lungaca2394.jpeg,0,609
lungn3706.jpeg,1,913
lungaca462.jpeg,0,704
lungn4092.jpeg,1,814
lungaca392.jpeg,0,625
lungaca1628.jpeg,0,633
lungn839.jpeg,1,801
lungaca4990.jpeg,0,631
lungn575.jpeg,1,907
lungn3368.jpeg,1,923
lungaca145.jpeg,0,556
lungscc286.jpeg,2,1224
lungn4505.jpeg,1,751
lungn3144.jpeg,1,949
lungn75.jpeg,1,867
lungscc3497.jpeg,2,1230
lungaca144.jpeg,0,677
lungscc716.jpeg,2,1012
lungaca2472.jpeg,0,529
lungn4136.jpeg,1,943
lungn543.jpeg,1,880
lungscc2377.jpeg,2,1090
lungaca4210.jpeg,0,717
lungaca4352.jpeg,0,627
lungscc4602.jpeg,2,1038
lungaca77.jpeg,0,631
lungscc4905.jpeg,2,1145
lungn2532.jpeg,1,855
lungaca1960.jpeg,0,722
lungscc2004.jpeg,2,1006
lungaca3021.jpeg,0,549
lungaca4839.jpeg,0,572
lungaca2456.jpeg,0,691
lungaca622.jpeg,0,533
lungscc3271.jpeg,2,1137
lungn4336.jpeg,1,850
lungscc3978.jpeg,2,1106
lungscc4203.jpeg,2,1110
lungscc4268.jpeg,2,1166
lungn2884.jpeg,1,978
lungaca4773.jpeg,0,662
lungscc1953.jpeg,2,1132
lungscc3859.jpeg,2,1033
lungscc4120.jpeg,2,1000
lungaca1589.jpeg,0,737
lungn3360.jpeg,1,752
lungaca1875.jpeg,0,537
lungaca1479.jpeg,0,575
lungscc3408.jpeg,2,1133
lungscc4212.jpeg,2,1144
lungaca4369.jpeg,0,522
lungaca4031.jpeg,0,529
lungn2536.jpeg,1,755
lungn2612.jpeg,1,846
lungscc4146.jpeg,2,1098
lungscc4646.jpeg,2,1062
lungscc3771.jpeg,2,1122
lungn494.jpeg,1,869
lungaca125.jpeg,0,733
lungn1635.jpeg,1,846
lungscc4650.jpeg,2,1103
lungn2351.jpeg,1,782
lungn3039.jpeg,1,749
lungaca2546.jpeg,0,617
lungaca3411.jpeg,0,710
lungscc702.jpeg,2,1101
lungscc2906.jpeg,2,1192
lungscc3381.jpeg,2,1056
lungaca1476.jpeg,0,622
lungscc2972.jpeg,2,1125
lungn753.jpeg,1,768
lungn4081.jpeg,1,896
lungscc2499.jpeg,2,1018
lungn2887.jpeg,1,784
lungn4929.jpeg,1,984
lungscc4635.jpeg,2,1079
lungscc1357.jpeg,2,1197
lungn3198.jpeg,1,873
lungaca1133.jpeg,0,513
lungscc2068.jpeg,2,1221
lungscc973.jpeg,2,1009
lungaca1041.jpeg,0,641
lungaca1219.jpeg,0,516
lungn1317.jpeg,1,808
lungaca3689.jpeg,0,568
lungscc1364.jpeg,2,1106
lungscc2838.jpeg,2,1045
lungaca1469.jpeg,0,741
lungn3120.jpeg,1,875
lungscc770.jpeg,2,1191
lungaca3217.jpeg,0,564
lungn1904.jpeg,1,874
lungscc3082.jpeg,2,1144
lungn4290.jpeg,1,809
lungn2726.jpeg,1,847
lungaca3805.jpeg,0,539
lungn890.jpeg,1,844
lungn3577.jpeg,1,811
lungn439.jpeg,1,749
lungscc3420.jpeg,2,1030
lungn4413.jpeg,1,869
lungscc1022.jpeg,2,1122
lungscc4400.jpeg,2,1176
lungscc2917.jpeg,2,1117
lungscc752.jpeg,2,1049
lungscc1098.jpeg,2,1209
lungaca3715.jpeg,0,616
lungaca158.jpeg,0,704
lungscc1628.jpeg,2,1183
lungscc2391.jpeg,2,1065
lungn1603.jpeg,1,824
lungaca1156.jpeg,0,727
lungaca4517.jpeg,0,643
lungaca3271.jpeg,0,546
lungaca3890.jpeg,0,525
lungaca2129.jpeg,0,601
lungscc2460.jpeg,2,1078
lungn4469.jpeg,1,859
lungaca2522.jpeg,0,719
lungn4613.jpeg,1,796
lungaca2009.jpeg,0,617
lungn3325.jpeg,1,779
lungn2847.jpeg,1,929
lungaca1937.jpeg,0,581
lungscc128.jpeg,2,1070
lungn1288.jpeg,1,883
lungn4334.jpeg,1,898
lungaca4599.jpeg,0,657
lungn3969.jpeg,1,752
lungn2466.jpeg,1,979
lungaca2943.jpeg,0,566
lungscc2932.jpeg,2,1147
lungscc3417.jpeg,2,1127
lungscc3645.jpeg,2,1086
lungscc945.jpeg,2,1197
lungscc3072.jpeg,2,1031
lungaca4542.jpeg,0,697
lungaca3033.jpeg,0,728
lungn2015.jpeg,1,762
lungaca4066.jpeg,0,592
lungscc4559.jpeg,2,1232
lungscc3713.jpeg,2,1118
lungaca2976.jpeg,0,660
lungaca1016.jpeg,0,537
lungaca3917.jpeg,0,524
lungn4872.jpeg,1,806
lungn3765.jpeg,1,954
lungscc1021.jpeg,2,1086
lungn4337.jpeg,1,839
lungn481.jpeg,1,769
lungscc53.jpeg,2,1000
lungn3211.jpeg,1,788
lungscc3471.jpeg,2,1118
lungscc588.jpeg,2,1112
lungscc4441.jpeg,2,1174
lungaca1423.jpeg,0,570
lungscc1908.jpeg,2,1014
lungn3595.jpeg,1,883
lungn3321.jpeg,1,847
lungscc1873.jpeg,2,1136
lungaca4340.jpeg,0,542
lungscc2417.jpeg,2,1234
lungscc2020.jpeg,2,1232
lungaca3051.jpeg,0,609
lungscc1338.jpeg,2,1057
lungaca3423.jpeg,0,584
lungaca3436.jpeg,0,717
lungscc4071.jpeg,2,1108
lungaca1099.jpeg,0,633
lungscc403.jpeg,2,1173
lungn3006.jpeg,1,873
lungaca2509.jpeg,0,668
lungaca4216.jpeg,0,527
lungaca2750.jpeg,0,554
lungaca3622.jpeg,0,700
lungscc4723.jpeg,2,1046
lungscc1028.jpeg,2,1060
lungn1810.jpeg,1,812
lungaca4931.jpeg,0,669
lungn3822.jpeg,1,944
lungn4206.jpeg,1,995
lungaca4408.jpeg,0,662
lungaca1794.jpeg,0,713
lungn143.jpeg,1,849
lungn1921.jpeg,1,838
lungn1803.jpeg,1,760
lungscc1962.jpeg,2,1231
lungscc2155.jpeg,2,1184
lungaca1072.jpeg,0,533
lungaca396.jpeg,0,524
lungn2915.jpeg,1,811
lungaca2734.jpeg,0,538
lungscc3120.jpeg,2,1120
lungscc1995.jpeg,2,1058
lungaca1188.jpeg,0,648
lungaca3170.jpeg,0,658
lungn3324.jpeg,1,779
lungscc253.jpeg,2,1107
lungscc2922.jpeg,2,1016
lungaca4916.jpeg,0,655
lungscc4893.jpeg,2,1041
lungn3882.jpeg,1,901
lungaca915.jpeg,0,506
lungaca1236.jpeg,0,613
lungscc3549.jpeg,2,999
lungscc2683.jpeg,2,998
lungaca403.jpeg,0,575
lungaca2113.jpeg,0,535
lungscc1794.jpeg,2,1227
lungscc1225.jpeg,2,1096
lungn3063.jpeg,1,803
lungaca3153.jpeg,0,506
lungscc712.jpeg,2,1152
lungscc199.jpeg,2,1015
lungn3912.jpeg,1,759
lungscc3829.jpeg,2,1122
lungaca1225.jpeg,0,714
lungaca1204.jpeg,0,687
lungaca3036.jpeg,0,556
lungscc4548.jpeg,2,1056
lungaca56.jpeg,0,655
lungn3627.jpeg,1,939
lungaca368.jpeg,0,578
lungn2424.jpeg,1,847
lungn2560.jpeg,1,918
lungn1255.jpeg,1,969
lungn2899.jpeg,1,777
lungscc1442.jpeg,2,1237
lungaca2057.jpeg,0,652
lungn1204.jpeg,1,898
lungn445.jpeg,1,878
lungscc4631.jpeg,2,1100
lungaca759.jpeg,0,642
lungn3249.jpeg,1,759
lungaca3487.jpeg,0,634
lungscc3967.jpeg,2,1145
lungaca4757.jpeg,0,643
lungaca98.jpeg,0,657
lungaca3174.jpeg,0,560
lungscc363.jpeg,2,1194
lungn3064.jpeg,1,970
lungaca1091.jpeg,0,616
lungn943.jpeg,1,837
lungaca1096.jpeg,0,678
lungaca432.jpeg,0,529
lungn2709.jpeg,1,803
lungn2537.jpeg,1,757
lungscc2191.jpeg,2,1033
lungaca4440.jpeg,0,663
lungaca1763.jpeg,0,552
lungaca1277.jpeg,0,598
lungaca2870.jpeg,0,665
lungn161.jpeg,1,836
lungn239.jpeg,1,778
lungscc1033.jpeg,2,1097
lungaca998.jpeg,0,582
lungaca1443.jpeg,0,573
lungscc560.jpeg,2,1049
lungscc3030.jpeg,2,1077
lungscc1977.jpeg,2,1100
lungn868.jpeg,1,926
lungn2580.jpeg,1,768
lungscc2037.jpeg,2,1008
lungn2054.jpeg,1,844
lungn2401.jpeg,1,962
lungscc2824.jpeg,2,1194
lungn2307.jpeg,1,932
lungn1185.jpeg,1,921
lungaca338.jpeg,0,603
lungn3124.jpeg,1,823
lungn1070.jpeg,1,837
lungn4673.jpeg,1,843
lungn2480.jpeg,1,782
lungaca2997.jpeg,0,642
lungscc2268.jpeg,2,1111
lungn3419.jpeg,1,848
lungscc302.jpeg,2,1033
lungscc3860.jpeg,2,1163
lungn2828.jpeg,1,922
lungaca2108.jpeg,0,633
lungaca3933.jpeg,0,746
lungaca3515.jpeg,0,677
lungscc2012.jpeg,2,1028
lungn3902.jpeg,1,797
lungaca124.jpeg,0,521
lungscc2406.jpeg,2,1058
lungaca2973.jpeg,0,639
lungaca2294.jpeg,0,527
lungn4867.jpeg,1,794
lungscc1690.jpeg,2,1070
lungn1671.jpeg,1,953
lungn1943.jpeg,1,788
lungaca1168.jpeg,0,542
lungscc2326.jpeg,2,1147
lungaca775.jpeg,0,708
lungscc4714.jpeg,2,1169
lungn4113.jpeg,1,842
lungaca4617.jpeg,0,718
lungaca1997.jpeg,0,714
lungaca3215.jpeg,0,519
lungaca2915.jpeg,0,613
lungscc2432.jpeg,2,1023
lungscc2474.jpeg,2,1099
lungn2212.jpeg,1,922
lungn1718.jpeg,1,793
lungaca2458.jpeg,0,574
lungscc616.jpeg,2,1005
lungscc3321.jpeg,2,1211
lungaca674.jpeg,0,581
lungn188.jpeg,1,991
lungscc4766.jpeg,2,1183
lungn2683.jpeg,1,924
lungn3257.jpeg,1,758
lungaca962.jpeg,0,552
lungn3204.jpeg,1,886
lungscc3229.jpeg,2,1185
lungn3095.jpeg,1,809
lungn1774.jpeg,1,966
lungscc3344.jpeg,2,1023
lungn724.jpeg,1,945
lungn1385.jpeg,1,969
lungscc1996.jpeg,2,1201
lungaca4395.jpeg,0,679
lungscc2964.jpeg,2,1106
lungaca3620.jpeg,0,600
lungaca4704.jpeg,0,555
lungn2018.jpeg,1,897
lungaca3133.jpeg,0,555
lungscc3282.jpeg,2,1237
lungn4696.jpeg,1,930
lungn3521.jpeg,1,924
lungscc3597.jpeg,2,1005
lungn1333.jpeg,1,867
lungaca492.jpeg,0,739
lungaca4851.jpeg,0,544
lungn307.jpeg,1,777
lungn3534.jpeg,1,982
lungscc1954.jpeg,2,1233
lungscc4504.jpeg,2,1170
lungaca4073.jpeg,0,609
lungaca1306.jpeg,0,648
lungaca763.jpeg,0,736
lungscc342.jpeg,2,1112
lungn4961.jpeg,1,775
lungn1455.jpeg,1,856
lungscc3236.jpeg,2,1206
lungaca975.jpeg,0,657
lungn2992.jpeg,1,870
lungn3228.jpeg,1,954
lungscc561.jpeg,2,1208
lungn1630.jpeg,1,767
lungaca1545.jpeg,0,665
lungscc587.jpeg,2,1027
lungaca1536.jpeg,0,722
lungaca52.jpeg,0,541
lungaca3344.jpeg,0,614
lungn2228.jpeg,1,969
lungaca1877.jpeg,0,539
lungn1663.jpeg,1,983
lungn2110.jpeg,1,984
lungscc4251.jpeg,2,1183
lungaca2074.jpeg,0,599
lungscc1307.jpeg,2,1221
lungaca364.jpeg,0,725
lungscc1751.jpeg,2,1194
lungn2652.jpeg,1,760
lungaca4214.jpeg,0,650
lungn2093.jpeg,1,954
lungscc2226.jpeg,2,1121
lungn1090.jpeg,1,949
lungaca4739.jpeg,0,638
lungscc2559.jpeg,2,1213
lungaca3654.jpeg,0,560
lungaca1797.jpeg,0,695
lungscc4307.jpeg,2,1209
lungn483.jpeg,1,804
lungn1957.jpeg,1,775
lungscc2374.jpeg,2,1232
lungaca1211.jpeg,0,666
lungscc2713.jpeg,2,1178
lungn3729.jpeg,1,828
lungaca4328.jpeg,0,529
lungscc2327.jpeg,2,1124
lungn2458.jpeg,1,905
lungscc4169.jpeg,2,1188
lungn3766.jpeg,1,993
lungaca2753.jpeg,0,638
lungscc1379.jpeg,2,1195
lungaca1478.jpeg,0,649
lungscc3862.jpeg,2,1013
lungscc4891.jpeg,2,1169
lungscc4688.jpeg,2,1173
lungaca2355.jpeg,0,571
lungaca4132.jpeg,0,561
lungn3313.jpeg,1,759
lungscc3397.jpeg,2,1090
lungscc3092.jpeg,2,1137
lungaca731.jpeg,0,558
lungn2723.jpeg,1,949
lungscc4117.jpeg,2,1196
lungn2619.jpeg,1,944
lungaca2227.jpeg,0,524
lungn3405.jpeg,1,773
lungscc2088.jpeg,2,1173
lungn4713.jpeg,1,818
lungscc1781.jpeg,2,1047
lungaca1723.jpeg,0,525
lungn2163.jpeg,1,921
lungn2296.jpeg,1,893
lungaca458.jpeg,0,649
lungaca3637.jpeg,0,729
lungaca4020.jpeg,0,604
lungaca3238.jpeg,0,526
lungn3383.jpeg,1,769
lungn3402.jpeg,1,842
lungaca1680.jpeg,0,586
lungscc4168.jpeg,2,1134
lungn3117.jpeg,1,862
lungscc3878.jpeg,2,1047
lungscc1405.jpeg,2,1145
lungn477.jpeg,1,863
lungaca3661.jpeg,0,604
lungscc4913.jpeg,2,1204
lungn4331.jpeg,1,795
lungn3764.jpeg,1,817
lungaca4480.jpeg,0,518
lungscc3285.jpeg,2,1089
lungscc4596.jpeg,2,1181
lungaca4794.jpeg,0,544
lungaca4422.jpeg,0,649
lungn1194.jpeg,1,783
lungn4409.jpeg,1,852
lungn4594.jpeg,1,909
lungn526.jpeg,1,866
lungaca2054.jpeg,0,530
lungscc652.jpeg,2,1092
lungaca4698.jpeg,0,539
lungn4773.jpeg,1,950
lungaca3535.jpeg,0,745
lungscc3791.jpeg,2,1095
lungn2562.jpeg,1,762
lungaca1392.jpeg,0,650
lungn3538.jpeg,1,907
lungn169.jpeg,1,814
lungscc1176.jpeg,2,1166
lungn2493.jpeg,1,895
lungn4425.jpeg,1,908
lungaca4838.jpeg,0,729
lungn3282.jpeg,1,756
lungn1492.jpeg,1,866
lungscc3781.jpeg,2,1005
lungn2834.jpeg,1,768
lungscc3077.jpeg,2,1046
lungaca1196.jpeg,0,630
lungn3981.jpeg,1,915
lungscc398.jpeg,2,1128
lungaca4184.jpeg,0,509
lungaca560.jpeg,0,610
lungn1226.jpeg,1,818
lungscc4088.jpeg,2,1116
lungaca704.jpeg,0,609
lungscc2234.jpeg,2,1059
lungaca2900.jpeg,0,670
lungaca508.jpeg,0,645
lungn897.jpeg,1,812
lungscc1663.jpeg,2,1137
lungn3883.jpeg,1,869
lungscc815.jpeg,2,1230
lungscc1669.jpeg,2,1159
lungscc2549.jpeg,2,1231
lungn2308.jpeg,1,792
lungn2977.jpeg,1,902
lungaca3681.jpeg,0,558
lungn4411.jpeg,1,890
lungn2830.jpeg,1,994
lungscc2758.jpeg,2,1068
lungn4236.jpeg,1,911
lungscc4370.jpeg,2,1096
lungscc1653.jpeg,2,1170
lungaca1084.jpeg,0,665
lungscc4780.jpeg,2,1116
lungn3565.jpeg,1,827
lungn1154.jpeg,1,950
lungaca4524.jpeg,0,576
lungaca2469.jpeg,0,512
lungscc2192.jpeg,2,998
lungn121.jpeg,1,790
lungaca2530.jpeg,0,623
lungscc3702.jpeg,2,1139
lungaca2326.jpeg,0,611
lungn594.jpeg,1,969
lungn2456.jpeg,1,919
lungscc1921.jpeg,2,1080
lungaca4116.jpeg,0,729
lungaca2124.jpeg,0,624
lungscc2292.jpeg,2,1107
lungn4643.jpeg,1,780
lungaca3803.jpeg,0,689
lungn356.jpeg,1,873
lungaca1721.jpeg,0,681
lungscc1840.jpeg,2,1048
lungn421.jpeg,1,850
lungaca4151.jpeg,0,634
lungn1303.jpeg,1,752
lungscc4610.jpeg,2,1036
lungscc2307.jpeg,2,1214
lungaca3064.jpeg,0,578
lungscc2288.jpeg,2,1178
lungscc4620.jpeg,2,1053
lungscc4998.jpeg,2,1109
lungaca1004.jpeg,0,540
lungn904.jpeg,1,991
lungscc1764.jpeg,2,1163
lungn324.jpeg,1,885
lungn2309.jpeg,1,778
lungaca1218.jpeg,0,516
lungaca2005.jpeg,0,568
lungscc2891.jpeg,2,1107
lungscc1968.jpeg,2,1176
lungaca1720.jpeg,0,557
lungscc533.jpeg,2,1236
lungscc3841.jpeg,2,1118
lungaca3445.jpeg,0,624
lungn2999.jpeg,1,834
lungn2836.jpeg,1,851
lungscc704.jpeg,2,1134
lungn4827.jpeg,1,867
lungaca199.jpeg,0,740
lungscc3357.jpeg,2,1171
lungn1058.jpeg,1,926
lungscc2864.jpeg,2,1017
lungscc3389.jpeg,2,1168
lungn2003.jpeg,1,822
lungn4573.jpeg,1,898
lungn4109.jpeg,1,852
lungaca3542.jpeg,0,713
lungaca2154.jpeg,0,551
lungscc948.jpeg,2,1028
lungn754.jpeg,1,768
lungn3177.jpeg,1,862
lungn1827.jpeg,1,959
lungn1772.jpeg,1,765
lungscc4663.jpeg,2,1110
lungaca1432.jpeg,0,517
lungn4460.jpeg,1,758
lungaca325.jpeg,0,538
lungaca4463.jpeg,0,601
lungscc2394.jpeg,2,1004
lungn178.jpeg,1,956
lungaca2303.jpeg,0,631
lungscc1552.jpeg,2,1218
lungn908.jpeg,1,901
lungaca3242.jpeg,0,552
lungaca2202.jpeg,0,612
lungscc909.jpeg,2,1009
lungaca955.jpeg,0,542
lungn3535.jpeg,1,982
lungaca129.jpeg,0,739
lungaca2652.jpeg,0,578
lungscc20.jpeg,2,1088
lungscc1203.jpeg,2,1159
lungn319.jpeg,1,762
lungn3616.jpeg,1,884
lungn3728.jpeg,1,931
lungn2393.jpeg,1,987
lungscc1035.jpeg,2,1108
lungscc3466.jpeg,2,1127
lungscc1990.jpeg,2,1190
lungaca191.jpeg,0,623
lungaca4529.jpeg,0,639
lungaca2011.jpeg,0,688
lungn3071.jpeg,1,873
lungaca4845.jpeg,0,536
lungscc4449.jpeg,2,1050
lungn3814.jpeg,1,846
lungaca3171.jpeg,0,609
lungn3654.jpeg,1,912
lungn4932.jpeg,1,936
lungscc4257.jpeg,2,1055
lungscc2222.jpeg,2,1051
lungaca4136.jpeg,0,747
lungn3605.jpeg,1,833
lungaca1689.jpeg,0,687
lungaca2676.jpeg,0,639
lungaca3983.jpeg,0,680
lungn3533.jpeg,1,897
lungn1374.jpeg,1,803
lungn2108.jpeg,1,797
lungscc3399.jpeg,2,1102
lungn3619.jpeg,1,889
lungaca1864.jpeg,0,734
lungscc2205.jpeg,2,1243
lungaca3091.jpeg,0,649
lungn1905.jpeg,1,772
lungn2891.jpeg,1,757
lungn295.jpeg,1,795
lungscc2164.jpeg,2,1118
lungaca3491.jpeg,0,607
lungaca1816.jpeg,0,631
lungn203.jpeg,1,928
lungn1483.jpeg,1,796
lungn1468.jpeg,1,750
lungaca1751.jpeg,0,539
lungaca3612.jpeg,0,516
lungn2087.jpeg,1,957
lungscc4579.jpeg,2,1207
lungaca947.jpeg,0,742
lungn4450.jpeg,1,828
lungn793.jpeg,1,775
lungn948.jpeg,1,953
lungscc4916.jpeg,2,1084
lungaca3669.jpeg,0,720
lungaca4901.jpeg,0,513
lungaca885.jpeg,0,545
lungscc1731.jpeg,2,1092
lungaca65.jpeg,0,646
lungaca2457.jpeg,0,528
lungn610.jpeg,1,779
lungscc1512.jpeg,2,999
lungscc3533.jpeg,2,1155
lungscc2067.jpeg,2,1033
lungaca4200.jpeg,0,692
lungaca3432.jpeg,0,549
lungn1591.jpeg,1,798
lungscc3538.jpeg,2,1161
lungn1808.jpeg,1,893
lungscc4126.jpeg,2,1151
lungscc586.jpeg,2,1073
lungn3190.jpeg,1,851
lungaca3467.jpeg,0,730
lungscc767.jpeg,2,1152
lungaca4105.jpeg,0,667
lungscc2503.jpeg,2,1238
lungn4301.jpeg,1,885
lungscc3121.jpeg,2,1118
lungn4058.jpeg,1,879
