filename,label,group_id
lungaca2412.jpeg,0,545
lungaca1897.jpeg,0,534
lungn2739.jpeg,1,852
lungn2032.jpeg,1,896
lungscc163.jpeg,2,1117
lungn2973.jpeg,1,852
lungaca3574.jpeg,0,673
lungaca2889.jpeg,0,582
lungn2149.jpeg,1,864
lungscc1930.jpeg,2,1209
lungn4902.jpeg,1,849
lungn2717.jpeg,1,937
lungscc4687.jpeg,2,1148
lungaca2727.jpeg,0,624
lungscc572.jpeg,2,1215
lungn2710.jpeg,1,797
lungscc1842.jpeg,2,1101
lungscc4427.jpeg,2,1038
lungn3103.jpeg,1,908
lungaca4568.jpeg,0,634
lungaca2763.jpeg,0,742
lungn1474.jpeg,1,976
lungscc2603.jpeg,2,1192
lungn2050.jpeg,1,774
lungaca4926.jpeg,0,647
lungscc1796.jpeg,2,1035
lungn719.jpeg,1,865
lungn3533.jpeg,1,897
lungn3691.jpeg,1,894
lungaca2331.jpeg,0,691
lungaca3317.jpeg,0,610
lungaca2354.jpeg,0,571
lungscc567.jpeg,2,1013
lungaca4054.jpeg,0,546
lungn2708.jpeg,1,866
lungscc3186.jpeg,2,1216
lungscc2434.jpeg,2,1014
lungaca4658.jpeg,0,622
lungn4835.jpeg,1,957
lungn4479.jpeg,1,756
lungscc1642.jpeg,2,1071
lungaca3845.jpeg,0,721
lungn1942.jpeg,1,830
lungaca2789.jpeg,0,631
lungscc2401.jpeg,2,1094
lungn2674.jpeg,1,909
lungscc3559.jpeg,2,1244
lungn3339.jpeg,1,946
lungaca1816.jpeg,0,631
lungaca2700.jpeg,0,745
lungscc825.jpeg,2,1176
lungscc2005.jpeg,2,1217
lungaca1344.jpeg,0,677
lungaca2995.jpeg,0,658
lungscc4927.jpeg,2,1061
lungaca2215.jpeg,0,566
lungaca772.jpeg,0,687
lungaca568.jpeg,0,556
lungscc4131.jpeg,2,1209
lungaca2732.jpeg,0,601
lungaca4421.jpeg,0,622
lungscc2309.jpeg,2,1123
lungn1744.jpeg,1,884
lungaca1871.jpeg,0,542
lungscc4470.jpeg,2,1196
lungaca1909.jpeg,0,686
lungscc4187.jpeg,2,1069
lungscc4254.jpeg,2,1030
lungscc1853.jpeg,2,1191
lungn4832.jpeg,1,950
lungaca3006.jpeg,0,653
lungaca1439.jpeg,0,528
lungaca4219.jpeg,0,669
lungscc1936.jpeg,2,1169
lungn3873.jpeg,1,895
lungaca3807.jpeg,0,530
lungaca1846.jpeg,0,629
lungn2635.jpeg,1,960
lungn4133.jpeg,1,785
lungaca2794.jpeg,0,583
lungn4293.jpeg,1,876
lungaca4509.jpeg,0,590
lungn3012.jpeg,1,923
lungaca4198.jpeg,0,620
lungn1389.jpeg,1,844
lungaca1820.jpeg,0,538
lungaca1397.jpeg,0,563
lungaca4940.jpeg,0,662
lungaca2230.jpeg,0,643
lungaca1407.jpeg,0,617
lungscc1478.jpeg,2,1125
lungaca1680.jpeg,0,586
lungscc600.jpeg,2,1124
lungscc3378.jpeg,2,1022
lungscc639.jpeg,2,1003
lungn3224.jpeg,1,975
lungaca1910.jpeg,0,517
lungn3575.jpeg,1,776
lungscc4502.jpeg,2,1049
lungscc197.jpeg,2,1041
lungaca885.jpeg,0,545
lungscc486.jpeg,2,1153
lungn1985.jpeg,1,984
lungscc2588.jpeg,2,1165
lungscc1971.jpeg,2,1104
lungscc4089.jpeg,2,1146
lungscc3242.jpeg,2,1209
lungn3997.jpeg,1,842
lungscc2115.jpeg,2,1043
lungaca1119.jpeg,0,533
lungn4581.jpeg,1,801
lungscc4956.jpeg,2,1087
lungaca2755.jpeg,0,585
lungscc3222.jpeg,2,1213
lungscc20.jpeg,2,1088
lungscc3549.jpeg,2,999
lungscc2857.jpeg,2,1193
lungaca3745.jpeg,0,601
lungn136.jpeg,1,957
lungn4685.jpeg,1,774
lungaca1581.jpeg,0,646
lungscc4027.jpeg,2,1166
lungscc3154.jpeg,2,1163
lungaca1878.jpeg,0,539
lungscc2350.jpeg,2,1070
lungn3958.jpeg,1,753
lungn1568.jpeg,1,808
lungn3100.jpeg,1,955
lungscc3568.jpeg,2,1101
lungscc3865.jpeg,2,1140
lungscc4353.jpeg,2,1064
lungn3538.jpeg,1,907
lungaca306.jpeg,0,524
lungscc2196.jpeg,2,1048
lungaca902.jpeg,0,552
lungn2713.jpeg,1,995
lungaca3998.jpeg,0,637
lungscc3332.jpeg,2,1205
lungaca4874.jpeg,0,652
lungscc132.jpeg,2,1203
lungaca2502.jpeg,0,682
lungscc2144.jpeg,2,1012
lungn851.jpeg,1,901
lungn3070.jpeg,1,914
lungn2189.jpeg,1,859
lungaca3328.jpeg,0,637
lungn4436.jpeg,1,837
lungn1538.jpeg,1,903
lungn2026.jpeg,1,935
lungaca4798.jpeg,0,507
lungscc2458.jpeg,2,1062
lungscc3881.jpeg,2,1224
lungscc1308.jpeg,2,1020
lungscc970.jpeg,2,1147
lungaca1428.jpeg,0,609
lungaca1971.jpeg,0,517
lungscc3418.jpeg,2,1109
lungaca4122.jpeg,0,671
lungn4819.jpeg,1,822
lungaca4451.jpeg,0,545
lungn1233.jpeg,1,787
lungn3283.jpeg,1,879
lungaca852.jpeg,0,546
lungn8.jpeg,1,910
lungscc1099.jpeg,2,1161
lungscc3723.jpeg,2,1043
lungscc741.jpeg,2,1063
lungaca4123.jpeg,0,682
lungaca4472.jpeg,0,673
lungn3524.jpeg,1,888
lungscc1248.jpeg,2,1114
lungn1883.jpeg,1,966
lungaca3118.jpeg,0,584
lungn3028.jpeg,1,805
lungaca3280.jpeg,0,649
lungn3477.jpeg,1,987
lungaca1713.jpeg,0,741
lungscc1892.jpeg,2,1244
lungscc1342.jpeg,2,1038
lungscc3934.jpeg,2,1076
lungaca3301.jpeg,0,719
lungaca3868.jpeg,0,740
lungn1862.jpeg,1,941
lungn2939.jpeg,1,942
lungaca4659.jpeg,0,657
lungn3066.jpeg,1,857
lungscc3595.jpeg,2,1225
lungn4312.jpeg,1,797
lungn3874.jpeg,1,781
lungscc2160.jpeg,2,1127
lungaca4217.jpeg,0,739
lungscc4996.jpeg,2,1127
lungaca607.jpeg,0,521
lungaca1993.jpeg,0,549
lungscc2036.jpeg,2,1054
lungn2981.jpeg,1,871
lungaca1029.jpeg,0,508
lungn2333.jpeg,1,977
lungn2823.jpeg,1,942
lungn1256.jpeg,1,814
lungaca818.jpeg,0,691
lungscc1523.jpeg,2,1205
lungscc2145.jpeg,2,1051
lungaca2402.jpeg,0,721
lungscc1900.jpeg,2,1077
lungn618.jpeg,1,788
lungscc2466.jpeg,2,1157
lungscc1226.jpeg,2,1240
lungn3151.jpeg,1,856
lungaca1230.jpeg,0,728
lungaca716.jpeg,0,620
lungn2418.jpeg,1,898
lungn576.jpeg,1,912
lungscc1203.jpeg,2,1159
lungscc4281.jpeg,2,1117
lungn2076.jpeg,1,809
lungaca1926.jpeg,0,623
lungscc3070.jpeg,2,1095
lungn433.jpeg,1,901
lungn2845.jpeg,1,969
lungscc4239.jpeg,2,1139
lungn3892.jpeg,1,928
lungn3240.jpeg,1,821
lungaca4780.jpeg,0,704
lungaca1590.jpeg,0,617
lungscc1921.jpeg,2,1080
lungaca3046.jpeg,0,715
lungaca1367.jpeg,0,517
lungscc3289.jpeg,2,1147
lungscc347.jpeg,2,1017
lungscc1401.jpeg,2,1055
lungn3474.jpeg,1,958
lungaca4133.jpeg,0,609
lungscc3373.jpeg,2,1074
lungaca3512.jpeg,0,737
lungaca3193.jpeg,0,647
lungn2798.jpeg,1,781
lungscc4165.jpeg,2,1138
lungscc1364.jpeg,2,1106
lungn3612.jpeg,1,931
lungaca86.jpeg,0,508
lungn917.jpeg,1,918
lungn3006.jpeg,1,873
lungscc1108.jpeg,2,1142
lungscc2876.jpeg,2,1126
lungaca2037.jpeg,0,656
lungscc4258.jpeg,2,1041
lungscc1446.jpeg,2,1080
lungn3915.jpeg,1,923
lungscc369.jpeg,2,1075
lungaca2904.jpeg,0,600
lungscc3456.jpeg,2,1133
lungaca4897.jpeg,0,682
lungn542.jpeg,1,780
lungaca562.jpeg,0,552
lungaca3262.jpeg,0,539
lungaca546.jpeg,0,530
lungscc2578.jpeg,2,1067
lungscc3160.jpeg,2,1215
lungaca1845.jpeg,0,686
lungaca1712.jpeg,0,662
lungscc1984.jpeg,2,1153
lungscc2716.jpeg,2,1038
lungscc4918.jpeg,2,1176
lungn315.jpeg,1,854
lungn4646.jpeg,1,925
lungaca1572.jpeg,0,633
lungaca1050.jpeg,0,594
lungaca3451.jpeg,0,576
lungscc4868.jpeg,2,1104
lungscc3287.jpeg,2,1089
lungn3056.jpeg,1,947
lungscc1408.jpeg,2,1234
lungscc759.jpeg,2,1050
lungn1383.jpeg,1,937
lungaca2474.jpeg,0,516
lungaca4740.jpeg,0,726
lungscc2228.jpeg,2,1210
lungaca4137.jpeg,0,559
lungaca2492.jpeg,0,702
lungaca2666.jpeg,0,689
lungaca3401.jpeg,0,513
lungaca3026.jpeg,0,581
lungscc235.jpeg,2,1207
lungscc168.jpeg,2,1024
lungn915.jpeg,1,950
lungaca1627.jpeg,0,606
lungaca1555.jpeg,0,554
lungscc447.jpeg,2,1045
lungscc2101.jpeg,2,1033
lungaca863.jpeg,0,681
lungscc3224.jpeg,2,1018
lungscc3847.jpeg,2,1160
lungscc1568.jpeg,2,1113
lungaca3639.jpeg,0,572
lungn292.jpeg,1,914
lungaca4134.jpeg,0,609
lungscc652.jpeg,2,1092
lungscc165.jpeg,2,1243
lungscc4501.jpeg,2,1105
lungscc137.jpeg,2,1240
lungn3013.jpeg,1,917
lungaca348.jpeg,0,745
lungn1084.jpeg,1,936
lungscc1283.jpeg,2,1094
lungaca861.jpeg,0,575
lungscc1983.jpeg,2,1210
lungn3238.jpeg,1,796
lungscc4593.jpeg,2,1135
lungn4921.jpeg,1,981
lungaca25.jpeg,0,707
lungaca1795.jpeg,0,604
lungscc3902.jpeg,2,1098
lungn3368.jpeg,1,923
lungn4588.jpeg,1,781
lungscc361.jpeg,2,1057
lungscc1333.jpeg,2,1026
lungaca2624.jpeg,0,654
lungscc3007.jpeg,2,1172
lungn4371.jpeg,1,900
lungaca3372.jpeg,0,714
lungscc545.jpeg,2,1229
lungaca3993.jpeg,0,583
lungscc1931.jpeg,2,1005
lungscc3725.jpeg,2,1031
lungaca2010.jpeg,0,617
lungn4386.jpeg,1,969
lungscc4078.jpeg,2,1115
lungscc4418.jpeg,2,1153
lungscc2456.jpeg,2,1124
lungaca4936.jpeg,0,610
lungaca3927.jpeg,0,537
lungaca2461.jpeg,0,585
lungaca443.jpeg,0,568
lungscc744.jpeg,2,1096
lungscc3264.jpeg,2,1033
lungn1975.jpeg,1,947
lungn1019.jpeg,1,838
lungscc1648.jpeg,2,1132
lungn2595.jpeg,1,751
lungscc3795.jpeg,2,1036
lungn1280.jpeg,1,762
lungaca4355.jpeg,0,660
lungn2689.jpeg,1,775
lungaca1356.jpeg,0,659
lungn1088.jpeg,1,774
lungn1929.jpeg,1,808
lungn2793.jpeg,1,790
lungaca444.jpeg,0,599
lungscc4393.jpeg,2,1123
lungaca4634.jpeg,0,543
lungn3082.jpeg,1,886
lungn3536.jpeg,1,861
lungscc563.jpeg,2,1132
lungaca1201.jpeg,0,579
lungscc472.jpeg,2,1064
lungaca3589.jpeg,0,712
lungscc2237.jpeg,2,1160
lungaca4635.jpeg,0,669
lungn4122.jpeg,1,824
lungscc3556.jpeg,2,1046
lungn1484.jpeg,1,834
lungscc2431.jpeg,2,1176
lungn1758.jpeg,1,898
lungscc1232.jpeg,2,1071
lungscc4632.jpeg,2,1133
lungn2303.jpeg,1,880
lungaca2283.jpeg,0,512
lungaca3522.jpeg,0,703
lungscc1345.jpeg,2,1203
lungaca2926.jpeg,0,536
lungn2757.jpeg,1,960
lungscc3914.jpeg,2,1226
lungn608.jpeg,1,847
lungscc2232.jpeg,2,1190
lungaca647.jpeg,0,536
lungaca3862.jpeg,0,714
lungscc3027.jpeg,2,1163
lungaca1314.jpeg,0,629
lungscc2883.jpeg,2,1059
lungn4452.jpeg,1,795
lungscc492.jpeg,2,1070
lungaca2321.jpeg,0,592
lungaca2259.jpeg,0,534
lungscc2447.jpeg,2,1092
lungaca137.jpeg,0,737
lungscc4339.jpeg,2,1020
lungscc2792.jpeg,2,1186
lungscc602.jpeg,2,1054
lungscc2454.jpeg,2,1119
lungn4697.jpeg,1,769
lungaca1197.jpeg,0,580
lungaca4325.jpeg,0,742
lungn3109.jpeg,1,940
lungaca4767.jpeg,0,705
lungaca984.jpeg,0,642
lungaca239.jpeg,0,578
lungn809.jpeg,1,862
lungscc2293.jpeg,2,1034
lungscc2814.jpeg,2,1009
lungscc2930.jpeg,2,1195
lungscc684.jpeg,2,1006
lungn3641.jpeg,1,809
lungscc441.jpeg,2,1098
lungscc3168.jpeg,2,1143
lungn360.jpeg,1,840
lungscc327.jpeg,2,1077
lungaca1875.jpeg,0,537
lungscc5.jpeg,2,1144
lungscc3268.jpeg,2,1019
lungscc2695.jpeg,2,1111
lungaca1737.jpeg,0,687
lungn4180.jpeg,1,957
lungscc593.jpeg,2,1081
lungaca2239.jpeg,0,555
lungaca1142.jpeg,0,616
lungaca3887.jpeg,0,597
lungn3801.jpeg,1,963
lungaca3551.jpeg,0,634
lungn1226.jpeg,1,818
lungn691.jpeg,1,772
lungn3149.jpeg,1,894
lungn4497.jpeg,1,910
lungscc2859.jpeg,2,1191
lungaca2514.jpeg,0,547
lungn3762.jpeg,1,791
lungaca4499.jpeg,0,690
lungaca3597.jpeg,0,586
lungn871.jpeg,1,907
lungscc2488.jpeg,2,1123
lungn4725.jpeg,1,987
lungn1387.jpeg,1,774
lungscc4654.jpeg,2,1194
lungaca1332.jpeg,0,600
lungscc456.jpeg,2,1168
lungaca3041.jpeg,0,667
lungn3598.jpeg,1,964
lungn313.jpeg,1,811
lungn1222.jpeg,1,871
lungaca4477.jpeg,0,520
lungscc1939.jpeg,2,1055
lungn3646.jpeg,1,924
lungscc3705.jpeg,2,1182
lungaca4749.jpeg,0,679
lungscc2163.jpeg,2,1118
lungn1417.jpeg,1,951
lungscc3570.jpeg,2,1093
lungaca2385.jpeg,0,513
lungaca2469.jpeg,0,512
lungscc4368.jpeg,2,1169
lungaca4547.jpeg,0,561
lungaca3897.jpeg,0,726
lungaca2473.jpeg,0,743
lungscc418.jpeg,2,1196
lungscc1884.jpeg,2,1202
lungscc963.jpeg,2,1171
lungn4117.jpeg,1,810
lungscc4541.jpeg,2,1177
lungaca4342.jpeg,0,588
lungn118.jpeg,1,777
lungscc2472.jpeg,2,1098
lungaca4088.jpeg,0,512
lungn3260.jpeg,1,847
lungaca3968.jpeg,0,633
lungaca1895.jpeg,0,575
lungscc1463.jpeg,2,1239
lungscc3878.jpeg,2,1047
lungaca3947.jpeg,0,580
lungn3802.jpeg,1,826
lungaca2195.jpeg,0,722
lungn4023.jpeg,1,841
lungaca4649.jpeg,0,746
lungaca457.jpeg,0,593
lungaca4626.jpeg,0,516
lungaca530.jpeg,0,560
lungn4015.jpeg,1,848
lungaca295.jpeg,0,735
lungaca298.jpeg,0,709
lungaca2127.jpeg,0,552
lungscc3035.jpeg,2,1032
lungn2742.jpeg,1,871
lungn2065.jpeg,1,780
lungn1281.jpeg,1,762
lungaca4021.jpeg,0,582
lungaca4409.jpeg,0,583
lungaca2416.jpeg,0,595
lungaca3156.jpeg,0,509
lungscc1701.jpeg,2,1034
lungaca3933.jpeg,0,746
lungn802.jpeg,1,858
lungscc2066.jpeg,2,1149
lungscc2089.jpeg,2,1037
lungaca4944.jpeg,0,660
lungaca2749.jpeg,0,554
lungscc1163.jpeg,2,1190
lungscc2114.jpeg,2,1015
lungaca1278.jpeg,0,527
lungaca4999.jpeg,0,657
lungn3629.jpeg,1,801
lungscc3557.jpeg,2,1046
lungscc4913.jpeg,2,1204
lungaca2403.jpeg,0,582
lungscc4988.jpeg,2,1223
lungaca658.jpeg,0,692
lungscc3320.jpeg,2,1022
lungaca1808.jpeg,0,700
lungscc2737.jpeg,2,1106
lungscc1685.jpeg,2,1103
lungn1351.jpeg,1,787
lungscc1014.jpeg,2,1164
lungscc1869.jpeg,2,1127
lungn3893.jpeg,1,928
lungn3529.jpeg,1,951
lungaca4165.jpeg,0,740
lungaca1623.jpeg,0,512
lungaca2829.jpeg,0,719
lungn4462.jpeg,1,860
lungaca1552.jpeg,0,559
lungn3883.jpeg,1,869
lungn1974.jpeg,1,797
lungscc686.jpeg,2,1144
lungaca2875.jpeg,0,668
lungscc4496.jpeg,2,1042
lungn2391.jpeg,1,874
lungn2805.jpeg,1,971
lungn449.jpeg,1,983
lungn4454.jpeg,1,751
lungaca378.jpeg,0,563
lungscc627.jpeg,2,1034
lungn3899.jpeg,1,875
lungaca3701.jpeg,0,575
lungaca1563.jpeg,0,551
lungn120.jpeg,1,930
lungn522.jpeg,1,823
lungaca3446.jpeg,0,531
lungscc1047.jpeg,2,1031
lungscc3988.jpeg,2,1134
lungaca4474.jpeg,0,636
lungaca1543.jpeg,0,671
lungscc1871.jpeg,2,1222
lungn4166.jpeg,1,790
lungscc665.jpeg,2,1009
lungscc1821.jpeg,2,1056
lungaca735.jpeg,0,530
lungaca1967.jpeg,0,644
lungn1110.jpeg,1,802
lungscc4878.jpeg,2,1195
lungaca831.jpeg,0,606
lungaca3068.jpeg,0,530
lungaca2525.jpeg,0,709
lungn3532.jpeg,1,849
lungaca4145.jpeg,0,687
lungaca1437.jpeg,0,710
lungaca3898.jpeg,0,551
lungscc269.jpeg,2,1013
lungscc58.jpeg,2,1155
lungscc2565.jpeg,2,1193
lungaca3710.jpeg,0,554
lungaca125.jpeg,0,733
lungscc2409.jpeg,2,1203
lungn2365.jpeg,1,956
lungn1867.jpeg,1,949
lungn30.jpeg,1,791
lungn3658.jpeg,1,785
lungscc4890.jpeg,2,1005
lungaca855.jpeg,0,661
lungn412.jpeg,1,923
lungscc4742.jpeg,2,1102
lungn475.jpeg,1,839
lungn369.jpeg,1,781
lungn1098.jpeg,1,805
lungscc3523.jpeg,2,1227
lungn2234.jpeg,1,949
lungn3833.jpeg,1,786
lungn1129.jpeg,1,783
lungaca1396.jpeg,0,669
lungscc1795.jpeg,2,1227
lungaca4508.jpeg,0,578
lungn215.jpeg,1,910
lungaca4239.jpeg,0,520
lungscc1365.jpeg,2,1212
lungscc3784.jpeg,2,1177
lungscc1060.jpeg,2,1174
lungaca2629.jpeg,0,609
lungscc212.jpeg,2,1205
lungaca4923.jpeg,0,742
lungscc1860.jpeg,2,1139
lungscc715.jpeg,2,1111
lungscc4332.jpeg,2,1197
lungn1343.jpeg,1,888
lungaca1248.jpeg,0,671
lungaca2911.jpeg,0,688
lungn4343.jpeg,1,867
lungn4205.jpeg,1,995
lungscc2204.jpeg,2,1188
lungn3672.jpeg,1,795
lungn1070.jpeg,1,837
lungaca872.jpeg,0,528
lungaca3292.jpeg,0,605
lungn2847.jpeg,1,929
lungscc4992.jpeg,2,1060
lungn2550.jpeg,1,767
lungn965.jpeg,1,825
lungscc2704.jpeg,2,1005
lungscc310.jpeg,2,1142
lungscc376.jpeg,2,1066
lungscc2249.jpeg,2,1049
lungaca4192.jpeg,0,747
lungscc4342.jpeg,2,1093
lungaca4640.jpeg,0,689
lungscc3573.jpeg,2,1102
lungn1203.jpeg,1,915
lungscc462.jpeg,2,1176
lungscc4908.jpeg,2,1006
lungaca4916.jpeg,0,655
lungn2811.jpeg,1,993
lungscc3496.jpeg,2,1001
lungn146.jpeg,1,786
lungaca3561.jpeg,0,646
lungaca3404.jpeg,0,736
lungscc3993.jpeg,2,1024
lungn2520.jpeg,1,785
lungn1370.jpeg,1,916
lungn2792.jpeg,1,790
lungn521.jpeg,1,938
lungaca364.jpeg,0,725
lungscc3462.jpeg,2,1067
lungscc1371.jpeg,2,1173
lungscc674.jpeg,2,1094
lungaca3454.jpeg,0,568
lungaca4561.jpeg,0,721
lungn4818.jpeg,1,822
lungn4747.jpeg,1,963
lungscc2897.jpeg,2,1226
lungaca2187.jpeg,0,673
lungaca2753.jpeg,0,638
lungaca1942.jpeg,0,555
lungn2480.jpeg,1,782
lungscc2480.jpeg,2,1230
lungscc4906.jpeg,2,1187
lungaca2410.jpeg,0,607
lungscc995.jpeg,2,1226
lungn3198.jpeg,1,873
lungaca4559.jpeg,0,551
lungaca3116.jpeg,0,666
lungn2373.jpeg,1,809
lungn2442.jpeg,1,876
lungn2022.jpeg,1,912
lungaca4687.jpeg,0,678
lungscc730.jpeg,2,1026
lungaca609.jpeg,0,731
lungaca2178.jpeg,0,550
lungaca4140.jpeg,0,544
lungn4918.jpeg,1,927
lungn152.jpeg,1,874
lungn2187.jpeg,1,925
lungn156.jpeg,1,834
lungaca4517.jpeg,0,643
lungscc1422.jpeg,2,1138
lungscc3323.jpeg,2,1052
lungn1536.jpeg,1,908
lungaca2620.jpeg,0,649
lungscc3606.jpeg,2,1095
lungaca215.jpeg,0,587
lungaca1172.jpeg,0,552
lungn4683.jpeg,1,751
lungscc1425.jpeg,2,1082
lungaca3197.jpeg,0,670
lungscc2321.jpeg,2,1092
lungaca442.jpeg,0,618
lungn1670.jpeg,1,851
lungn3903.jpeg,1,921
lungn460.jpeg,1,931
lungn673.jpeg,1,932
lungscc2166.jpeg,2,1002
lungn4803.jpeg,1,857
lungaca1191.jpeg,0,641
lungn4477.jpeg,1,876
lungn3943.jpeg,1,918
lungaca2573.jpeg,0,642
lungn4848.jpeg,1,907
lungaca1380.jpeg,0,573
lungscc2424.jpeg,2,1072
lungscc1315.jpeg,2,1148
lungn1654.jpeg,1,951
lungaca1391.jpeg,0,643
lungscc4145.jpeg,2,1107
lungn2701.jpeg,1,848
lungaca4469.jpeg,0,702
lungscc268.jpeg,2,1168
lungaca4782.jpeg,0,682
lungn2901.jpeg,1,974
lungscc3039.jpeg,2,1047
lungn3111.jpeg,1,964
lungn2306.jpeg,1,804
lungaca893.jpeg,0,724
lungscc1812.jpeg,2,1136
lungscc1005.jpeg,2,1077
lungn3602.jpeg,1,771
lungn1811.jpeg,1,863
lungscc343.jpeg,2,1112
lungscc1607.jpeg,2,1027
lungn3517.jpeg,1,911
lungn2007.jpeg,1,856
lungn4161.jpeg,1,847
lungaca2125.jpeg,0,705
lungscc4957.jpeg,2,1031
lungscc2733.jpeg,2,1001
lungaca4824.jpeg,0,588
lungn1855.jpeg,1,896
lungn1919.jpeg,1,923
lungaca1009.jpeg,0,669
lungscc80.jpeg,2,1211
lungn2203.jpeg,1,908
lungaca4494.jpeg,0,560
lungn1213.jpeg,1,991
lungscc32.jpeg,2,1230
lungaca3934.jpeg,0,684
lungscc3163.jpeg,2,1134
lungscc3020.jpeg,2,1040
lungn697.jpeg,1,910
lungn674.jpeg,1,792
lungscc496.jpeg,2,1075
lungn540.jpeg,1,777
lungn2056.jpeg,1,893
lungscc4619.jpeg,2,1231
lungscc823.jpeg,2,1212
lungn2886.jpeg,1,965
lungn4574.jpeg,1,860
lungn638.jpeg,1,796
lungaca764.jpeg,0,554
lungscc4288.jpeg,2,1159
lungscc2927.jpeg,2,1159
lungaca2559.jpeg,0,703
lungaca3510.jpeg,0,635
lungn2327.jpeg,1,928
lungn4549.jpeg,1,912
lungn2658.jpeg,1,758
lungn2006.jpeg,1,846
lungn4809.jpeg,1,893
lungn2118.jpeg,1,904
lungn2546.jpeg,1,872
lungscc3381.jpeg,2,1056
lungaca4327.jpeg,0,549
lungaca4480.jpeg,0,518
lungaca1046.jpeg,0,560
lungscc3126.jpeg,2,1200
lungn3314.jpeg,1,965
lungscc98.jpeg,2,1018
lungn1430.jpeg,1,768
lungn293.jpeg,1,795
lungaca4001.jpeg,0,661
lungaca290.jpeg,0,721
lungscc1532.jpeg,2,1084
lungn4242.jpeg,1,818
lungn1159.jpeg,1,975
lungaca923.jpeg,0,664
lungaca4562.jpeg,0,604
lungscc389.jpeg,2,1170
lungn1821.jpeg,1,805
lungscc1072.jpeg,2,1125
lungscc2693.jpeg,2,1018
lungscc2002.jpeg,2,1040
lungscc1553.jpeg,2,1081
lungaca1159.jpeg,0,530
lungaca1352.jpeg,0,506
lungscc4608.jpeg,2,1031
lungscc4098.jpeg,2,1072
lungaca784.jpeg,0,569
lungn1838.jpeg,1,753
lungaca3549.jpeg,0,695
lungaca2293.jpeg,0,650
lungaca1526.jpeg,0,684
lungscc1261.jpeg,2,1051
lungaca3997.jpeg,0,625
lungscc385.jpeg,2,1220
lungscc4271.jpeg,2,1001
lungscc1613.jpeg,2,1081
lungaca3864.jpeg,0,550
lungscc4912.jpeg,2,1129
lungn3098.jpeg,1,798
lungaca3644.jpeg,0,534
lungscc4557.jpeg,2,998
lungaca2053.jpeg,0,530
lungscc3217.jpeg,2,1114
lungscc2483.jpeg,2,1205
lungscc3751.jpeg,2,1016
lungscc2944.jpeg,2,1094
lungscc4639.jpeg,2,1124
lungaca4439.jpeg,0,653
lungscc4590.jpeg,2,1228
lungscc3114.jpeg,2,1000
lungn3535.jpeg,1,982
lungscc4450.jpeg,2,1179
lungscc1819.jpeg,2,1021
lungn4357.jpeg,1,957
lungscc3385.jpeg,2,1220
lungaca2933.jpeg,0,528
lungn1348.jpeg,1,940
lungn1336.jpeg,1,854
lungaca4069.jpeg,0,525
lungn2641.jpeg,1,981
lungscc2210.jpeg,2,1091
lungscc1132.jpeg,2,1134
lungscc1237.jpeg,2,1230
lungn74.jpeg,1,788
lungn635.jpeg,1,800
lungaca790.jpeg,0,539
lungscc2153.jpeg,2,1155
lungaca2604.jpeg,0,531
lungn616.jpeg,1,829
lungaca2099.jpeg,0,579
lungn3990.jpeg,1,789
lungaca3643.jpeg,0,654
lungn3818.jpeg,1,781
lungaca1153.jpeg,0,512
lungn3649.jpeg,1,786
lungn2270.jpeg,1,787
lungscc1307.jpeg,2,1221
lungn4690.jpeg,1,904
lungn4656.jpeg,1,902
lungaca241.jpeg,0,529
lungn4787.jpeg,1,942
lungscc3929.jpeg,2,1018
lungn982.jpeg,1,879
lungscc3648.jpeg,2,1035
lungn2810.jpeg,1,810
lungn1959.jpeg,1,818
lungaca3625.jpeg,0,537
lungn2358.jpeg,1,822
lungscc965.jpeg,2,1086
lungaca2079.jpeg,0,625
lungaca3358.jpeg,0,604
lungscc3695.jpeg,2,1076
lungscc4786.jpeg,2,1231
lungn1182.jpeg,1,900
lungaca1697.jpeg,0,732
lungscc103.jpeg,2,1039
lungscc936.jpeg,2,1146
lungscc2672.jpeg,2,1001
lungaca2975.jpeg,0,684
lungscc2776.jpeg,2,1099
lungaca630.jpeg,0,621
lungaca2177.jpeg,0,563
lungscc1574.jpeg,2,1165
lungn326.jpeg,1,802
lungscc1251.jpeg,2,1130
lungscc3089.jpeg,2,1221
lungn4241.jpeg,1,951
lungscc4174.jpeg,2,1171
lungscc471.jpeg,2,1159
lungaca1006.jpeg,0,734
lungaca4566.jpeg,0,725
lungn3051.jpeg,1,960
lungaca3488.jpeg,0,634
lungscc1098.jpeg,2,1209
lungn2334.jpeg,1,862
lungaca891.jpeg,0,524
lungscc2467.jpeg,2,1041
lungn2110.jpeg,1,984
lungscc4815.jpeg,2,1054
lungn3201.jpeg,1,929
lungn2967.jpeg,1,761
lungscc1285.jpeg,2,1038
lungscc3783.jpeg,2,1118
lungaca2870.jpeg,0,665
lungn2309.jpeg,1,778
lungscc4583.jpeg,2,1219
lungscc1715.jpeg,2,1106
lungscc370.jpeg,2,1058
lungn1076.jpeg,1,832
lungn1037.jpeg,1,991
lungn4504.jpeg,1,937
lungn4082.jpeg,1,906
lungscc1050.jpeg,2,1066
lungscc3598.jpeg,2,1005
lungn4937.jpeg,1,774
lungaca3334.jpeg,0,722
lungaca3162.jpeg,0,619
lungn2731.jpeg,1,804
lungscc3875.jpeg,2,1016
lungscc4645.jpeg,2,1062
lungn397.jpeg,1,875
lungscc648.jpeg,2,1018
lungaca4650.jpeg,0,673
lungn4261.jpeg,1,783
lungscc1614.jpeg,2,1017
lungscc4276.jpeg,2,1158
lungscc1849.jpeg,2,1173
lungn1824.jpeg,1,867
lungn499.jpeg,1,762
lungaca1687.jpeg,0,713
lungn3515.jpeg,1,799
lungn1868.jpeg,1,904
lungaca3058.jpeg,0,690
lungscc3446.jpeg,2,1102
lungscc2097.jpeg,2,1223
lungaca1636.jpeg,0,598
lungn2434.jpeg,1,754
lungaca3048.jpeg,0,654
lungaca968.jpeg,0,746
lungn155.jpeg,1,771
lungscc1205.jpeg,2,1191
lungn2828.jpeg,1,922
lungaca1328.jpeg,0,733
lungn4817.jpeg,1,767
lungn19.jpeg,1,974
lungn4321.jpeg,1,841
lungaca3855.jpeg,0,590
lungn1038.jpeg,1,778
lungscc1395.jpeg,2,1157
lungn1668.jpeg,1,947
lungscc4638.jpeg,2,1147
lungscc4056.jpeg,2,1089
lungscc4865.jpeg,2,1186
lungscc4568.jpeg,2,1125
lungaca1361.jpeg,0,619
lungscc3465.jpeg,2,1078
lungscc4504.jpeg,2,1170
lungn2573.jpeg,1,800
lungscc215.jpeg,2,1141
lungn1652.jpeg,1,802
lungaca660.jpeg,0,735
lungscc236.jpeg,2,1237
lungscc3889.jpeg,2,1081
lungn4093.jpeg,1,963
lungn4696.jpeg,1,930
lungaca580.jpeg,0,644
lungscc906.jpeg,2,1054
lungn972.jpeg,1,754
lungscc4162.jpeg,2,1013
lungaca3108.jpeg,0,710
lungn3687.jpeg,1,804
lungaca1384.jpeg,0,694
lungaca1541.jpeg,0,730
lungaca4022.jpeg,0,695
lungn3959.jpeg,1,952
lungaca3437.jpeg,0,733
lungaca2255.jpeg,0,615
lungscc3363.jpeg,2,1000
lungscc1430.jpeg,2,1213
lungaca4163.jpeg,0,700
lungn557.jpeg,1,972
lungscc3738.jpeg,2,1168
lungaca4545.jpeg,0,522
lungn4699.jpeg,1,829
lungscc4567.jpeg,2,1117
lungaca2498.jpeg,0,715
lungaca2218.jpeg,0,708
lungscc4900.jpeg,2,1087
lungaca488.jpeg,0,670
lungscc4986.jpeg,2,1079
lungscc3713.jpeg,2,1118
lungscc3351.jpeg,2,1024
lungscc4807.jpeg,2,1111
lungscc1729.jpeg,2,1076
lungn1669.jpeg,1,962
lungscc3581.jpeg,2,1083
lungn2280.jpeg,1,988
lungaca2984.jpeg,0,557
lungaca4813.jpeg,0,623
lungaca2857.jpeg,0,636
lungaca4814.jpeg,0,595
lungscc2959.jpeg,2,1001
lungaca85.jpeg,0,506
lungn1472.jpeg,1,775
lungscc3840.jpeg,2,1161
lungaca2703.jpeg,0,605
lungaca664.jpeg,0,578
lungaca611.jpeg,0,699
lungscc2501.jpeg,2,1027
lungaca4460.jpeg,0,705
lungn724.jpeg,1,945
lungaca1923.jpeg,0,512
lungn2313.jpeg,1,946
lungscc1788.jpeg,2,1195
lungscc171.jpeg,2,1012
lungscc3754.jpeg,2,1073
lungn2749.jpeg,1,817
lungaca4343.jpeg,0,531
lungscc4816.jpeg,2,1008
lungn738.jpeg,1,883
lungscc1949.jpeg,2,1116
lungscc2179.jpeg,2,1107
lungscc4025.jpeg,2,1107
lungn1882.jpeg,1,966
lungn3558.jpeg,1,857
lungscc3360.jpeg,2,1195
lungaca1487.jpeg,0,614
lungaca1618.jpeg,0,582
lungscc714.jpeg,2,1171
lungaca3298.jpeg,0,721
lungscc886.jpeg,2,1018
lungaca124.jpeg,0,521
lungscc1071.jpeg,2,1093
lungscc412.jpeg,2,1064
lungscc1621.jpeg,2,1199
lungscc4953.jpeg,2,1160
lungn2455.jpeg,1,922
lungscc2211.jpeg,2,1027
lungscc1104.jpeg,2,1190
lungscc4066.jpeg,2,1225
lungscc3245.jpeg,2,1059
lungaca1465.jpeg,0,728
lungn4480.jpeg,1,749
lungaca691.jpeg,0,593
lungaca2728.jpeg,0,624
lungscc2400.jpeg,2,1165
lungscc1029.jpeg,2,1067
lungscc962.jpeg,2,1171
lungscc1763.jpeg,2,1132
lungscc4209.jpeg,2,1166
lungaca4423.jpeg,0,657
lungscc2366.jpeg,2,1033
lungscc4834.jpeg,2,1189
lungaca4541.jpeg,0,622
lungscc189.jpeg,2,1109
lungscc2113.jpeg,2,1015
lungscc3605.jpeg,2,999
lungn1700.jpeg,1,894
lungscc3497.jpeg,2,1230
lungaca1060.jpeg,0,598
lungn1641.jpeg,1,990
lungscc3714.jpeg,2,1177
lungn899.jpeg,1,822
lungn3234.jpeg,1,874
lungscc2813.jpeg,2,1060
lungn916.jpeg,1,959
lungn926.jpeg,1,928
lungn822.jpeg,1,843
lungaca599.jpeg,0,735
lungn2615.jpeg,1,991
lungaca3598.jpeg,0,663
lungaca3923.jpeg,0,740
lungscc771.jpeg,2,1051
lungaca3410.jpeg,0,560
lungn1033.jpeg,1,961
lungaca4437.jpeg,0,528
lungn2938.jpeg,1,987
lungaca3543.jpeg,0,547
lungn1447.jpeg,1,806
lungaca2249.jpeg,0,748
lungn2257.jpeg,1,888
lungscc994.jpeg,2,1226
lungaca698.jpeg,0,612
lungn835.jpeg,1,968
lungn531.jpeg,1,857
lungn2838.jpeg,1,881
lungaca1166.jpeg,0,700
lungn3090.jpeg,1,895
lungaca2534.jpeg,0,549
lungscc1456.jpeg,2,1059
lungscc2635.jpeg,2,1089
lungscc187.jpeg,2,1033
lungn533.jpeg,1,760
lungaca4703.jpeg,0,705
lungaca307.jpeg,0,646
lungaca2528.jpeg,0,632
lungscc249.jpeg,2,1167
lungscc1199.jpeg,2,1137
lungscc3864.jpeg,2,1129
lungn3776.jpeg,1,820
lungaca4390.jpeg,0,634
lungscc216.jpeg,2,1158
lungn2783.jpeg,1,949
lungscc1661.jpeg,2,1003
lungscc820.jpeg,2,1013
lungaca3384.jpeg,0,613
lungaca449.jpeg,0,645
lungscc2485.jpeg,2,1170
lungn2031.jpeg,1,896
lungscc720.jpeg,2,1139
lungn1496.jpeg,1,965
lungaca2931.jpeg,0,559
lungn4034.jpeg,1,795
lungaca4492.jpeg,0,526
lungscc1961.jpeg,2,1140
lungscc4357.jpeg,2,1122
lungaca1896.jpeg,0,534
lungaca188.jpeg,0,590
lungn3855.jpeg,1,936
lungn1482.jpeg,1,771
lungn2224.jpeg,1,803
lungscc4685.jpeg,2,1128
lungscc2417.jpeg,2,1234
lungaca371.jpeg,0,743
lungscc2528.jpeg,2,1094
lungscc3267.jpeg,2,1077
lungn742.jpeg,1,849
lungn2097.jpeg,1,861
lungscc3614.jpeg,2,1116
lungn2175.jpeg,1,764
lungscc4208.jpeg,2,1056
lungscc296.jpeg,2,1068
lungaca3411.jpeg,0,710
lungn4003.jpeg,1,954
lungn444.jpeg,1,908
lungaca1894.jpeg,0,649
lungscc4022.jpeg,2,1075
lungaca1966.jpeg,0,644
lungscc3801.jpeg,2,1242
lungscc4234.jpeg,2,1037
lungaca1073.jpeg,0,583
lungn4717.jpeg,1,948
lungaca1472.jpeg,0,621
lungscc1279.jpeg,2,1172
lungn4144.jpeg,1,832
lungscc4343.jpeg,2,1148
lungaca1976.jpeg,0,663
lungaca1916.jpeg,0,585
lungscc3553.jpeg,2,1202
lungaca29.jpeg,0,568
lungn2791.jpeg,1,825
lungaca2916.jpeg,0,636
lungscc3330.jpeg,2,1233
lungaca4632.jpeg,0,739
lungscc1514.jpeg,2,1074
lungscc3807.jpeg,2,1007
lungaca4911.jpeg,0,713
lungn163.jpeg,1,763
lungn4959.jpeg,1,750
lungn4151.jpeg,1,941
lungaca3696.jpeg,0,508
lungaca1771.jpeg,0,602
lungn3058.jpeg,1,823
lungn2498.jpeg,1,909
lungaca4388.jpeg,0,566
lungn647.jpeg,1,843
lungscc3661.jpeg,2,1011
lungscc2983.jpeg,2,1191
lungaca26.jpeg,0,669
lungn338.jpeg,1,919
lungaca1087.jpeg,0,630
lungscc1224.jpeg,2,1203
lungscc2375.jpeg,2,1188
lungscc2382.jpeg,2,1185
lungn978.jpeg,1,798
lungn992.jpeg,1,861
lungaca3272.jpeg,0,553
lungn1658.jpeg,1,897
lungscc3782.jpeg,2,1103
lungaca1745.jpeg,0,647
lungaca3240.jpeg,0,638
lungn722.jpeg,1,780
lungaca1442.jpeg,0,547
lungn3889.jpeg,1,791
lungaca1148.jpeg,0,552
lungn1622.jpeg,1,979
lungaca2379.jpeg,0,518
lungn1299.jpeg,1,919
lungaca3232.jpeg,0,510
lungscc1445.jpeg,2,1080
lungn3166.jpeg,1,810
lungaca510.jpeg,0,625
lungn4850.jpeg,1,922
lungn3700.jpeg,1,776
lungn3092.jpeg,1,792
lungn324.jpeg,1,885
lungaca1797.jpeg,0,695
lungn571.jpeg,1,786
lungscc4597.jpeg,2,1127
lungaca4686.jpeg,0,666
lungscc3650.jpeg,2,1153
lungaca4785.jpeg,0,534
lungscc635.jpeg,2,1231
lungscc2261.jpeg,2,1117
lungaca2365.jpeg,0,618
lungaca1421.jpeg,0,671
lungn1062.jpeg,1,912
lungn3418.jpeg,1,766
lungn297.jpeg,1,814
lungn3243.jpeg,1,933
lungscc1389.jpeg,2,1005
lungaca2362.jpeg,0,737
lungaca988.jpeg,0,686
lungn4714.jpeg,1,973
lungn4057.jpeg,1,750
lungscc135.jpeg,2,1096
lungaca4833.jpeg,0,645
lungscc175.jpeg,2,1017
lungn1073.jpeg,1,836
lungn2273.jpeg,1,848
lungaca1823.jpeg,0,562
lungaca1405.jpeg,0,530
lungaca1648.jpeg,0,627
lungscc2323.jpeg,2,1185
lungscc290.jpeg,2,1154
lungn2446.jpeg,1,753
lungaca3960.jpeg,0,507
lungaca807.jpeg,0,608
lungscc2691.jpeg,2,1104
lungn2804.jpeg,1,944
lungscc736.jpeg,2,1216
lungscc4337.jpeg,2,1179
lungn334.jpeg,1,942
lungn3661.jpeg,1,836
lungscc3624.jpeg,2,1158
lungscc4318.jpeg,2,1099
lungscc4375.jpeg,2,1166
lungn3433.jpeg,1,784
lungscc1174.jpeg,2,1056
lungn142.jpeg,1,973
lungaca875.jpeg,0,721
lungscc3272.jpeg,2,1104
lungaca2553.jpeg,0,546
lungaca126.jpeg,0,734
lungaca1566.jpeg,0,604
lungn2180.jpeg,1,840
lungscc4327.jpeg,2,1040
lungscc4606.jpeg,2,1095
lungn3262.jpeg,1,777
lungaca2493.jpeg,0,673
lungscc4509.jpeg,2,1186
lungn541.jpeg,1,974
lungscc1369.jpeg,2,1024
lungscc4257.jpeg,2,1055
lungn963.jpeg,1,968
lungaca4408.jpeg,0,662
lungaca4642.jpeg,0,568
lungaca2922.jpeg,0,591
lungscc4120.jpeg,2,1000
lungscc3016.jpeg,2,1066
lungn4599.jpeg,1,879
lungaca1259.jpeg,0,718
lungscc1779.jpeg,2,1016
lungn2104.jpeg,1,841
lungscc3336.jpeg,2,1028
lungscc1530.jpeg,2,1019
lungn243.jpeg,1,966
lungn1581.jpeg,1,859
lungn2004.jpeg,1,930
lungaca3174.jpeg,0,560
lungaca3296.jpeg,0,690
lungscc4296.jpeg,2,1121
lungscc2479.jpeg,2,1244
lungn237.jpeg,1,894
lungaca2709.jpeg,0,653
lungscc640.jpeg,2,1188
lungaca1296.jpeg,0,723
lungn3068.jpeg,1,923
lungscc1888.jpeg,2,1040
lungn322.jpeg,1,913
lungn1680.jpeg,1,853
lungscc853.jpeg,2,1057
lungn4795.jpeg,1,763
lungn3357.jpeg,1,938
lungaca3083.jpeg,0,583
lungscc1898.jpeg,2,1138
lungn2417.jpeg,1,963
lungaca1456.jpeg,0,581
lungaca2630.jpeg,0,641
lungscc3077.jpeg,2,1046
lungn2413.jpeg,1,755
lungscc578.jpeg,2,1023
lungaca2181.jpeg,0,635
lungn3931.jpeg,1,788
lungaca1793.jpeg,0,594
lungaca524.jpeg,0,522
lungn4680.jpeg,1,816
lungn615.jpeg,1,956
lungaca3016.jpeg,0,626
lungaca156.jpeg,0,587
lungn2968.jpeg,1,790
lungn1477.jpeg,1,786
lungn4901.jpeg,1,849
lungn2080.jpeg,1,946
lungaca898.jpeg,0,689
lungn3324.jpeg,1,779
lungscc109.jpeg,2,1000
lungscc4617.jpeg,2,1208
lungaca3851.jpeg,0,679
lungaca1.jpeg,0,664
lungaca4549.jpeg,0,609
lungscc3882.jpeg,2,1061
lungn1420.jpeg,1,964
lungscc663.jpeg,2,1135
lungn4584.jpeg,1,846
lungn3121.jpeg,1,771
lungaca3757.jpeg,0,661
lungn4152.jpeg,1,795
lungscc1771.jpeg,2,1077
lungn2599.jpeg,1,963
lungscc2542.jpeg,2,1045
lungscc4043.jpeg,2,1082
lungn2098.jpeg,1,848
lungaca669.jpeg,0,646
lungaca634.jpeg,0,603
lungn3754.jpeg,1,781
lungn2611.jpeg,1,805
lungaca2946.jpeg,0,584
lungn4335.jpeg,1,758
lungscc2406.jpeg,2,1058
lungaca4689.jpeg,0,742
lungaca360.jpeg,0,585
lungscc1139.jpeg,2,1224
lungaca4802.jpeg,0,679
lungscc1650.jpeg,2,1174
lungaca3918.jpeg,0,598
lungaca1290.jpeg,0,741
lungaca579.jpeg,0,644
lungscc4034.jpeg,2,1205
lungscc3018.jpeg,2,1234
lungscc1999.jpeg,2,1042
lungaca2305.jpeg,0,556
lungscc4674.jpeg,2,1226
lungn1880.jpeg,1,966
lungn1789.jpeg,1,912
lungn3421.jpeg,1,821
lungaca1890.jpeg,0,602
lungn3799.jpeg,1,985
lungaca810.jpeg,0,648
lungn2024.jpeg,1,821
lungaca1870.jpeg,0,740
lungaca130.jpeg,0,669
lungaca870.jpeg,0,691
lungaca4590.jpeg,0,553
lungscc4825.jpeg,2,1113
lungn3219.jpeg,1,966
lungscc3566.jpeg,2,1053
lungscc2495.jpeg,2,1117
lungn2251.jpeg,1,754
lungaca4751.jpeg,0,596
lungscc1128.jpeg,2,1050
lungn2979.jpeg,1,791
lungaca2890.jpeg,0,708
lungscc2587.jpeg,2,1194
lungn4005.jpeg,1,903
lungn3865.jpeg,1,777
lungscc4497.jpeg,2,1099
lungaca3761.jpeg,0,572
lungaca3268.jpeg,0,523
lungn2396.jpeg,1,947
lungaca1615.jpeg,0,585
lungn3124.jpeg,1,823
lungaca707.jpeg,0,611
lungaca4117.jpeg,0,649
lungscc3484.jpeg,2,1240
lungn98.jpeg,1,905
lungscc2438.jpeg,2,1104
lungaca1325.jpeg,0,647
lungn3302.jpeg,1,942
lungaca3503.jpeg,0,652
lungscc3308.jpeg,2,1165
lungaca1010.jpeg,0,669
lungscc1277.jpeg,2,1109
lungaca1189.jpeg,0,510
lungscc16.jpeg,2,1079
lungn2849.jpeg,1,806
lungaca3741.jpeg,0,705
lungaca3165.jpeg,0,513
lungaca1883.jpeg,0,601
lungscc4158.jpeg,2,1163
lungn3717.jpeg,1,907
lungaca3530.jpeg,0,738
lungn2249.jpeg,1,792
lungaca1936.jpeg,0,550
lungscc2649.jpeg,2,1057
lungscc2560.jpeg,2,1090
lungaca1719.jpeg,0,729
lungn550.jpeg,1,859
lungscc4611.jpeg,2,1036
lungn3130.jpeg,1,988
lungscc1896.jpeg,2,1163
lungscc3596.jpeg,2,1097
lungn3782.jpeg,1,803
lungscc4866.jpeg,2,1014
lungscc1789.jpeg,2,1017
lungscc2278.jpeg,2,1009
lungn4307.jpeg,1,862
lungaca1957.jpeg,0,520
lungn2072.jpeg,1,778
lungaca956.jpeg,0,542
lungaca1904.jpeg,0,698
lungaca3486.jpeg,0,678
lungaca1133.jpeg,0,513
lungn2353.jpeg,1,949
lungn1.jpeg,1,820
lungscc2142.jpeg,2,1193
lungscc1274.jpeg,2,1126
lungaca915.jpeg,0,506
lungn3075.jpeg,1,898
lungaca1341.jpeg,0,737
lungn3396.jpeg,1,750
lungaca4485.jpeg,0,570
lungn1748.jpeg,1,891
lungn2864.jpeg,1,892
lungscc2075.jpeg,2,1215
lungn4866.jpeg,1,965
lungn2433.jpeg,1,754
lungscc3727.jpeg,2,1022
lungscc4655.jpeg,2,1070
lungaca1438.jpeg,0,528
lungn2475.jpeg,1,941
lungscc2295.jpeg,2,1088
lungn4972.jpeg,1,942
lungn3197.jpeg,1,937
lungscc2941.jpeg,2,1057
lungscc2523.jpeg,2,1108
lungscc2834.jpeg,2,1198
lungaca1260.jpeg,0,718
lungaca354.jpeg,0,718
lungaca4231.jpeg,0,696
lungaca1425.jpeg,0,644
lungaca4737.jpeg,0,528
lungaca655.jpeg,0,594
lungaca2614.jpeg,0,636
lungn1660.jpeg,1,980
lungaca2272.jpeg,0,574
lungaca4694.jpeg,0,623
lungscc4123.jpeg,2,1228
lungaca3138.jpeg,0,631
lungaca3420.jpeg,0,678
lungscc1598.jpeg,2,1163
lungn2421.jpeg,1,840
lungscc2460.jpeg,2,1078
lungscc69.jpeg,2,1157
lungaca3567.jpeg,0,567
lungaca1831.jpeg,0,508
lungscc2533.jpeg,2,1015
lungaca4835.jpeg,0,621
lungaca480.jpeg,0,620
lungn4487.jpeg,1,820
lungn922.jpeg,1,908
lungn139.jpeg,1,817
lungaca868.jpeg,0,668
lungscc147.jpeg,2,1116
lungscc460.jpeg,2,1082
lungscc2324.jpeg,2,1237
lungscc4706.jpeg,2,1078
lungaca1643.jpeg,0,689
lungn1676.jpeg,1,889
lungn4304.jpeg,1,878
lungaca4284.jpeg,0,741
lungn3426.jpeg,1,851
lungaca4483.jpeg,0,657
lungscc480.jpeg,2,1065
lungn265.jpeg,1,977
lungn2631.jpeg,1,940
lungn3568.jpeg,1,886
lungscc490.jpeg,2,1005
lungn3052.jpeg,1,800
lungscc2045.jpeg,2,1005
lungscc4973.jpeg,2,1186
lungaca4065.jpeg,0,644
lungscc3420.jpeg,2,1030
lungscc3924.jpeg,2,1003
lungaca3521.jpeg,0,660
lungn759.jpeg,1,887
lungn644.jpeg,1,873
lungscc2945.jpeg,2,1189
lungscc1167.jpeg,2,1157
lungscc3909.jpeg,2,1046
lungn336.jpeg,1,834
lungscc4631.jpeg,2,1100
lungscc4943.jpeg,2,1127
lungscc243.jpeg,2,1210
lungscc624.jpeg,2,1169
lungn2063.jpeg,1,863
lungaca4893.jpeg,0,715
lungaca4029.jpeg,0,709
lungaca1141.jpeg,0,579
lungn763.jpeg,1,857
lungaca1754.jpeg,0,581
lungscc4836.jpeg,2,1201
lungscc4670.jpeg,2,1040
lungaca154.jpeg,0,622
lungn395.jpeg,1,766
lungaca2879.jpeg,0,554
lungn652.jpeg,1,795
lungscc2098.jpeg,2,1067
lungscc2854.jpeg,2,1235
lungn714.jpeg,1,934
lungaca4759.jpeg,0,549
lungaca3662.jpeg,0,695
lungaca3830.jpeg,0,614
lungscc138.jpeg,2,1043
lungn3738.jpeg,1,868
lungaca434.jpeg,0,733
lungn3443.jpeg,1,758
lungn2384.jpeg,1,753
lungn4439.jpeg,1,978
lungscc846.jpeg,2,1135
lungaca1815.jpeg,0,577
lungn1116.jpeg,1,877
lungn1018.jpeg,1,838
lungaca1101.jpeg,0,545
lungaca2908.jpeg,0,569
lungn2638.jpeg,1,834
lungn3268.jpeg,1,895
lungscc2517.jpeg,2,1228
lungaca4941.jpeg,0,533
lungaca2712.jpeg,0,582
lungaca3157.jpeg,0,557
lungaca4169.jpeg,0,576
lungscc4793.jpeg,2,1232
lungscc4997.jpeg,2,1127
lungaca1202.jpeg,0,541
lungn1258.jpeg,1,757
lungaca4074.jpeg,0,628
lungscc1377.jpeg,2,1083
lungaca1928.jpeg,0,733
lungn3564.jpeg,1,893
lungaca1271.jpeg,0,626
lungscc1393.jpeg,2,1030
lungn2765.jpeg,1,935
lungaca2602.jpeg,0,581
lungscc3879.jpeg,2,1164
lungaca65.jpeg,0,646
lungscc3379.jpeg,2,1021
lungaca2877.jpeg,0,580
lungaca194.jpeg,0,598
lungscc354.jpeg,2,1206
lungaca4771.jpeg,0,706
lungn4684.jpeg,1,757
lungscc2843.jpeg,2,1129
lungn2428.jpeg,1,968
lungn3403.jpeg,1,908
lungscc2415.jpeg,2,1021
lungaca4889.jpeg,0,729
lungaca3977.jpeg,0,734
lungn879.jpeg,1,836
lungaca4364.jpeg,0,712
lungaca2156.jpeg,0,663
lungscc3623.jpeg,2,1168
lungscc3965.jpeg,2,1156
lungn4773.jpeg,1,950
lungaca1227.jpeg,0,588
lungscc410.jpeg,2,1092
lungn1548.jpeg,1,763
lungn4478.jpeg,1,756
lungscc4347.jpeg,2,1047
lungn249.jpeg,1,819
lungscc1273.jpeg,2,1151
lungn1026.jpeg,1,840
lungscc297.jpeg,2,1210
lungaca1346.jpeg,0,688
lungn4897.jpeg,1,902
lungscc1338.jpeg,2,1057
lungaca408.jpeg,0,644
lungn501.jpeg,1,835
lungn1177.jpeg,1,926
lungaca1447.jpeg,0,742
lungn124.jpeg,1,845
lungn1170.jpeg,1,858
lungaca2896.jpeg,0,590
lungn3144.jpeg,1,949
lungscc1358.jpeg,2,1197
lungscc3674.jpeg,2,1045
lungn4701.jpeg,1,895
lungn14.jpeg,1,949
lungn4988.jpeg,1,872
lungaca2868.jpeg,0,570
lungn4919.jpeg,1,833
lungn2078.jpeg,1,798
lungscc1385.jpeg,2,1151
lungaca1011.jpeg,0,563
lungn2181.jpeg,1,812
lungn3374.jpeg,1,840
lungaca3403.jpeg,0,544
lungaca1294.jpeg,0,625
lungn305.jpeg,1,886
lungn4694.jpeg,1,880
lungscc4193.jpeg,2,1011
lungn47.jpeg,1,978
lungscc3647.jpeg,2,1131
lungscc1977.jpeg,2,1100
lungn2834.jpeg,1,768
lungn2451.jpeg,1,926
lungn3391.jpeg,1,869
lungaca1907.jpeg,0,642
lungaca429.jpeg,0,549
lungscc675.jpeg,2,1075
lungn2584.jpeg,1,752
lungscc1374.jpeg,2,1238
lungscc1583.jpeg,2,999
lungn1695.jpeg,1,865
lungaca4424.jpeg,0,534
lungn3408.jpeg,1,976
lungaca2356.jpeg,0,588
lungaca4729.jpeg,0,609
lungn306.jpeg,1,863
lungn997.jpeg,1,922
lungn4145.jpeg,1,979
lungn2359.jpeg,1,968
lungn2868.jpeg,1,879
lungaca4.jpeg,0,665
lungscc1562.jpeg,2,1062
lungn3336.jpeg,1,811
lungn3436.jpeg,1,941
lungaca2109.jpeg,0,727
lungaca1036.jpeg,0,738
lungscc2213.jpeg,2,1061
lungaca4038.jpeg,0,739
lungaca4660.jpeg,0,682
lungaca1105.jpeg,0,731
lungaca3793.jpeg,0,632
lungn1611.jpeg,1,919
lungaca3047.jpeg,0,654
lungn471.jpeg,1,898
lungn591.jpeg,1,855
lungn472.jpeg,1,840
lungscc4660.jpeg,2,1096
lungscc1854.jpeg,2,1051
lungscc2612.jpeg,2,1231
lungscc3815.jpeg,2,1047
lungaca3340.jpeg,0,597
lungn2796.jpeg,1,815
lungn2522.jpeg,1,938
lungscc2541.jpeg,2,1146
lungscc645.jpeg,2,1102
lungaca4868.jpeg,0,647
lungn1938.jpeg,1,846
lungscc3292.jpeg,2,1035
lungaca3370.jpeg,0,699
lungaca911.jpeg,0,660
lungn1179.jpeg,1,875
lungaca3971.jpeg,0,732
lungaca1198.jpeg,0,580
lungaca3460.jpeg,0,684
lungscc2197.jpeg,2,1048
lungaca3363.jpeg,0,596
lungaca2759.jpeg,0,507
lungaca2240.jpeg,0,689
lungn63.jpeg,1,826
lungscc4946.jpeg,2,1190
lungn4014.jpeg,1,772
lungn1319.jpeg,1,865
lungscc2123.jpeg,2,1208
lungaca2967.jpeg,0,737
lungscc362.jpeg,2,1167
lungn3984.jpeg,1,801
lungaca1575.jpeg,0,590
lungn2997.jpeg,1,848
lungn3467.jpeg,1,773
lungscc1668.jpeg,2,1236
lungscc2396.jpeg,2,1062
lungaca3509.jpeg,0,635
lungn434.jpeg,1,809
lungscc1135.jpeg,2,1102
lungscc3686.jpeg,2,1084
lungn4687.jpeg,1,808
lungaca1083.jpeg,0,648
lungscc3200.jpeg,2,1105
lungaca1336.jpeg,0,531
lungn3725.jpeg,1,906
lungscc1881.jpeg,2,1066
lungaca3365.jpeg,0,632
lungaca3144.jpeg,0,627
lungn4923.jpeg,1,933
lungn3270.jpeg,1,972
lungaca3674.jpeg,0,600
lungscc2459.jpeg,2,1184
lungaca651.jpeg,0,630
lungaca1044.jpeg,0,605
lungn1524.jpeg,1,867
lungn4195.jpeg,1,919
lungscc1937.jpeg,2,1115
lungscc1625.jpeg,2,1161
lungaca4883.jpeg,0,546
lungn62.jpeg,1,850
lungscc785.jpeg,2,1184
lungscc1941.jpeg,2,1096
lungn4883.jpeg,1,825
lungaca1137.jpeg,0,580
lungscc3090.jpeg,2,1020
lungn2483.jpeg,1,939
lungaca1920.jpeg,0,573
lungn4451.jpeg,1,784
lungscc4007.jpeg,2,1069
lungn3923.jpeg,1,758
lungn3089.jpeg,1,895
lungscc673.jpeg,2,1136
lungaca2603.jpeg,0,740
lungaca3990.jpeg,0,556
lungn2046.jpeg,1,853
lungscc4169.jpeg,2,1188
lungscc4395.jpeg,2,1019
lungscc2586.jpeg,2,1161
lungaca907.jpeg,0,702
lungaca393.jpeg,0,553
lungn4494.jpeg,1,938
lungn363.jpeg,1,865
lungaca3253.jpeg,0,590
lungscc3282.jpeg,2,1237
lungscc2718.jpeg,2,1189
lungn1694.jpeg,1,865
lungaca3398.jpeg,0,730
lungn1086.jpeg,1,755
lungscc1852.jpeg,2,1010
lungn3668.jpeg,1,891
lungn333.jpeg,1,862
lungscc4334.jpeg,2,1168
lungn4032.jpeg,1,764
lungaca4097.jpeg,0,669
lungn1501.jpeg,1,873
lungscc1485.jpeg,2,1112
lungn4564.jpeg,1,828
lungaca4930.jpeg,0,707
lungn3390.jpeg,1,869
lungn428.jpeg,1,956
lungn2644.jpeg,1,906
lungn2974.jpeg,1,892
lungscc2353.jpeg,2,1075
lungn2932.jpeg,1,973
lungscc3440.jpeg,2,1077
lungscc2373.jpeg,2,1020
lungn845.jpeg,1,945
lungaca1495.jpeg,0,638
lungn806.jpeg,1,861
lungaca4430.jpeg,0,628
lungn3029.jpeg,1,961
lungn711.jpeg,1,814
lungn1398.jpeg,1,845
lungaca605.jpeg,0,529
lungaca208.jpeg,0,533
lungaca4696.jpeg,0,733
lungscc278.jpeg,2,1101
lungaca2366.jpeg,0,568
lungn3852.jpeg,1,889
lungn991.jpeg,1,813
lungaca1854.jpeg,0,584
lungn3813.jpeg,1,956
lungscc1399.jpeg,2,1075
lungn2655.jpeg,1,764
lungn1719.jpeg,1,770
lungscc3458.jpeg,2,1122
lungaca374.jpeg,0,739
lungscc4823.jpeg,2,1177
lungn855.jpeg,1,911
lungaca799.jpeg,0,684
lungaca3247.jpeg,0,666
lungaca2538.jpeg,0,563
lungn1803.jpeg,1,760
lungaca419.jpeg,0,551
lungaca2344.jpeg,0,632
lungaca1554.jpeg,0,630
lungaca3645.jpeg,0,619
lungn4607.jpeg,1,874
lungn3046.jpeg,1,786
lungscc1355.jpeg,2,1208
lungaca3837.jpeg,0,586
lungaca4965.jpeg,0,554
lungscc725.jpeg,2,1000
lungaca312.jpeg,0,714
lungscc2281.jpeg,2,1085
lungscc4936.jpeg,2,1131
lungscc2550.jpeg,2,1158
lungn2882.jpeg,1,833
lungn3673.jpeg,1,893
lungn980.jpeg,1,911
lungaca612.jpeg,0,652
lungaca4441.jpeg,0,620
lungscc1254.jpeg,2,1037
lungaca3556.jpeg,0,516
lungscc434.jpeg,2,1167
lungscc4308.jpeg,2,1216
lungaca3771.jpeg,0,674
lungn4063.jpeg,1,753
lungn4898.jpeg,1,842
lungn4925.jpeg,1,906
lungaca4382.jpeg,0,547
lungn196.jpeg,1,835
lungn4457.jpeg,1,929
lungn2815.jpeg,1,897
lungaca2217.jpeg,0,708
lungscc4522.jpeg,2,1076
lungscc4323.jpeg,2,1036
lungscc4915.jpeg,2,1123
lungaca1718.jpeg,0,593
lungscc1236.jpeg,2,1233
lungn1992.jpeg,1,757
lungscc2729.jpeg,2,1145
lungaca4515.jpeg,0,733
lungscc2133.jpeg,2,1215
lungscc890.jpeg,2,1112
lungaca4732.jpeg,0,642
lungscc67.jpeg,2,1030
lungn1303.jpeg,1,752
lungaca3096.jpeg,0,612
lungaca2526.jpeg,0,732
lungn4908.jpeg,1,920
lungaca4107.jpeg,0,673
lungn3273.jpeg,1,776
lungn4110.jpeg,1,892
lungaca2697.jpeg,0,561
lungscc4801.jpeg,2,1173
lungaca412.jpeg,0,561
lungn1946.jpeg,1,778
lungn1347.jpeg,1,976
lungn1970.jpeg,1,994
lungscc293.jpeg,2,1122
lungscc1471.jpeg,2,1123
lungn1339.jpeg,1,762
lungn3212.jpeg,1,789
lungscc4535.jpeg,2,1085
lungn2607.jpeg,1,790
lungn203.jpeg,1,928
lungscc2247.jpeg,2,1046
lungaca1451.jpeg,0,540
lungn1124.jpeg,1,873
lungscc1313.jpeg,2,1032
lungscc1124.jpeg,2,1028
lungscc2003.jpeg,2,1045
lungscc3047.jpeg,2,1064
lungscc1834.jpeg,2,1214
lungaca2718.jpeg,0,540
lungscc4530.jpeg,2,1068
lungscc4781.jpeg,2,1049
lungaca1469.jpeg,0,741
lungaca1522.jpeg,0,530
lungn304.jpeg,1,939
lungscc701.jpeg,2,1101
lungscc1034.jpeg,2,1127
lungscc204.jpeg,2,1021
lungscc4904.jpeg,2,1042
lungaca4434.jpeg,0,548
lungscc796.jpeg,2,1063
lungscc4510.jpeg,2,1014
lungaca115.jpeg,0,685
lungn1839.jpeg,1,877
lungscc1056.jpeg,2,1029
lungaca1392.jpeg,0,650
lungn3001.jpeg,1,933
lungaca1977.jpeg,0,687
lungn1003.jpeg,1,866
lungn1072.jpeg,1,910
lungscc2794.jpeg,2,1117
lungscc2169.jpeg,2,1070
lungaca3127.jpeg,0,720
lungscc2138.jpeg,2,1102
lungn1645.jpeg,1,854
lungaca1100.jpeg,0,607
lungaca693.jpeg,0,622
lungn4518.jpeg,1,930
lungaca2598.jpeg,0,683
lungscc2165.jpeg,2,1216
lungaca3355.jpeg,0,554
lungaca3850.jpeg,0,719
lungn2325.jpeg,1,817
lungn3333.jpeg,1,789
lungaca4975.jpeg,0,529
lungscc4971.jpeg,2,1232
lungscc4259.jpeg,2,1095
lungscc2033.jpeg,2,1064
lungn4215.jpeg,1,844
lungscc4841.jpeg,2,1087
lungaca3914.jpeg,0,516
lungscc4673.jpeg,2,1105
lungaca1640.jpeg,0,740
lungscc4758.jpeg,2,1008
lungaca1834.jpeg,0,722
lungaca627.jpeg,0,702
lungaca1873.jpeg,0,555
lungscc1462.jpeg,2,999
lungn3071.jpeg,1,873
lungn2268.jpeg,1,858
lungscc875.jpeg,2,1175
lungscc1193.jpeg,2,1084
lungaca160.jpeg,0,612
lungscc4690.jpeg,2,1112
lungn1085.jpeg,1,795
lungaca4031.jpeg,0,529
lungn1308.jpeg,1,953
lungn4502.jpeg,1,832
lungn1781.jpeg,1,802
lungaca3939.jpeg,0,603
lungscc3925.jpeg,2,1003
lungscc783.jpeg,2,1151
lungaca3973.jpeg,0,535
lungn2274.jpeg,1,994
lungaca1329.jpeg,0,598
lungscc4307.jpeg,2,1209
lungaca3572.jpeg,0,702
lungaca4620.jpeg,0,507
lungscc2757.jpeg,2,1080
lungn2671.jpeg,1,830
lungn3444.jpeg,1,827
lungaca4587.jpeg,0,519
lungn3945.jpeg,1,835
lungaca98.jpeg,0,657
lungn2145.jpeg,1,802
lungn4429.jpeg,1,862
lungaca3464.jpeg,0,661
lungaca1880.jpeg,0,618
lungn2393.jpeg,1,987
lungscc340.jpeg,2,1164
lungn2754.jpeg,1,877
lungscc1723.jpeg,2,1188
lungscc4396.jpeg,2,1212
lungscc2799.jpeg,2,1137
lungaca2708.jpeg,0,656
lungaca2963.jpeg,0,567
lungscc1331.jpeg,2,1151
lungn4776.jpeg,1,888
lungaca1383.jpeg,0,606
lungscc411.jpeg,2,1111
lungn3660.jpeg,1,837
lungscc4069.jpeg,2,1085
lungscc2107.jpeg,2,1194
lungaca682.jpeg,0,676
lungscc4855.jpeg,2,1049
lungaca2263.jpeg,0,510
lungn3460.jpeg,1,924
lungscc1551.jpeg,2,1083
lungn3955.jpeg,1,793
lungaca3623.jpeg,0,542
lungaca2289.jpeg,0,530
lungaca4324.jpeg,0,742
lungscc321.jpeg,2,1033
lungscc1933.jpeg,2,1177
lungaca2233.jpeg,0,652
lungaca3978.jpeg,0,549
lungaca1155.jpeg,0,633
lungscc4839.jpeg,2,1043
lungscc2817.jpeg,2,1153
lungscc3244.jpeg,2,1200
lungn1747.jpeg,1,855
lungscc395.jpeg,2,1053
lungaca1833.jpeg,0,703
lungaca4981.jpeg,0,640
lungn4660.jpeg,1,773
lungscc3931.jpeg,2,1152
lungn1843.jpeg,1,870
lungaca2826.jpeg,0,692
lungn3898.jpeg,1,862
lungscc4105.jpeg,2,1134
lungaca2678.jpeg,0,613
lungaca4389.jpeg,0,708
lungaca4895.jpeg,0,657
lungscc3280.jpeg,2,1219
lungscc1169.jpeg,2,999
lungaca2638.jpeg,0,594
lungn2605.jpeg,1,761
lungscc3388.jpeg,2,1028
lungn2510.jpeg,1,786
lungn1240.jpeg,1,900
lungn3269.jpeg,1,895
lungn4053.jpeg,1,798
lungaca4295.jpeg,0,715
lungaca1128.jpeg,0,697
lungscc2067.jpeg,2,1033
lungaca1840.jpeg,0,619
lungaca963.jpeg,0,618
lungaca1096.jpeg,0,678
lungaca1755.jpeg,0,680
lungscc814.jpeg,2,1001
lungn819.jpeg,1,836
lungscc3869.jpeg,2,1176
lungscc2891.jpeg,2,1107
lungscc2146.jpeg,2,1089
lungn1556.jpeg,1,759
lungn1470.jpeg,1,791
lungaca704.jpeg,0,609
lungn1283.jpeg,1,902
lungn4249.jpeg,1,942
lungn3356.jpeg,1,983
lungscc1609.jpeg,2,1236
lungn3432.jpeg,1,857
lungscc3604.jpeg,2,1178
lungn751.jpeg,1,919
lungn4830.jpeg,1,966
lungaca259.jpeg,0,613
lungn119.jpeg,1,968
lungaca969.jpeg,0,723
lungscc4464.jpeg,2,1064
lungscc3534.jpeg,2,1026
lungaca2646.jpeg,0,573
lungaca300.jpeg,0,590
lungaca1363.jpeg,0,644
lungn1121.jpeg,1,900
lungscc505.jpeg,2,1088
lungaca4807.jpeg,0,626
lungaca2976.jpeg,0,660
lungn4873.jpeg,1,826
lungscc3789.jpeg,2,1142
lungscc4809.jpeg,2,1064
lungscc3208.jpeg,2,1231
lungn3156.jpeg,1,754
lungscc3987.jpeg,2,1101
lungscc2021.jpeg,2,1186
lungn1577.jpeg,1,886
lungscc2405.jpeg,2,1180
lungaca3495.jpeg,0,590
lungaca909.jpeg,0,519
lungn1618.jpeg,1,916
lungaca1410.jpeg,0,741
lungn1742.jpeg,1,797
lungscc107.jpeg,2,1139
lungaca2701.jpeg,0,668
lungaca3491.jpeg,0,607
lungaca1951.jpeg,0,639
lungscc552.jpeg,2,1240
lungn1197.jpeg,1,794
lungn3613.jpeg,1,797
lungscc2180.jpeg,2,1107
lungaca3327.jpeg,0,741
lungscc3905.jpeg,2,1156
lungscc4600.jpeg,2,1165
lungscc4314.jpeg,2,1055
lungn602.jpeg,1,782
lungn3005.jpeg,1,873
lungscc2760.jpeg,2,1054
lungaca706.jpeg,0,628
lungaca4752.jpeg,0,545
lungscc1815.jpeg,2,1115
lungaca395.jpeg,0,564
lungn843.jpeg,1,804
lungscc2973.jpeg,2,1018
lungaca148.jpeg,0,661
lungaca4453.jpeg,0,540
lungaca1286.jpeg,0,617
lungn4600.jpeg,1,924
lungscc3422.jpeg,2,1070
lungaca1004.jpeg,0,540
lungaca736.jpeg,0,618
lungscc1381.jpeg,2,1122
lungaca2193.jpeg,0,593
lungscc560.jpeg,2,1049
lungscc1678.jpeg,2,1182
lungaca703.jpeg,0,510
lungn1848.jpeg,1,772
lungscc661.jpeg,2,1000
lungn4048.jpeg,1,754
lungscc3493.jpeg,2,1150
lungaca4927.jpeg,0,743
lungn1525.jpeg,1,799
lungn1794.jpeg,1,927
lungscc3504.jpeg,2,1084
lungn95.jpeg,1,922
lungscc2301.jpeg,2,1233
lungn2527.jpeg,1,843
lungn3766.jpeg,1,993
lungaca2661.jpeg,0,563
lungaca1545.jpeg,0,665
lungaca421.jpeg,0,547
lungscc248.jpeg,2,1108
lungn2226.jpeg,1,855
lungaca1169.jpeg,0,555
lungscc1239.jpeg,2,1197
lungn3402.jpeg,1,842
lungscc2707.jpeg,2,1057
lungaca3029.jpeg,0,576
lungscc497.jpeg,2,1180
lungscc1181.jpeg,2,1150
lungn1371.jpeg,1,988
lungscc3739.jpeg,2,1204
lungscc2080.jpeg,2,1032
lungaca1492.jpeg,0,560
lungn3225.jpeg,1,842
lungaca4164.jpeg,0,581
lungn3735.jpeg,1,814
lungn2772.jpeg,1,857
lungscc4657.jpeg,2,1055
lungaca4017.jpeg,0,690
lungn1380.jpeg,1,794
lungaca1200.jpeg,0,554
lungn176.jpeg,1,767
lungscc2031.jpeg,2,1143
lungscc1845.jpeg,2,1137
lungscc365.jpeg,2,1005
lungaca3773.jpeg,0,611
lungaca2910.jpeg,0,728
lungn3063.jpeg,1,803
lungn3697.jpeg,1,789
lungn2600.jpeg,1,827
lungaca1608.jpeg,0,648
lungaca1521.jpeg,0,552
lungscc4785.jpeg,2,1028
lungn2265.jpeg,1,810
lungaca4161.jpeg,0,669
lungscc4533.jpeg,2,1151
lungscc1007.jpeg,2,1020
lungaca32.jpeg,0,538
lungn410.jpeg,1,855
lungscc4893.jpeg,2,1041
lungaca1304.jpeg,0,534
lungaca224.jpeg,0,514
lungn3469.jpeg,1,793
lungaca4131.jpeg,0,614
lungn1980.jpeg,1,873
lungn4260.jpeg,1,759
lungscc3069.jpeg,2,1038
lungaca2612.jpeg,0,613
lungaca3342.jpeg,0,513
lungn1810.jpeg,1,812
lungscc4006.jpeg,2,1182
lungscc3213.jpeg,2,998
lungn3780.jpeg,1,752
lungscc2671.jpeg,2,1045
lungn762.jpeg,1,794
lungn2216.jpeg,1,785
lungn3584.jpeg,1,756
lungaca922.jpeg,0,664
lungaca301.jpeg,0,632
lungaca2882.jpeg,0,586
lungscc3947.jpeg,2,1109
lungscc3732.jpeg,2,1071
lungscc650.jpeg,2,1193
lungscc1235.jpeg,2,1208
lungscc1637.jpeg,2,1031
lungaca4005.jpeg,0,730
lungaca1515.jpeg,0,543
lungn3895.jpeg,1,948
lungn669.jpeg,1,769
lungaca3553.jpeg,0,633
lungaca4229.jpeg,0,706
lungn911.jpeg,1,869
lungn4074.jpeg,1,771
lungscc1660.jpeg,2,1212
lungn4995.jpeg,1,971
lungn4917.jpeg,1,927
lungn3626.jpeg,1,827
lungaca79.jpeg,0,662
lungscc2577.jpeg,2,1182
lungscc685.jpeg,2,1049
lungn3800.jpeg,1,893
lungn958.jpeg,1,898
lungscc4289.jpeg,2,1171
lungscc2608.jpeg,2,1214
lungn3335.jpeg,1,776
lungaca3638.jpeg,0,557
lungscc1969.jpeg,2,1014
lungn2347.jpeg,1,891
lungaca2505.jpeg,0,525
lungn4390.jpeg,1,898
lungn2767.jpeg,1,836
lungn4775.jpeg,1,924
lungn1344.jpeg,1,775
lungscc2740.jpeg,2,1232
lungaca4398.jpeg,0,549
lungn4372.jpeg,1,796
lungaca3559.jpeg,0,731
lungscc1459.jpeg,2,1178
lungn1788.jpeg,1,942
lungn2585.jpeg,1,841
lungscc3059.jpeg,2,1004
lungaca4314.jpeg,0,547
lungn2771.jpeg,1,828
lungaca4102.jpeg,0,601
lungaca600.jpeg,0,675
lungscc1889.jpeg,2,1150
lungn841.jpeg,1,925
lungn481.jpeg,1,769
lungscc234.jpeg,2,1064
lungaca494.jpeg,0,539
lungscc3108.jpeg,2,1086
lungn1211.jpeg,1,925
lungaca3577.jpeg,0,602
lungscc4598.jpeg,2,1103
lungn1783.jpeg,1,903
lungn217.jpeg,1,783
lungn1369.jpeg,1,933
lungscc3977.jpeg,2,1197
lungscc4229.jpeg,2,1213
lungn12.jpeg,1,853
lungaca272.jpeg,0,664
lungscc4112.jpeg,2,1076
lungaca1814.jpeg,0,599
lungscc34.jpeg,2,1170
lungn2467.jpeg,1,881
lungaca4788.jpeg,0,608
lungaca483.jpeg,0,692
lungn4664.jpeg,1,770
lungn1697.jpeg,1,925
lungn1362.jpeg,1,922
lungaca1497.jpeg,0,713
lungaca285.jpeg,0,586
lungscc1154.jpeg,2,1135
lungaca534.jpeg,0,515
lungscc3414.jpeg,2,1060
lungaca4522.jpeg,0,542
lungaca2834.jpeg,0,743
lungscc2943.jpeg,2,1136
lungn184.jpeg,1,945
lungscc1712.jpeg,2,1217
lungaca2688.jpeg,0,729
lungaca2716.jpeg,0,590
lungaca4922.jpeg,0,633
lungaca3483.jpeg,0,721
lungaca1267.jpeg,0,679
lungaca4130.jpeg,0,665
lungn209.jpeg,1,796
lungaca2103.jpeg,0,552
lungaca3380.jpeg,0,677
lungscc59.jpeg,2,1026
lungaca3547.jpeg,0,573
lungaca2060.jpeg,0,700
lungn1510.jpeg,1,930
lungn2034.jpeg,1,962
lungn4100.jpeg,1,825
lungn1648.jpeg,1,762
lungscc2661.jpeg,2,1015
lungn586.jpeg,1,962
lungaca1827.jpeg,0,602
lungscc3884.jpeg,2,1039
lungaca2435.jpeg,0,662
lungn4396.jpeg,1,860
lungscc4217.jpeg,2,1123
lungn4455.jpeg,1,814
lungn2629.jpeg,1,773
lungn4820.jpeg,1,804
lungn1372.jpeg,1,866
lungaca2552.jpeg,0,546
lungscc1907.jpeg,2,1134
lungscc1195.jpeg,2,1134
lungn4409.jpeg,1,852
lungn2071.jpeg,1,789
lungaca598.jpeg,0,735
lungscc4732.jpeg,2,1140
lungn2111.jpeg,1,816
lungscc11.jpeg,2,1090
lungaca2930.jpeg,0,611
lungscc4016.jpeg,2,1222
lungaca2480.jpeg,0,652
lungaca3478.jpeg,0,690
lungscc1280.jpeg,2,1113
lungaca2165.jpeg,0,590
lungn1332.jpeg,1,789
lungaca3788.jpeg,0,596
lungscc3098.jpeg,2,1159
lungscc3530.jpeg,2,1067
lungn3862.jpeg,1,860
lungaca1063.jpeg,0,563
lungscc2853.jpeg,2,1047
lungn3018.jpeg,1,853
lungn2994.jpeg,1,800
lungaca3664.jpeg,0,678
lungscc4693.jpeg,2,1171
lungscc2818.jpeg,2,1151
lungaca226.jpeg,0,586
lungscc3322.jpeg,2,1187
lungscc4483.jpeg,2,1002
lungaca4744.jpeg,0,708
lungscc4052.jpeg,2,1238
lungn3950.jpeg,1,908
lungscc2071.jpeg,2,1053
lungaca4315.jpeg,0,547
lungaca3225.jpeg,0,682
lungn1399.jpeg,1,859
lungscc2143.jpeg,2,1064
lungaca1233.jpeg,0,688
lungaca3912.jpeg,0,549
lungscc159.jpeg,2,1232
lungscc4633.jpeg,2,1237
lungn2986.jpeg,1,940
lungn2016.jpeg,1,885
lungaca377.jpeg,0,669
lungscc312.jpeg,2,1041
lungn3572.jpeg,1,754
lungscc964.jpeg,2,1195
lungscc3125.jpeg,2,1200
lungaca4704.jpeg,0,555
lungaca685.jpeg,0,741
lungn4940.jpeg,1,934
lungn1481.jpeg,1,994
lungn4669.jpeg,1,837
lungaca3497.jpeg,0,694
lungaca37.jpeg,0,621
lungscc400.jpeg,2,1104
lungaca3994.jpeg,0,702
lungn678.jpeg,1,869
lungscc4710.jpeg,2,1167
lungn1599.jpeg,1,954
lungaca1461.jpeg,0,737
lungscc2731.jpeg,2,1146
lungscc4551.jpeg,2,1166
lungscc2862.jpeg,2,1207
lungaca1444.jpeg,0,666
lungaca2024.jpeg,0,738
lungn2975.jpeg,1,756
lungn1440.jpeg,1,764
lungn3293.jpeg,1,810
lungaca4615.jpeg,0,517
lungn3980.jpeg,1,915
lungscc3207.jpeg,2,1013
lungscc1794.jpeg,2,1227
lungaca3228.jpeg,0,570
lungscc2567.jpeg,2,1100
lungaca2129.jpeg,0,601
lungscc4463.jpeg,2,1185
lungn2326.jpeg,1,849
lungscc728.jpeg,2,1184
lungn1021.jpeg,1,751
lungn688.jpeg,1,926
lungaca541.jpeg,0,732
lungscc2986.jpeg,2,1012
lungn3472.jpeg,1,770
lungn180.jpeg,1,829
lungn2193.jpeg,1,972
lungscc3285.jpeg,2,1089
lungscc3552.jpeg,2,1145
lungaca2571.jpeg,0,674
lungscc1808.jpeg,2,1177
lungscc4118.jpeg,2,1079
lungscc3967.jpeg,2,1145
lungscc3432.jpeg,2,1071
lungaca2419.jpeg,0,650
lungaca1065.jpeg,0,550
lungaca4753.jpeg,0,595
lungaca697.jpeg,0,704
lungn2623.jpeg,1,959
lungn2352.jpeg,1,915
lungn4888.jpeg,1,789
lungn4980.jpeg,1,795
lungn3639.jpeg,1,811
lungn200.jpeg,1,951
lungn3164.jpeg,1,802
lungn2995.jpeg,1,942
lungaca1018.jpeg,0,631
lungn4505.jpeg,1,751
lungn1060.jpeg,1,820
lungn2598.jpeg,1,844
lungn813.jpeg,1,771
lungscc1317.jpeg,2,1024
lungscc690.jpeg,2,1168
lungscc3926.jpeg,2,1023
lungscc2465.jpeg,2,1136
lungaca1418.jpeg,0,722
lungn4224.jpeg,1,822
lungscc855.jpeg,2,1194
lungscc4783.jpeg,2,1197
lungaca255.jpeg,0,538
lungscc2892.jpeg,2,1107
lungn2763.jpeg,1,796
lungn2870.jpeg,1,871
lungscc3345.jpeg,2,1114
lungaca2622.jpeg,0,671
lungn832.jpeg,1,839
lungn2387.jpeg,1,958
lungn940.jpeg,1,785
lungn1230.jpeg,1,786
lungn2588.jpeg,1,797
lungaca2042.jpeg,0,692
lungn3194.jpeg,1,783
lungscc2823.jpeg,2,1011
lungn2691.jpeg,1,912
lungaca2213.jpeg,0,585
lungn4422.jpeg,1,819
lungaca3580.jpeg,0,603
lungscc1714.jpeg,2,1044
lungn1904.jpeg,1,874
lungn4724.jpeg,1,983
lungaca3278.jpeg,0,659
lungscc3771.jpeg,2,1122
lungn3563.jpeg,1,936
lungn1911.jpeg,1,916
lungaca3035.jpeg,0,601
lungaca1533.jpeg,0,520
lungn803.jpeg,1,864
lungscc3353.jpeg,2,1037
lungn3200.jpeg,1,929
lungscc787.jpeg,2,1181
lungn2055.jpeg,1,844
lungscc2865.jpeg,2,1017
lungn3350.jpeg,1,976
lungscc129.jpeg,2,1157
lungaca3070.jpeg,0,652
lungscc3066.jpeg,2,1005
lungn3236.jpeg,1,771
lungscc1419.jpeg,2,1013
lungscc921.jpeg,2,1059
lungaca2222.jpeg,0,578
lungaca3632.jpeg,0,662
lungaca1792.jpeg,0,579
lungscc1945.jpeg,2,1099
lungn2640.jpeg,1,833
lungaca712.jpeg,0,552
lungscc1170.jpeg,2,1095
lungn4345.jpeg,1,852
lungaca1023.jpeg,0,673
lungaca2182.jpeg,0,618
lungn2743.jpeg,1,842
lungn4383.jpeg,1,855
lungn4030.jpeg,1,937
lungscc795.jpeg,2,1005
lungn3720.jpeg,1,833
lungscc1152.jpeg,2,1210
lungaca1498.jpeg,0,507
lungn2215.jpeg,1,947
lungscc2513.jpeg,2,1065
lungn2756.jpeg,1,958
lungscc2570.jpeg,2,1218
lungn4027.jpeg,1,889
lungaca4787.jpeg,0,644
lungaca4317.jpeg,0,604
lungscc3291.jpeg,2,1035
lungaca3028.jpeg,0,610
lungn3734.jpeg,1,814
lungscc3082.jpeg,2,1144
lungaca3024.jpeg,0,543
lungaca277.jpeg,0,536
lungaca1277.jpeg,0,598
lungscc2933.jpeg,2,1210
lungn4347.jpeg,1,966
lungn1136.jpeg,1,985
lungscc2311.jpeg,2,1176
lungn3621.jpeg,1,936
lungscc2663.jpeg,2,1031
lungscc319.jpeg,2,1116
lungaca4452.jpeg,0,623
lungaca4910.jpeg,0,594
lungn996.jpeg,1,800
lungscc3603.jpeg,2,1165
lungscc3283.jpeg,2,1121
lungn3252.jpeg,1,784
lungaca2330.jpeg,0,554
lungn108.jpeg,1,969
lungn1717.jpeg,1,993
lungn2214.jpeg,1,900
lungaca21.jpeg,0,735
lungn2524.jpeg,1,906
lungscc4190.jpeg,2,1109
lungn1875.jpeg,1,932
lungn221.jpeg,1,816
lungn3.jpeg,1,927
lungscc516.jpeg,2,1170
lungaca4773.jpeg,0,662
lungscc4096.jpeg,2,1220
lungn323.jpeg,1,888
lungscc1107.jpeg,2,1063
lungaca245.jpeg,0,646
lungscc940.jpeg,2,1217
lungn3981.jpeg,1,915
lungaca3233.jpeg,0,698
lungscc1311.jpeg,2,1048
lungscc1053.jpeg,2,1036
lungn425.jpeg,1,886
lungscc3699.jpeg,2,1086
lungscc3607.jpeg,2,1015
lungscc536.jpeg,2,1121
lungaca3283.jpeg,0,682
lungn3743.jpeg,1,992
lungaca666.jpeg,0,720
lungaca2155.jpeg,0,547
lungscc1477.jpeg,2,1134
lungscc3474.jpeg,2,1222
lungaca2813.jpeg,0,609
lungscc4273.jpeg,2,1163
lungscc1290.jpeg,2,1055
lungaca3489.jpeg,0,735
lungscc1848.jpeg,2,1152
lungaca1459.jpeg,0,555
lungaca2290.jpeg,0,524
lungn2972.jpeg,1,852
lungscc4207.jpeg,2,1056
lungscc2922.jpeg,2,1016
lungscc1413.jpeg,2,1174
lungaca1885.jpeg,0,583
lungn1099.jpeg,1,867
lungaca4810.jpeg,0,549
lungscc566.jpeg,2,1163
lungn225.jpeg,1,782
lungaca4667.jpeg,0,641
lungn3884.jpeg,1,854
lungaca30.jpeg,0,599
lungscc4116.jpeg,2,1237
lungscc597.jpeg,2,1086
lungaca2393.jpeg,0,561
lungaca1180.jpeg,0,625
lungn4419.jpeg,1,876
lungn100.jpeg,1,910
lungn1971.jpeg,1,771
lungaca912.jpeg,0,660
lungn2582.jpeg,1,768
lungscc2235.jpeg,2,1038
lungaca1238.jpeg,0,562
lungscc3109.jpeg,2,1122
lungaca3148.jpeg,0,667
lungn1360.jpeg,1,942
lungscc264.jpeg,2,1132
lungscc646.jpeg,2,1073
lungaca577.jpeg,0,681
lungscc3923.jpeg,2,1007
lungscc4829.jpeg,2,1030
lungaca3275.jpeg,0,511
lungn528.jpeg,1,970
lungn1552.jpeg,1,831
lungscc791.jpeg,2,1177
lungaca4139.jpeg,0,544
lungaca779.jpeg,0,734
lungn2970.jpeg,1,776
lungscc4974.jpeg,2,1186
lungscc1233.jpeg,2,1046
lungscc1382.jpeg,2,1089
lungscc438.jpeg,2,1096
lungscc3664.jpeg,2,1115
lungn1047.jpeg,1,951
lungscc3134.jpeg,2,1075
lungn52.jpeg,1,931
lungn1221.jpeg,1,975
lungn1091.jpeg,1,806
lungn4055.jpeg,1,756
lungscc2982.jpeg,2,1092
lungn298.jpeg,1,893
lungn1544.jpeg,1,987
lungaca3986.jpeg,0,555
lungscc1359.jpeg,2,1170
lungscc3127.jpeg,2,1200
lungscc2779.jpeg,2,1239
lungn4749.jpeg,1,963
lungn2715.jpeg,1,828
lungaca833.jpeg,0,596
lungaca4527.jpeg,0,677
lungscc3333.jpeg,2,1170
lungaca404.jpeg,0,704
lungaca3082.jpeg,0,627
lungn3534.jpeg,1,982
lungscc1418.jpeg,2,1028
lungaca3886.jpeg,0,671
lungscc1281.jpeg,2,1194
lungn4998.jpeg,1,749
lungscc833.jpeg,2,1073
lungscc1386.jpeg,2,1151
lungaca4738.jpeg,0,574
lungn4404.jpeg,1,829
lungaca2793.jpeg,0,533
lungn1571.jpeg,1,758
lungaca3429.jpeg,0,590
lungaca54.jpeg,0,585
lungn3864.jpeg,1,839
lungaca2145.jpeg,0,597
lungscc2386.jpeg,2,1079
lungscc4556.jpeg,2,1179
lungn2966.jpeg,1,865
lungn3055.jpeg,1,821
lungaca3008.jpeg,0,663
lungscc1117.jpeg,2,1042
lungaca4693.jpeg,0,578
lungaca3734.jpeg,0,527
lungaca2734.jpeg,0,538
lungn4471.jpeg,1,792
lungscc4374.jpeg,2,1052
lungn2008.jpeg,1,895
lungaca3727.jpeg,0,694
lungn672.jpeg,1,894
lungaca1364.jpeg,0,614
lungaca827.jpeg,0,655
lungaca297.jpeg,0,742
lungn2401.jpeg,1,962
lungn2073.jpeg,1,972
lungn1943.jpeg,1,788
lungaca3800.jpeg,0,539
lungaca2855.jpeg,0,533
lungaca3692.jpeg,0,662
lungn1143.jpeg,1,822
lungaca512.jpeg,0,621
lungn1709.jpeg,1,950
lungn2616.jpeg,1,754
lungn3399.jpeg,1,871
lungn3815.jpeg,1,945
lungaca4318.jpeg,0,620
lungscc4705.jpeg,2,1225
lungn173.jpeg,1,898
lungn975.jpeg,1,869
lungscc4185.jpeg,2,1009
lungaca1974.jpeg,0,586
lungscc4141.jpeg,2,1063
lungn3937.jpeg,1,966
lungn4969.jpeg,1,861
lungscc1541.jpeg,2,1024
lungscc2804.jpeg,2,1027
lungn3549.jpeg,1,763
lungaca3129.jpeg,0,683
lungaca2206.jpeg,0,745
lungscc541.jpeg,2,1131
lungn4188.jpeg,1,813
lungn4654.jpeg,1,918
lungscc3898.jpeg,2,1126
lungscc766.jpeg,2,1018
lungscc3896.jpeg,2,1182
lungscc4787.jpeg,2,1158
lungn2790.jpeg,1,930
lungn2386.jpeg,1,877
lungaca1872.jpeg,0,624
lungscc500.jpeg,2,1055
lungscc329.jpeg,2,1020
lungscc3347.jpeg,2,1188
lungscc1588.jpeg,2,1234
lungscc3395.jpeg,2,1003
lungaca2707.jpeg,0,726
lungaca1506.jpeg,0,694
lungaca3244.jpeg,0,655
lungscc606.jpeg,2,1151
lungn1235.jpeg,1,960
lungscc160.jpeg,2,1084
lungscc987.jpeg,2,1074
lungaca2179.jpeg,0,680
lungn3342.jpeg,1,762
lungn1884.jpeg,1,798
lungn4509.jpeg,1,899
lungn1887.jpeg,1,918
lungn4885.jpeg,1,956
lungaca3131.jpeg,0,669
lungscc2675.jpeg,2,1197
lungaca3763.jpeg,0,534
lungn1461.jpeg,1,776
lungn643.jpeg,1,989
lungaca4512.jpeg,0,530
lungscc2656.jpeg,2,1058
lungaca2323.jpeg,0,674
lungscc4609.jpeg,2,1211
lungaca3216.jpeg,0,746
lungn3525.jpeg,1,842
lungn3211.jpeg,1,788
lungn1933.jpeg,1,812
lungscc3179.jpeg,2,1181
lungn2199.jpeg,1,924
lungaca1667.jpeg,0,619
lungscc53.jpeg,2,1000
lungn708.jpeg,1,917
lungaca3203.jpeg,0,600
lungscc3192.jpeg,2,1041
lungscc4696.jpeg,2,1237
lungn97.jpeg,1,834
lungaca274.jpeg,0,701
lungscc1227.jpeg,2,1087
lungscc3512.jpeg,2,1010
lungscc4433.jpeg,2,999
lungscc2497.jpeg,2,1213
lungn4310.jpeg,1,848
lungscc4171.jpeg,2,1104
lungscc4462.jpeg,2,1111
lungscc917.jpeg,2,1161
lungaca506.jpeg,0,702
lungn720.jpeg,1,779
lungscc2948.jpeg,2,1240
lungscc4537.jpeg,2,1103
lungaca2100.jpeg,0,541
lungn4243.jpeg,1,878
lungscc1725.jpeg,2,1213
lungaca2036.jpeg,0,579
lungscc2984.jpeg,2,1191
lungscc801.jpeg,2,1160
lungn4631.jpeg,1,795
lungn1249.jpeg,1,931
lungaca1000.jpeg,0,735
lungn1468.jpeg,1,750
lungscc3033.jpeg,2,1082
lungn2670.jpeg,1,895
lungaca4816.jpeg,0,670
lungaca2086.jpeg,0,657
lungscc2013.jpeg,2,1140
lungn4461.jpeg,1,806
lungaca263.jpeg,0,723
lungn1232.jpeg,1,787
lungn2837.jpeg,1,831
lungscc1917.jpeg,2,1039
lungaca519.jpeg,0,570
lungscc4213.jpeg,2,1197
lungscc806.jpeg,2,1031
lungn210.jpeg,1,821
lungaca2185.jpeg,0,538
lungaca3669.jpeg,0,720
lungscc106.jpeg,2,1025
lungscc4852.jpeg,2,1150
lungscc2754.jpeg,2,1121
lungaca1231.jpeg,0,706
lungn2408.jpeg,1,794
lungaca522.jpeg,0,614
lungn3794.jpeg,1,937
lungaca233.jpeg,0,582
lungscc2580.jpeg,2,1184
lungn3774.jpeg,1,983
lungaca2483.jpeg,0,550
lungscc1959.jpeg,2,1129
lungscc4286.jpeg,2,1061
lungaca2198.jpeg,0,715
lungscc4438.jpeg,2,1045
lungn1257.jpeg,1,757
lungaca3752.jpeg,0,711
lungscc4436.jpeg,2,1040
lungaca2517.jpeg,0,573
lungscc3092.jpeg,2,1137
lungaca3769.jpeg,0,744
lungn76.jpeg,1,867
lungaca572.jpeg,0,564
lungaca2949.jpeg,0,727
lungn3361.jpeg,1,906
lungaca2632.jpeg,0,526
lungscc2383.jpeg,2,1207
lungaca2324.jpeg,0,641
lungaca4513.jpeg,0,530
lungn4002.jpeg,1,883
lungscc1158.jpeg,2,1109
lungn2912.jpeg,1,830
lungaca2428.jpeg,0,610
lungscc4542.jpeg,2,1216
lungn604.jpeg,1,934
lungaca4354.jpeg,0,660
lungaca4058.jpeg,0,508
lungaca4241.jpeg,0,722
lungn1356.jpeg,1,870
lungaca1357.jpeg,0,622
lungaca4454.jpeg,0,733
lungn224.jpeg,1,929
lungn2980.jpeg,1,791
lungaca3387.jpeg,0,562
lungscc4311.jpeg,2,1059
lungn684.jpeg,1,842
lungn258.jpeg,1,849
lungn4329.jpeg,1,914
lungn246.jpeg,1,996
lungn816.jpeg,1,933
lungn858.jpeg,1,835
lungn4289.jpeg,1,890
lungaca3684.jpeg,0,539
lungn1275.jpeg,1,971
lungscc3400.jpeg,2,1164
lungaca4610.jpeg,0,561
lungaca851.jpeg,0,519
lungaca776.jpeg,0,607
lungscc30.jpeg,2,1049
lungn2033.jpeg,1,906
lungscc2250.jpeg,2,1174
lungaca1216.jpeg,0,596
lungn3112.jpeg,1,877
lungscc3490.jpeg,2,1116
lungn3500.jpeg,1,774
lungn3771.jpeg,1,858
lungaca150.jpeg,0,520
lungaca4041.jpeg,0,680
lungn2236.jpeg,1,904
lungscc3734.jpeg,2,1045
lungscc946.jpeg,2,1072
lungscc4864.jpeg,2,1048
lungaca3537.jpeg,0,580
lungscc3594.jpeg,2,1026
lungn2998.jpeg,1,771
lungaca1228.jpeg,0,531
lungaca2232.jpeg,0,600
lungn2563.jpeg,1,924
lungscc4154.jpeg,2,1217
lungscc1758.jpeg,2,1146
lungscc1119.jpeg,2,1146
lungn3966.jpeg,1,943
lungaca766.jpeg,0,526
lungn2440.jpeg,1,971
lungn3341.jpeg,1,911
lungscc1915.jpeg,2,1159
lungaca1463.jpeg,0,552
lungaca2420.jpeg,0,527
lungscc3709.jpeg,2,1078
lungn37.jpeg,1,907
lungaca392.jpeg,0,625
lungaca4589.jpeg,0,546
lungaca250.jpeg,0,539
lungaca3063.jpeg,0,626
lungscc799.jpeg,2,1075
lungn1953.jpeg,1,879
lungscc4546.jpeg,2,1145
lungscc3176.jpeg,2,1155
lungscc4636.jpeg,2,1119
lungaca3814.jpeg,0,613
lungscc2183.jpeg,2,1021
lungn4305.jpeg,1,964
lungn106.jpeg,1,857
lungaca500.jpeg,0,576
lungn141.jpeg,1,973
lungn3259.jpeg,1,904
lungaca195.jpeg,0,683
lungn988.jpeg,1,878
lungscc3325.jpeg,2,1234
lungn1741.jpeg,1,979
lungn3796.jpeg,1,816
lungn53.jpeg,1,881
lungscc4987.jpeg,2,1119
lungaca1651.jpeg,0,667
lungaca1855.jpeg,0,633
lungaca1211.jpeg,0,666
lungn3571.jpeg,1,991
lungn1497.jpeg,1,884
lungaca4491.jpeg,0,514
lungscc2394.jpeg,2,1004
lungscc2106.jpeg,2,1194
lungscc3839.jpeg,2,1103
lungscc937.jpeg,2,1046
lungn4025.jpeg,1,931
lungaca4415.jpeg,0,621
lungn3808.jpeg,1,777
lungaca2861.jpeg,0,511
lungn2840.jpeg,1,828
lungaca1646.jpeg,0,556
lungaca100.jpeg,0,697
lungn36.jpeg,1,813
lungscc1662.jpeg,2,1014
lungscc2259.jpeg,2,1023
lungn626.jpeg,1,835
lungn2342.jpeg,1,962
lungaca175.jpeg,0,580
lungscc3515.jpeg,2,1143
lungn2186.jpeg,1,968
lungscc747.jpeg,2,1099
lungscc4487.jpeg,2,1038
lungn4075.jpeg,1,905
lungaca2089.jpeg,0,665
lungaca3234.jpeg,0,698
lungaca1559.jpeg,0,629
lungscc2162.jpeg,2,1108
lungaca2852.jpeg,0,662
lungscc401.jpeg,2,1104
lungscc4235.jpeg,2,1154
lungscc888.jpeg,2,1061
lungn38.jpeg,1,862
lungaca4496.jpeg,0,718
lungscc1357.jpeg,2,1197
lungscc4283.jpeg,2,1016
lungscc925.jpeg,2,1201
lungaca1886.jpeg,0,667
lungscc4127.jpeg,2,1126
lungn4810.jpeg,1,893
lungaca3440.jpeg,0,549
lungaca4203.jpeg,0,719
lungaca3972.jpeg,0,545
lungn4235.jpeg,1,971
lungn860.jpeg,1,817
lungn2802.jpeg,1,966
lungaca4193.jpeg,0,686
lungscc1452.jpeg,2,1127
lungaca4885.jpeg,0,661
lungaca4308.jpeg,0,560
lungscc2154.jpeg,2,1062
lungscc2173.jpeg,2,1142
lungaca2116.jpeg,0,521
lungn491.jpeg,1,909
lungn910.jpeg,1,852
lungscc1534.jpeg,2,1023
lungaca4654.jpeg,0,509
lungn241.jpeg,1,890
lungn1425.jpeg,1,987
lungn1841.jpeg,1,958
lungaca2613.jpeg,0,746
lungn3674.jpeg,1,915
lungn380.jpeg,1,749
lungaca71.jpeg,0,567
lungscc1520.jpeg,2,1233
lungscc641.jpeg,2,1188
lungn1610.jpeg,1,927
lungn3281.jpeg,1,756
lungaca1473.jpeg,0,602
lungaca296.jpeg,0,633
lungn1043.jpeg,1,750
lungaca1257.jpeg,0,736
lungaca953.jpeg,0,669
lungn4087.jpeg,1,855
lungaca2754.jpeg,0,656
lungn4601.jpeg,1,883
lungn743.jpeg,1,897
lungscc1241.jpeg,2,1170
lungaca174.jpeg,0,745
lungaca4013.jpeg,0,517
lungn3471.jpeg,1,770
lungaca771.jpeg,0,687
lungn4533.jpeg,1,749
lungaca1291.jpeg,0,702
lungscc2811.jpeg,2,1182
lungscc251.jpeg,2,1038
lungscc910.jpeg,2,1069
lungaca2112.jpeg,0,549
lungn1128.jpeg,1,783
lungscc2464.jpeg,2,1136
lungscc1394.jpeg,2,1178
lungscc1378.jpeg,2,1083
lungn1950.jpeg,1,955
lungaca1900.jpeg,0,608
lungaca1862.jpeg,0,647
lungscc1299.jpeg,2,1146
lungscc1397.jpeg,2,1115
lungaca165.jpeg,0,648
lungscc2423.jpeg,2,1197
lungaca3756.jpeg,0,661
lungscc453.jpeg,2,1144
lungn2597.jpeg,1,899
lungaca2847.jpeg,0,737
lungscc196.jpeg,2,1055
lungscc1372.jpeg,2,1164
lungn3486.jpeg,1,962
lungn2208.jpeg,1,948
lungn2782.jpeg,1,949
lungscc4870.jpeg,2,1024
lungn895.jpeg,1,840
lungaca4862.jpeg,0,604
lungaca1353.jpeg,0,524
lungaca4179.jpeg,0,645
lungscc4984.jpeg,2,1025
lungn2429.jpeg,1,880
lungn4903.jpeg,1,928
lungaca2608.jpeg,0,601
lungscc948.jpeg,2,1028
lungn340.jpeg,1,935
lungn3806.jpeg,1,865
lungaca2621.jpeg,0,704
lungn4255.jpeg,1,988
lungscc4256.jpeg,2,1115
lungn2760.jpeg,1,800
lungn121.jpeg,1,790
lungscc1219.jpeg,2,1177
lungn3599.jpeg,1,787
lungn3441.jpeg,1,782
lungn1001.jpeg,1,873
lungn984.jpeg,1,791
lungaca4384.jpeg,0,552
lungscc1155.jpeg,2,1009
lungaca2605.jpeg,0,618
lungn4083.jpeg,1,843
lungscc4262.jpeg,2,1198
lungscc29.jpeg,2,1146
lungaca3419.jpeg,0,582
lungaca4717.jpeg,0,511
lungaca1124.jpeg,0,659
lungaca36.jpeg,0,637
lungn4058.jpeg,1,879
lungn4060.jpeg,1,913
lungaca3019.jpeg,0,743
lungscc998.jpeg,2,1175
lungscc2793.jpeg,2,1014
lungscc450.jpeg,2,1049
lungn4559.jpeg,1,919
lungscc3759.jpeg,2,1037
lungaca1334.jpeg,0,680
lungscc2203.jpeg,2,1188
lungn3047.jpeg,1,964
lungn439.jpeg,1,749
lungn1795.jpeg,1,848
lungscc3479.jpeg,2,1178
lungn994.jpeg,1,952
lungscc3117.jpeg,2,1228
lungn4591.jpeg,1,991
lungscc4876.jpeg,2,1100
lungn3521.jpeg,1,924
lungn4693.jpeg,1,780
lungscc487.jpeg,2,1155
lungaca2859.jpeg,0,661
lungn3344.jpeg,1,819
lungaca4733.jpeg,0,672
lungscc1737.jpeg,2,1008
lungaca4052.jpeg,0,627
lungscc2017.jpeg,2,1053
lungscc3657.jpeg,2,1161
lungn4246.jpeg,1,858
lungaca3952.jpeg,0,574
lungaca1568.jpeg,0,693
lungn3925.jpeg,1,992
lungaca3790.jpeg,0,578
lungn2850.jpeg,1,863
lungaca2092.jpeg,0,544
lungn3709.jpeg,1,849
lungaca4829.jpeg,0,601
lungscc3375.jpeg,2,1034
lungaca2055.jpeg,0,598
lungaca2346.jpeg,0,516
lungn3495.jpeg,1,936
lungaca3052.jpeg,0,641
lungscc4033.jpeg,2,1197
lungscc752.jpeg,2,1049
lungscc856.jpeg,2,1136
lungaca4374.jpeg,0,526
lungaca63.jpeg,0,623
lungaca3681.jpeg,0,558
lungaca340.jpeg,0,657
lungaca367.jpeg,0,569
lungscc1373.jpeg,2,1238
lungscc3597.jpeg,2,1005
lungscc2710.jpeg,2,1136
lungn3653.jpeg,1,864
lungn49.jpeg,1,916
lungscc2751.jpeg,2,1051
lungscc1670.jpeg,2,1010
lungaca4834.jpeg,0,621
lungscc3659.jpeg,2,1172
lungscc2692.jpeg,2,1016
lungn2624.jpeg,1,876
lungscc2903.jpeg,2,1174
lungn422.jpeg,1,872
lungscc620.jpeg,2,1070
lungscc4624.jpeg,2,1024
lungaca2345.jpeg,0,623
lungscc3974.jpeg,2,1046
lungaca897.jpeg,0,705
lungaca3255.jpeg,0,595
lungaca643.jpeg,0,654
lungscc914.jpeg,2,1120
lungn2412.jpeg,1,795
lungn4499.jpeg,1,752
lungn3751.jpeg,1,805
lungscc945.jpeg,2,1197
lungn3594.jpeg,1,883
lungn4314.jpeg,1,933
lungaca3764.jpeg,0,597
lungn4799.jpeg,1,962
lungn794.jpeg,1,912
lungaca4362.jpeg,0,671
lungscc4416.jpeg,2,1199
lungn1042.jpeg,1,756
lungn283.jpeg,1,831
lungscc3344.jpeg,2,1023
lungaca1422.jpeg,0,597
lungn164.jpeg,1,906
lungn4189.jpeg,1,907
lungaca3874.jpeg,0,631
lungaca1229.jpeg,0,569
lungn4290.jpeg,1,809
lungn3488.jpeg,1,953
lungscc4121.jpeg,2,1182
lungaca1805.jpeg,0,527
lungn1647.jpeg,1,996
lungaca4539.jpeg,0,518
lungaca1349.jpeg,0,553
lungaca2216.jpeg,0,666
lungn3295.jpeg,1,753
lungaca1313.jpeg,0,548
lungaca3054.jpeg,0,611
lungn931.jpeg,1,858
lungn4742.jpeg,1,969
lungn2302.jpeg,1,780
lungaca3748.jpeg,0,667
lungn2780.jpeg,1,915
lungn960.jpeg,1,840
lungn1948.jpeg,1,811
lungn3581.jpeg,1,971
lungscc2481.jpeg,2,1197
lungscc2411.jpeg,2,1095
lungscc630.jpeg,2,1045
lungscc304.jpeg,2,1222
lungn600.jpeg,1,893
lungaca2519.jpeg,0,708
lungn2364.jpeg,1,804
lungn2221.jpeg,1,768
lungaca1657.jpeg,0,593
lungaca4332.jpeg,0,683
lungaca3443.jpeg,0,640
lungn4985.jpeg,1,782
lungscc611.jpeg,2,1209
lungn4388.jpeg,1,868
lungscc2690.jpeg,2,1148
lungaca288.jpeg,0,726
lungaca4839.jpeg,0,572
lungscc157.jpeg,2,1231
lungscc3856.jpeg,2,1042
lungaca1261.jpeg,0,638
lungscc596.jpeg,2,1237
lungscc907.jpeg,2,1009
lungaca2408.jpeg,0,719
lungaca4720.jpeg,0,587
lungscc3610.jpeg,2,1088
lungn3253.jpeg,1,917
lungn744.jpeg,1,952
lungaca1301.jpeg,0,671
lungaca2750.jpeg,0,554
lungn1678.jpeg,1,857
lungscc3684.jpeg,2,1215
lungscc2043.jpeg,2,1078
lungscc4224.jpeg,2,1048
lungscc677.jpeg,2,1034
lungaca1701.jpeg,0,717
lungscc2037.jpeg,2,1008
lungaca4861.jpeg,0,687
lungscc2840.jpeg,2,1049
lungaca961.jpeg,0,737
lungn4643.jpeg,1,780
lungn3605.jpeg,1,833
lungn1214.jpeg,1,991
lungaca4837.jpeg,0,729
lungn2459.jpeg,1,921
lungn2438.jpeg,1,869
lungaca2467.jpeg,0,678
lungscc1998.jpeg,2,1022
lungn1517.jpeg,1,859
lungaca4766.jpeg,0,705
lungaca4316.jpeg,0,653
lungscc3760.jpeg,2,1236
lungscc4607.jpeg,2,1087
lungaca252.jpeg,0,576
lungscc1717.jpeg,2,1123
lungn4767.jpeg,1,856
lungn3351.jpeg,1,878
lungn4108.jpeg,1,901
lungaca4827.jpeg,0,577
lungn2740.jpeg,1,996
lungn389.jpeg,1,964
lungaca1537.jpeg,0,591
lungn2250.jpeg,1,754
lungn1204.jpeg,1,898
lungn3812.jpeg,1,825
lungaca896.jpeg,0,542
lungn3376.jpeg,1,850
lungn2610.jpeg,1,804
lungn4853.jpeg,1,833
lungaca4880.jpeg,0,688
lungscc4759.jpeg,2,1153
lungn3839.jpeg,1,796
lungscc380.jpeg,2,1029
lungn4548.jpeg,1,912
lungaca2135.jpeg,0,723
lungn3642.jpeg,1,869
lungaca3243.jpeg,0,589
lungscc1783.jpeg,2,1061
lungscc1085.jpeg,2,1086
lungaca1695.jpeg,0,596
lungscc4345.jpeg,2,1073
lungscc3915.jpeg,2,1242
lungn1279.jpeg,1,756
lungn844.jpeg,1,859
lungn745.jpeg,1,977
lungaca3879.jpeg,0,602
lungaca269.jpeg,0,587
lungaca1218.jpeg,0,516
lungn474.jpeg,1,904
lungn1951.jpeg,1,876
lungaca485.jpeg,0,545
lungn1411.jpeg,1,946
lungn4363.jpeg,1,813
lungscc2189.jpeg,2,1072
lungaca2045.jpeg,0,545
lungscc2702.jpeg,2,1181
lungscc50.jpeg,2,1237
lungn2963.jpeg,1,936
lungn1006.jpeg,1,953
lungn2349.jpeg,1,899
lungscc4044.jpeg,2,1114
lungaca420.jpeg,0,547
lungn4120.jpeg,1,903
lungn874.jpeg,1,785
lungaca3310.jpeg,0,524
lungaca249.jpeg,0,714
lungn601.jpeg,1,808
lungscc144.jpeg,2,1021
lungaca3335.jpeg,0,649
lungaca526.jpeg,0,668
lungscc1461.jpeg,2,1058
lungaca4514.jpeg,0,731
lungscc3004.jpeg,2,1161
lungscc336.jpeg,2,1093
lungaca3504.jpeg,0,680
lungaca2809.jpeg,0,536
lungscc3199.jpeg,2,1071
lungaca4059.jpeg,0,659
lungscc2627.jpeg,2,1237
lungaca3490.jpeg,0,633
lungaca4511.jpeg,0,530
lungaca1064.jpeg,0,550
lungaca253.jpeg,0,618
lungn4460.jpeg,1,758
lungn2295.jpeg,1,985
lungaca3720.jpeg,0,655
lungn792.jpeg,1,957
lungn488.jpeg,1,856
lungn149.jpeg,1,952
lungn4967.jpeg,1,824
lungaca3081.jpeg,0,538
lungscc682.jpeg,2,1146
lungn2315.jpeg,1,911
lungscc2562.jpeg,2,1236
lungaca27.jpeg,0,740
lungscc3963.jpeg,2,1055
lungn4876.jpeg,1,860
lungn4751.jpeg,1,898
lungscc4128.jpeg,2,1126
lungscc1964.jpeg,2,1212
lungn2547.jpeg,1,847
lungscc2093.jpeg,2,1083
lungscc4799.jpeg,2,1243
lungaca2781.jpeg,0,635
lungaca1075.jpeg,0,684
lungn1679.jpeg,1,760
lungn3759.jpeg,1,911
lungscc1253.jpeg,2,1037
lungscc1120.jpeg,2,1242
lungn3250.jpeg,1,783
lungn1376.jpeg,1,783
lungaca808.jpeg,0,592
lungaca1614.jpeg,0,574
lungaca2166.jpeg,0,549
lungn3730.jpeg,1,889
lungn2661.jpeg,1,886
lungscc158.jpeg,2,1020
lungaca1735.jpeg,0,616
lungaca2048.jpeg,0,632
lungscc2239.jpeg,2,1074
lungscc2940.jpeg,2,1222
lungn1820.jpeg,1,804
lungaca730.jpeg,0,571
lungaca1222.jpeg,0,643
lungn2741.jpeg,1,918
lungscc3843.jpeg,2,1011
lungscc3509.jpeg,2,1130
lungaca4779.jpeg,0,730
lungaca3311.jpeg,0,739
lungscc773.jpeg,2,1237
lungn4111.jpeg,1,807
lungscc2280.jpeg,2,1155
lungscc179.jpeg,2,1119
lungscc2175.jpeg,2,1201
lungscc2996.jpeg,2,1182
lungaca2258.jpeg,0,704
lungaca492.jpeg,0,739
lungscc3251.jpeg,2,1058
lungscc2866.jpeg,2,1237
lungaca2660.jpeg,0,543
lungscc1512.jpeg,2,999
lungn2762.jpeg,1,796
lungscc3712.jpeg,2,1005
lungn1185.jpeg,1,921
lungaca1214.jpeg,0,675
lungscc1893.jpeg,2,1233
lungn1236.jpeg,1,874
lungn4441.jpeg,1,752
lungscc3408.jpeg,2,1133
lungn3877.jpeg,1,867
lungn4990.jpeg,1,805
lungn3456.jpeg,1,854
lungscc2437.jpeg,2,1128
lungaca3169.jpeg,0,510
lungn1596.jpeg,1,871
lungscc174.jpeg,2,1081
lungscc3744.jpeg,2,1050
lungaca1824.jpeg,0,723
lungn2206.jpeg,1,928
lungscc4132.jpeg,2,1085
lungaca1237.jpeg,0,673
lungaca3066.jpeg,0,623
lungaca1051.jpeg,0,690
lungscc198.jpeg,2,999
lungscc4784.jpeg,2,1072
lungn2501.jpeg,1,750
lungscc3008.jpeg,2,1002
lungscc3591.jpeg,2,1155
lungaca409.jpeg,0,738
lungn4016.jpeg,1,900
lungaca1691.jpeg,0,620
lungaca2932.jpeg,0,560
lungscc1904.jpeg,2,1114
lungn3610.jpeg,1,823
lungscc81.jpeg,2,1052
lungaca3996.jpeg,0,636
lungaca4489.jpeg,0,605
lungn1522.jpeg,1,788
lungaca3930.jpeg,0,533
lungaca515.jpeg,0,520
lungscc3574.jpeg,2,1130
lungscc4711.jpeg,2,1167
lungn664.jpeg,1,886
lungaca535.jpeg,0,584
lungscc2167.jpeg,2,1167
lungscc4203.jpeg,2,1110
lungaca495.jpeg,0,640
lungn2824.jpeg,1,942
lungn4675.jpeg,1,970
lungaca1053.jpeg,0,565
lungscc1164.jpeg,2,1165
lungn2105.jpeg,1,866
lungaca4866.jpeg,0,596
lungn1615.jpeg,1,989
lungaca4806.jpeg,0,607
lungscc3787.jpeg,2,1030
lungaca4047.jpeg,0,577
lungscc421.jpeg,2,1124
lungaca4328.jpeg,0,529
lungscc621.jpeg,2,1063
lungscc3854.jpeg,2,1031
lungaca2523.jpeg,0,607
lungn1269.jpeg,1,895
lungn2692.jpeg,1,773
lungn2984.jpeg,1,928
lungaca4828.jpeg,0,601
lungscc4458.jpeg,2,1061
lungaca2530.jpeg,0,623
lungaca3557.jpeg,0,516
lungaca947.jpeg,0,742
lungaca3719.jpeg,0,582
lungn4475.jpeg,1,892
lungn1587.jpeg,1,776
lungscc2027.jpeg,2,1159
lungscc2739.jpeg,2,1212
lungscc1509.jpeg,2,1115
lungscc3635.jpeg,2,1236
lungscc2762.jpeg,2,1109
lungn3487.jpeg,1,866
lungaca1903.jpeg,0,510
lungaca192.jpeg,0,516
lungscc10.jpeg,2,1023
lungscc4160.jpeg,2,1214
lungaca3946.jpeg,0,747
lungn256.jpeg,1,883
lungscc1636.jpeg,2,1087
lungscc4592.jpeg,2,1135
lungn1957.jpeg,1,775
lungn4054.jpeg,1,971
lungscc2530.jpeg,2,1075
lungaca3560.jpeg,0,646
lungn2045.jpeg,1,764
lungn3837.jpeg,1,927
lungn4378.jpeg,1,906
lungaca1773.jpeg,0,524
lungn2217.jpeg,1,935
lungscc4615.jpeg,2,1049
lungn920.jpeg,1,951
lungscc4198.jpeg,2,1055
lungn1423.jpeg,1,983
lungscc3430.jpeg,2,1156
lungaca3075.jpeg,0,635
lungaca3065.jpeg,0,647
lungscc190.jpeg,2,1005
lungn624.jpeg,1,756
lungaca3337.jpeg,0,704
lungn4344.jpeg,1,776
lungaca4588.jpeg,0,711
lungscc2809.jpeg,2,1119
lungscc1680.jpeg,2,1060
lungscc3519.jpeg,2,1017
lungaca821.jpeg,0,579
lungaca2146.jpeg,0,619
lungscc344.jpeg,2,1111
lungn365.jpeg,1,956
lungn2430.jpeg,1,956
lungn1638.jpeg,1,781
lungn2079.jpeg,1,971
lungscc4847.jpeg,2,1245
lungscc2164.jpeg,2,1118
lungscc4312.jpeg,2,1136
lungn3218.jpeg,1,990
lungscc4604.jpeg,2,1095
lungaca1519.jpeg,0,567
lungscc1676.jpeg,2,1124
lungn1264.jpeg,1,872
lungaca2696.jpeg,0,698
lungscc1890.jpeg,2,1217
lungaca753.jpeg,0,681
lungn3589.jpeg,1,835
lungaca3871.jpeg,0,567
lungscc4291.jpeg,2,1092
lungn2423.jpeg,1,872
lungaca1836.jpeg,0,649
lungaca3266.jpeg,0,610
lungaca4912.jpeg,0,532
lungscc4367.jpeg,2,1070
lungscc3370.jpeg,2,1203
lungaca2436.jpeg,0,538
lungn4163.jpeg,1,865
lungaca4490.jpeg,0,554
lungscc1082.jpeg,2,1218
lungaca3892.jpeg,0,611
lungscc4961.jpeg,2,1166
lungscc258.jpeg,2,1029
lungscc3371.jpeg,2,1043
lungn4273.jpeg,1,934
lungscc2207.jpeg,2,1213
lungaca3135.jpeg,0,537
lungn2089.jpeg,1,951
lungn3496.jpeg,1,816
lungaca4440.jpeg,0,663
lungscc879.jpeg,2,1134
lungn1569.jpeg,1,782
lungaca231.jpeg,0,620
lungn859.jpeg,1,775
lungn1191.jpeg,1,797
lungaca3759.jpeg,0,508
lungaca4301.jpeg,0,510
lungn4440.jpeg,1,978
lungscc1679.jpeg,2,1008
lungn3729.jpeg,1,828
lungn2797.jpeg,1,788
lungaca3252.jpeg,0,709
lungscc3848.jpeg,2,1095
lungaca4158.jpeg,0,720
lungscc1901.jpeg,2,1020
lungn3842.jpeg,1,837
lungscc739.jpeg,2,1136
lungaca3753.jpeg,0,711
lungaca1649.jpeg,0,627
lungscc339.jpeg,2,1073
lungn4129.jpeg,1,821
lungaca3715.jpeg,0,616
lungaca696.jpeg,0,575
lungn2296.jpeg,1,893
lungscc953.jpeg,2,1176
lungaca4101.jpeg,0,706
lungaca1853.jpeg,0,515
lungn2086.jpeg,1,975
lungaca2601.jpeg,0,739
lungn1186.jpeg,1,752
lungaca1145.jpeg,0,726
lungaca41.jpeg,0,665
lungaca2439.jpeg,0,660
lungscc882.jpeg,2,1148
lungn1765.jpeg,1,829
lungscc3785.jpeg,2,1216
lungn1515.jpeg,1,894
lungaca2120.jpeg,0,739
lungaca1500.jpeg,0,719
lungscc1304.jpeg,2,1072
lungn4456.jpeg,1,757
lungn404.jpeg,1,823
lungscc4075.jpeg,2,1070
lungn1453.jpeg,1,804
lungn4328.jpeg,1,914
lungaca1241.jpeg,0,520
lungscc4965.jpeg,2,1197
lungscc4554.jpeg,2,1205
lungn4970.jpeg,1,983
lungaca2737.jpeg,0,660
lungscc1417.jpeg,2,1214
lungscc3894.jpeg,2,1068
lungaca2429.jpeg,0,689
lungaca3168.jpeg,0,614
lungaca537.jpeg,0,719
lungaca1935.jpeg,0,550
lungscc2476.jpeg,2,1234
lungn1059.jpeg,1,997
lungscc2830.jpeg,2,1043
lungn620.jpeg,1,778
lungn837.jpeg,1,974
lungn1495.jpeg,1,759
lungn72.jpeg,1,846
lungn96.jpeg,1,848
lungscc205.jpeg,2,1021
lungscc1341.jpeg,2,1165
lungaca2335.jpeg,0,713
lungaca3134.jpeg,0,555
lungscc3314.jpeg,2,1142
lungscc612.jpeg,2,1085
lungaca4376.jpeg,0,586
lungscc4931.jpeg,2,1111
lungaca2039.jpeg,0,573
lungaca89.jpeg,0,593
lungn289.jpeg,1,794
lungscc1803.jpeg,2,1097
lungn696.jpeg,1,921
lungaca2267.jpeg,0,559
lungscc1591.jpeg,2,1220
lungn4978.jpeg,1,937
lungn1656.jpeg,1,973
lungn1982.jpeg,1,797
lungn2448.jpeg,1,920
lungaca3033.jpeg,0,728
lungaca3518.jpeg,0,676
lungaca4994.jpeg,0,621
lungscc4030.jpeg,2,1045
lungscc3197.jpeg,2,1031
lungn836.jpeg,1,968
lungn3040.jpeg,1,775
lungn3292.jpeg,1,773
lungaca4404.jpeg,0,588
lungscc2815.jpeg,2,1153
lungscc3443.jpeg,2,1148
lungscc884.jpeg,2,1102
lungscc3093.jpeg,2,1016
lungscc2448.jpeg,2,1092
lungscc1782.jpeg,2,1027
lungaca482.jpeg,0,695
lungaca2909.jpeg,0,567
lungaca68.jpeg,0,539
lungaca4504.jpeg,0,693
lungn2282.jpeg,1,962
lungn1769.jpeg,1,815
lungaca3223.jpeg,0,572
lungscc3473.jpeg,2,1172
lungn4609.jpeg,1,912
lungscc4150.jpeg,2,1146
lungaca2662.jpeg,0,581
lungn1075.jpeg,1,763
lungaca3983.jpeg,0,680
lungaca266.jpeg,0,506
lungn757.jpeg,1,866
lungaca1246.jpeg,0,572
lungaca4282.jpeg,0,688
lungaca1196.jpeg,0,630
lungn1617.jpeg,1,836
lungaca1012.jpeg,0,740
lungn2529.jpeg,1,970
lungaca4100.jpeg,0,552
lungaca373.jpeg,0,739
lungn182.jpeg,1,856
lungn4527.jpeg,1,778
lungn3476.jpeg,1,920
lungaca2733.jpeg,0,533
lungaca1177.jpeg,0,556
lungaca4182.jpeg,0,508
lungn1784.jpeg,1,753
lungscc984.jpeg,2,1055
lungscc4061.jpeg,2,1228
lungscc491.jpeg,2,1057
lungn2591.jpeg,1,970
lungaca850.jpeg,0,741
lungn1291.jpeg,1,948
lungn1352.jpeg,1,864
lungn3213.jpeg,1,778
lungscc1543.jpeg,2,1173
lungn4828.jpeg,1,776
lungn3497.jpeg,1,816
lungn3910.jpeg,1,803
lungscc603.jpeg,2,1008
lungn4137.jpeg,1,768
lungn1067.jpeg,1,785
lungscc591.jpeg,2,1012
lungn4194.jpeg,1,834
lungn3274.jpeg,1,990
lungscc2384.jpeg,2,1081
lungscc416.jpeg,2,1081
lungaca3291.jpeg,0,517
lungaca4462.jpeg,0,568
lungscc1781.jpeg,2,1047
lungscc1129.jpeg,2,1019
lungaca3698.jpeg,0,703
lungscc4350.jpeg,2,1010
lungn4079.jpeg,1,916
lungn676.jpeg,1,867
lungn4021.jpeg,1,823
lungaca4092.jpeg,0,529
lungn2119.jpeg,1,872
lungaca4265.jpeg,0,604
lungscc1585.jpeg,2,1043
lungscc1388.jpeg,2,1127
lungaca1811.jpeg,0,539
lungscc4267.jpeg,2,1036
lungaca344.jpeg,0,744
lungscc1616.jpeg,2,1124
lungscc1217.jpeg,2,1120
lungscc3172.jpeg,2,1089
lungn4376.jpeg,1,823
lungaca3218.jpeg,0,615
lungaca4380.jpeg,0,594
lungn3445.jpeg,1,872
lungaca884.jpeg,0,545
lungscc507.jpeg,2,1021
lungn1215.jpeg,1,754
lungscc4188.jpeg,2,1181
lungscc2908.jpeg,2,1138
lungaca1107.jpeg,0,598
lungscc2094.jpeg,2,1237
lungaca2297.jpeg,0,680
lungaca1135.jpeg,0,559
lungaca2224.jpeg,0,647
lungaca4148.jpeg,0,725
lungaca3314.jpeg,0,680
lungscc3722.jpeg,2,1095
lungn2678.jpeg,1,869
lungaca3563.jpeg,0,549
lungn3924.jpeg,1,847
lungaca1404.jpeg,0,539
lungscc4446.jpeg,2,1204
lungaca491.jpeg,0,650
lungn699.jpeg,1,873
lungaca2819.jpeg,0,605
lungaca1929.jpeg,0,524
lungn2064.jpeg,1,974
lungscc318.jpeg,2,1187
lungscc201.jpeg,2,1107
lungn2499.jpeg,1,955
lungn4545.jpeg,1,787
lungn1195.jpeg,1,884
lungn2500.jpeg,1,876
lungn3600.jpeg,1,861
lungn1976.jpeg,1,943
lungn2308.jpeg,1,792
lungscc1946.jpeg,2,1145
lungscc2397.jpeg,2,1184
lungaca1981.jpeg,0,565
lungscc4564.jpeg,2,1186
lungaca4283.jpeg,0,533
lungn4704.jpeg,1,778
lungscc1127.jpeg,2,1123
lungscc2059.jpeg,2,1021
lungscc2969.jpeg,2,1023
lungscc3756.jpeg,2,1024
lungn4495.jpeg,1,933
lungscc2906.jpeg,2,1192
lungn1267.jpeg,1,829
lungn2978.jpeg,1,791
lungn3519.jpeg,1,959
lungscc3219.jpeg,2,1186
lungaca974.jpeg,0,722
lungaca1509.jpeg,0,595
lungn1106.jpeg,1,918
lungaca1307.jpeg,0,510
lungn686.jpeg,1,787
lungn3726.jpeg,1,851
lungaca3256.jpeg,0,646
lungaca3811.jpeg,0,627
lungscc1970.jpeg,2,1137
lungn2185.jpeg,1,822
lungscc2812.jpeg,2,1060
lungaca1038.jpeg,0,510
lungaca1475.jpeg,0,729
lungn3723.jpeg,1,933
lungscc1667.jpeg,2,1061
lungaca1126.jpeg,0,659
lungscc4138.jpeg,2,1136
lungaca4366.jpeg,0,681
lungscc678.jpeg,2,1031
lungscc4451.jpeg,2,1007
lungn1263.jpeg,1,860
lungscc2425.jpeg,2,1033
lungscc692.jpeg,2,1231
lungn2902.jpeg,1,880
lungn257.jpeg,1,954
lungn1119.jpeg,1,912
lungaca795.jpeg,0,688
lungaca2157.jpeg,0,687
lungn486.jpeg,1,845
lungn2238.jpeg,1,812
lungscc4014.jpeg,2,1161
lungscc4844.jpeg,2,1211
lungscc851.jpeg,2,1097
lungscc3992.jpeg,2,1213
lungscc1147.jpeg,2,1083
lungaca672.jpeg,0,600
lungscc1807.jpeg,2,1108
lungn4077.jpeg,1,938
lungscc2506.jpeg,2,1154
lungaca3104.jpeg,0,658
lungaca1972.jpeg,0,605
lungn1483.jpeg,1,796
lungaca2381.jpeg,0,591
lungn27.jpeg,1,996
lungaca3037.jpeg,0,662
lungn3715.jpeg,1,870
lungn933.jpeg,1,787
lungscc3263.jpeg,2,1205
lungn4914.jpeg,1,766
lungscc4211.jpeg,2,1220
lungn2314.jpeg,1,807
lungaca550.jpeg,0,680
lungscc2505.jpeg,2,1039
lungn582.jpeg,1,821
lungn4625.jpeg,1,887
lungn932.jpeg,1,813
lungaca4552.jpeg,0,686
lungaca3838.jpeg,0,586
lungscc493.jpeg,2,1094
lungscc3252.jpeg,2,1055
lungscc4388.jpeg,2,1214
lungn424.jpeg,1,939
lungaca3061.jpeg,0,708
lungscc2888.jpeg,2,1096
lungscc520.jpeg,2,1129
lungaca4917.jpeg,0,655
lungaca1037.jpeg,0,536
lungn1661.jpeg,1,787
lungn4481.jpeg,1,888
lungaca2113.jpeg,0,535
lungn1787.jpeg,1,800
lungn4186.jpeg,1,948
lungscc1882.jpeg,2,1036
lungscc1191.jpeg,2,1141
lungscc1494.jpeg,2,1089
lungscc443.jpeg,2,1198
lungaca2720.jpeg,0,670
lungscc1640.jpeg,2,1036
lungn1316.jpeg,1,808
lungscc3681.jpeg,2,1158
lungaca4445.jpeg,0,606
lungaca4232.jpeg,0,662
lungscc4967.jpeg,2,1204
lungscc807.jpeg,2,1145
lungaca1945.jpeg,0,530
lungn4790.jpeg,1,994
lungscc4237.jpeg,2,1122
lungaca4935.jpeg,0,555
lungaca3382.jpeg,0,556
lungn2269.jpeg,1,813
lungscc177.jpeg,2,1086
lungaca751.jpeg,0,697
lungn706.jpeg,1,759
lungscc3752.jpeg,2,1016
lungscc4892.jpeg,2,1115
lungn3689.jpeg,1,829
lungscc2646.jpeg,2,1120
lungn1914.jpeg,1,881
lungscc4085.jpeg,2,1198
lungn3110.jpeg,1,786
lungn464.jpeg,1,814
lungaca975.jpeg,0,657
lungaca2367.jpeg,0,568
lungn823.jpeg,1,995
lungn477.jpeg,1,863
lungaca595.jpeg,0,604
lungaca2137.jpeg,0,603
lungscc4703.jpeg,2,1069
lungscc1390.jpeg,2,1057
lungn133.jpeg,1,911
lungscc1835.jpeg,2,1140
lungaca59.jpeg,0,679
lungn1122.jpeg,1,905
lungn4140.jpeg,1,873
lungaca1730.jpeg,0,514
lungn2368.jpeg,1,788
lungaca4996.jpeg,0,520
lungn3757.jpeg,1,901
lungscc4905.jpeg,2,1145
lungn2191.jpeg,1,778
lungscc1786.jpeg,2,1064
lungscc2486.jpeg,2,1106
lungn1968.jpeg,1,922
lungaca1499.jpeg,0,512
lungscc2960.jpeg,2,1208
lungn2139.jpeg,1,750
lungn271.jpeg,1,942
lungn1239.jpeg,1,900
lungaca1644.jpeg,0,689
lungscc629.jpeg,2,1198
lungscc3487.jpeg,2,1052
lungaca3693.jpeg,0,711
lungn3241.jpeg,1,947
lungscc943.jpeg,2,1049
lungn3603.jpeg,1,919
lungscc2216.jpeg,2,1159
lungn2272.jpeg,1,766
lungscc1767.jpeg,2,1129
lungn1272.jpeg,1,972
lungscc3589.jpeg,2,1147
lungn1591.jpeg,1,798
lungscc2537.jpeg,2,1198
lungaca508.jpeg,0,645
lungn3204.jpeg,1,886
lungaca1507.jpeg,0,549
lungn525.jpeg,1,841
lungaca1743.jpeg,0,545
lungn134.jpeg,1,871
lungscc1732.jpeg,2,1191
lungaca1289.jpeg,0,741
lungscc4028.jpeg,2,1116
lungaca1316.jpeg,0,616
lungaca1308.jpeg,0,525
lungn4827.jpeg,1,867
lungaca414.jpeg,0,630
lungaca4471.jpeg,0,684
lungaca502.jpeg,0,601
lungscc3832.jpeg,2,1223
lungn2770.jpeg,1,873
lungscc2344.jpeg,2,1103
lungaca3354.jpeg,0,554
lungaca2404.jpeg,0,725
lungscc702.jpeg,2,1101
lungaca1746.jpeg,0,720
lungaca187.jpeg,0,545
lungaca1057.jpeg,0,521
lungscc4883.jpeg,2,1209
lungscc1153.jpeg,2,1008
lungn17.jpeg,1,860
lungscc1288.jpeg,2,1189
lungaca1279.jpeg,0,700
lungscc1297.jpeg,2,1052
lungn3506.jpeg,1,974
lungn3597.jpeg,1,770
lungn1706.jpeg,1,892
lungn83.jpeg,1,885
lungn1427.jpeg,1,772
lungaca293.jpeg,0,515
lungn2112.jpeg,1,985
lungscc3382.jpeg,2,1052
lungscc1753.jpeg,2,1094
lungaca4456.jpeg,0,571
lungn1990.jpeg,1,764
lungn3454.jpeg,1,765
lungaca304.jpeg,0,743
lungn2877.jpeg,1,786
lungaca3627.jpeg,0,530
lungn2338.jpeg,1,797
lungscc1004.jpeg,2,998
lungscc4387.jpeg,2,1033
lungscc3084.jpeg,2,1044
lungn1994.jpeg,1,929
lungscc4124.jpeg,2,1009
lungn1726.jpeg,1,926
lungscc1703.jpeg,2,1088
lungn1547.jpeg,1,836
lungscc3970.jpeg,2,1036
lungaca729.jpeg,0,714
lungscc1360.jpeg,2,1170
lungn2884.jpeg,1,978
lungn717.jpeg,1,847
lungaca1996.jpeg,0,699
lungscc1088.jpeg,2,1121
lungaca4899.jpeg,0,644
lungscc733.jpeg,2,1225
lungscc1730.jpeg,2,1076
lungn730.jpeg,1,750
lungaca934.jpeg,0,726
lungaca3195.jpeg,0,595
lungn4421.jpeg,1,749
lungaca3353.jpeg,0,544
lungaca3962.jpeg,0,604
lungscc2621.jpeg,2,1152
lungn2286.jpeg,1,794
lungaca3802.jpeg,0,588
lungscc1547.jpeg,2,1171
lungn1780.jpeg,1,912
lungn4187.jpeg,1,858
lungaca4303.jpeg,0,658
lungn4973.jpeg,1,978
lungscc2389.jpeg,2,1139
lungn4265.jpeg,1,891
lungn671.jpeg,1,829
lungscc2625.jpeg,2,1185
lungaca858.jpeg,0,722
lungaca3821.jpeg,0,659
lungaca4995.jpeg,0,524
lungscc2477.jpeg,2,1242
lungn58.jpeg,1,914
lungscc2217.jpeg,2,1193
lungn438.jpeg,1,762
lungscc3554.jpeg,2,1166
lungn869.jpeg,1,874
lungaca505.jpeg,0,639
lungscc1316.jpeg,2,1024
lungscc913.jpeg,2,1162
lungaca2999.jpeg,0,630
lungscc2622.jpeg,2,1061
lungaca1320.jpeg,0,666
lungscc2518.jpeg,2,1135
lungscc2427.jpeg,2,1019
lungaca3619.jpeg,0,733
lungn128.jpeg,1,799
lungn1646.jpeg,1,854
lungaca3119.jpeg,0,675
lungscc892.jpeg,2,1039
lungscc4899.jpeg,2,1087
lungaca3562.jpeg,0,598
lungaca16.jpeg,0,616
lungn4546.jpeg,1,820
lungaca1280.jpeg,0,550
lungn2991.jpeg,1,960
lungaca636.jpeg,0,622
lungscc324.jpeg,2,1123
lungscc1836.jpeg,2,1231
lungn4727.jpeg,1,800
lungaca4358.jpeg,0,518
lungn2357.jpeg,1,779
lungaca1139.jpeg,0,691
lungscc2014.jpeg,2,1141
lungn3315.jpeg,1,760
lungscc1581.jpeg,2,1041
lungaca4792.jpeg,0,658
lungscc971.jpeg,2,1131
lungscc4163.jpeg,2,1129
lungn4467.jpeg,1,804
lungn3138.jpeg,1,937
lungscc2713.jpeg,2,1178
lungn1624.jpeg,1,953
lungn2650.jpeg,1,784
lungscc3995.jpeg,2,1235
lungaca4892.jpeg,0,575
lungscc2666.jpeg,2,1187
lungn4812.jpeg,1,758
lungscc1043.jpeg,2,1075
lungn2880.jpeg,1,922
lungscc4155.jpeg,2,1001
lungaca3651.jpeg,0,580
lungaca4875.jpeg,0,669
lungaca2744.jpeg,0,592
lungaca2988.jpeg,0,654
lungn1754.jpeg,1,808
lungscc2011.jpeg,2,1163
lungscc1168.jpeg,2,1142
lungaca3206.jpeg,0,581
lungscc3584.jpeg,2,1025
lungaca1523.jpeg,0,568
lungn1576.jpeg,1,847
lungn605.jpeg,1,949
lungn4138.jpeg,1,763
lungn4964.jpeg,1,903
lungn568.jpeg,1,940
lungscc2520.jpeg,2,1184
lungaca501.jpeg,0,530
lungn755.jpeg,1,763
lungscc2084.jpeg,2,1148
lungn1956.jpeg,1,888
lungscc261.jpeg,2,1045
lungscc2416.jpeg,2,1202
lungn779.jpeg,1,830
lungaca2693.jpeg,0,648
lungaca3015.jpeg,0,569
lungscc1092.jpeg,2,1000
lungn4774.jpeg,1,959
lungn4617.jpeg,1,785
lungaca2871.jpeg,0,614
lungn3216.jpeg,1,776
lungaca3590.jpeg,0,681
lungaca3496.jpeg,0,590
lungscc2361.jpeg,2,1071
lungn1459.jpeg,1,932
lungn1460.jpeg,1,765
lungaca917.jpeg,0,615
lungaca2675.jpeg,0,533
lungaca3414.jpeg,0,574
lungscc1825.jpeg,2,1001
lungaca273.jpeg,0,597
lungn3367.jpeg,1,970
lungscc4649.jpeg,2,1109
lungn3768.jpeg,1,928
lungn3030.jpeg,1,856
lungscc974.jpeg,2,1229
lungn1384.jpeg,1,941
lungscc857.jpeg,2,1157
lungaca4450.jpeg,0,578
lungn2513.jpeg,1,824
lungn144.jpeg,1,753
lungscc153.jpeg,2,1205
lungaca2588.jpeg,0,626
lungscc4202.jpeg,2,1240
lungaca3150.jpeg,0,645
lungscc2648.jpeg,2,1177
lungn245.jpeg,1,807
lungaca2944.jpeg,0,692
lungscc1975.jpeg,2,1039
lungscc2507.jpeg,2,1154
lungscc1054.jpeg,2,1202
lungaca4939.jpeg,0,677
lungn4966.jpeg,1,787
lungn3043.jpeg,1,897
lungn1473.jpeg,1,967
lungaca1577.jpeg,0,743
lungscc2696.jpeg,2,1218
lungaca2114.jpeg,0,529
lungscc4697.jpeg,2,1147
lungn3879.jpeg,1,776
lungscc3103.jpeg,2,1207
lungscc3733.jpeg,2,1105
lungscc2573.jpeg,2,1131
lungscc3845.jpeg,2,1115
lungscc870.jpeg,2,1071
lungaca380.jpeg,0,740
lungn817.jpeg,1,768
lungaca2203.jpeg,0,534
lungn4288.jpeg,1,852
lungaca3640.jpeg,0,572
lungscc2029.jpeg,2,1143
lungaca337.jpeg,0,603
lungn4147.jpeg,1,783
lungn3025.jpeg,1,847
lungscc4097.jpeg,2,1132
lungn2758.jpeg,1,977
lungscc2385.jpeg,2,1219
lungscc4371.jpeg,2,1098
lungaca1094.jpeg,0,573
lungaca1206.jpeg,0,582
lungaca1299.jpeg,0,730
lungn3763.jpeg,1,842
lungn1241.jpeg,1,834
lungaca2327.jpeg,0,668
lungscc334.jpeg,2,1032
lungscc1040.jpeg,2,1070
lungaca158.jpeg,0,704
lungn1816.jpeg,1,880
lungaca3208.jpeg,0,588
lungscc839.jpeg,2,1025
lungscc333.jpeg,2,1101
lungn3647.jpeg,1,819
lungaca3136.jpeg,0,728
lungn3199.jpeg,1,757
lungaca4854.jpeg,0,526
lungn131.jpeg,1,798
lungaca1674.jpeg,0,674
lungscc4938.jpeg,2,1182
lungn4673.jpeg,1,843
lungaca892.jpeg,0,739
lungaca230.jpeg,0,532
lungscc219.jpeg,2,1048
lungaca4458.jpeg,0,558
lungaca2460.jpeg,0,594
lungaca3124.jpeg,0,578
lungaca1374.jpeg,0,541
lungn4020.jpeg,1,833
lungaca1077.jpeg,0,636
lungaca3987.jpeg,0,737
lungscc3780.jpeg,2,1078
lungn4198.jpeg,1,823
lungaca3461.jpeg,0,562
lungn4649.jpeg,1,776
lungaca2843.jpeg,0,563
lungscc3619.jpeg,2,1197
lungscc2330.jpeg,2,1009
lungn1685.jpeg,1,751
lungscc4627.jpeg,2,1076
lungaca3069.jpeg,0,650
lungscc4136.jpeg,2,1011
lungn2905.jpeg,1,829
lungaca1800.jpeg,0,675
lungscc51.jpeg,2,1086
lungn654.jpeg,1,755
lungaca2627.jpeg,0,513
lungscc1515.jpeg,2,1107
lungscc3986.jpeg,2,1232
lungscc4421.jpeg,2,1097
lungscc794.jpeg,2,1059
lungn2156.jpeg,1,771
lungaca317.jpeg,0,588
lungn4190.jpeg,1,907
lungn2557.jpeg,1,901
lungscc3800.jpeg,2,1105
lungscc4282.jpeg,2,1243
lungscc2569.jpeg,2,1083
lungn4722.jpeg,1,920
lungscc1214.jpeg,2,1033
lungn4777.jpeg,1,775
lungscc3053.jpeg,2,1054
lungn2657.jpeg,1,915
lungn1364.jpeg,1,772
lungscc2120.jpeg,2,1056
lungscc1785.jpeg,2,1191
lungaca2996.jpeg,0,609
lungaca2524.jpeg,0,569
lungn4384.jpeg,1,889
lungaca1319.jpeg,0,695
lungaca748.jpeg,0,587
lungn3760.jpeg,1,750
lungaca4113.jpeg,0,723
lungaca2343.jpeg,0,578
lungn2399.jpeg,1,896
lungscc156.jpeg,2,1129
lungn4085.jpeg,1,984
lungn2630.jpeg,1,810
lungn4544.jpeg,1,858
lungn3020.jpeg,1,816
lungscc325.jpeg,2,1050
lungaca2407.jpeg,0,678
lungscc2802.jpeg,2,1164
lungn2124.jpeg,1,761
lungn3606.jpeg,1,938
lungscc1657.jpeg,2,1204
lungscc488.jpeg,2,1026
lungscc1582.jpeg,2,1160
lungaca3732.jpeg,0,670
lungaca2774.jpeg,0,652
lungscc4305.jpeg,2,1026
lungscc1076.jpeg,2,1235
lungn4816.jpeg,1,872
lungscc172.jpeg,2,1133
lungscc2052.jpeg,2,1201
lungscc2370.jpeg,2,1158
lungn4248.jpeg,1,800
lungn4491.jpeg,1,785
lungn1805.jpeg,1,941
lungscc2931.jpeg,2,1223
lungscc2422.jpeg,2,1175
lungn4916.jpeg,1,772
lungn4424.jpeg,1,802
lungscc4860.jpeg,2,1013
lungaca2028.jpeg,0,522
lungaca3616.jpeg,0,521
lungscc1756.jpeg,2,1095
lungn2744.jpeg,1,802
lungn3359.jpeg,1,768
lungscc2555.jpeg,2,1101
lungn1432.jpeg,1,906
lungaca4625.jpeg,0,512
lungscc800.jpeg,2,1055
lungn2626.jpeg,1,902
lungn1640.jpeg,1,909
lungn3050.jpeg,1,864
lungn1162.jpeg,1,773
lungn3009.jpeg,1,881
lungscc1466.jpeg,2,1144
lungaca3153.jpeg,0,506
lungn1113.jpeg,1,897
lungaca4124.jpeg,0,716
lungn275.jpeg,1,833
lungaca4595.jpeg,0,508
lungn4008.jpeg,1,787
lungn487.jpeg,1,856
lungscc4523.jpeg,2,1143
lungn1664.jpeg,1,926
lungaca4268.jpeg,0,633
lungaca3507.jpeg,0,531
lungscc666.jpeg,2,1069
lungn3773.jpeg,1,952
lungaca3417.jpeg,0,663
lungscc4218.jpeg,2,1123
lungaca1287.jpeg,0,688
lungscc238.jpeg,2,1122
lungn2264.jpeg,1,810
lungscc167.jpeg,2,1102
lungn79.jpeg,1,776
lungaca2295.jpeg,0,652
lungscc2201.jpeg,2,1134
lungscc3083.jpeg,2,1197
lungaca2900.jpeg,0,670
lungaca4498.jpeg,0,594
lungaca4042.jpeg,0,680
lungn1486.jpeg,1,978
lungscc3996.jpeg,2,1224
lungscc1502.jpeg,2,1162
lungscc3155.jpeg,2,1013
lungn4763.jpeg,1,930
lungscc3919.jpeg,2,1106
lungn1400.jpeg,1,895
lungscc864.jpeg,2,999
lungn3170.jpeg,1,897
lungn4272.jpeg,1,782
lungscc1752.jpeg,2,1136
lungaca3378.jpeg,0,737
lungscc4772.jpeg,2,1055
lungn2812.jpeg,1,928
lungaca2795.jpeg,0,702
lungscc2198.jpeg,2,1048
lungscc1622.jpeg,2,1151
lungaca4990.jpeg,0,631
lungscc2775.jpeg,2,1042
lungaca759.jpeg,0,642
lungaca302.jpeg,0,647
lungscc959.jpeg,2,1224
lungn4250.jpeg,1,912
lungaca3462.jpeg,0,636
lungaca4285.jpeg,0,667
lungn2679.jpeg,1,966
lungaca557.jpeg,0,555
lungscc1086.jpeg,2,1086
lungn1253.jpeg,1,891
lungscc1149.jpeg,2,1139
lungscc1922.jpeg,2,1068
lungscc4192.jpeg,2,1002
lungaca1722.jpeg,0,614
lungn4611.jpeg,1,900
lungaca1467.jpeg,0,599
lungaca327.jpeg,0,673
lungn1349.jpeg,1,858
lungscc4545.jpeg,2,1021
lungn4183.jpeg,1,878
lungscc1292.jpeg,2,1240
lungn1442.jpeg,1,816
lungaca2828.jpeg,0,512
lungn3888.jpeg,1,750
lungscc764.jpeg,2,1114
lungaca1518.jpeg,0,640
lungscc4238.jpeg,2,1122
lungscc3196.jpeg,2,1098
lungn702.jpeg,1,831
lungscc4241.jpeg,2,1067
lungn4632.jpeg,1,985
lungaca244.jpeg,0,540
lungn3163.jpeg,1,913
lungaca2903.jpeg,0,643
lungscc1146.jpeg,2,1083
lungaca2771.jpeg,0,670
lungscc689.jpeg,2,1214
lungaca3916.jpeg,0,733
lungn1429.jpeg,1,834
lungscc3256.jpeg,2,1211
lungscc2233.jpeg,2,1011
lungaca2090.jpeg,0,525
lungn4821.jpeg,1,956
lungscc979.jpeg,2,1005
lungn1955.jpeg,1,888
lungaca2279.jpeg,0,666
lungn2716.jpeg,1,889
lungscc3246.jpeg,2,1059
lungscc4316.jpeg,2,1088
lungaca2891.jpeg,0,634
lungscc3390.jpeg,2,1138
lungn966.jpeg,1,825
lungscc3976.jpeg,2,1001
lungscc274.jpeg,2,1077
lungn2609.jpeg,1,925
lungscc4729.jpeg,2,1044
lungaca4707.jpeg,0,556
lungscc184.jpeg,2,1009
lungn898.jpeg,1,939
lungscc2919.jpeg,2,1125
lungn577.jpeg,1,912
lungaca1339.jpeg,0,689
lungn4939.jpeg,1,929
lungscc48.jpeg,2,1083
lungn2669.jpeg,1,846
lungn4416.jpeg,1,996
lungscc1561.jpeg,2,1155
lungaca2340.jpeg,0,634
lungscc4980.jpeg,2,1195
lungaca4705.jpeg,0,569
lungaca117.jpeg,0,565
lungaca1408.jpeg,0,696
lungaca3230.jpeg,0,744
lungscc4107.jpeg,2,1188
lungaca4867.jpeg,0,549
lungscc3003.jpeg,2,1078
lungscc4330.jpeg,2,1149
lungaca4210.jpeg,0,717
lungaca7.jpeg,0,561
lungn2406.jpeg,1,828
lungn276.jpeg,1,981
lungscc4782.jpeg,2,1233
lungscc1474.jpeg,2,998
lungn4713.jpeg,1,818
lungn4056.jpeg,1,756
lungscc903.jpeg,2,1035
lungaca4252.jpeg,0,522
lungscc4770.jpeg,2,1142
lungn2472.jpeg,1,917
lungscc3298.jpeg,2,1008
lungscc1228.jpeg,2,1022
lungscc3577.jpeg,2,1154
lungscc2995.jpeg,2,1080
lungn3906.jpeg,1,873
lungn1171.jpeg,1,813
lungn4864.jpeg,1,759
lungn3024.jpeg,1,847
lungaca4558.jpeg,0,551
lungn2545.jpeg,1,872
lungaca2927.jpeg,0,744
lungaca3406.jpeg,0,517
lungn1131.jpeg,1,917
lungaca2104.jpeg,0,589
lungn4011.jpeg,1,907
lungaca145.jpeg,0,556
lungn4258.jpeg,1,979
lungaca4083.jpeg,0,551
lungn820.jpeg,1,916
lungaca4012.jpeg,0,544
lungn2140.jpeg,1,879
lungscc2747.jpeg,2,1092
lungaca914.jpeg,0,602
lungscc2034.jpeg,2,1133
lungaca3833.jpeg,0,668
lungscc793.jpeg,2,1011
lungaca3531.jpeg,0,665
lungn1973.jpeg,1,905
lungn1905.jpeg,1,772
lungscc3100.jpeg,2,1111
lungscc3849.jpeg,2,1096
lungn4847.jpeg,1,977
lungscc1522.jpeg,2,1197
lungaca768.jpeg,0,579
lungn1201.jpeg,1,751
lungaca452.jpeg,0,748
lungn3446.jpeg,1,825
lungn3407.jpeg,1,817
lungn1147.jpeg,1,859
lungn1044.jpeg,1,888
lungaca4334.jpeg,0,699
lungaca1642.jpeg,0,542
lungscc3740.jpeg,2,1231
lungscc4891.jpeg,2,1169
lungaca4591.jpeg,0,637
lungscc2413.jpeg,2,1107
lungaca3853.jpeg,0,606
lungn1017.jpeg,1,917
lungscc2525.jpeg,2,1172
lungn1978.jpeg,1,768
lungn2648.jpeg,1,931
lungn1320.jpeg,1,863
lungn2958.jpeg,1,889
lungn4229.jpeg,1,846
lungaca4174.jpeg,0,556
lungn1467.jpeg,1,876
lungaca2721.jpeg,0,646
lungscc4161.jpeg,2,1028
lungn3060.jpeg,1,851
lungn3669.jpeg,1,917
lungscc3136.jpeg,2,1201
lungn873.jpeg,1,797
lungscc4252.jpeg,2,1011
lungn3527.jpeg,1,912
lungaca2033.jpeg,0,526
lungscc1742.jpeg,2,1026
lungaca4761.jpeg,0,527
lungaca3781.jpeg,0,653
lungn4352.jpeg,1,749
lungn4267.jpeg,1,914
lungscc4614.jpeg,2,1116
lungn1180.jpeg,1,772
lungn4442.jpeg,1,763
lungaca2227.jpeg,0,524
lungaca801.jpeg,0,661
lungn1469.jpeg,1,975
lungaca1358.jpeg,0,557
lungaca2313.jpeg,0,524
lungscc4960.jpeg,2,1187
lungaca3324.jpeg,0,533
lungn4644.jpeg,1,825
lungaca1400.jpeg,0,555
lungaca3448.jpeg,0,610
lungaca4765.jpeg,0,680
lungscc1560.jpeg,2,1155
lungn561.jpeg,1,966
lungaca2378.jpeg,0,520
lungaca3013.jpeg,0,596
lungaca4223.jpeg,0,555
lungscc2158.jpeg,2,1078
lungscc4806.jpeg,2,1191
lungn3338.jpeg,1,944
lungscc4178.jpeg,2,1133
lungscc4397.jpeg,2,1048
lungscc3982.jpeg,2,1123
lungscc2433.jpeg,2,1032
lungscc1073.jpeg,2,1137
lungscc1769.jpeg,2,1050
lungn3188.jpeg,1,916
lungaca4126.jpeg,0,654
lungn1764.jpeg,1,925
lungn1846.jpeg,1,862
lungaca2091.jpeg,0,609
lungaca69.jpeg,0,563
lungn4633.jpeg,1,774
lungn578.jpeg,1,900
lungaca3839.jpeg,0,638
lungn1513.jpeg,1,805
lungn3827.jpeg,1,842
lungaca1922.jpeg,0,708
lungscc1080.jpeg,2,1193
lungscc2442.jpeg,2,1018
lungn1415.jpeg,1,802
lungaca1121.jpeg,0,553
lungaca2856.jpeg,0,639
lungaca1041.jpeg,0,641
lungscc3167.jpeg,2,1238
lungscc2119.jpeg,2,1211
lungscc3621.jpeg,2,1106
lungscc2403.jpeg,2,1075
lungaca3105.jpeg,0,641
lungaca4805.jpeg,0,727
lungscc2048.jpeg,2,1070
lungn3547.jpeg,1,752
lungaca1496.jpeg,0,726
lungn3073.jpeg,1,868
lungscc1615.jpeg,2,1079
lungscc1877.jpeg,2,1015
lungaca2101.jpeg,0,541
lungaca1732.jpeg,0,574
lungn4107.jpeg,1,799
lungscc4452.jpeg,2,1176
lungn2735.jpeg,1,972
lungn4785.jpeg,1,861
lungaca3396.jpeg,0,587
lungaca4272.jpeg,0,733
lungn199.jpeg,1,913
lungscc737.jpeg,2,1183
lungn3034.jpeg,1,971
lungn4620.jpeg,1,988
lungscc126.jpeg,2,1059
lungaca1306.jpeg,0,648
lungscc3609.jpeg,2,1110
lungn2380.jpeg,1,817
lungscc84.jpeg,2,1105
lungscc4792.jpeg,2,1007
lungscc4109.jpeg,2,1213
lungn316.jpeg,1,798
lungscc1198.jpeg,2,1148
lungaca3352.jpeg,0,544
lungn1749.jpeg,1,891
lungaca280.jpeg,0,736
lungaca2284.jpeg,0,719
lungscc1406.jpeg,2,1166
lungn3366.jpeg,1,965
lungscc1601.jpeg,2,1215
lungaca1449.jpeg,0,545
lungscc4802.jpeg,2,1027
lungaca4230.jpeg,0,696
lungaca1401.jpeg,0,689
lungscc1305.jpeg,2,1168
lungn2057.jpeg,1,808
lungaca2309.jpeg,0,723
lungn3310.jpeg,1,979
lungaca2238.jpeg,0,571
lungaca1513.jpeg,0,527
lungn2690.jpeg,1,967
lungscc1458.jpeg,2,1165
lungn3277.jpeg,1,852
lungn2371.jpeg,1,776
lungaca4727.jpeg,0,536
lungscc4734.jpeg,2,1158
lungn1132.jpeg,1,838
lungscc2368.jpeg,2,1140
lungaca2945.jpeg,0,692
lungscc1423.jpeg,2,1179
lungaca860.jpeg,0,649
lungaca3713.jpeg,0,528
lungn3614.jpeg,1,783
lungn2351.jpeg,1,782
lungaca1076.jpeg,0,645
lungn4130.jpeg,1,905
lungn4303.jpeg,1,967
lungscc1765.jpeg,2,1028
lungn693.jpeg,1,905
lungaca184.jpeg,0,735
lungn4822.jpeg,1,894
lungaca1366.jpeg,0,628
lungaca4497.jpeg,0,616
lungscc3613.jpeg,2,1234
lungaca3400.jpeg,0,608
lungn1770.jpeg,1,792
lungn974.jpeg,1,869
lungaca2269.jpeg,0,560
lungscc2579.jpeg,2,1153
lungaca1782.jpeg,0,534
lungaca2320.jpeg,0,716
lungaca1659.jpeg,0,722
lungaca2634.jpeg,0,718
lungn2604.jpeg,1,779
lungn4263.jpeg,1,889
lungn4627.jpeg,1,995
lungn847.jpeg,1,932
lungaca4924.jpeg,0,626
lungn4965.jpeg,1,793
lungscc3301.jpeg,2,1151
lungaca3471.jpeg,0,644
lungaca1494.jpeg,0,579
lungaca3678.jpeg,0,581
lungscc1336.jpeg,2,1005
lungaca1761.jpeg,0,737
lungaca2578.jpeg,0,713
lungn4729.jpeg,1,947
lungaca299.jpeg,0,545
lungscc4934.jpeg,2,1227
lungaca2359.jpeg,0,689
lungaca2792.jpeg,0,688
lungscc3201.jpeg,2,1132
lungscc1513.jpeg,2,1095
lungaca1300.jpeg,0,730
lungscc4444.jpeg,2,1140
lungaca2081.jpeg,0,621
lungn3182.jpeg,1,823
lungaca1641.jpeg,0,542
lungn4097.jpeg,1,761
lungn4092.jpeg,1,814
lungscc200.jpeg,2,1074
lungaca3922.jpeg,0,571
lungscc1689.jpeg,2,1167
lungn1833.jpeg,1,993
lungscc295.jpeg,2,1131
lungaca3000.jpeg,0,580
lungaca133.jpeg,0,558
lungn4778.jpeg,1,878
lungn3619.jpeg,1,889
lungaca616.jpeg,0,531
lungn640.jpeg,1,919
lungaca2968.jpeg,0,523
lungaca1481.jpeg,0,572
lungaca84.jpeg,0,602
lungn147.jpeg,1,861
lungn4170.jpeg,1,815
lungaca3092.jpeg,0,587
lungaca1024.jpeg,0,673
lungn3455.jpeg,1,809
lungaca1962.jpeg,0,557
lungn983.jpeg,1,902
lungn4172.jpeg,1,789
lungscc4752.jpeg,2,1195
lungn2000.jpeg,1,767
lungn2946.jpeg,1,752
lungaca2745.jpeg,0,592
lungscc3489.jpeg,2,1245
lungscc4108.jpeg,2,1104
lungn2258.jpeg,1,885
lungaca1874.jpeg,0,635
lungn3458.jpeg,1,911
lungaca1779.jpeg,0,704
lungn3710.jpeg,1,793
lungscc4079.jpeg,2,1075
lungaca2650.jpeg,0,596
lungaca1630.jpeg,0,694
lungaca2098.jpeg,0,586
lungn1707.jpeg,1,944
lungaca1813.jpeg,0,530
lungn2.jpeg,1,922
lungscc722.jpeg,2,1124
lungn1101.jpeg,1,852
lungn301.jpeg,1,806
lungscc2292.jpeg,2,1107
lungn2885.jpeg,1,866
lungn3795.jpeg,1,853
lungscc4117.jpeg,2,1196
lungscc3620.jpeg,2,1163
lungn4520.jpeg,1,801
lungscc1206.jpeg,2,1191
lungaca3697.jpeg,0,509
lungn3840.jpeg,1,905
lungaca2401.jpeg,0,532
lungscc2782.jpeg,2,1174
lungn2583.jpeg,1,836
lungscc4699.jpeg,2,1210
lungaca2270.jpeg,0,560
lungn4748.jpeg,1,963
lungscc193.jpeg,2,1165
lungn3331.jpeg,1,815
lungaca4015.jpeg,0,528
lungaca2133.jpeg,0,583
lungn2424.jpeg,1,847
lungscc3671.jpeg,2,1146
lungn2437.jpeg,1,811
lungaca507.jpeg,0,613
lungaca2558.jpeg,0,511
lungscc2638.jpeg,2,1135
lungscc713.jpeg,2,1037
lungn1969.jpeg,1,875
lungaca3217.jpeg,0,564
lungaca528.jpeg,0,554
lungaca3057.jpeg,0,638
lungn4948.jpeg,1,845
lungn15.jpeg,1,850
lungaca2256.jpeg,0,622
lungscc704.jpeg,2,1134
lungaca3333.jpeg,0,729
lungn1727.jpeg,1,820
lungscc2001.jpeg,2,1046
lungscc194.jpeg,2,1094
lungaca3967.jpeg,0,606
lungscc561.jpeg,2,1208
lungaca2928.jpeg,0,744
lungscc1257.jpeg,2,1143
lungn913.jpeg,1,971
lungn1828.jpeg,1,750
lungscc1230.jpeg,2,1056
lungaca2360.jpeg,0,537
lungn3343.jpeg,1,762
lungn4879.jpeg,1,761
lungn1847.jpeg,1,922
lungscc2748.jpeg,2,1111
lungn2169.jpeg,1,783
lungaca1574.jpeg,0,590
lungaca4636.jpeg,0,640
lungaca42.jpeg,0,525
lungscc3822.jpeg,2,1092
lungn4711.jpeg,1,818
lungaca2207.jpeg,0,736
lungaca2411.jpeg,0,626
lungaca2595.jpeg,0,643
lungscc1320.jpeg,2,1218
lungaca942.jpeg,0,666
lungn231.jpeg,1,761
lungn754.jpeg,1,768
lungaca920.jpeg,0,575
lungaca4370.jpeg,0,628
lungscc4923.jpeg,2,1018
lungn1160.jpeg,1,791
lungaca1317.jpeg,0,653
lungscc1443.jpeg,2,1025
lungscc4054.jpeg,2,1039
lungscc2186.jpeg,2,1174
lungaca2342.jpeg,0,742
lungaca87.jpeg,0,511
lungn1354.jpeg,1,960
lungscc957.jpeg,2,1093
lungaca4989.jpeg,0,631
lungaca545.jpeg,0,717
lungscc2387.jpeg,2,1139
lungn423.jpeg,1,939
lungn4808.jpeg,1,844
lungaca3383.jpeg,0,662
lungscc2452.jpeg,2,1086
lungscc1303.jpeg,2,1149
lungaca2192.jpeg,0,593
lungscc1498.jpeg,2,1206
lungn2649.jpeg,1,995
lungaca966.jpeg,0,631
lungaca2479.jpeg,0,699
lungn4071.jpeg,1,987
lungscc3696.jpeg,2,1081
lungn3570.jpeg,1,882
lungscc2920.jpeg,2,1125
lungn3663.jpeg,1,866
lungscc2121.jpeg,2,1234
lungn3788.jpeg,1,794
lungn2562.jpeg,1,762
lungaca3276.jpeg,0,593
lungaca3180.jpeg,0,653
lungscc1791.jpeg,2,1237
lungn2291.jpeg,1,853
lungscc4329.jpeg,2,1132
lungscc4882.jpeg,2,1069
lungaca1194.jpeg,0,686
lungaca1256.jpeg,0,559
lungscc3625.jpeg,2,1050
lungn25.jpeg,1,944
lungscc972.jpeg,2,1060
lungaca1906.jpeg,0,641
lungn3588.jpeg,1,819
lungn2857.jpeg,1,801
lungscc3013.jpeg,2,1107
lungscc1677.jpeg,2,1065
lungscc2104.jpeg,2,1113
lungn375.jpeg,1,852
lungn2173.jpeg,1,969
lungaca2542.jpeg,0,531
lungscc1031.jpeg,2,1004
lungn4381.jpeg,1,970
lungn2337.jpeg,1,821
lungn1365.jpeg,1,919
lungscc3978.jpeg,2,1106
lungaca2316.jpeg,0,659
lungscc3461.jpeg,2,1080
lungscc207.jpeg,2,1245
lungn3478.jpeg,1,875
lungaca880.jpeg,0,666
lungn1243.jpeg,1,785
lungaca2319.jpeg,0,671
lungn2044.jpeg,1,760
lungscc2329.jpeg,2,1210
lungn4379.jpeg,1,803
lungscc1486.jpeg,2,1238
lungscc2265.jpeg,2,1027
lungscc2110.jpeg,2,1038
lungn3520.jpeg,1,750
lungaca4479.jpeg,0,603
lungn1589.jpeg,1,901
lungaca2123.jpeg,0,707
lungaca3955.jpeg,0,594
lungscc1578.jpeg,2,1075
lungn1966.jpeg,1,862
lungaca3121.jpeg,0,606
lungn455.jpeg,1,989
lungscc4981.jpeg,2,1218
lungscc1464.jpeg,2,1242
lungscc3158.jpeg,2,1123
lungscc2322.jpeg,2,1191
lungn3447.jpeg,1,790
lungaca1656.jpeg,0,660
lungn1665.jpeg,1,912
lungaca1995.jpeg,0,724
lungn4232.jpeg,1,972
lungn2343.jpeg,1,953
lungscc267.jpeg,2,1149
lungn2360.jpeg,1,780
lungscc573.jpeg,2,1215
lungscc1986.jpeg,2,1155
lungn656.jpeg,1,985
lungscc2252.jpeg,2,1175
lungscc2788.jpeg,2,1129
lungscc102.jpeg,2,1193
lungscc1575.jpeg,2,1063
lungscc1634.jpeg,2,1110
lungaca456.jpeg,0,520
lungn1947.jpeg,1,778
lungn2488.jpeg,1,804
lungscc3746.jpeg,2,998
lungscc3138.jpeg,2,999
lungaca196.jpeg,0,724
lungaca3796.jpeg,0,595
lungscc2103.jpeg,2,1177
lungaca2438.jpeg,0,625
lungscc1246.jpeg,2,1077
lungaca4754.jpeg,0,524
lungscc3173.jpeg,2,1080
lungscc1438.jpeg,2,1133
lungscc23.jpeg,2,1211
lungn2519.jpeg,1,848
lungscc1433.jpeg,2,1010
lungscc1776.jpeg,2,1117
lungn494.jpeg,1,869
lungn3227.jpeg,1,818
lungn2288.jpeg,1,784
lungn1112.jpeg,1,940
lungscc3061.jpeg,2,1118
lungaca4871.jpeg,0,521
lungscc4805.jpeg,2,1039
lungn1630.jpeg,1,767
lungn3970.jpeg,1,841
lungn1350.jpeg,1,813
lungaca2937.jpeg,0,656
lungaca2820.jpeg,0,691
lungscc403.jpeg,2,1173
lungaca1546.jpeg,0,525
lungaca1333.jpeg,0,700
lungn588.jpeg,1,887
lungaca4258.jpeg,0,691
lungn3377.jpeg,1,806
lungaca142.jpeg,0,617
lungn749.jpeg,1,766
lungn4543.jpeg,1,877
lungscc4360.jpeg,2,1000
lungn3703.jpeg,1,918
lungaca1716.jpeg,0,562
lungn585.jpeg,1,916
lungaca4435.jpeg,0,526
lungaca2522.jpeg,0,719
lungscc1188.jpeg,2,1192
lungn973.jpeg,1,809
lungscc1713.jpeg,2,1175
lungscc2498.jpeg,2,1102
lungaca3795.jpeg,0,720
lungaca4383.jpeg,0,663
lungscc4338.jpeg,2,1077
lungscc206.jpeg,2,1099
lungn4593.jpeg,1,765
lungscc935.jpeg,2,1202
lungscc2362.jpeg,2,1046
lungn1756.jpeg,1,915
lungn13.jpeg,1,782
lungscc2808.jpeg,2,1196
lungaca4544.jpeg,0,522
lungscc2102.jpeg,2,1161
lungaca3555.jpeg,0,709
lungscc1973.jpeg,2,1236
lungscc2559.jpeg,2,1213
lungn317.jpeg,1,946
lungn2083.jpeg,1,876
lungaca44.jpeg,0,698
lungn3382.jpeg,1,968
lungscc918.jpeg,2,1177
lungn4576.jpeg,1,839
lungn302.jpeg,1,827
lungscc902.jpeg,2,1223
lungn3550.jpeg,1,832
lungn828.jpeg,1,936
lungscc4298.jpeg,2,1000
lungaca155.jpeg,0,649
lungn1807.jpeg,1,929
lungaca2683.jpeg,0,562
lungn388.jpeg,1,948
lungn4004.jpeg,1,849
lungscc898.jpeg,2,1196
lungaca3273.jpeg,0,564
lungn2697.jpeg,1,952
lungaca3899.jpeg,0,713
lungn3609.jpeg,1,823
lungn3099.jpeg,1,798
lungn3778.jpeg,1,797
lungscc1965.jpeg,2,1212
lungaca3207.jpeg,0,581
lungn35.jpeg,1,786
lungn3539.jpeg,1,862
lungaca661.jpeg,0,607
lungn2259.jpeg,1,885
lungaca1631.jpeg,0,632
lungn927.jpeg,1,793
lungaca4040.jpeg,0,543
lungscc4413.jpeg,2,1000
lungaca4173.jpeg,0,617
lungn4315.jpeg,1,933
lungscc4527.jpeg,2,1139
lungaca623.jpeg,0,538
lungscc2529.jpeg,2,1169
lungn4739.jpeg,1,855
lungaca952.jpeg,0,600
lungn4630.jpeg,1,764
lungaca1560.jpeg,0,629
lungn4036.jpeg,1,782
lungaca2005.jpeg,0,568
lungaca1303.jpeg,0,654
lungscc4903.jpeg,2,1156
lungn189.jpeg,1,972
lungscc1633.jpeg,2,1110
lungscc2395.jpeg,2,1155
lungaca1579.jpeg,0,734
lungn3921.jpeg,1,808
lungscc2568.jpeg,2,1133
lungscc905.jpeg,2,1182
lungscc1387.jpeg,2,1085
lungscc446.jpeg,2,1029
lungscc4951.jpeg,2,1180
lungaca4524.jpeg,0,576
lungscc2041.jpeg,2,1097
lungaca4446.jpeg,0,633
lungaca805.jpeg,0,664
lungscc2514.jpeg,2,1068
lungn153.jpeg,1,800
lungaca4915.jpeg,0,573
lungn1728.jpeg,1,987
lungn3298.jpeg,1,858
lungn1238.jpeg,1,766
lungaca2235.jpeg,0,652
lungscc705.jpeg,2,1014
lungn3438.jpeg,1,816
lungaca964.jpeg,0,568
lungaca3090.jpeg,0,622
lungn2566.jpeg,1,885
lungn3491.jpeg,1,891
lungscc4528.jpeg,2,1223
lungn4132.jpeg,1,797
lungaca1725.jpeg,0,698
lungscc4698.jpeg,2,1080
lungn1081.jpeg,1,794
lungn4691.jpeg,1,886
lungaca4071.jpeg,0,658
lungscc426.jpeg,2,1184
lungn1578.jpeg,1,839
lungscc768.jpeg,2,1112
lungaca3637.jpeg,0,729
lungn1058.jpeg,1,926
lungn2685.jpeg,1,819
lungn4262.jpeg,1,984
lungscc1010.jpeg,2,1186
lungn3746.jpeg,1,777
lungscc2381.jpeg,2,1100
lungscc4589.jpeg,2,1080
lungscc2863.jpeg,2,1017
lungn219.jpeg,1,891
lungn4114.jpeg,1,912
lungscc4062.jpeg,2,1009
lungscc3794.jpeg,2,1052
lungn804.jpeg,1,920
lungscc4473.jpeg,2,1035
lungn2841.jpeg,1,984
lungn3992.jpeg,1,867
lungaca3832.jpeg,0,628
lungn897.jpeg,1,812
lungaca2648.jpeg,0,725
lungaca147.jpeg,0,723
lungaca4815.jpeg,0,530
lungaca105.jpeg,0,674
lungaca1162.jpeg,0,683
lungaca3707.jpeg,0,674
lungscc3031.jpeg,2,1019
lungn3987.jpeg,1,815
lungscc3916.jpeg,2,1220
lungaca4353.jpeg,0,684
lungscc4831.jpeg,2,1063
lungaca4189.jpeg,0,570
lungscc4336.jpeg,2,1158
lungn3848.jpeg,1,831
lungaca1658.jpeg,0,593
lungn2956.jpeg,1,783
lungscc749.jpeg,2,1056
lungaca2547.jpeg,0,617
lungscc537.jpeg,2,1119
lungscc4494.jpeg,2,1022
lungscc1806.jpeg,2,1005
lungscc4459.jpeg,2,1010
lungaca3888.jpeg,0,570
lungscc3955.jpeg,2,1165
lungaca4961.jpeg,0,672
lungscc1919.jpeg,2,1196
lungn4999.jpeg,1,819
lungscc3776.jpeg,2,1223
lungaca3366.jpeg,0,529
lungaca4188.jpeg,0,591
lungscc3122.jpeg,2,1177
lungscc2245.jpeg,2,1202
lungscc1599.jpeg,2,1168
lungscc2643.jpeg,2,1033
lungn1993.jpeg,1,985
lungscc3717.jpeg,2,1059
lungaca3303.jpeg,0,596
lungscc4222.jpeg,2,1019
lungn3174.jpeg,1,983
lungn4200.jpeg,1,910
lungn3786.jpeg,1,828
lungn2855.jpeg,1,790
lungn4201.jpeg,1,752
lungscc1647.jpeg,2,1132
lungscc4469.jpeg,2,1025
lungn2514.jpeg,1,960
lungscc928.jpeg,2,1160
lungscc2975.jpeg,2,1037
lungaca39.jpeg,0,682
lungscc2334.jpeg,2,1151
lungn2330.jpeg,1,864
lungscc3891.jpeg,2,1079
lungaca3690.jpeg,0,599
lungaca3607.jpeg,0,590
lungaca3798.jpeg,0,734
lungn2909.jpeg,1,859
lungscc3912.jpeg,2,1105
lungscc835.jpeg,2,1047
lungn574.jpeg,1,977
lungscc2354.jpeg,2,1041
lungn1725.jpeg,1,952
lungn2722.jpeg,1,899
lungn4308.jpeg,1,800
lungscc1122.jpeg,2,1149
lungscc4827.jpeg,2,1011
lungaca2532.jpeg,0,646
lungscc4196.jpeg,2,1058
lungn1573.jpeg,1,826
lungscc996.jpeg,2,1242
lungaca2616.jpeg,0,660
lungscc514.jpeg,2,1174
lungaca1780.jpeg,0,664
lungn2826.jpeg,1,942
lungscc3364.jpeg,2,1054
lungaca733.jpeg,0,610
lungscc164.jpeg,2,1093
lungscc2966.jpeg,2,1221
lungscc3631.jpeg,2,1016
lungscc983.jpeg,2,1201
lungscc1455.jpeg,2,1011
lungn2179.jpeg,1,898
lungn132.jpeg,1,971
lungaca565.jpeg,0,654
lungaca1997.jpeg,0,714
lungaca4051.jpeg,0,662
lungscc1878.jpeg,2,1107
lungn543.jpeg,1,880
lungaca3222.jpeg,0,575
lungscc478.jpeg,2,1227
lungn2769.jpeg,1,763
lungn2559.jpeg,1,807
lungscc4445.jpeg,2,1140
lungn2953.jpeg,1,843
lungn2549.jpeg,1,865
lungscc1524.jpeg,2,1231
lungn4405.jpeg,1,895
lungscc1496.jpeg,2,1124
lungn3645.jpeg,1,902
lungscc1186.jpeg,2,1208
lungscc3438.jpeg,2,1106
lungn646.jpeg,1,979
lungscc1516.jpeg,2,1107
lungn325.jpeg,1,842
lungscc4468.jpeg,2,1083
lungn1892.jpeg,1,775
lungaca1318.jpeg,0,687
lungn1634.jpeg,1,894
lungaca3386.jpeg,0,546
lungaca4016.jpeg,0,616
lungn465.jpeg,1,757
lungaca1826.jpeg,0,602
lungaca931.jpeg,0,710
lungn2830.jpeg,1,994
lungscc4777.jpeg,2,1066
lungaca3277.jpeg,0,603
lungn239.jpeg,1,778
lungn709.jpeg,1,838
lungscc3393.jpeg,2,1019
lungaca3170.jpeg,0,658
lungscc4629.jpeg,2,1092
lungn4963.jpeg,1,883
lungscc2991.jpeg,2,1131
lungscc457.jpeg,2,1231
lungaca854.jpeg,0,564
lungn2403.jpeg,1,831
lungaca4570.jpeg,0,584
lungaca3976.jpeg,0,540
lungaca3785.jpeg,0,566
lungaca3177.jpeg,0,528
lungaca4486.jpeg,0,525
lungscc1503.jpeg,2,1126
lungscc1761.jpeg,2,1242
lungscc191.jpeg,2,1183
lungn21.jpeg,1,799
lungscc3877.jpeg,2,1073
lungaca3049.jpeg,0,614
lungscc1651.jpeg,2,1192
lungscc3818.jpeg,2,1010
lungn3214.jpeg,1,972
lungaca4739.jpeg,0,638
lungaca2800.jpeg,0,625
lungaca2555.jpeg,0,564
lungscc1891.jpeg,2,1208
lungn2992.jpeg,1,870
lungaca2557.jpeg,0,508
lungscc3032.jpeg,2,1215
lungscc4862.jpeg,2,1212
lungaca2840.jpeg,0,714
lungaca3650.jpeg,0,630
lungn2018.jpeg,1,897
lungaca2568.jpeg,0,738
lungaca1739.jpeg,0,620
lungn3986.jpeg,1,846
lungn921.jpeg,1,818
lungn154.jpeg,1,942
lungscc420.jpeg,2,1139
lungscc1379.jpeg,2,1195
lungn1561.jpeg,1,784
lungscc3670.jpeg,2,1116
lungn4521.jpeg,1,925
lungscc1011.jpeg,2,1014
lungaca527.jpeg,0,517
lungscc4310.jpeg,2,1167
lungn1854.jpeg,1,836
lungaca1219.jpeg,0,516
lungaca3525.jpeg,0,682
lungn332.jpeg,1,977
lungaca642.jpeg,0,682
lungaca4803.jpeg,0,675
lungn167.jpeg,1,764
lungn2637.jpeg,1,862
lungaca3780.jpeg,0,547
lungn500.jpeg,1,902
lungaca1539.jpeg,0,657
lungscc1897.jpeg,2,1231
lungn4022.jpeg,1,752
lungn4254.jpeg,1,989
lungscc822.jpeg,2,1020
lungn3442.jpeg,1,758
lungscc439.jpeg,2,1043
lungscc2767.jpeg,2,1194
lungscc3000.jpeg,2,1184
lungn5.jpeg,1,771
lungaca1961.jpeg,0,587
lungaca4877.jpeg,0,576
lungaca2668.jpeg,0,552
lungn2229.jpeg,1,936
lungn943.jpeg,1,837
lungscc35.jpeg,2,1044
lungn4612.jpeg,1,994
lungn1479.jpeg,1,870
lungn2184.jpeg,1,779
lungn4513.jpeg,1,904
lungscc798.jpeg,2,1157
lungn783.jpeg,1,852
lungaca1199.jpeg,0,605
lungn2363.jpeg,1,790
lungaca3513.jpeg,0,618
lungn18.jpeg,1,847
lungaca2515.jpeg,0,552
lungn3468.jpeg,1,973
lungn2952.jpeg,1,843
lungaca1504.jpeg,0,732
lungaca4821.jpeg,0,669
lungn2252.jpeg,1,776
lungn552.jpeg,1,859
lungaca786.jpeg,0,567
lungn4718.jpeg,1,982
lungscc3433.jpeg,2,1006
lungn1064.jpeg,1,766
lungaca1017.jpeg,0,568
lungaca4444.jpeg,0,678
lungscc4686.jpeg,2,1128
lungaca2355.jpeg,0,571
lungscc1091.jpeg,2,1080
lungn6.jpeg,1,834
lungaca1244.jpeg,0,591
lungaca1637.jpeg,0,539
lungn1023.jpeg,1,782
lungscc185.jpeg,2,1069
lungscc3954.jpeg,2,1011
lungaca1675.jpeg,0,544
lungn3790.jpeg,1,760
lungn3107.jpeg,1,810
lungscc2352.jpeg,2,1142
lungaca1106.jpeg,0,524
lungscc4969.jpeg,2,1215
lungscc1690.jpeg,2,1070
lungn43.jpeg,1,905
lungscc512.jpeg,2,1208
lungaca246.jpeg,0,549
lungn3181.jpeg,1,943
lungn4768.jpeg,1,815
lungscc3797.jpeg,2,1040
lungaca1982.jpeg,0,565
lungaca345.jpeg,0,525
lungaca3770.jpeg,0,525
lungaca3885.jpeg,0,657
lungscc4547.jpeg,2,1145
lungn3389.jpeg,1,892
lungn3320.jpeg,1,963
lungn4296.jpeg,1,879
lungaca509.jpeg,0,562
lungn1806.jpeg,1,774
lungscc1774.jpeg,2,1084
lungscc489.jpeg,2,1085
lungscc2446.jpeg,2,1143
lungscc2845.jpeg,2,1212
lungscc695.jpeg,2,1050
lungn3355.jpeg,1,858
lungscc287.jpeg,2,1027
lungscc1295.jpeg,2,1034
lungn441.jpeg,1,802
lungaca80.jpeg,0,625
lungaca4888.jpeg,0,518
lungn726.jpeg,1,901
lungscc538.jpeg,2,1227
lungaca4535.jpeg,0,661
lungn4613.jpeg,1,796
lungscc4691.jpeg,2,1159
lungscc2202.jpeg,2,1117
lungscc601.jpeg,2,1065
lungn2668.jpeg,1,894
lungaca2044.jpeg,0,569
lungn905.jpeg,1,799
lungaca4243.jpeg,0,730
lungaca20.jpeg,0,515
lungscc431.jpeg,2,1177
lungaca1099.jpeg,0,633
lungn3475.jpeg,1,958
lungscc4272.jpeg,2,1192
lungn1856.jpeg,1,896
lungaca2918.jpeg,0,621
lungscc47.jpeg,2,1207
lungscc1506.jpeg,2,1177
lungscc540.jpeg,2,1147
lungscc2708.jpeg,2,1059
lungn4370.jpeg,1,800
lungaca2128.jpeg,0,631
lungaca2447.jpeg,0,513
lungscc1171.jpeg,2,1015
lungn3346.jpeg,1,835
lungscc775.jpeg,2,1089
lungaca1373.jpeg,0,528
lungn3267.jpeg,1,882
lungaca2494.jpeg,0,625
lungn2020.jpeg,1,864
lungaca2173.jpeg,0,527
lungscc381.jpeg,2,1046
lungscc680.jpeg,2,1166
lungaca4789.jpeg,0,738
lungscc1626.jpeg,2,1161
lungn789.jpeg,1,879
lungn1277.jpeg,1,807
lungaca3673.jpeg,0,683
lungaca4422.jpeg,0,649
lungaca1359.jpeg,0,557
lungaca349.jpeg,0,668
lungscc210.jpeg,2,1233
lungscc2426.jpeg,2,1106
lungscc1745.jpeg,2,1177
lungscc4591.jpeg,2,1228
lungn4181.jpeg,1,967
lungn3116.jpeg,1,820
lungn3944.jpeg,1,879
lungn1721.jpeg,1,897
lungaca2204.jpeg,0,510
lungscc3698.jpeg,2,1237
lungn2651.jpeg,1,917
lungscc1166.jpeg,2,1094
lungn3308.jpeg,1,752
lungaca937.jpeg,0,552
lungn4142.jpeg,1,906
lungscc1024.jpeg,2,1089
lungaca1917.jpeg,0,663
lungscc1491.jpeg,2,1017
lungn2976.jpeg,1,902
lungaca1022.jpeg,0,639
lungscc4092.jpeg,2,1239
lungaca874.jpeg,0,551
lungaca2425.jpeg,0,680
lungaca4030.jpeg,0,545
lungscc4189.jpeg,2,1225
lungaca4296.jpeg,0,654
lungscc3006.jpeg,2,1118
lungn4889.jpeg,1,867
lungn721.jpeg,1,779
lungn2439.jpeg,1,966
lungn116.jpeg,1,827
lungn3711.jpeg,1,897
lungscc2971.jpeg,2,1014
lungn3964.jpeg,1,797
lungn648.jpeg,1,887
lungaca644.jpeg,0,570
lungaca3535.jpeg,0,745
lungscc3106.jpeg,2,1081
lungn4278.jpeg,1,779
lungn2003.jpeg,1,822
lungaca2991.jpeg,0,592
lungscc2490.jpeg,2,1212
lungscc1383.jpeg,2,1068
lungscc3416.jpeg,2,1085
lungaca4700.jpeg,0,700
lungaca1639.jpeg,0,558
lungn4427.jpeg,1,810
lungn3988.jpeg,1,815
lungn4929.jpeg,1,984
lungn3531.jpeg,1,810
lungscc626.jpeg,2,1203
lungaca1208.jpeg,0,655
lungn4941.jpeg,1,840
lungn372.jpeg,1,778
lungn1836.jpeg,1,928
lungscc3294.jpeg,2,1206
lungscc4100.jpeg,2,1013
lungscc3703.jpeg,2,1080
lungscc2772.jpeg,2,1055
lungaca237.jpeg,0,675
lungn1273.jpeg,1,901
lungaca552.jpeg,0,558
lungn255.jpeg,1,773
lungscc4601.jpeg,2,1038
lungn595.jpeg,1,764
lungaca1934.jpeg,0,707
lungaca4151.jpeg,0,634
lungaca1913.jpeg,0,726
lungn969.jpeg,1,769
lungn7.jpeg,1,834
lungaca1714.jpeg,0,746
lungaca3951.jpeg,0,629
lungn4472.jpeg,1,778
lungaca2376.jpeg,0,562
lungaca1798.jpeg,0,695
lungaca2225.jpeg,0,623
lungaca4075.jpeg,0,642
lungaca4652.jpeg,0,564
lungn2107.jpeg,1,931
lungscc2428.jpeg,2,1020
lungn4044.jpeg,1,761
lungscc570.jpeg,2,1141
lungscc4771.jpeg,2,1180
lungscc54.jpeg,2,1210
lungn2029.jpeg,1,978
lungaca2409.jpeg,0,607
lungaca4175.jpeg,0,556
lungn2654.jpeg,1,941
lungn137.jpeg,1,818
lungscc1864.jpeg,2,1135
lungscc2790.jpeg,2,1123
lungn4628.jpeg,1,889
lungn781.jpeg,1,932
lungscc3592.jpeg,2,1062
lungaca2748.jpeg,0,554
lungscc3445.jpeg,2,1016
lungscc4728.jpeg,2,1205
lungn1390.jpeg,1,915
lungscc756.jpeg,2,1221
lungscc2243.jpeg,2,1052
lungaca4639.jpeg,0,610
lungaca544.jpeg,0,647
lungaca2816.jpeg,0,559
lungn1724.jpeg,1,980
lungscc2275.jpeg,2,1054
lungn651.jpeg,1,816
lungn2054.jpeg,1,844
lungn4854.jpeg,1,943
lungn4645.jpeg,1,825
lungscc581.jpeg,2,1117
lungaca4255.jpeg,0,668
lungscc4157.jpeg,2,1044
lungscc4859.jpeg,2,1168
lungaca2717.jpeg,0,540
lungaca2785.jpeg,0,552
lungaca1828.jpeg,0,564
lungscc577.jpeg,2,1023
lungscc475.jpeg,2,1086
lungaca2437.jpeg,0,673
lungaca4270.jpeg,0,516
lungscc465.jpeg,2,1016
lungscc1570.jpeg,2,1011
lungn162.jpeg,1,752
lungn4018.jpeg,1,797
lungscc372.jpeg,2,1015
lungn1031.jpeg,1,974
lungaca405.jpeg,0,682
lungscc586.jpeg,2,1073
lungaca761.jpeg,0,559
lungn1922.jpeg,1,795
lungscc2147.jpeg,2,1131
lungscc2616.jpeg,2,1176
lungaca3945.jpeg,0,674
lungaca1954.jpeg,0,562
lungn1604.jpeg,1,824
lungscc4093.jpeg,2,1150
lungaca650.jpeg,0,544
lungaca4870.jpeg,0,521
lungn2628.jpeg,1,957
lungscc4020.jpeg,2,1142
lungaca3238.jpeg,0,526
lungn490.jpeg,1,778
lungscc4095.jpeg,2,1242
lungn1509.jpeg,1,930
lungn1913.jpeg,1,851
lungscc4735.jpeg,2,1020
lungaca1882.jpeg,0,577
lungscc2215.jpeg,2,1236
lungscc2795.jpeg,2,1117
lungn3114.jpeg,1,813
lungaca1013.jpeg,0,624
lungscc3791.jpeg,2,1095
lungaca33.jpeg,0,583
lungscc2905.jpeg,2,1230
lungn2049.jpeg,1,985
lungn4115.jpeg,1,818
lungn405.jpeg,1,989
lungaca2956.jpeg,0,700
lungn1939.jpeg,1,859
lungn747.jpeg,1,862
lungn4686.jpeg,1,808
lungn1284.jpeg,1,871
lungscc774.jpeg,2,1119
lungscc3862.jpeg,2,1013
lungaca2769.jpeg,0,516
lungaca2446.jpeg,0,644
lungscc753.jpeg,2,1170
lungaca3018.jpeg,0,529
lungaca946.jpeg,0,727
lungaca739.jpeg,0,583
lungscc1426.jpeg,2,1048
lungscc4414.jpeg,2,1135
lungn4734.jpeg,1,896
lungaca1273.jpeg,0,590
lungscc1705.jpeg,2,1156
lungn1025.jpeg,1,898
lungscc1600.jpeg,2,1050
lungn4051.jpeg,1,776
lungaca2186.jpeg,0,639
lungaca2228.jpeg,0,524
lungaca2464.jpeg,0,582
lungaca4790.jpeg,0,744
lungaca2073.jpeg,0,576
lungscc2624.jpeg,2,1100
lungscc4514.jpeg,2,1024
lungscc1243.jpeg,2,1204
lungaca4372.jpeg,0,554
lungaca4156.jpeg,0,632
lungscc808.jpeg,2,1056
lungaca1007.jpeg,0,734
lungscc727.jpeg,2,1135
lungaca4212.jpeg,0,521
lungaca1393.jpeg,0,600
lungaca3654.jpeg,0,560
lungaca4401.jpeg,0,652
lungaca2702.jpeg,0,736
lungscc4210.jpeg,2,1006
lungaca219.jpeg,0,513
lungaca4567.jpeg,0,566
lungn3064.jpeg,1,970
lungscc1123.jpeg,2,1072
lungaca432.jpeg,0,529
lungaca4956.jpeg,0,738
lungn3035.jpeg,1,807
lungaca4769.jpeg,0,567
lungaca4819.jpeg,0,549
lungn1388.jpeg,1,899
lungaca4260.jpeg,0,560
lungn4510.jpeg,1,915
lungscc311.jpeg,2,1180
lungscc4620.jpeg,2,1053
lungn1397.jpeg,1,829
lungscc1165.jpeg,2,1165
lungaca2561.jpeg,0,591
lungn716.jpeg,1,860
lungscc417.jpeg,2,1237
lungaca881.jpeg,0,512
lungaca1056.jpeg,0,540
lungscc2463.jpeg,2,1103
lungn3969.jpeg,1,752
lungn135.jpeg,1,842
lungaca3742.jpeg,0,567
lungaca839.jpeg,0,524
lungscc3009.jpeg,2,1222
lungaca2497.jpeg,0,603
lungscc2105.jpeg,2,1002
lungscc1554.jpeg,2,1025
lungscc95.jpeg,2,1014
lungn4666.jpeg,1,952
lungn3206.jpeg,1,761
lungn2759.jpeg,1,907
lungaca3979.jpeg,0,683
lungscc4482.jpeg,2,1200
lungaca1070.jpeg,0,706
lungn3183.jpeg,1,837
lungaca2874.jpeg,0,745
lungn2903.jpeg,1,825
lungscc2117.jpeg,2,1087
lungaca2814.jpeg,0,641
lungaca4523.jpeg,0,537
lungn833.jpeg,1,822
lungscc3048.jpeg,2,1081
lungscc2912.jpeg,2,1101
lungaca538.jpeg,0,719
lungaca3900.jpeg,0,547
lungn1767.jpeg,1,846
lungn4367.jpeg,1,960
lungn2195.jpeg,1,852
lungn4024.jpeg,1,803
lungaca4035.jpeg,0,524
lungn1632.jpeg,1,930
lungn1763.jpeg,1,825
lungscc2894.jpeg,2,1022
lungscc1865.jpeg,2,1009
lungn166.jpeg,1,760
lungscc1996.jpeg,2,1201
lungscc2527.jpeg,2,1167
lungn3940.jpeg,1,971
lungn2590.jpeg,1,881
lungaca1569.jpeg,0,685
lungn1009.jpeg,1,881
lungaca1949.jpeg,0,662
lungscc3050.jpeg,2,1017
lungn3337.jpeg,1,854
lungscc404.jpeg,2,1164
lungscc4417.jpeg,2,1009
lungaca1553.jpeg,0,559
lungaca3122.jpeg,0,569
lungn4904.jpeg,1,928
lungaca1624.jpeg,0,512
lungn1176.jpeg,1,926
lungn3712.jpeg,1,980
lungaca3031.jpeg,0,552
lungn314.jpeg,1,890
lungscc2065.jpeg,2,1175
lungscc1908.jpeg,2,1014
lungaca2374.jpeg,0,639
lungaca1822.jpeg,0,562
lungaca4468.jpeg,0,741
lungaca4476.jpeg,0,602
lungn228.jpeg,1,767
lungn431.jpeg,1,778
lungaca2372.jpeg,0,538
lungaca4199.jpeg,0,620
lungaca3621.jpeg,0,563
lungscc4358.jpeg,2,1119
lungaca856.jpeg,0,506
lungn408.jpeg,1,931
lungaca2117.jpeg,0,731
lungaca2371.jpeg,0,676
lungaca4748.jpeg,0,679
lungscc2266.jpeg,2,1039
lungscc4701.jpeg,2,1135
lungn1620.jpeg,1,906
lungaca294.jpeg,0,719
lungaca2397.jpeg,0,629
lungaca4692.jpeg,0,626
lungn4256.jpeg,1,962
lungscc3026.jpeg,2,1044
lungaca3831.jpeg,0,658
lungn2721.jpeg,1,929
lungaca2147.jpeg,0,608
lungscc1424.jpeg,2,1179
lungn3765.jpeg,1,954
lungaca4143.jpeg,0,653
lungaca3586.jpeg,0,704
lungscc250.jpeg,2,1157
lungaca1778.jpeg,0,557
lungn303.jpeg,1,872
lungscc1518.jpeg,2,1046
lungaca2548.jpeg,0,741
lungaca2061.jpeg,0,700
lungn4705.jpeg,1,799
lungscc2042.jpeg,2,1097
lungscc2934.jpeg,2,1078
lungaca4365.jpeg,0,619
lungn4264.jpeg,1,889
lungscc1755.jpeg,2,1160
lungaca1804.jpeg,0,524
lungn45.jpeg,1,938
lungn3912.jpeg,1,759
lungaca256.jpeg,0,627
lungn4753.jpeg,1,806
lungscc2574.jpeg,2,1000
lungn2218.jpeg,1,943
lungn1111.jpeg,1,908
lungscc3405.jpeg,2,1092
lungaca3617.jpeg,0,530
lungaca4436.jpeg,0,526
lungn4698.jpeg,1,769
lungn1598.jpeg,1,818
lungn61.jpeg,1,899
lungn191.jpeg,1,901
lungscc717.jpeg,2,1133
lungaca1212.jpeg,0,708
lungaca3239.jpeg,0,526
lungaca853.jpeg,0,553
lungn223.jpeg,1,868
lungn3354.jpeg,1,940
lungscc2299.jpeg,2,1217
lungaca251.jpeg,0,569
lungn2299.jpeg,1,839
lungaca523.jpeg,0,510
lungn3325.jpeg,1,779
lungn4084.jpeg,1,759
lungn3334.jpeg,1,754
lungaca2827.jpeg,0,584
lungaca4482.jpeg,0,572
lungaca72.jpeg,0,576
lungaca1653.jpeg,0,546
lungscc1885.jpeg,2,1116
lungscc4135.jpeg,2,1216
lungscc2494.jpeg,2,1134
lungaca4369.jpeg,0,522
lungaca3418.jpeg,0,532
lungscc842.jpeg,2,1147
lungn4728.jpeg,1,922
lungscc2044.jpeg,2,1085
lungaca3873.jpeg,0,577
lungaca3958.jpeg,0,663
lungn999.jpeg,1,935
lungaca4187.jpeg,0,615
lungaca1742.jpeg,0,742
lungaca2736.jpeg,0,625
lungscc3249.jpeg,2,1115
lungscc4941.jpeg,2,1067
lungn4841.jpeg,1,908
lungaca4525.jpeg,0,618
lungscc83.jpeg,2,1245
lungscc4755.jpeg,2,1196
lungscc1855.jpeg,2,1051
lungaca326.jpeg,0,519
lungn4771.jpeg,1,944
lungaca426.jpeg,0,606
lungscc1075.jpeg,2,1018
lungaca1435.jpeg,0,526
lungaca3014.jpeg,0,727
lungscc1868.jpeg,2,1097
lungn4040.jpeg,1,872
lungn3420.jpeg,1,900
lungn3091.jpeg,1,830
lungn3967.jpeg,1,933
lungaca4463.jpeg,0,601
lungaca1464.jpeg,0,552
lungaca4900.jpeg,0,592
lungn168.jpeg,1,751
lungaca121.jpeg,0,569
lungscc3096.jpeg,2,1061
lungscc1268.jpeg,2,1131
lungaca3688.jpeg,0,618
lungn3860.jpeg,1,893
lungscc3342.jpeg,2,1007
lungn3492.jpeg,1,941
lungscc2958.jpeg,2,1226
lungscc128.jpeg,2,1070
lungaca4394.jpeg,0,584
lungscc1597.jpeg,2,1044
lungn1120.jpeg,1,912
lungaca3959.jpeg,0,532
lungscc2194.jpeg,2,1215
lungscc3583.jpeg,2,1219
lungaca4920.jpeg,0,679
lungscc2242.jpeg,2,1056
lungn3011.jpeg,1,891
lungscc4285.jpeg,2,1037
lungn248.jpeg,1,750
lungscc1178.jpeg,2,1105
lungaca2835.jpeg,0,743
lungaca531.jpeg,0,656
lungn4402.jpeg,1,880
lungscc1903.jpeg,2,1023
lungn201.jpeg,1,883
lungscc1475.jpeg,2,1007
lungaca4697.jpeg,0,650
lungaca1203.jpeg,0,687
lungaca379.jpeg,0,563
lungaca3595.jpeg,0,580
lungscc4513.jpeg,2,1102
lungaca2567.jpeg,0,592
lungscc1272.jpeg,2,1228
lungn4743.jpeg,1,816
lungscc1300.jpeg,2,1220
lungscc2728.jpeg,2,1021
lungaca2649.jpeg,0,584
lungn48.jpeg,1,910
lungn2190.jpeg,1,882
lungaca2043.jpeg,0,515
lungn2579.jpeg,1,981
lungscc1627.jpeg,2,1118
lungn2402.jpeg,1,832
lungscc1829.jpeg,2,1233
lungn4123.jpeg,1,960
lungscc398.jpeg,2,1128
lungn2166.jpeg,1,916
lungn3512.jpeg,1,829
lungscc64.jpeg,2,1161
lungscc281.jpeg,2,1102
lungscc3221.jpeg,2,1137
lungaca2418.jpeg,0,643
lungscc4712.jpeg,2,1005
lungscc3658.jpeg,2,1177
lungscc3835.jpeg,2,1210
lungaca3852.jpeg,0,675
lungscc3704.jpeg,2,1068
lungaca1431.jpeg,0,544
lungaca3657.jpeg,0,656
lungscc2462.jpeg,2,1005
lungscc631.jpeg,2,1220
lungscc2475.jpeg,2,1166
lungscc3483.jpeg,2,1096
lungscc993.jpeg,2,1029
lungn1127.jpeg,1,797
lungaca3631.jpeg,0,677
lungn3592.jpeg,1,888
lungscc113.jpeg,2,1004
lungn2266.jpeg,1,903
lungn3272.jpeg,1,776
lungaca4089.jpeg,0,719
lungn4385.jpeg,1,838
lungaca4954.jpeg,0,712
lungn1286.jpeg,1,967
lungscc4525.jpeg,2,1237
lungscc2571.jpeg,2,1218
lungscc1620.jpeg,2,1210
lungaca3184.jpeg,0,582
lungn1686.jpeg,1,985
lungscc1797.jpeg,2,1068
lungaca3427.jpeg,0,742
lungscc3859.jpeg,2,1033
lungn4738.jpeg,1,984
lungn4498.jpeg,1,836
lungscc2753.jpeg,2,1121
lungscc1740.jpeg,2,1241
lungscc4857.jpeg,2,1205
lungaca3056.jpeg,0,691
lungn39.jpeg,1,942
lungaca938.jpeg,0,589
lungn4578.jpeg,1,974
lungaca4253.jpeg,0,747
lungn1830.jpeg,1,975
lungaca2907.jpeg,0,652
lungaca1843.jpeg,0,641
lungscc2828.jpeg,2,1095
lungn4682.jpeg,1,755
lungaca576.jpeg,0,534
lungn594.jpeg,1,969
lungaca705.jpeg,0,641
lungscc2999.jpeg,2,1062
lungaca4955.jpeg,0,644
lungn3941.jpeg,1,946
lungaca2417.jpeg,0,521
lungaca2663.jpeg,0,542
lungscc3460.jpeg,2,1147
lungscc161.jpeg,2,1003
lungn1183.jpeg,1,900
lungn2052.jpeg,1,929
lungn2293.jpeg,1,814
lungn3004.jpeg,1,763
lungn3327.jpeg,1,761
lungaca2682.jpeg,0,562
lungn71.jpeg,1,961
lungscc1952.jpeg,2,1208
lungscc797.jpeg,2,1063
lungscc2285.jpeg,2,1216
lungn1834.jpeg,1,903
lungaca1973.jpeg,0,554
lungscc1840.jpeg,2,1048
lungscc1902.jpeg,2,1007
lungscc659.jpeg,2,1065
lungaca4540.jpeg,0,615
lungn942.jpeg,1,938
lungscc1361.jpeg,2,1170
lungscc1042.jpeg,2,1038
lungaca276.jpeg,0,513
lungn2320.jpeg,1,951
lungaca2329.jpeg,0,686
lungaca358.jpeg,0,574
lungaca2844.jpeg,0,740
lungscc1985.jpeg,2,1069
lungaca1088.jpeg,0,526
lungaca82.jpeg,0,723
lungaca1726.jpeg,0,609
lungn4700.jpeg,1,961
lungscc1161.jpeg,2,1118
lungaca516.jpeg,0,615
lungaca3822.jpeg,0,575
lungscc3097.jpeg,2,1238
lungscc2909.jpeg,2,1215
lungn4766.jpeg,1,961
lungscc654.jpeg,2,1185
lungaca3308.jpeg,0,529
lungaca3816.jpeg,0,673
lungn4565.jpeg,1,855
lungn3951.jpeg,1,773
lungscc4000.jpeg,2,1159
lungn505.jpeg,1,957
lungaca4227.jpeg,0,539
lungn2329.jpeg,1,877
lungscc4811.jpeg,2,1122
lungscc973.jpeg,2,1009
lungaca1580.jpeg,0,524
lungscc3691.jpeg,2,1117
lungaca3578.jpeg,0,509
lungn3828.jpeg,1,818
lungscc3343.jpeg,2,1007
lungaca1235.jpeg,0,639
lungscc3949.jpeg,2,1161
lungscc2867.jpeg,2,1025
lungaca1881.jpeg,0,618
lungaca1040.jpeg,0,658
lungn1925.jpeg,1,774
lungscc1870.jpeg,2,1222
lungscc4050.jpeg,2,1037
lungn3190.jpeg,1,851
lungaca2013.jpeg,0,639
lungaca3.jpeg,0,716
lungn80.jpeg,1,811
lungaca399.jpeg,0,509
lungaca471.jpeg,0,554
lungaca271.jpeg,0,730
lungscc348.jpeg,2,1122
lungn3983.jpeg,1,825
lungscc1500.jpeg,2,1004
lungn4561.jpeg,1,768
lungaca4027.jpeg,0,735
lungscc1201.jpeg,2,1024
lungaca2609.jpeg,0,617
lungscc440.jpeg,2,1107
lungaca3120.jpeg,0,675
lungaca2765.jpeg,0,569
lungn3303.jpeg,1,875
lungscc3903.jpeg,2,1088
lungn59.jpeg,1,941
lungscc1811.jpeg,2,1011
lungscc4363.jpeg,2,1026
lungscc813.jpeg,2,1217
lungn2209.jpeg,1,824
lungn2539.jpeg,1,782
lungaca4377.jpeg,0,629
lungn1199.jpeg,1,941
lungn3721.jpeg,1,943
lungn1409.jpeg,1,892
lungscc3638.jpeg,2,1159
lungscc3407.jpeg,2,1207
lungscc3075.jpeg,2,1052
lungaca3786.jpeg,0,515
lungscc424.jpeg,2,1135
lungscc2549.jpeg,2,1231
lungn114.jpeg,1,827
lungaca2980.jpeg,0,729
lungn1757.jpeg,1,915
lungscc3817.jpeg,2,1010
lungaca962.jpeg,0,552
lungaca1741.jpeg,0,566
lungscc2842.jpeg,2,1205
lungn3593.jpeg,1,885
lungaca2121.jpeg,0,739
lungscc3669.jpeg,2,1234
lungn3330.jpeg,1,925
lungaca3407.jpeg,0,580
lungn4757.jpeg,1,847
lungscc1033.jpeg,2,1097
lungscc3304.jpeg,2,1033
lungaca2631.jpeg,0,605
lungaca3991.jpeg,0,556
lungaca2722.jpeg,0,549
lungaca3532.jpeg,0,522
lungn4732.jpeg,1,837
lungn2340.jpeg,1,833
lungscc3361.jpeg,2,1218
lungaca3687.jpeg,0,737
lungaca1108.jpeg,0,683
lungn445.jpeg,1,878
lungn3220.jpeg,1,911
lungscc2715.jpeg,2,1094
lungn4239.jpeg,1,912
lungn2043.jpeg,1,828
lungn4801.jpeg,1,965
lungscc4159.jpeg,2,1163
lungaca1176.jpeg,0,677
lungscc3310.jpeg,2,1070
lungaca2353.jpeg,0,669
lungn3611.jpeg,1,841
lungscc1956.jpeg,2,1033
lungn4139.jpeg,1,763
lungn158.jpeg,1,935
lungn645.jpeg,1,906
lungn2572.jpeg,1,960
lungn1054.jpeg,1,753
lungaca2421.jpeg,0,739
lungaca620.jpeg,0,688
lungaca4951.jpeg,0,575
lungaca657.jpeg,0,566
lungn4922.jpeg,1,837
lungscc495.jpeg,2,1075
lungn4880.jpeg,1,761
lungn4061.jpeg,1,883
lungn1008.jpeg,1,931
lungn1826.jpeg,1,946
lungn1723.jpeg,1,813
lungscc2890.jpeg,2,1110
lungaca2444.jpeg,0,572
lungaca1021.jpeg,0,741
lungn3927.jpeg,1,839
lungscc1571.jpeg,2,1059
lungscc4053.jpeg,2,1171
lungn4547.jpeg,1,800
lungscc2645.jpeg,2,1127
lungaca785.jpeg,0,610
lungscc4549.jpeg,2,1036
lungn3655.jpeg,1,927
lungn3902.jpeg,1,797
lungaca2586.jpeg,0,727
lungn4829.jpeg,1,901
lungscc1911.jpeg,2,1018
lungaca4262.jpeg,0,629
lungaca1181.jpeg,0,660
lungn3045.jpeg,1,982
lungaca2730.jpeg,0,618
lungn1322.jpeg,1,780
lungaca3198.jpeg,0,734
lungscc3279.jpeg,2,1081
lungaca679.jpeg,0,577
lungaca1584.jpeg,0,652
lungaca3022.jpeg,0,683
lungaca3191.jpeg,0,545
lungaca517.jpeg,0,704
lungn4270.jpeg,1,844
lungn2698.jpeg,1,926
lungaca2994.jpeg,0,698
lungscc2132.jpeg,2,1053
lungscc2758.jpeg,2,1068
lungn2294.jpeg,1,985
lungn936.jpeg,1,942
lungscc647.jpeg,2,1018
lungscc4449.jpeg,2,1050
lungscc2680.jpeg,2,1140
lungn1080.jpeg,1,984
lungn1864.jpeg,1,844
lungscc2420.jpeg,2,1150
lungn1202.jpeg,1,774
lungscc437.jpeg,2,999
lungn4930.jpeg,1,984
lungaca3361.jpeg,0,512
lungscc2258.jpeg,2,1023
lungn2388.jpeg,1,864
lungaca94.jpeg,0,703
lungscc1501.jpeg,2,1155
lungn562.jpeg,1,944
lungaca3199.jpeg,0,643
lungaca1956.jpeg,0,524
lungscc2218.jpeg,2,1154
lungn914.jpeg,1,807
lungscc4940.jpeg,2,1067
lungaca461.jpeg,0,704
lungscc992.jpeg,2,1245
lungaca2275.jpeg,0,721
lungaca788.jpeg,0,567
lungscc1250.jpeg,2,1188
lungscc909.jpeg,2,1009
lungn2420.jpeg,1,840
lungaca3941.jpeg,0,704
lungaca4142.jpeg,0,713
lungaca3345.jpeg,0,614
lungscc499.jpeg,2,1201
lungscc448.jpeg,2,1045
lungaca1663.jpeg,0,712
lungn337.jpeg,1,919
lungaca4111.jpeg,0,553
lungn2750.jpeg,1,878
lungaca2149.jpeg,0,522
lungn1516.jpeg,1,845
lungn4623.jpeg,1,803
lungn4868.jpeg,1,794
lungaca3980.jpeg,0,650
lungn2910.jpeg,1,945
lungaca4120.jpeg,0,557
lungn4.jpeg,1,900
lungscc878.jpeg,2,1134
lungn1055.jpeg,1,958
lungn1690.jpeg,1,758
lungscc2369.jpeg,2,1221
lungscc4317.jpeg,2,1022
lungaca1898.jpeg,0,597
lungscc4622.jpeg,2,1084
lungn23.jpeg,1,811
lungn4597.jpeg,1,944
lungaca2989.jpeg,0,712
lungn479.jpeg,1,761
lungaca2445.jpeg,0,654
lungaca4118.jpeg,0,587
lungscc2357.jpeg,2,1043
lungn2829.jpeg,1,875
lungscc1175.jpeg,2,1166
lungaca2333.jpeg,0,638
lungscc1323.jpeg,2,1122
lungscc1482.jpeg,2,1164
lungn2182.jpeg,1,939
lungaca3020.jpeg,0,530
lungn4438.jpeg,1,768
lungn2515.jpeg,1,874
lungscc282.jpeg,2,1102
lungaca4339.jpeg,0,542
lungn538.jpeg,1,949
lungaca2261.jpeg,0,592
lungscc3683.jpeg,2,998
lungn4469.jpeg,1,859
lungn1504.jpeg,1,840
lungn4340.jpeg,1,930
lungscc4143.jpeg,2,1041
lungscc4248.jpeg,2,1109
lungaca3835.jpeg,0,630
lungn4890.jpeg,1,811
lungaca264.jpeg,0,621
lungaca1402.jpeg,0,567
lungaca4084.jpeg,0,585
lungn4791.jpeg,1,771
lungn123.jpeg,1,805
lungn1998.jpeg,1,898
lungscc4641.jpeg,2,1069
lungscc1490.jpeg,2,1218
lungaca926.jpeg,0,510
lungn3975.jpeg,1,889
lungn2680.jpeg,1,966
lungaca1436.jpeg,0,560
lungn3585.jpeg,1,879
lungaca2735.jpeg,0,741
lungn2121.jpeg,1,767
lungn3694.jpeg,1,815
lungaca4909.jpeg,0,638
lungaca2541.jpeg,0,640
lungn4134.jpeg,1,833
lungaca886.jpeg,0,590
lungaca3476.jpeg,0,736
lungaca4273.jpeg,0,600
lungn799.jpeg,1,897
lungn3692.jpeg,1,961
lungscc4661.jpeg,2,1043
lungaca511.jpeg,0,637
lungaca62.jpeg,0,549
lungscc3046.jpeg,2,1064
lungaca2577.jpeg,0,574
lungaca1914.jpeg,0,585
lungscc4873.jpeg,2,1010
lungn4840.jpeg,1,908
lungn1696.jpeg,1,974
lungaca622.jpeg,0,533
lungn159.jpeg,1,823
lungscc2264.jpeg,2,1235
lungaca2414.jpeg,0,529
lungn3811.jpeg,1,880
lungn2492.jpeg,1,945
lungscc220.jpeg,2,1023
lungaca3963.jpeg,0,666
lungscc4026.jpeg,2,1099
lungn2509.jpeg,1,770
lungscc3248.jpeg,2,1169
lungn3793.jpeg,1,937
lungaca2038.jpeg,0,713
lungn2324.jpeg,1,773
lungaca1479.jpeg,0,575
lungscc4103.jpeg,2,1176
lungscc3874.jpeg,2,1128
lungscc3860.jpeg,2,1163
lungn1035.jpeg,1,830
lungn3202.jpeg,1,872
lungn2907.jpeg,1,894
lungn4131.jpeg,1,905
lungn174.jpeg,1,840
lungn1945.jpeg,1,991
lungaca4061.jpeg,0,671
lungaca3948.jpeg,0,605
lungaca910.jpeg,0,562
lungscc4130.jpeg,2,1097
lungaca3341.jpeg,0,738
lungscc4709.jpeg,2,1183
lungscc1017.jpeg,2,1010
lungscc3475.jpeg,2,1057
lungscc3394.jpeg,2,1215
lungscc1492.jpeg,2,1119
lungn1175.jpeg,1,824
lungn2240.jpeg,1,992
lungaca3576.jpeg,0,645
lungscc2915.jpeg,2,1134
lungn2594.jpeg,1,937
lungaca1390.jpeg,0,598
lungscc4534.jpeg,2,1209
lungscc3866.jpeg,2,1231
lungscc1751.jpeg,2,1194
lungn290.jpeg,1,794
lungaca200.jpeg,0,740
lungaca1613.jpeg,0,579
lungscc4099.jpeg,2,1168
lungaca1175.jpeg,0,728
lungaca2132.jpeg,0,538
lungaca2159.jpeg,0,582
lungscc4306.jpeg,2,1033
lungn240.jpeg,1,765
lungscc355.jpeg,2,1210
lungaca1604.jpeg,0,572
lungscc2126.jpeg,2,1044
lungn1306.jpeg,1,851
lungaca1597.jpeg,0,661
lungaca4312.jpeg,0,726
lungaca1768.jpeg,0,546
lungn2416.jpeg,1,934
lungaca737.jpeg,0,706
lungn4098.jpeg,1,780
lungn1579.jpeg,1,839
lungscc2531.jpeg,2,1201
lungn1932.jpeg,1,850
lungn1297.jpeg,1,983
lungaca4583.jpeg,0,533
lungscc4948.jpeg,2,1063
lungaca4847.jpeg,0,614
lungscc4999.jpeg,2,1200
lungn157.jpeg,1,797
lungaca4850.jpeg,0,611
lungaca4196.jpeg,0,594
lungaca4852.jpeg,0,517
lungaca3405.jpeg,0,736
lungscc345.jpeg,2,1051
lungn4783.jpeg,1,973
lungscc4251.jpeg,2,1183
lungn4579.jpeg,1,780
lungscc3820.jpeg,2,1154
lungaca4306.jpeg,0,668
lungn393.jpeg,1,952
lungscc92.jpeg,2,1077
lungscc4366.jpeg,2,1070
lungscc3362.jpeg,2,1086
lungscc723.jpeg,2,1065
lungn3305.jpeg,1,834
lungn2673.jpeg,1,789
lungaca3875.jpeg,0,688
lungscc1479.jpeg,2,1090
lungaca814.jpeg,0,747
lungn967.jpeg,1,801
lungaca1134.jpeg,0,614
lungscc3730.jpeg,2,1166
lungn3101.jpeg,1,902
lungaca214.jpeg,0,621
lungaca235.jpeg,0,634
lungaca1774.jpeg,0,703
lungn3635.jpeg,1,789
lungaca1992.jpeg,0,549
lungaca1837.jpeg,0,575
lungn1849.jpeg,1,905
lungaca2823.jpeg,0,653
lungn2135.jpeg,1,890
lungaca1777.jpeg,0,715
lungaca441.jpeg,0,737
lungaca176.jpeg,0,560
lungscc4122.jpeg,2,1210
lungaca2645.jpeg,0,582
lungn3648.jpeg,1,842
lungscc2356.jpeg,2,1240
lungscc2176.jpeg,2,1095
lungscc1664.jpeg,2,1047
lungn1071.jpeg,1,768
lungaca3564.jpeg,0,563
lungn2103.jpeg,1,763
lungscc3901.jpeg,2,1110
lungaca3326.jpeg,0,538
lungn846.jpeg,1,815
lungscc2640.jpeg,2,1151
lungaca1008.jpeg,0,652
lungn1704.jpeg,1,990
lungn2255.jpeg,1,911
lungaca3964.jpeg,0,735
lungscc3257.jpeg,2,1099
lungscc4652.jpeg,2,1216
lungscc1222.jpeg,2,1055
lungaca2115.jpeg,0,720
lungscc2951.jpeg,2,1098
lungn252.jpeg,1,967
lungaca4778.jpeg,0,625
lungscc2879.jpeg,2,1078
lungaca3605.jpeg,0,578
lungaca1698.jpeg,0,545
lungaca3610.jpeg,0,540
lungn4470.jpeg,1,882
lungaca667.jpeg,0,595
lungn1289.jpeg,1,954
lungscc3295.jpeg,2,1182
lungscc999.jpeg,2,1149
lungscc2858.jpeg,2,1076
lungscc2234.jpeg,2,1059
lungscc4383.jpeg,2,1174
lungaca1386.jpeg,0,521
lungscc406.jpeg,2,1037
lungaca2214.jpeg,0,532
lungaca864.jpeg,0,738
lungaca536.jpeg,0,512
lungaca1902.jpeg,0,513
lungn606.jpeg,1,840
lungscc1711.jpeg,2,1006
lungn520.jpeg,1,935
lungscc3871.jpeg,2,1186
lungscc454.jpeg,2,1033
lungaca3671.jpeg,0,731
lungaca4518.jpeg,0,669
lungaca3468.jpeg,0,664
lungscc2699.jpeg,2,1147
lungaca3487.jpeg,0,634
lungn456.jpeg,1,916
lungn2873.jpeg,1,773
lungn110.jpeg,1,868
lungaca4516.jpeg,0,643
lungn3900.jpeg,1,772
lungscc2868.jpeg,2,1223
lungscc2255.jpeg,2,1013
lungaca4598.jpeg,0,557
lungaca695.jpeg,0,587
lungn3804.jpeg,1,886
lungaca1061.jpeg,0,724
lungscc1148.jpeg,2,1121
lungaca3628.jpeg,0,728
lungaca2654.jpeg,0,545
lungscc1987.jpeg,2,1151
lungaca2520.jpeg,0,692
lungscc1800.jpeg,2,1004
lungn872.jpeg,1,912
lungscc1244.jpeg,2,1138
lungn4572.jpeg,1,934
lungaca1034.jpeg,0,701
lungaca3060.jpeg,0,620
lungaca4624.jpeg,0,584
lungscc4521.jpeg,2,1159
lungscc1831.jpeg,2,1175
lungaca796.jpeg,0,662
lungn2495.jpeg,1,830
lungscc4616.jpeg,2,1049
lungscc2348.jpeg,2,1190
lungn3435.jpeg,1,914
lungn1065.jpeg,1,766
lungn3076.jpeg,1,840
lungn4069.jpeg,1,870
lungaca2521.jpeg,0,512
lungscc1540.jpeg,2,1018
lungscc956.jpeg,2,1186
lungn1004.jpeg,1,953
lungn2852.jpeg,1,779
lungn1692.jpeg,1,939
lungscc3813.jpeg,2,1117
lungscc518.jpeg,2,1163
lungaca2472.jpeg,0,529
lungn4299.jpeg,1,975
lungaca1998.jpeg,0,543
lungscc464.jpeg,2,1125
lungscc1846.jpeg,2,1213
lungscc4049.jpeg,2,1224
lungn312.jpeg,1,909
lungaca2388.jpeg,0,744
lungn2993.jpeg,1,907
lungaca924.jpeg,0,654
lungaca1312.jpeg,0,580
lungn1126.jpeg,1,851
lungscc4167.jpeg,2,1084
lungn3954.jpeg,1,903
lungscc2647.jpeg,2,1005
lungaca3526.jpeg,0,612
lungaca213.jpeg,0,748
lungscc4949.jpeg,2,1038
lungscc1710.jpeg,2,1150
lungscc2519.jpeg,2,1199
lungaca103.jpeg,0,608
lungscc2131.jpeg,2,1221
lungaca4326.jpeg,0,545
lungn1872.jpeg,1,845
lungscc1564.jpeg,2,1078
lungaca521.jpeg,0,738
lungaca4159.jpeg,0,734
lungscc4979.jpeg,2,1051
lungn214.jpeg,1,910
lungn2447.jpeg,1,787
lungscc2241.jpeg,2,1056
lungaca10.jpeg,0,668
lungscc3156.jpeg,2,1129
lungscc1942.jpeg,2,1043
lungn4692.jpeg,1,767
lungaca4902.jpeg,0,744
lungscc2222.jpeg,2,1051
lungn1952.jpeg,1,762
lungaca1503.jpeg,0,596
lungaca4204.jpeg,0,596
lungaca2307.jpeg,0,746
lungn4038.jpeg,1,758
lungaca2531.jpeg,0,524
lungn4019.jpeg,1,833
lungaca4844.jpeg,0,619
lungn4179.jpeg,1,913
lungscc4744.jpeg,2,1073
lungscc3318.jpeg,2,1110
lungaca2713.jpeg,0,565
lungaca4537.jpeg,0,511
lungn170.jpeg,1,929
lungn330.jpeg,1,753
lungscc767.jpeg,2,1152
lungscc409.jpeg,2,1010
lungaca2981.jpeg,0,715
lungaca3758.jpeg,0,524
lungaca3949.jpeg,0,548
lungscc4352.jpeg,2,1191
lungscc1981.jpeg,2,1124
lungaca4373.jpeg,0,554
lungscc3535.jpeg,2,1026
lungscc3666.jpeg,2,1099
lungaca1734.jpeg,0,638
lungaca4333.jpeg,0,650
lungaca3665.jpeg,0,515
lungn4971.jpeg,1,800
lungn4517.jpeg,1,865
lungn3787.jpeg,1,889
lungscc2545.jpeg,2,1174
lungscc3230.jpeg,2,1051
lungscc239.jpeg,2,1196
lungscc1700.jpeg,2,1110
lungaca1548.jpeg,0,561
lungaca1454.jpeg,0,683
lungscc2689.jpeg,2,1014
lungn3909.jpeg,1,803
lungaca2589.jpeg,0,590
lungaca4259.jpeg,0,560
lungn193.jpeg,1,869
lungaca3318.jpeg,0,537
lungscc1992.jpeg,2,1167
lungn680.jpeg,1,944
lungn1542.jpeg,1,997
lungaca3667.jpeg,0,590
lungn2077.jpeg,1,854
lungscc1194.jpeg,2,1003
lungaca4903.jpeg,0,561
lungscc4739.jpeg,2,1125
lungaca3290.jpeg,0,686
lungaca3044.jpeg,0,703
lungn685.jpeg,1,858
lungscc1329.jpeg,2,1153
lungn2768.jpeg,1,752
lungn4954.jpeg,1,781
lungscc1204.jpeg,2,1076
lungaca2993.jpeg,0,536
lungn2319.jpeg,1,885
lungaca3086.jpeg,0,625
lungscc1112.jpeg,2,1041
lungscc2682.jpeg,2,1158
lungn3044.jpeg,1,753
lungscc4819.jpeg,2,1062
lungaca498.jpeg,0,555
lungaca4216.jpeg,0,527
lungn2489.jpeg,1,805
lungn1857.jpeg,1,832
lungn4524.jpeg,1,792
lungaca2501.jpeg,0,697
lungscc1674.jpeg,2,1237
lungn2260.jpeg,1,818
lungaca2253.jpeg,0,603
lungscc4773.jpeg,2,1160
lungaca3728.jpeg,0,647
lungaca4171.jpeg,0,523
lungscc2116.jpeg,2,1107
lungn2723.jpeg,1,949
lungn4162.jpeg,1,839
lungn4283.jpeg,1,845
lungaca574.jpeg,0,572
lungscc1480.jpeg,2,1130
lungscc4863.jpeg,2,1048
lungscc1876.jpeg,2,1075
lungaca3139.jpeg,0,556
lungscc3434.jpeg,2,1208
lungaca140.jpeg,0,617
lungn1812.jpeg,1,779
lungscc3214.jpeg,2,1215
lungn777.jpeg,1,961
lungn3664.jpeg,1,887
lungscc4594.jpeg,2,1009
lungscc1709.jpeg,2,1226
lungaca2426.jpeg,0,558
lungaca1819.jpeg,0,538
lungaca1753.jpeg,0,581
lungscc3463.jpeg,2,1181
lungscc2290.jpeg,2,1075
lungscc2149.jpeg,2,1060
lungscc4716.jpeg,2,1058
lungscc2007.jpeg,2,1049
lungscc2487.jpeg,2,1138
lungn3869.jpeg,1,880
lungn4845.jpeg,1,824
lungaca1360.jpeg,0,682
lungaca3685.jpeg,0,539
lungscc4319.jpeg,2,1099
lungscc3636.jpeg,2,1236
lungaca222.jpeg,0,554
lungn244.jpeg,1,946
lungaca478.jpeg,0,604
lungaca2458.jpeg,0,574
lungscc62.jpeg,2,1005
lungaca375.jpeg,0,714
lungaca1879.jpeg,0,539
lungscc2524.jpeg,2,1177
lungaca2671.jpeg,0,568
lungaca2806.jpeg,0,570
lungn1582.jpeg,1,856
lungscc2118.jpeg,2,1022
lungaca1016.jpeg,0,537
lungn1450.jpeg,1,860
lungaca1081.jpeg,0,701
lungscc402.jpeg,2,1130
lungaca4138.jpeg,0,672
lungaca4299.jpeg,0,681
lungn3509.jpeg,1,769
lungn2160.jpeg,1,981
lungn4811.jpeg,1,963
lungaca4962.jpeg,0,517
lungscc3971.jpeg,2,1146
lungscc803.jpeg,2,1015
lungaca1103.jpeg,0,529
lungn3767.jpeg,1,928
lungaca1276.jpeg,0,733
lungn2863.jpeg,1,901
lungscc4328.jpeg,2,1045
lungscc4379.jpeg,2,1217
lungscc4877.jpeg,2,1012
lungaca2314.jpeg,0,509
lungscc149.jpeg,2,1040
lungscc4724.jpeg,2,1217
lungaca3847.jpeg,0,695
lungn3567.jpeg,1,847
lungscc4937.jpeg,2,1206
lungscc4220.jpeg,2,998
lungscc3436.jpeg,2,1144
lungaca4641.jpeg,0,552
lungn1936.jpeg,1,961
lungaca4709.jpeg,0,676
lungscc4263.jpeg,2,1042
lungscc4668.jpeg,2,1036
lungscc754.jpeg,2,1106
lungscc4201.jpeg,2,1015
lungscc3649.jpeg,2,1206
lungn2787.jpeg,1,777
lungn570.jpeg,1,982
lungn1492.jpeg,1,866
lungn1311.jpeg,1,760
lungaca4607.jpeg,0,744
lungaca2917.jpeg,0,553
lungn1928.jpeg,1,893
lungn4878.jpeg,1,822
lungn3307.jpeg,1,935
lungscc667.jpeg,2,1078
lungn675.jpeg,1,991
lungn1633.jpeg,1,769
lungaca3389.jpeg,0,625
lungscc1103.jpeg,2,1190
lungn4047.jpeg,1,789
lungaca2743.jpeg,0,597
lungscc265.jpeg,2,1230
lungscc1302.jpeg,2,1244
lungscc2706.jpeg,2,1002
lungscc66.jpeg,2,1030
lungscc1414.jpeg,2,1144
lungaca1851.jpeg,0,687
lungaca4340.jpeg,0,542
lungn2036.jpeg,1,953
lungscc4853.jpeg,2,1006
lungscc4840.jpeg,2,1034
lungaca4466.jpeg,0,676
lungscc3654.jpeg,2,1097
lungaca9.jpeg,0,609
lungscc2220.jpeg,2,1191
lungaca1315.jpeg,0,579
lungn1137.jpeg,1,844
lungn2652.jpeg,1,760
lungn3022.jpeg,1,840
lungaca4974.jpeg,0,549
lungn981.jpeg,1,959
lungn2632.jpeg,1,753
lungaca4395.jpeg,0,679
lungn1771.jpeg,1,778
lungn977.jpeg,1,798
lungn2664.jpeg,1,822
lungaca4300.jpeg,0,608
lungscc4930.jpeg,2,1191
lungaca2325.jpeg,0,651
lungn353.jpeg,1,937
lungaca4413.jpeg,0,546
lungaca4876.jpeg,0,700
lungn3670.jpeg,1,936
lungaca2002.jpeg,0,740
lungn318.jpeg,1,876
lungaca4521.jpeg,0,542
lungscc1134.jpeg,2,1137
lungaca1706.jpeg,0,669
lungscc2040.jpeg,2,1033
lungn2712.jpeg,1,887
lungaca2544.jpeg,0,689
lungn1274.jpeg,1,869
lungn614.jpeg,1,801
lungn1881.jpeg,1,966
lungn547.jpeg,1,894
lungscc2783.jpeg,2,1149
lungscc1487.jpeg,2,1092
lungaca618.jpeg,0,737
lungn1115.jpeg,1,964
lungscc1289.jpeg,2,1189
lungscc2320.jpeg,2,1159
lungaca4596.jpeg,0,508
lungaca3633.jpeg,0,533
lungn3789.jpeg,1,891
lungaca3917.jpeg,0,524
lungaca3500.jpeg,0,734
lungscc1051.jpeg,2,1187
lungn2328.jpeg,1,793
lungaca2640.jpeg,0,687
lungaca2590.jpeg,0,529
lungn1889.jpeg,1,902
lungaca336.jpeg,0,509
lungn1562.jpeg,1,923
lungaca2921.jpeg,0,518
lungaca993.jpeg,0,690
lungaca933.jpeg,0,690
lungaca4206.jpeg,0,529
lungn1920.jpeg,1,917
lungscc4349.jpeg,2,1171
lungscc2964.jpeg,2,1106
lungscc2547.jpeg,2,1033
lungscc809.jpeg,2,1036
lungscc467.jpeg,2,1018
lungscc1428.jpeg,2,1137
lungaca4971.jpeg,0,685
lungn2452.jpeg,1,926
lungscc1857.jpeg,2,1121
lungn1940.jpeg,1,859
lungn3108.jpeg,1,973
lungn1252.jpeg,1,970
lungn3173.jpeg,1,952
lungn3875.jpeg,1,778
lungn2414.jpeg,1,868
lungscc3948.jpeg,2,1103
lungaca2556.jpeg,0,508
lungn4073.jpeg,1,927
lungn2027.jpeg,1,943
lungscc3269.jpeg,2,1048
lungn3591.jpeg,1,871
lungscc3532.jpeg,2,1009
lungn236.jpeg,1,894
lungn4213.jpeg,1,985
lungscc551.jpeg,2,1055
lungscc2674.jpeg,2,1149
lungaca1984.jpeg,0,565
lungn234.jpeg,1,801
lungaca201.jpeg,0,542
lungscc2829.jpeg,2,1240
lungn1326.jpeg,1,880
lungn1194.jpeg,1,783
lungn1650.jpeg,1,888
lungaca4392.jpeg,0,584
lungscc218.jpeg,2,1048
lungn866.jpeg,1,920
lungaca4032.jpeg,0,516
lungn3466.jpeg,1,908
lungscc110.jpeg,2,1210
lungscc244.jpeg,2,1135
lungaca3040.jpeg,0,741
lungaca2124.jpeg,0,624
lungscc256.jpeg,2,1056
lungn893.jpeg,1,915
lungscc1090.jpeg,2,1139
lungaca3297.jpeg,0,656
lungn1314.jpeg,1,751
lungn4569.jpeg,1,755
lungscc3886.jpeg,2,1111
lungn1605.jpeg,1,983
lungaca4385.jpeg,0,721
lungaca1918.jpeg,0,589
lungn4155.jpeg,1,782
lungaca119.jpeg,0,708
lungn4723.jpeg,1,920
lungaca3377.jpeg,0,558
lungn4125.jpeg,1,820
lungscc1972.jpeg,2,1173
lungaca1125.jpeg,0,659
lungaca1588.jpeg,0,588
lungscc4579.jpeg,2,1207
lungn4755.jpeg,1,826
lungscc1264.jpeg,2,1081
lungscc3181.jpeg,2,1127
lungn2375.jpeg,1,944
lungn2706.jpeg,1,978
lungscc1539.jpeg,2,1090
lungn1793.jpeg,1,772
lungn3237.jpeg,1,771
lungaca4411.jpeg,0,519
lungaca2434.jpeg,0,696
lungaca3909.jpeg,0,675
lungscc1483.jpeg,2,1235
lungaca4501.jpeg,0,663
lungn1619.jpeg,1,763
lungaca320.jpeg,0,635
lungscc2918.jpeg,2,1188
lungaca4347.jpeg,0,737
lungaca4984.jpeg,0,530
lungaca2471.jpeg,0,632
lungaca3392.jpeg,0,622
lungn4207.jpeg,1,855
lungscc2450.jpeg,2,1064
lungscc1028.jpeg,2,1060
lungn339.jpeg,1,947
lungscc1517.jpeg,2,1021
lungn1586.jpeg,1,754
lungn681.jpeg,1,807
lungn3814.jpeg,1,846
lungaca2442.jpeg,0,518
lungaca4178.jpeg,0,613
lungscc3025.jpeg,2,1192
lungscc305.jpeg,2,1057
lungaca2998.jpeg,0,668
lungscc3941.jpeg,2,1135
lungn2138.jpeg,1,955
lungaca3285.jpeg,0,612
lungn2729.jpeg,1,930
lungaca3445.jpeg,0,624
lungaca3542.jpeg,0,713
lungaca2160.jpeg,0,695
lungaca1629.jpeg,0,607
lungscc1349.jpeg,2,1074
lungn4983.jpeg,1,899
lungscc119.jpeg,2,1120
lungscc553.jpeg,2,1110
lungaca3109.jpeg,0,528
lungaca2430.jpeg,0,576
lungaca242.jpeg,0,720
lungaca543.jpeg,0,632
lungscc1874.jpeg,2,1070
lungn1345.jpeg,1,908
lungscc451.jpeg,2,1244
lungscc2601.jpeg,2,1049
lungn1123.jpeg,1,836
lungaca3288.jpeg,0,611
lungaca4402.jpeg,0,640
lungscc38.jpeg,2,1168
lungscc1115.jpeg,2,1043
lungaca3806.jpeg,0,539
lungscc3939.jpeg,2,1210
lungscc2864.jpeg,2,1017
lungaca1251.jpeg,0,701
lungscc2432.jpeg,2,1023
lungaca1760.jpeg,0,539
lungaca3282.jpeg,0,682
lungaca4108.jpeg,0,562
lungn3835.jpeg,1,813
lungaca1547.jpeg,0,525
lungscc2484.jpeg,2,1072
lungaca2454.jpeg,0,517
lungn175.jpeg,1,826
lungn3168.jpeg,1,849
lungaca2351.jpeg,0,527
lungaca3529.jpeg,0,592
lungaca468.jpeg,0,698
lungn4800.jpeg,1,866
lungaca3274.jpeg,0,564
lungaca2585.jpeg,0,708
lungscc772.jpeg,2,1017
lungscc1065.jpeg,2,1020
lungscc1481.jpeg,2,1152
lungscc4246.jpeg,2,1181
lungn3775.jpeg,1,874
lungscc3080.jpeg,2,1150
lungscc2274.jpeg,2,1068
lungn1527.jpeg,1,807
lungaca14.jpeg,0,560
lungscc3575.jpeg,2,1224
lungaca4736.jpeg,0,710
lungscc1913.jpeg,2,1152
lungscc3505.jpeg,2,1014
lungscc4516.jpeg,2,1152
lungn1519.jpeg,1,830
lungaca38.jpeg,0,730
lungn3777.jpeg,1,987
lungscc4692.jpeg,2,1159
lungaca2780.jpeg,0,705
lungscc4047.jpeg,2,1090
lungn2237.jpeg,1,904
lungaca738.jpeg,0,662
lungn1011.jpeg,1,984
lungn1550.jpeg,1,979
lungscc1427.jpeg,2,1232
lungn1521.jpeg,1,788
lungscc101.jpeg,2,1010
lungscc2200.jpeg,2,1114
lungaca2951.jpeg,0,623
lungn103.jpeg,1,887
lungscc1032.jpeg,2,1225
lungn741.jpeg,1,878
lungscc459.jpeg,2,1020
lungscc617.jpeg,2,1030
lungaca2883.jpeg,0,616
lungn1445.jpeg,1,985
lungaca4039.jpeg,0,724
lungn1653.jpeg,1,951
lungaca1601.jpeg,0,587
lungaca1030.jpeg,0,591
lungn2869.jpeg,1,819
lungaca2964.jpeg,0,576
lungn4227.jpeg,1,780
lungn3561.jpeg,1,914
lungn2395.jpeg,1,947
lungaca435.jpeg,0,724
lungaca4162.jpeg,0,563
lungn2887.jpeg,1,784
lungn1077.jpeg,1,979
lungn4271.jpeg,1,808
lungscc3451.jpeg,2,1091
lungn4590.jpeg,1,792
lungn2881.jpeg,1,875
lungscc2099.jpeg,2,1069
lungscc3088.jpeg,2,1013
lungaca1740.jpeg,0,685
lungaca4132.jpeg,0,561
lungaca949.jpeg,0,529
lungaca1969.jpeg,0,642
lungscc2135.jpeg,2,1101
lungn2949.jpeg,1,763
lungscc1207.jpeg,2,1223
lungscc166.jpeg,2,1090
lungscc3339.jpeg,2,1140
lungn4603.jpeg,1,903
lungaca2097.jpeg,0,514
lungn3991.jpeg,1,778
lungaca1174.jpeg,0,618
lungaca1502.jpeg,0,633
lungaca1348.jpeg,0,519
lungn694.jpeg,1,943
lungaca3920.jpeg,0,527
lungscc1074.jpeg,2,1073
lungaca594.jpeg,0,690
lungaca4983.jpeg,0,689
lungaca1557.jpeg,0,548
lungn583.jpeg,1,797
lungn253.jpeg,1,967
lungn1983.jpeg,1,970
lungscc6.jpeg,2,1019
lungscc1058.jpeg,2,1046
lungn4237.jpeg,1,756
lungn4127.jpeg,1,922
lungn698.jpeg,1,910
lungaca2805.jpeg,0,597
lungscc4088.jpeg,2,1116
lungaca4278.jpeg,0,531
lungscc2989.jpeg,2,1227
lungscc2673.jpeg,2,1049
lungscc4065.jpeg,2,1225
lungscc3961.jpeg,2,1142
lungaca1305.jpeg,0,644
lungn3576.jpeg,1,909
lungn3493.jpeg,1,969
lungscc1062.jpeg,2,1144
lungaca1708.jpeg,0,555
lungn3375.jpeg,1,840
lungn1346.jpeg,1,954
lungn3162.jpeg,1,902
lungn4881.jpeg,1,761
lungn3203.jpeg,1,939
lungn4196.jpeg,1,833
lungscc4471.jpeg,2,1196
lungn42.jpeg,1,821
lungaca406.jpeg,0,534
lungscc71.jpeg,2,1075
lungaca3988.jpeg,0,523
lungaca4465.jpeg,0,677
lungscc4429.jpeg,2,1115
lungaca2867.jpeg,0,570
lungscc3123.jpeg,2,1177
lungaca2282.jpeg,0,692
lungn4679.jpeg,1,760
lungscc3184.jpeg,2,1108
lungscc3721.jpeg,2,1041
lungn1526.jpeg,1,809
lungaca3765.jpeg,0,597
lungscc2225.jpeg,2,1025
lungn4624.jpeg,1,797
lungscc4926.jpeg,2,1091
lungaca1220.jpeg,0,521
lungscc3296.jpeg,2,1182
lungn2761.jpeg,1,927
lungscc4398.jpeg,2,1048
lungaca3088.jpeg,0,593
lungscc3226.jpeg,2,1171
lungscc1101.jpeg,2,1216
lungaca3582.jpeg,0,703
lungscc1542.jpeg,2,1024
lungn3851.jpeg,1,759
lungscc1216.jpeg,2,1127
lungaca2625.jpeg,0,534
lungscc3386.jpeg,2,1149
lungn432.jpeg,1,909
lungscc331.jpeg,2,1007
lungn3196.jpeg,1,923
lungn662.jpeg,1,826
lungscc2993.jpeg,2,1124
lungscc1370.jpeg,2,1047
lungaca4795.jpeg,0,580
lungscc3952.jpeg,2,1113
lungscc3731.jpeg,2,1029
lungn307.jpeg,1,777
lungscc100.jpeg,2,1091
lungn2300.jpeg,1,863
lungscc1603.jpeg,2,1176
lungn3242.jpeg,1,938
lungscc2332.jpeg,2,1069
lungn2490.jpeg,1,894
lungn4849.jpeg,1,800
lungn1353.jpeg,1,864
lungaca3604.jpeg,0,607
lungn4842.jpeg,1,817
lungaca3957.jpeg,0,653
lungaca823.jpeg,0,690
lungn3428.jpeg,1,803
lungaca425.jpeg,0,666
lungscc1798.jpeg,2,1068
lungn2523.jpeg,1,763
lungscc1353.jpeg,2,1046
lungaca4960.jpeg,0,668
lungscc1720.jpeg,2,1101
lungn2564.jpeg,1,749
lungn4525.jpeg,1,991
lungn2466.jpeg,1,979
lungscc4340.jpeg,2,1023
lungaca1365.jpeg,0,614
lungn254.jpeg,1,818
lungscc986.jpeg,2,1015
lungaca4053.jpeg,0,702
lungn269.jpeg,1,820
lungn4333.jpeg,1,934
lungscc2457.jpeg,2,1068
lungscc1914.jpeg,2,1152
lungaca2865.jpeg,0,572
lungn2554.jpeg,1,895
lungaca2652.jpeg,0,578
lungn4619.jpeg,1,896
lungn270.jpeg,1,942
lungn1050.jpeg,1,878
lungscc3804.jpeg,2,1053
lungaca282.jpeg,0,580
lungn345.jpeg,1,843
lungn2667.jpeg,1,956
lungscc2212.jpeg,2,1061
lungscc2342.jpeg,2,1108
lungn1475.jpeg,1,770
lungscc4727.jpeg,2,1192
lungscc4377.jpeg,2,1029
lungaca997.jpeg,0,604
lungaca3312.jpeg,0,714
lungscc2780.jpeg,2,1226
lungn1819.jpeg,1,825
lungaca2658.jpeg,0,643
lungaca1564.jpeg,0,663
lungscc4553.jpeg,2,1239
lungscc841.jpeg,2,1196
lungn2948.jpeg,1,763
lungn1898.jpeg,1,770
lungn1886.jpeg,1,918
lungn4468.jpeg,1,829
lungaca1182.jpeg,0,603
lungn3411.jpeg,1,877
lungscc118.jpeg,2,1120
lungaca2655.jpeg,0,632
lungscc2925.jpeg,2,1152
lungaca2869.jpeg,0,513
lungaca765.jpeg,0,554
lungn3904.jpeg,1,916
lungn4614.jpeg,1,919
lungscc4001.jpeg,2,1010
lungn3582.jpeg,1,876
lungscc3930.jpeg,2,1024
lungaca965.jpeg,0,728
lungscc4269.jpeg,2,1071
lungscc17.jpeg,2,1067
lungaca2110.jpeg,0,607
lungscc1003.jpeg,2,998
lungaca1035.jpeg,0,644
lungaca3805.jpeg,0,539
lungscc4348.jpeg,2,1047
lungscc2091.jpeg,2,1039
lungscc3653.jpeg,2,1155
lungn93.jpeg,1,980
lungaca331.jpeg,0,553
lungaca798.jpeg,0,583
lungn4798.jpeg,1,962
lungn2799.jpeg,1,781
lungaca2190.jpeg,0,661
lungn1282.jpeg,1,902
lungscc104.jpeg,2,1064
lungscc2444.jpeg,2,1159
lungscc2953.jpeg,2,1211
lungaca2664.jpeg,0,588
lungscc245.jpeg,2,1135
lungaca639.jpeg,0,715
lungaca4548.jpeg,0,658
lungscc4588.jpeg,2,1131
lungaca1802.jpeg,0,569
lungaca3220.jpeg,0,729
lungscc1694.jpeg,2,1115
lungscc4664.jpeg,2,1031
lungscc969.jpeg,2,1147
lungaca3606.jpeg,0,578
lungaca3626.jpeg,0,576
lungaca2887.jpeg,0,604
lungaca1406.jpeg,0,530
lungscc3471.jpeg,2,1118
lungn857.jpeg,1,876
lungscc4950.jpeg,2,1169
lungaca1684.jpeg,0,579
lungaca3612.jpeg,0,516
lungscc534.jpeg,2,1092
lungn1755.jpeg,1,782
lungscc3708.jpeg,2,1097
lungaca152.jpeg,0,518
lungaca3003.jpeg,0,560
lungn3369.jpeg,1,917
lungscc610.jpeg,2,1209
lungn4448.jpeg,1,931
lungscc273.jpeg,2,1053
lungn3838.jpeg,1,927
lungn1209.jpeg,1,974
lungaca2201.jpeg,0,612
lungscc555.jpeg,2,1099
lungscc3277.jpeg,2,1193
lungscc4480.jpeg,2,1209
lungn4245.jpeg,1,948
lungn1681.jpeg,1,853
lungaca4337.jpeg,0,539
lungn1392.jpeg,1,949
lungscc3085.jpeg,2,1033
lungaca4291.jpeg,0,593
lungn4099.jpeg,1,825
lungaca2280.jpeg,0,708
lungaca2175.jpeg,0,707
lungscc3569.jpeg,2,1114
lungscc4768.jpeg,2,1167
lungaca3884.jpeg,0,591
lungaca1443.jpeg,0,573
lungaca4349.jpeg,0,568
lungn1094.jpeg,1,992
lungaca1567.jpeg,0,604
lungaca1857.jpeg,0,578
lungn3911.jpeg,1,881
lungscc1006.jpeg,2,1077
lungn795.jpeg,1,883
lungaca2848.jpeg,0,618
lungn4962.jpeg,1,802
lungscc94.jpeg,2,1101
lungscc509.jpeg,2,1145
lungscc1997.jpeg,2,1160
lungn2038.jpeg,1,953
lungaca887.jpeg,0,743
lungaca1511.jpeg,0,549
lungscc2827.jpeg,2,1055
lungaca3064.jpeg,0,578
lungaca916.jpeg,0,659
lungscc121.jpeg,2,1057
lungscc4148.jpeg,2,1145
lungn2039.jpeg,1,881
lungn407.jpeg,1,843
lungscc1608.jpeg,2,1112
lungaca2880.jpeg,0,691
lungn3836.jpeg,1,960
lungscc3102.jpeg,2,1100
lungaca1859.jpeg,0,632
lungaca1210.jpeg,0,666
lungscc3641.jpeg,2,1207
lungscc4851.jpeg,2,1045
lungscc3812.jpeg,2,1117
lungaca1019.jpeg,0,601
lungaca1460.jpeg,0,569
lungaca3085.jpeg,0,625
lungaca4034.jpeg,0,734
lungaca4618.jpeg,0,594
lungn2517.jpeg,1,942
lungn3187.jpeg,1,752
lungaca3666.jpeg,0,709
lungaca4657.jpeg,0,729
lungaca3514.jpeg,0,568
lungaca625.jpeg,0,583
lungaca3878.jpeg,0,621
lungn715.jpeg,1,758
lungaca3743.jpeg,0,728
lungn3398.jpeg,1,749
lungn1961.jpeg,1,993
lungn3217.jpeg,1,990
lungscc3544.jpeg,2,1094
lungaca1268.jpeg,0,675
lungscc301.jpeg,2,1181
lungaca3284.jpeg,0,716
lungaca3540.jpeg,0,616
lungaca366.jpeg,0,692
lungscc2016.jpeg,2,1123
lungn1595.jpeg,1,902
lungscc3984.jpeg,2,1053
lungscc2639.jpeg,2,1135
lungscc2771.jpeg,2,1201
lungaca2251.jpeg,0,661
lungscc4754.jpeg,2,1025
lungaca2118.jpeg,0,683
lungaca1620.jpeg,0,566
lungaca662.jpeg,0,569
lungaca2020.jpeg,0,603
lungscc3548.jpeg,2,999
lungaca173.jpeg,0,747
lungaca2940.jpeg,0,552
lungscc2004.jpeg,2,1006
lungaca2396.jpeg,0,691
lungscc3266.jpeg,2,1179
lungn1903.jpeg,1,874
lungn102.jpeg,1,843
lungaca1603.jpeg,0,587
lungn1790.jpeg,1,766
lungaca4979.jpeg,0,543
lungn1049.jpeg,1,878
lungn4062.jpeg,1,770
lungaca1385.jpeg,0,632
lungscc1759.jpeg,2,1045
lungscc1950.jpeg,2,1150
lungscc1176.jpeg,2,1166
lungscc4067.jpeg,2,1078
lungscc4907.jpeg,2,1036
lungn3577.jpeg,1,811
lungaca2757.jpeg,0,532
lungscc3494.jpeg,2,1006
lungaca1953.jpeg,0,746
lungn1698.jpeg,1,956
lungscc3803.jpeg,2,1231
lungaca2150.jpeg,0,674
lungscc819.jpeg,2,1214
lungaca4057.jpeg,0,524
lungaca2593.jpeg,0,670
lungscc2819.jpeg,2,1108
lungaca4682.jpeg,0,582
lungaca1985.jpeg,0,679
lungscc382.jpeg,2,1045
lungn4406.jpeg,1,815
lungscc3424.jpeg,2,1094
lungscc4901.jpeg,2,1088
lungn1224.jpeg,1,957
lungscc1286.jpeg,2,1115
lungaca2619.jpeg,0,703
lungn2200.jpeg,1,885
lungscc3140.jpeg,2,1022
lungaca587.jpeg,0,651
lungscc2195.jpeg,2,1082
lungscc2489.jpeg,2,1179
lungn1972.jpeg,1,834
lungaca1893.jpeg,0,649
lungscc388.jpeg,2,1175
lungaca2584.jpeg,0,708
lungn57.jpeg,1,889
lungaca4246.jpeg,0,534
lungn3781.jpeg,1,803
lungscc3677.jpeg,2,1144
lungscc4506.jpeg,2,1019
lungscc28.jpeg,2,1116
lungscc1721.jpeg,2,1117
lungscc1734.jpeg,2,1081
lungn2254.jpeg,1,852
lungn4598.jpeg,1,971
lungscc2291.jpeg,2,1074
lungscc3021.jpeg,2,1006
lungscc844.jpeg,2,1065
lungn2809.jpeg,1,967
lungn2075.jpeg,1,890
lungscc4879.jpeg,2,1122
lungn3155.jpeg,1,991
lungscc3492.jpeg,2,1045
lungn4281.jpeg,1,974
lungscc4084.jpeg,2,1088
lungn2058.jpeg,1,949
lungscc3775.jpeg,2,1196
lungn3332.jpeg,1,932
lungscc1348.jpeg,2,1043
lungn462.jpeg,1,760
lungaca427.jpeg,0,727
lungscc1559.jpeg,2,1229
lungaca262.jpeg,0,684
lungn4515.jpeg,1,872
lungn125.jpeg,1,788
lungaca2387.jpeg,0,536
lungscc3890.jpeg,2,1122
lungaca305.jpeg,0,521
lungn3014.jpeg,1,917
lungscc1267.jpeg,2,1025
lungn1870.jpeg,1,825
lungscc1367.jpeg,2,1134
lungaca4191.jpeg,0,651
lungn4615.jpeg,1,821
lungaca1205.jpeg,0,589
lungaca3579.jpeg,0,593
lungn3406.jpeg,1,817
lungscc2836.jpeg,2,1187
lungscc4465.jpeg,2,1012
lungscc2698.jpeg,2,1237
lungn3769.jpeg,1,793
lungscc3148.jpeg,2,1001
lungaca2231.jpeg,0,650
lungn205.jpeg,1,948
lungscc3634.jpeg,2,1235
lungscc3448.jpeg,2,1224
lungscc2310.jpeg,2,1077
lungn2427.jpeg,1,779
lungaca4455.jpeg,0,539
lungaca4289.jpeg,0,564
lungn2060.jpeg,1,758
lungscc99.jpeg,2,1164
lungaca4305.jpeg,0,642
lungn1800.jpeg,1,881
lungaca3823.jpeg,0,557
lungscc1538.jpeg,2,1188
lungscc374.jpeg,2,1107
lungaca2085.jpeg,0,572
lungn2736.jpeg,1,776
lungaca1652.jpeg,0,673
lungn3087.jpeg,1,805
lungn2385.jpeg,1,786
lungscc1137.jpeg,2,1164
lungscc3858.jpeg,2,1220
lungscc881.jpeg,2,1243
lungscc4653.jpeg,2,1222
lungaca4136.jpeg,0,747
lungn3113.jpeg,1,877
lungscc413.jpeg,2,1012
lungn2001.jpeg,1,779
lungscc133.jpeg,2,1095
lungaca4550.jpeg,0,628
lungscc3742.jpeg,2,1123
lungscc1000.jpeg,2,1149
lungn773.jpeg,1,860
lungscc1546.jpeg,2,1238
lungaca257.jpeg,0,741
lungscc1687.jpeg,2,1118
lungn2789.jpeg,1,761
lungscc4166.jpeg,2,1232
lungn4736.jpeg,1,884
lungn1776.jpeg,1,876
lungn1358.jpeg,1,907
lungn4793.jpeg,1,921
lungscc2178.jpeg,2,1107
lungscc4015.jpeg,2,1172
lungscc4884.jpeg,2,1209
lungn4045.jpeg,1,804
lungaca592.jpeg,0,586
lungscc4164.jpeg,2,1158
lungaca1661.jpeg,0,722
lungaca1354.jpeg,0,511
lungaca586.jpeg,0,609
lungn66.jpeg,1,761
lungn2129.jpeg,1,845
lungn4178.jpeg,1,749
lungscc2596.jpeg,2,1107
lungscc432.jpeg,2,1183
lungn3054.jpeg,1,821
lungscc4313.jpeg,2,1169
lungaca2554.jpeg,0,546
lungscc211.jpeg,2,1144
lungaca2341.jpeg,0,719
lungn1736.jpeg,1,938
lungaca1493.jpeg,0,586
lungn704.jpeg,1,803
lungaca4391.jpeg,0,692
lungscc1894.jpeg,2,1197
lungaca346.jpeg,0,698
lungn4960.jpeg,1,835
lungaca1377.jpeg,0,547
lungaca2897.jpeg,0,529
lungn968.jpeg,1,801
lungn1007.jpeg,1,931
lungn5000.jpeg,1,957
lungaca1812.jpeg,0,576
lungaca3442.jpeg,0,707
lungaca2141.jpeg,0,575
lungscc4628.jpeg,2,1092
lungn160.jpeg,1,978
lungaca4638.jpeg,0,569
lungn469.jpeg,1,934
lungn4430.jpeg,1,912
lungn2734.jpeg,1,754
lungscc3617.jpeg,2,1244
lungscc1242.jpeg,2,1028
lungscc1833.jpeg,2,1072
lungscc317.jpeg,2,1099
lungaca2860.jpeg,0,508
lungaca4036.jpeg,0,524
lungaca1415.jpeg,0,593
lungaca497.jpeg,0,705
lungscc2453.jpeg,2,1122
lungaca4701.jpeg,0,680
lungn140.jpeg,1,817
lungscc3191.jpeg,2,1075
lungscc3205.jpeg,2,1168
lungn3938.jpeg,1,944
lungscc2139.jpeg,2,1047
lungaca4943.jpeg,0,660
lungaca1703.jpeg,0,683
lungaca832.jpeg,0,633
lungscc1457.jpeg,2,1165
lungaca1080.jpeg,0,671
lungn2231.jpeg,1,795
lungaca2906.jpeg,0,652
lungn4159.jpeg,1,806
lungaca4443.jpeg,0,678
lungn4148.jpeg,1,783
lungaca3323.jpeg,0,533
lungaca4044.jpeg,0,531
lungn1580.jpeg,1,790
lungn2132.jpeg,1,776
lungaca684.jpeg,0,583
lungn1166.jpeg,1,793
lungscc1537.jpeg,2,1117
lungn856.jpeg,1,959
lungn4907.jpeg,1,877
lungscc2732.jpeg,2,1242
lungn3976.jpeg,1,794
lungn3431.jpeg,1,884
lungscc1552.jpeg,2,1218
lungscc3962.jpeg,2,1180
lungscc1905.jpeg,2,1032
lungaca4293.jpeg,0,649
lungaca567.jpeg,0,677
lungaca2987.jpeg,0,612
lungaca4669.jpeg,0,745
lungscc21.jpeg,2,1021
lungaca4593.jpeg,0,564
lungscc3113.jpeg,2,1080
lungn4852.jpeg,1,771
lungn2621.jpeg,1,971
lungaca1758.jpeg,0,569
lungn450.jpeg,1,800
lungscc831.jpeg,2,1213
lungscc637.jpeg,2,1082
lungn2876.jpeg,1,948
lungscc3017.jpeg,2,1166
lungn3650.jpeg,1,813
lungaca2574.jpeg,0,686
lungscc2605.jpeg,2,1072
lungscc2388.jpeg,2,1139
lungaca4207.jpeg,0,647
lungscc3286.jpeg,2,1089
lungscc2214.jpeg,2,1236
lungscc568.jpeg,2,1013
lungscc3632.jpeg,2,1016
lungn821.jpeg,1,841
lungaca4414.jpeg,0,748
lungn1490.jpeg,1,752
lungn4297.jpeg,1,924
lungn2825.jpeg,1,942
lungn2227.jpeg,1,760
lungn2578.jpeg,1,981
lungn3523.jpeg,1,871
lungn1261.jpeg,1,898
lungaca146.jpeg,0,637
lungn4392.jpeg,1,806
lungaca1987.jpeg,0,632
lungn3105.jpeg,1,883
lungaca1728.jpeg,0,611
lungaca1877.jpeg,0,539
lungaca1409.jpeg,0,676
lungscc2717.jpeg,2,1075
lungn733.jpeg,1,913
lungn881.jpeg,1,896
lungaca3794.jpeg,0,529
lungaca3803.jpeg,0,689
lungaca489.jpeg,0,643
lungaca3413.jpeg,0,579
lungn3526.jpeg,1,912
lungscc724.jpeg,2,1080
lungaca2803.jpeg,0,704
lungn436.jpeg,1,869
lungaca3538.jpeg,0,554
lungaca635.jpeg,0,659
lungn4302.jpeg,1,842
lungscc1988.jpeg,2,1151
lungn4382.jpeg,1,995
lungn4671.jpeg,1,836
lungscc2797.jpeg,2,1148
lungscc1743.jpeg,2,1085
lungn1869.jpeg,1,968
lungscc967.jpeg,2,1196
lungscc2038.jpeg,2,1008
lungn3312.jpeg,1,881
lungscc4087.jpeg,2,1099
lungn2362.jpeg,1,880
lungscc1411.jpeg,2,1049
lungscc3642.jpeg,2,1012
lungn383.jpeg,1,967
lungscc4292.jpeg,2,1111
lungscc4499.jpeg,2,1234
lungn787.jpeg,1,854
lungscc1646.jpeg,2,1045
lungscc1697.jpeg,2,1160
lungn1229.jpeg,1,940
lungscc3115.jpeg,2,1054
lungn73.jpeg,1,945
lungscc1967.jpeg,2,1176
lungaca2059.jpeg,0,563
lungscc4680.jpeg,2,1019
lungaca1420.jpeg,0,557
lungn2134.jpeg,1,901
lungscc3668.jpeg,2,1056
lungaca2463.jpeg,0,687
lungaca109.jpeg,0,514
lungn2894.jpeg,1,899
lungn1225.jpeg,1,951
lungscc3074.jpeg,2,1145
lungaca1689.jpeg,0,687
lungaca3683.jpeg,0,635
lungn3254.jpeg,1,985
lungaca1723.jpeg,0,525
lungscc3477.jpeg,2,1194
lungaca1529.jpeg,0,637
lungaca228.jpeg,0,616
lungscc4766.jpeg,2,1183
lungscc1555.jpeg,2,1025
lungn3932.jpeg,1,788
lungscc173.jpeg,2,1195
lungaca316.jpeg,0,740
lungn1039.jpeg,1,798
lungaca2607.jpeg,0,523
lungaca4865.jpeg,0,584
lungscc4765.jpeg,2,1002
lungaca3151.jpeg,0,602
lungn1732.jpeg,1,919
lungscc3387.jpeg,2,1214
lungn4530.jpeg,1,909
lungscc2270.jpeg,2,1051
lungn805.jpeg,1,824
lungscc2254.jpeg,2,1106
lungaca754.jpeg,0,614
lungaca1026.jpeg,0,645
lungscc1287.jpeg,2,1142
lungaca2643.jpeg,0,620
lungscc698.jpeg,2,1020
lungscc2313.jpeg,2,1014
lungn250.jpeg,1,819
lungscc3966.jpeg,2,1198
lungscc4746.jpeg,2,1018
lungn3684.jpeg,1,790
lungaca1763.jpeg,0,552
lungscc3262.jpeg,2,1242
lungscc3728.jpeg,2,1156
lungscc4769.jpeg,2,1169
lungn3706.jpeg,1,913
lungscc944.jpeg,2,1230
lungaca4580.jpeg,0,617
lungn3657.jpeg,1,785
lungaca205.jpeg,0,577
lungscc114.jpeg,2,1155
lungscc751.jpeg,2,1150
lungscc3341.jpeg,2,1082
lungscc3763.jpeg,2,1193
lungaca1263.jpeg,0,726
lungaca4710.jpeg,0,627
lungn2019.jpeg,1,964
lungaca2031.jpeg,0,544
lungn3949.jpeg,1,912
lungn3878.jpeg,1,765
lungaca3818.jpeg,0,637
lungaca3944.jpeg,0,744
lungaca2119.jpeg,0,600
lungscc738.jpeg,2,1005
lungscc4212.jpeg,2,1144
lungn3451.jpeg,1,815
lungn798.jpeg,1,940
lungscc2831.jpeg,2,1110
lungaca4546.jpeg,0,698
lungaca2600.jpeg,0,600
lungscc2620.jpeg,2,1134
lungaca131.jpeg,0,700
lungn213.jpeg,1,823
lungaca3825.jpeg,0,682
lungscc4297.jpeg,2,1131
lungaca458.jpeg,0,649
lungscc1210.jpeg,2,1153
lungaca3074.jpeg,0,610
lungaca3904.jpeg,0,589
lungaca2071.jpeg,0,635
lungn2831.jpeg,1,919
lungscc4226.jpeg,2,1176
lungaca2.jpeg,0,664
lungscc594.jpeg,2,1017
lungscc3101.jpeg,2,1111
lungscc2134.jpeg,2,1048
lungaca1921.jpeg,0,678
lungn277.jpeg,1,933
lungscc3303.jpeg,2,1026
lungaca4007.jpeg,0,681
lungn2778.jpeg,1,844
lungaca2965.jpeg,0,576
lungn3784.jpeg,1,965
lungscc824.jpeg,2,1232
lungaca3600.jpeg,0,589
lungn2005.jpeg,1,846
lungaca1185.jpeg,0,570
lungaca3517.jpeg,0,688
lungscc3413.jpeg,2,1035
lungaca1342.jpeg,0,530
lungn4920.jpeg,1,935
lungn776.jpeg,1,974
lungaca2209.jpeg,0,554
lungn2808.jpeg,1,842
lungaca2022.jpeg,0,712
lungaca3397.jpeg,0,572
lungn3134.jpeg,1,784
lungn1687.jpeg,1,808
lungscc85.jpeg,2,1197
lungscc1026.jpeg,2,1035
lungaca1434.jpeg,0,691
lungscc2009.jpeg,2,1205
lungscc1484.jpeg,2,1027
lungscc2343.jpeg,2,1103
lungscc3735.jpeg,2,1208
lungn2204.jpeg,1,993
lungaca2742.jpeg,0,657
lungn4191.jpeg,1,800
lungscc4748.jpeg,2,1236
lungscc3998.jpeg,2,1091
lungn212.jpeg,1,938
lungscc2360.jpeg,2,1145
lungaca3901.jpeg,0,721
lungn536.jpeg,1,868
lungscc2924.jpeg,2,1152
lungaca641.jpeg,0,682
lungaca382.jpeg,0,567
lungscc1923.jpeg,2,1210
lungaca2326.jpeg,0,611
lungn2525.jpeg,1,962
lungaca4280.jpeg,0,635
lungaca2054.jpeg,0,530
lungn1385.jpeg,1,969
lungn2596.jpeg,1,774
lungscc4503.jpeg,2,1205
lungn2220.jpeg,1,989
lungn4949.jpeg,1,845
lungscc4219.jpeg,2,1179
lungaca1457.jpeg,0,542
lungaca163.jpeg,0,681
lungaca2095.jpeg,0,736
lungaca1092.jpeg,0,551
lungn1028.jpeg,1,839
lungaca2452.jpeg,0,686
lungaca2413.jpeg,0,632
lungscc926.jpeg,2,1055
lungaca1483.jpeg,0,654
lungn4146.jpeg,1,953
lungaca3231.jpeg,0,665
lungscc805.jpeg,2,1098
lungscc657.jpeg,2,1223
lungaca459.jpeg,0,575
lungn736.jpeg,1,775
lungn1984.jpeg,1,884
lungn4987.jpeg,1,850
lungscc871.jpeg,2,1046
lungaca3393.jpeg,0,722
lungn3233.jpeg,1,861
lungaca1839.jpeg,0,716
lungaca1440.jpeg,0,638
lungn4325.jpeg,1,917
lungaca4904.jpeg,0,628
lungn3072.jpeg,1,774
lungscc271.jpeg,2,1221
lungaca3045.jpeg,0,622
lungaca1619.jpeg,0,655
lungn3137.jpeg,1,914
lungaca1694.jpeg,0,675
lungaca2065.jpeg,0,680
lungscc4714.jpeg,2,1169
lungn3387.jpeg,1,852
lungaca674.jpeg,0,581
lungaca3005.jpeg,0,541
lungn2310.jpeg,1,754
lungscc3563.jpeg,2,1044
lungn4490.jpeg,1,919
lungscc510.jpeg,2,1226
lungn2999.jpeg,1,834
lungn563.jpeg,1,879
lungscc1023.jpeg,2,1079
lungaca4678.jpeg,0,710
lungn1100.jpeg,1,901
lungscc1350.jpeg,2,1074
lungaca1869.jpeg,0,581
lungscc350.jpeg,2,1139
lungn2202.jpeg,1,818
lungscc4928.jpeg,2,1112
lungscc1733.jpeg,2,1081
lungn4212.jpeg,1,757
lungn1212.jpeg,1,846
lungn4259.jpeg,1,931
lungn683.jpeg,1,749
lungaca985.jpeg,0,668
lungscc2085.jpeg,2,1104
lungaca2296.jpeg,0,563
lungscc571.jpeg,2,1204
lungaca4503.jpeg,0,693
lungscc3885.jpeg,2,1076
lungn3557.jpeg,1,855
lungn3449.jpeg,1,956
lungn1487.jpeg,1,910
lungscc1579.jpeg,2,1075
lungaca4288.jpeg,0,553
lungn2114.jpeg,1,774
lungaca127.jpeg,0,734
lungn556.jpeg,1,991
lungn3866.jpeg,1,777
lungscc2832.jpeg,2,1107
lungscc2100.jpeg,2,1126
lungaca1120.jpeg,0,625
lungn812.jpeg,1,772
lungn4538.jpeg,1,849
lungscc2061.jpeg,2,1046
lungaca2798.jpeg,0,684
lungn129.jpeg,1,892
lungaca4949.jpeg,0,659
lungn1823.jpeg,1,932
lungaca3668.jpeg,0,549
lungn454.jpeg,1,821
lungn761.jpeg,1,884
lungscc228.jpeg,2,1154
lungaca2337.jpeg,0,604
lungscc592.jpeg,2,1051
lungn4663.jpeg,1,973
lungscc3652.jpeg,2,1004
lungaca2021.jpeg,0,659
lungn3783.jpeg,1,881
lungn4781.jpeg,1,810
lungaca871.jpeg,0,691
lungscc358.jpeg,2,1113
lungn4677.jpeg,1,784
lungn764.jpeg,1,760
lungscc86.jpeg,2,1197
lungscc2372.jpeg,2,1077
lungscc1182.jpeg,2,1006
lungn1551.jpeg,1,866
lungaca3133.jpeg,0,555
lungscc3194.jpeg,2,1110
lungaca4276.jpeg,0,588
lungscc3893.jpeg,2,1147
lungn2059.jpeg,1,758
lungaca4584.jpeg,0,538
lungn1355.jpeg,1,870
lungscc4477.jpeg,2,1155
lungscc954.jpeg,2,1003
lungaca2427.jpeg,0,610
lungn4928.jpeg,1,884
lungaca314.jpeg,0,652
lungscc2512.jpeg,2,1223
lungscc4335.jpeg,2,1168
lungscc44.jpeg,2,1037
lungscc3180.jpeg,2,1078
lungscc2303.jpeg,2,1144
lungn4338.jpeg,1,777
lungaca3428.jpeg,0,732
lungn4955.jpeg,1,778
lungaca3841.jpeg,0,656
lungn3247.jpeg,1,841
lungn887.jpeg,1,795
lungaca1678.jpeg,0,526
lungscc275.jpeg,2,1077
lungn986.jpeg,1,802
lungscc2902.jpeg,2,1132
lungscc1804.jpeg,2,1078
lungaca2985.jpeg,0,730
lungn2858.jpeg,1,804
lungaca3558.jpeg,0,731
lungn948.jpeg,1,953
lungaca356.jpeg,0,528
lungn341.jpeg,1,768
lungaca1343.jpeg,0,568
lungaca3178.jpeg,0,616
lungn3510.jpeg,1,925
lungaca904.jpeg,0,601
lungaca3214.jpeg,0,538
lungaca1062.jpeg,0,539
lungscc4094.jpeg,2,1150
lungaca1382.jpeg,0,679
lungn549.jpeg,1,859
lungn1944.jpeg,1,781
lungn3604.jpeg,1,821
lungn3258.jpeg,1,850
lungscc2619.jpeg,2,1186
lungscc2376.jpeg,2,1104
lungaca653.jpeg,0,514
lungaca570.jpeg,0,741
lungscc4582.jpeg,2,1218
lungn831.jpeg,1,893
lungn4443.jpeg,1,896
lungn2746.jpeg,1,773
lungn1954.jpeg,1,924
lungscc3402.jpeg,2,1236
lungn126.jpeg,1,909
lungn266.jpeg,1,926
lungn1643.jpeg,1,890
lungn3365.jpeg,1,783
lungn3002.jpeg,1,836
lungn735.jpeg,1,957
lungscc3044.jpeg,2,1143
lungscc2398.jpeg,2,1127
lungaca2726.jpeg,0,542
lungaca4002.jpeg,0,520
lungscc4518.jpeg,2,1037
lungaca2808.jpeg,0,644
lungaca1170.jpeg,0,569
lungn1761.jpeg,1,886
lungscc557.jpeg,2,1166
lungn440.jpeg,1,802
lungn2367.jpeg,1,895
lungscc1966.jpeg,2,1232
lungaca4554.jpeg,0,548
lungn190.jpeg,1,811
lungaca4322.jpeg,0,675
lungaca633.jpeg,0,509
lungn1861.jpeg,1,828
lungscc25.jpeg,2,1099
lungaca1785.jpeg,0,698
lungn2570.jpeg,1,920
lungaca113.jpeg,0,551
lungscc3899.jpeg,2,1167
lungaca1209.jpeg,0,566
lungscc4671.jpeg,2,1040
lungn989.jpeg,1,810
lungn2705.jpeg,1,933
lungaca1232.jpeg,0,577
lungaca2509.jpeg,0,668
lungaca3479.jpeg,0,656
lungscc2606.jpeg,2,1033
lungaca4569.jpeg,0,634
lungscc2096.jpeg,2,1089
lungn4895.jpeg,1,762
lungaca809.jpeg,0,648
lungaca3842.jpeg,0,713
lungscc2613.jpeg,2,1123
lungn4635.jpeg,1,963
lungn3679.jpeg,1,767
lungscc535.jpeg,2,1195
lungn3209.jpeg,1,846
lungaca2242.jpeg,0,728
lungscc2761.jpeg,2,1085
lungaca4725.jpeg,0,597
lungn3809.jpeg,1,777
lungn427.jpeg,1,761
lungn1046.jpeg,1,967
lungn1737.jpeg,1,943
lungn1916.jpeg,1,855
lungaca539.jpeg,0,596
lungscc2709.jpeg,2,1059
lungscc1221.jpeg,2,1169
lungscc3927.jpeg,2,1186
lungn1408.jpeg,1,892
lungn2183.jpeg,1,779
lungn840.jpeg,1,801
lungn1799.jpeg,1,931
lungaca1958.jpeg,0,703
lungscc3142.jpeg,2,1056
lungscc1511.jpeg,2,1189
lungn634.jpeg,1,874
lungscc4921.jpeg,2,1125
lungscc1847.jpeg,2,1152
lungscc3237.jpeg,2,1008
lungn4318.jpeg,1,752
lungscc861.jpeg,2,1180
lungscc4425.jpeg,2,1190
lungscc4214.jpeg,2,1170
lungn342.jpeg,1,836
lungn291.jpeg,1,760
lungn430.jpeg,1,932
lungaca3739.jpeg,0,581
lungn498.jpeg,1,911
lungscc3036.jpeg,2,1134
lungaca3533.jpeg,0,522
lungn1583.jpeg,1,788
lungn775.jpeg,1,968
lungn1713.jpeg,1,885
lungscc4566.jpeg,2,1134
lungaca2961.jpeg,0,558
lungn273.jpeg,1,772
lungn3922.jpeg,1,963
lungaca3902.jpeg,0,721
lungn883.jpeg,1,843
lungscc3973.jpeg,2,1071
lungn2143.jpeg,1,749
lungscc2515.jpeg,2,1000
lungscc1240.jpeg,2,1205
lungaca2776.jpeg,0,542
lungn1057.jpeg,1,870
lungn2727.jpeg,1,822
lungscc3522.jpeg,2,1079
lungaca1254.jpeg,0,611
lungn2468.jpeg,1,759
lungn2709.jpeg,1,803
lungaca4529.jpeg,0,639
lungscc2086.jpeg,2,1090
lungn2471.jpeg,1,794
lungscc919.jpeg,2,1177
lungaca4352.jpeg,0,627
lungscc4153.jpeg,2,1045
lungn4095.jpeg,1,826
lungscc3307.jpeg,2,1005
lungaca243.jpeg,0,623
lungn3122.jpeg,1,771
lungn1782.jpeg,1,773
lungn1155.jpeg,1,955
lungn2822.jpeg,1,820
lungn468.jpeg,1,893
lungscc4284.jpeg,2,1047
lungaca2189.jpeg,0,602
lungscc1810.jpeg,2,1002
lungaca1253.jpeg,0,658
lungaca800.jpeg,0,621
lungaca3186.jpeg,0,725
lungscc587.jpeg,2,1027
lungn4506.jpeg,1,774
lungn2450.jpeg,1,861
lungscc2509.jpeg,2,1012
lungn2436.jpeg,1,990
lungaca4448.jpeg,0,607
lungn839.jpeg,1,801
lungn3246.jpeg,1,832
lungn3120.jpeg,1,875
lungaca4396.jpeg,0,606
lungscc2440.jpeg,2,1090
lungaca1707.jpeg,0,571
lungscc3753.jpeg,2,1213
lungn4831.jpeg,1,944
lungscc4378.jpeg,2,1150
lungn2833.jpeg,1,989
lungn3736.jpeg,1,814
lungaca4420.jpeg,0,593
lungaca1809.jpeg,0,740
lungscc1693.jpeg,2,1038
lungn3831.jpeg,1,928
lungscc2576.jpeg,2,1182
lungn1237.jpeg,1,907
lungscc2333.jpeg,2,1069
lungn904.jpeg,1,991
lungaca2096.jpeg,0,630
lungn4577.jpeg,1,968
lungaca1028.jpeg,0,508
lungscc4741.jpeg,2,1104
lungscc1270.jpeg,2,1080
lungn1036.jpeg,1,788
lungn2487.jpeg,1,968
lungscc2899.jpeg,2,1220
lungn3297.jpeg,1,982
lungn2464.jpeg,1,896
lungn3102.jpeg,1,902
lungaca1801.jpeg,0,596
lungn2281.jpeg,1,962
lungscc590.jpeg,2,1111
lungn4708.jpeg,1,955
lungscc408.jpeg,2,1010
lungn242.jpeg,1,892
lungaca2825.jpeg,0,634
lungn2093.jpeg,1,954
lungaca3809.jpeg,0,617
lungn2454.jpeg,1,800
lungn3946.jpeg,1,888
lungscc976.jpeg,2,1151
lungn2115.jpeg,1,844
lungaca4488.jpeg,0,745
lungaca2143.jpeg,0,682
lungaca4958.jpeg,0,614
lungn637.jpeg,1,994
lungscc3810.jpeg,2,1032
lungn3805.jpeg,1,886
lungscc769.jpeg,2,1092
lungscc2609.jpeg,2,1028
lungscc4867.jpeg,2,1093
lungscc1866.jpeg,2,1229
lungaca1114.jpeg,0,740
lungn889.jpeg,1,929
lungaca1512.jpeg,0,527
lungaca1362.jpeg,0,681
lungscc4944.jpeg,2,1161
lungaca1014.jpeg,0,689
lungn1300.jpeg,1,947
lungn2493.jpeg,1,895
lungscc2284.jpeg,2,1161
lungaca2392.jpeg,0,674
lungaca496.jpeg,0,558
lungscc2803.jpeg,2,1037
lungaca3890.jpeg,0,525
lungscc2137.jpeg,2,1114
lungaca3501.jpeg,0,734
lungn4503.jpeg,1,917
lungaca690.jpeg,0,520
lungscc330.jpeg,2,1048
lungn1967.jpeg,1,766
lungaca1178.jpeg,0,627
lungn928.jpeg,1,793
lungaca3224.jpeg,0,657
lungn4435.jpeg,1,981
lungscc3520.jpeg,2,1025
lungn4417.jpeg,1,950
lungn194.jpeg,1,807
lungscc3012.jpeg,2,1201
lungn2192.jpeg,1,867
lungscc2338.jpeg,2,1097
lungaca3642.jpeg,0,704
lungaca1841.jpeg,0,644
lungn2848.jpeg,1,899
lungaca2756.jpeg,0,653
lungscc1595.jpeg,2,1149
lungn3580.jpeg,1,892
lungscc3270.jpeg,2,1186
lungaca4731.jpeg,0,651
lungaca3102.jpeg,0,614
lungaca451.jpeg,0,553
lungscc3146.jpeg,2,1029
lungaca2111.jpeg,0,569
lungaca4294.jpeg,0,575
lungaca2046.jpeg,0,590
lungscc346.jpeg,2,1133
lungscc4293.jpeg,2,1185
lungn2081.jpeg,1,807
lungn593.jpeg,1,941
lungn1900.jpeg,1,858
lungn4387.jpeg,1,873
lungaca762.jpeg,0,559
lungscc2759.jpeg,2,1206
lungn938.jpeg,1,797
lungn3544.jpeg,1,821
lungscc3417.jpeg,2,1127
lungscc259.jpeg,2,1105
lungscc731.jpeg,2,1181
lungscc4048.jpeg,2,1047
lungaca3076.jpeg,0,530
lungaca3436.jpeg,0,717
lungaca4648.jpeg,0,667
lungscc4037.jpeg,2,1204
lungaca2851.jpeg,0,631
lungaca1250.jpeg,0,570
lungscc2074.jpeg,2,1215
lungn4942.jpeg,1,886
lungn4981.jpeg,1,814
lungn1363.jpeg,1,875
lungscc2125.jpeg,2,1044
lungaca1270.jpeg,0,569
lungaca3999.jpeg,0,621
lungscc371.jpeg,2,999
lungn3322.jpeg,1,847
lungn1151.jpeg,1,944
lungaca3646.jpeg,0,744
lungscc3985.jpeg,2,1019
lungn1034.jpeg,1,945
lungscc1955.jpeg,2,1233
lungn1334.jpeg,1,990
lungn619.jpeg,1,788
lungaca2027.jpeg,0,614
lungaca2954.jpeg,0,549
lungscc2807.jpeg,2,1064
lungaca958.jpeg,0,610
lungn2645.jpeg,1,841
lungscc2391.jpeg,2,1065
lungn1205.jpeg,1,850
lungn2074.jpeg,1,811
lungn1476.jpeg,1,897
lungaca3499.jpeg,0,516
lungn3410.jpeg,1,973
lungn3807.jpeg,1,863
lungaca2246.jpeg,0,741
lungn2361.jpeg,1,780
lungaca4676.jpeg,0,560
lungn772.jpeg,1,904
lungscc55.jpeg,2,1135
lungscc776.jpeg,2,1124
lungn830.jpeg,1,757
lungscc4303.jpeg,2,1162
lungn4991.jpeg,1,894
lungn1255.jpeg,1,969
lungn2695.jpeg,1,753
lungn1150.jpeg,1,809
lungscc3576.jpeg,2,1010
lungscc1623.jpeg,2,1033
lungaca1589.jpeg,0,737
lungn2030.jpeg,1,763
lungaca2262.jpeg,0,513
lungaca3524.jpeg,0,671
lungaca445.jpeg,0,631
lungscc3346.jpeg,2,1032
lungn748.jpeg,1,766
lungaca504.jpeg,0,741
lungaca61.jpeg,0,549
lungscc3808.jpeg,2,1003
lungscc425.jpeg,2,1004
lungaca1626.jpeg,0,675
lungscc131.jpeg,2,1075
lungn2271.jpeg,1,926
lungscc3377.jpeg,2,1088
lungaca2657.jpeg,0,717
lungaca185.jpeg,0,742
lungaca3614.jpeg,0,521
lungn3427.jpeg,1,831
lungscc1396.jpeg,2,1157
lungscc2543.jpeg,2,1006
lungscc1563.jpeg,2,1162
lungaca4416.jpeg,0,564
lungn2507.jpeg,1,810
lungscc4315.jpeg,2,1098
lungscc423.jpeg,2,1210
lungscc4228.jpeg,2,1093
lungscc3944.jpeg,2,1033
lungaca2740.jpeg,0,591
lungn396.jpeg,1,875
lungn2155.jpeg,1,766
lungn834.jpeg,1,761
lungaca2947.jpeg,0,679
lungaca4980.jpeg,0,700
lungaca1525.jpeg,0,556
lungaca4963.jpeg,0,580
lungn1688.jpeg,1,808
lungn2801.jpeg,1,854
lungn2526.jpeg,1,831
lungaca2069.jpeg,0,555
lungaca2390.jpeg,0,665
lungscc4587.jpeg,2,1139
lungn1740.jpeg,1,841
lungaca2017.jpeg,0,637
lungaca1281.jpeg,0,569
lungscc1990.jpeg,2,1190
lungscc2058.jpeg,2,1198
lungscc4199.jpeg,2,999
lungaca3344.jpeg,0,614
lungscc3481.jpeg,2,1055
lungn2625.jpeg,1,879
lungscc3688.jpeg,2,1114
lungaca3300.jpeg,0,655
lungn379.jpeg,1,879
lungn419.jpeg,1,949
lungn2188.jpeg,1,925
lungscc2961.jpeg,2,1192
lungaca1047.jpeg,0,629
lungscc3786.jpeg,2,1005
lungn1416.jpeg,1,951
lungn3127.jpeg,1,836
lungscc3768.jpeg,2,1083
lungaca4851.jpeg,0,544
lungaca1863.jpeg,0,540
lungn523.jpeg,1,933
lungaca1715.jpeg,0,711
lungaca3799.jpeg,0,549
lungscc2339.jpeg,2,1127
lungaca2248.jpeg,0,636
lungscc4789.jpeg,2,1053
lungscc2755.jpeg,2,1196
lungaca3030.jpeg,0,737
lungn4887.jpeg,1,894
lungscc1375.jpeg,2,1092
lungn1546.jpeg,1,771
lungaca2247.jpeg,0,746
lungn4327.jpeg,1,760
lungaca2006.jpeg,0,523
lungscc748.jpeg,2,1099
lungaca260.jpeg,0,613
lungn842.jpeg,1,925
lungn4171.jpeg,1,932
lungaca756.jpeg,0,525
lungn3868.jpeg,1,780
lungscc1851.jpeg,2,1238
lungn4784.jpeg,1,770
lungscc4073.jpeg,2,1059
lungscc2939.jpeg,2,1002
lungscc2947.jpeg,2,1096
lungscc3842.jpeg,2,1200
lungaca3658.jpeg,0,551
lungn1505.jpeg,1,840
lungscc3798.jpeg,2,1040
lungn4208.jpeg,1,917
lungscc4058.jpeg,2,1124
lungn4712.jpeg,1,818
lungaca1980.jpeg,0,582
lungscc837.jpeg,2,1164
lungn2285.jpeg,1,970
lungscc3694.jpeg,2,1010
lungscc1363.jpeg,2,1106
lungn4346.jpeg,1,890
lungn1173.jpeg,1,864
lungn4834.jpeg,1,924
lungn962.jpeg,1,761
lungscc3682.jpeg,2,1179
lungscc1493.jpeg,2,1089
lungscc2644.jpeg,2,1085
lungn1005.jpeg,1,953
lungn515.jpeg,1,848
lungscc755.jpeg,2,1013
lungscc2677.jpeg,2,1028
lungaca2915.jpeg,0,613
lungn3919.jpeg,1,757
lungn3265.jpeg,1,769
lungscc1698.jpeg,2,1160
lungaca3828.jpeg,0,619
lungn810.jpeg,1,942
lungaca4195.jpeg,0,528
lungscc2000.jpeg,2,1187
lungscc246.jpeg,2,1026
lungaca4116.jpeg,0,729
lungn4211.jpeg,1,853
lungn2931.jpeg,1,810
lungscc1258.jpeg,2,1092
lungaca4307.jpeg,0,580
lungscc1505.jpeg,2,1005
lungn3764.jpeg,1,817
lungn233.jpeg,1,825
lungaca3077.jpeg,0,568
lungaca843.jpeg,0,588
lungn901.jpeg,1,761
lungn2659.jpeg,1,850
lungscc4402.jpeg,2,1117
lungn2961.jpeg,1,941
lungn3424.jpeg,1,763
lungscc4175.jpeg,2,1039
lungscc377.jpeg,2,1066
lungaca2560.jpeg,0,622
lungaca1136.jpeg,0,668
lungaca1803.jpeg,0,578
lungn4542.jpeg,1,982
lungn3894.jpeg,1,948
lungaca206.jpeg,0,556
lungaca1965.jpeg,0,701
lungaca2347.jpeg,0,731
lungaca2481.jpeg,0,539
lungscc1856.jpeg,2,1121
lungaca873.jpeg,0,656
lungscc4125.jpeg,2,1151
lungaca3768.jpeg,0,592
lungscc4389.jpeg,2,1028
lungaca4820.jpeg,0,600
lungn2518.jpeg,1,766
lungn3039.jpeg,1,749
lungn1218.jpeg,1,944
lungn3718.jpeg,1,862
lungn3085.jpeg,1,968
lungaca2738.jpeg,0,661
lungscc2705.jpeg,2,1118
lungscc3622.jpeg,2,1168
lungscc3769.jpeg,2,1017
lungscc691.jpeg,2,1231
lungaca3569.jpeg,0,662
lungscc4659.jpeg,2,1015
lungn3573.jpeg,1,765
lungscc3189.jpeg,2,1038
lungn1999.jpeg,1,827
lungscc4495.jpeg,2,1156
lungn4595.jpeg,1,990
lungaca4832.jpeg,0,519
lungscc3028.jpeg,2,1013
lungaca2153.jpeg,0,559
lungaca3508.jpeg,0,555
lungscc4790.jpeg,2,1215
lungn2174.jpeg,1,764
lungscc3076.jpeg,2,1146
lungaca2647.jpeg,0,565
lungaca1274.jpeg,0,647
lungn1265.jpeg,1,779
lungscc506.jpeg,2,1042
lungscc3536.jpeg,2,1181
lungn1792.jpeg,1,875
lungn3249.jpeg,1,759
lungn4488.jpeg,1,766
lungscc3788.jpeg,2,1030
lungaca3245.jpeg,0,695
lungscc4764.jpeg,2,1127
lungscc2844.jpeg,2,1077
lungscc1271.jpeg,2,1054
lungn1413.jpeg,1,959
lungn2983.jpeg,1,878
lungaca2105.jpeg,0,685
lungaca2592.jpeg,0,731
lungscc1577.jpeg,2,1142
lungaca717.jpeg,0,695
lungn4875.jpeg,1,860
lungn2256.jpeg,1,749
lungn1377.jpeg,1,965
lungscc4828.jpeg,2,1167
lungn3482.jpeg,1,796
lungscc3023.jpeg,2,1049
lungscc2508.jpeg,2,1100
lungscc3337.jpeg,2,1028
lungaca4543.jpeg,0,664
lungscc3639.jpeg,2,1076
lungn4268.jpeg,1,755
lungn3819.jpeg,1,789
lungscc2602.jpeg,2,1208
lungscc1837.jpeg,2,1050
lungn1894.jpeg,1,773
lungn1029.jpeg,1,863
lungaca4519.jpeg,0,700
lungn1813.jpeg,1,974
lungscc4070.jpeg,2,1085
lungscc656.jpeg,2,1086
lungaca3661.jpeg,0,604
lungaca3834.jpeg,0,544
lungn1608.jpeg,1,912
lungn3248.jpeg,1,797
lungscc4448.jpeg,2,1123
lungscc142.jpeg,2,1022
lungn392.jpeg,1,861
lungaca1221.jpeg,0,598
lungaca4248.jpeg,0,644
lungaca1085.jpeg,0,609
lungscc4968.jpeg,2,1053
lungn4252.jpeg,1,848
lungscc4985.jpeg,2,1025
lungaca361.jpeg,0,653
lungscc3357.jpeg,2,1171
lungaca3581.jpeg,0,518
lungn954.jpeg,1,853
lungaca2488.jpeg,0,530
lungscc579.jpeg,2,1186
lungaca2563.jpeg,0,697
lungaca4886.jpeg,0,520
lungn4996.jpeg,1,807
lungn2612.jpeg,1,846
lungscc3809.jpeg,2,1023
lungaca3618.jpeg,0,733
lungscc4302.jpeg,2,1184
lungscc3276.jpeg,2,1010
lungaca1488.jpeg,0,628
lungscc3758.jpeg,2,1037
lungscc145.jpeg,2,1021
lungaca3457.jpeg,0,688
lungn3461.jpeg,1,975
lungn2860.jpeg,1,909
lungscc3892.jpeg,2,1089
lungscc2847.jpeg,2,1101
lungscc732.jpeg,2,1225
lungaca3385.jpeg,0,746
lungaca834.jpeg,0,590
lungscc3024.jpeg,2,1233
lungaca2349.jpeg,0,646
lungn4571.jpeg,1,782
lungn4400.jpeg,1,865
lungn3104.jpeg,1,773
lungscc4437.jpeg,2,1040
lungaca2815.jpeg,0,745
lungscc2896.jpeg,2,1046
lungn3160.jpeg,1,918
lungn3078.jpeg,1,872
lungn1753.jpeg,1,808
lungaca3706.jpeg,0,674
lungscc1366.jpeg,2,1032
lungaca4633.jpeg,0,707
lungaca727.jpeg,0,724
lungscc4147.jpeg,2,1156
lungscc3411.jpeg,2,1147
lungaca1702.jpeg,0,734
lungaca2274.jpeg,0,552
lungn1234.jpeg,1,861
lungn1331.jpeg,1,956
lungscc2632.jpeg,2,1079
lungaca1453.jpeg,0,733
lungn1722.jpeg,1,786
lungscc1184.jpeg,2,1220
lungn3373.jpeg,1,808
lungaca775.jpeg,0,708
lungaca4976.jpeg,0,647
lungaca1068.jpeg,0,531
lungscc4361.jpeg,2,1199
lungn4844.jpeg,1,858
lungscc3086.jpeg,2,1163
lungaca3813.jpeg,0,702
lungaca391.jpeg,0,562
lungscc4954.jpeg,2,1043
lungscc2711.jpeg,2,1136
lungaca2536.jpeg,0,669
lungaca2405.jpeg,0,566
lungn1024.jpeg,1,915
lungaca11.jpeg,0,630
lungaca3519.jpeg,0,741
lungn4912.jpeg,1,820
lungaca1556.jpeg,0,548
lungaca2705.jpeg,0,616
lungscc2667.jpeg,2,1036
lungaca4417.jpeg,0,661
lungscc2861.jpeg,2,1207
lungscc233.jpeg,2,1100
lungscc2654.jpeg,2,1094
lungn3501.jpeg,1,929
lungn3464.jpeg,1,775
lungscc2271.jpeg,2,1124
lungaca1195.jpeg,0,630
lungscc181.jpeg,2,1080
lungaca1789.jpeg,0,691
lungn2614.jpeg,1,830
lungn2627.jpeg,1,924
lungn2677.jpeg,1,852
lungscc3349.jpeg,2,1213
lungn284.jpeg,1,931
lungscc3689.jpeg,2,1032
lungscc2315.jpeg,2,1152
lungaca3067.jpeg,0,516
lungn1260.jpeg,1,915
lungaca57.jpeg,0,695
lungn1714.jpeg,1,842
lungscc3778.jpeg,2,1210
lungn3244.jpeg,1,933
lungaca2163.jpeg,0,596
lungaca2301.jpeg,0,537
lungn690.jpeg,1,922
lungn868.jpeg,1,926
lungscc3846.jpeg,2,1075
lungscc4476.jpeg,2,1229
lungn1897.jpeg,1,940
lungscc643.jpeg,2,1093
lungaca656.jpeg,0,685
lungn4233.jpeg,1,811
lungscc3707.jpeg,2,1151
lungaca1165.jpeg,0,652
lungscc3002.jpeg,2,1126
lungn2893.jpeg,1,929
lungaca2810.jpeg,0,744
lungn1628.jpeg,1,827
lungaca4859.jpeg,0,663
lungn376.jpeg,1,869
lungaca919.jpeg,0,587
lungn390.jpeg,1,787
lungn3666.jpeg,1,984
lungscc4472.jpeg,2,1079
lungn1915.jpeg,1,884
lungn1323.jpeg,1,780
lungscc4874.jpeg,2,1076
lungn2010.jpeg,1,754
lungscc4666.jpeg,2,1099
lungscc4826.jpeg,2,1190
lungaca4872.jpeg,0,598
lungn2108.jpeg,1,797
lungn4993.jpeg,1,792
lungscc4390.jpeg,2,1129
lungscc4740.jpeg,2,1137
lungaca2939.jpeg,0,585
lungscc2617.jpeg,2,1003
lungn2241.jpeg,1,863
lungscc237.jpeg,2,1086
lungaca742.jpeg,0,546
lungscc1347.jpeg,2,1015
lungn1443.jpeg,1,873
lungscc3521.jpeg,2,1121
lungscc1220.jpeg,2,1183
lungaca2537.jpeg,0,669
lungaca2334.jpeg,0,594
lungscc309.jpeg,2,1070
lungn4309.jpeg,1,766
lungaca665.jpeg,0,549
lungaca3942.jpeg,0,712
lungscc150.jpeg,2,1045
lungaca2684.jpeg,0,506
lungn3049.jpeg,1,958
lungscc559.jpeg,2,1239
lungn2694.jpeg,1,903
lungaca3700.jpeg,0,587
lungscc3466.jpeg,2,1127
lungscc1113.jpeg,2,1203
lungscc1229.jpeg,2,1022
lungscc1639.jpeg,2,1036
lungaca467.jpeg,0,592
lungscc3541.jpeg,2,1178
lungscc289.jpeg,2,1010
lungn4782.jpeg,1,993
lungaca3601.jpeg,0,695
lungscc1465.jpeg,2,1217
lungaca4028.jpeg,0,709
lungaca384.jpeg,0,523
lungscc4599.jpeg,2,1177
lungn2923.jpeg,1,902
lungn2567.jpeg,1,976
lungscc2436.jpeg,2,1125
lungaca4977.jpeg,0,724
lungscc4232.jpeg,2,1164
lungscc2006.jpeg,2,1220
lungaca3877.jpeg,0,613
lungn1986.jpeg,1,855
lungscc3038.jpeg,2,1024
lungscc3459.jpeg,2,1119
lungscc2988.jpeg,2,1079
lungscc2435.jpeg,2,1125
lungn1000.jpeg,1,823
lungscc3502.jpeg,2,1141
lungscc3220.jpeg,2,1125
lungn1421.jpeg,1,861
lungn3041.jpeg,1,817
lungscc3943.jpeg,2,1026
lungn4169.jpeg,1,859
lungscc1925.jpeg,2,1151
lungn4397.jpeg,1,860
lungn1342.jpeg,1,888
lungscc2604.jpeg,2,1175
lungn3318.jpeg,1,751
lungscc4149.jpeg,2,1234
lungaca4457.jpeg,0,680
lungscc1696.jpeg,2,1041
lungn511.jpeg,1,952
lungscc3737.jpeg,2,1033
lungaca3484.jpeg,0,507
lungn3926.jpeg,1,992
lungscc75.jpeg,2,1041
lungn740.jpeg,1,976
lungscc217.jpeg,2,1158
lungaca1240.jpeg,0,625
lungscc1179.jpeg,2,1105
lungscc2471.jpeg,2,1034
lungn138.jpeg,1,817
lungn186.jpeg,1,895
lungaca1424.jpeg,0,701
lungscc1617.jpeg,2,1124
lungn4185.jpeg,1,903
lungn1374.jpeg,1,803
lungaca1765.jpeg,0,617
lungscc199.jpeg,2,1015
lungn4815.jpeg,1,812
lungaca3702.jpeg,0,557
lungaca4019.jpeg,0,532
lungscc4227.jpeg,2,1003
lungn3867.jpeg,1,761
lungaca3808.jpeg,0,599
lungn2725.jpeg,1,812
lungaca3137.jpeg,0,523
lungaca2394.jpeg,0,609
lungn2267.jpeg,1,877
lungn2069.jpeg,1,830
lungn850.jpeg,1,867
lungn4943.jpeg,1,865
lungn81.jpeg,1,901
lungscc2288.jpeg,2,1178
lungn4531.jpeg,1,799
lungaca2582.jpeg,0,620
lungscc1106.jpeg,2,1178
lungscc3321.jpeg,2,1211
lungn4974.jpeg,1,843
lungn1541.jpeg,1,980
lungscc3274.jpeg,2,1061
lungaca4104.jpeg,0,583
lungscc1618.jpeg,2,1065
lungn3578.jpeg,1,852
lungaca2062.jpeg,0,571
lungn3724.jpeg,1,978
lungscc4830.jpeg,2,1070
lungscc1039.jpeg,2,1194
lungscc2287.jpeg,2,1059
lungn65.jpeg,1,767
lungaca846.jpeg,0,737
lungaca4582.jpeg,0,676
lungaca2669.jpeg,0,618
lungscc1589.jpeg,2,1046
lungaca51.jpeg,0,579
lungn2933.jpeg,1,948
lungaca4237.jpeg,0,564
lungn1818.jpeg,1,825
lungn2248.jpeg,1,882
lungaca3792.jpeg,0,549
lungn1822.jpeg,1,895
lungn1107.jpeg,1,749
lungaca2936.jpeg,0,726
lungn34.jpeg,1,770
lungscc3539.jpeg,2,1113
lungscc2599.jpeg,2,1036
lungaca1387.jpeg,0,731
lungaca4728.jpeg,0,744
lungscc1989.jpeg,2,1078
lungscc2652.jpeg,2,1005
lungaca2076.jpeg,0,533
lungn2580.jpeg,1,768
lungscc2276.jpeg,2,1008
lungn950.jpeg,1,759
lungscc1468.jpeg,2,1214
lungscc1861.jpeg,2,1068
lungscc2380.jpeg,2,1076
lungaca1682.jpeg,0,629
lungn4657.jpeg,1,842
lungn2724.jpeg,1,812
lungn4334.jpeg,1,898
lungaca2260.jpeg,0,681
lungscc1624.jpeg,2,1127
lungaca106.jpeg,0,641
lungn1815.jpeg,1,880
lungscc2156.jpeg,2,1126
lungn1666.jpeg,1,772
lungn127.jpeg,1,799
lungaca4698.jpeg,0,539
lungaca400.jpeg,0,591
lungn2168.jpeg,1,759
lungn4253.jpeg,1,833
lungn623.jpeg,1,971
lungn2142.jpeg,1,902
lungscc303.jpeg,2,1161
lungaca3306.jpeg,0,549
lungaca4426.jpeg,0,619
lungn4103.jpeg,1,805
lungaca144.jpeg,0,677
lungn667.jpeg,1,779
lungaca4551.jpeg,0,651
lungscc1979.jpeg,2,1147
lungn1964.jpeg,1,813
lungn3810.jpeg,1,761
lungn599.jpeg,1,929
lungn3824.jpeg,1,955
lungn3067.jpeg,1,891
lungscc3169.jpeg,2,1185
lungaca4261.jpeg,0,718
lungaca18.jpeg,0,678
lungscc4889.jpeg,2,1194
lungscc3410.jpeg,2,1025
lungscc4441.jpeg,2,1174
lungaca3932.jpeg,0,667
lungn2426.jpeg,1,839
lungn2096.jpeg,1,770
lungscc3765.jpeg,2,1092
lungaca3421.jpeg,0,708
lungn4295.jpeg,1,750
lungaca3588.jpeg,0,712
lungscc162.jpeg,2,1134
lungn504.jpeg,1,885
lungscc2893.jpeg,2,1022
lungn2392.jpeg,1,907
lungn2205.jpeg,1,993
lungaca2512.jpeg,0,630
lungaca4085.jpeg,0,582
lungscc2199.jpeg,2,1176
lungaca2357.jpeg,0,531
lungaca1670.jpeg,0,570
lungscc2260.jpeg,2,1032
lungn3061.jpeg,1,831
lungn3404.jpeg,1,773
lungaca2241.jpeg,0,530
lungscc1376.jpeg,2,1133
lungaca4609.jpeg,0,522
lungn497.jpeg,1,996
lungscc1448.jpeg,2,1067
lungaca3465.jpeg,0,715
lungaca2892.jpeg,0,634
lungaca999.jpeg,0,719
lungscc1814.jpeg,2,1038
lungscc3271.jpeg,2,1137
lungaca3371.jpeg,0,699
lungn2737.jpeg,1,799
lungscc562.jpeg,2,1244
lungscc139.jpeg,2,1074
lungn1866.jpeg,1,915
lungscc2184.jpeg,2,1056
lungaca2692.jpeg,0,701
lungaca4184.jpeg,0,509
lungscc3741.jpeg,2,1138
lungn1245.jpeg,1,832
lungscc694.jpeg,2,1053
lungn4715.jpeg,1,973
lungn786.jpeg,1,869
lungscc3824.jpeg,2,1051
lungscc3516.jpeg,2,1012
lungscc3564.jpeg,2,1033
lungaca74.jpeg,0,728
lungaca4304.jpeg,0,651
lungscc1255.jpeg,2,1112
lungaca2237.jpeg,0,550
lungn113.jpeg,1,806
lungaca3571.jpeg,0,639
lungaca3254.jpeg,0,540
lungaca108.jpeg,0,517
lungscc2660.jpeg,2,1055
lungaca3473.jpeg,0,536
lungaca2685.jpeg,0,506
lungscc2584.jpeg,2,1120
lungn3077.jpeg,1,812
lungaca2415.jpeg,0,529
lungn3381.jpeg,1,761
lungscc4074.jpeg,2,1136
lungscc854.jpeg,2,1167
lungaca3059.jpeg,0,693
lungscc511.jpeg,2,1001
lungaca4878.jpeg,0,568
lungaca2304.jpeg,0,631
lungscc127.jpeg,2,1178
lungn2922.jpeg,1,955
lungscc141.jpeg,2,1087
lungaca3433.jpeg,0,720
lungn1734.jpeg,1,833
lungscc1883.jpeg,2,1036
lungn732.jpeg,1,791
lungaca4360.jpeg,0,649
lungaca1411.jpeg,0,519
lungscc2935.jpeg,2,1078
lungscc266.jpeg,2,1149
lungscc2374.jpeg,2,1232
lungn2892.jpeg,1,774
lungscc2430.jpeg,2,1048
lungscc3938.jpeg,2,1035
lungscc2824.jpeg,2,1194
lungn2540.jpeg,1,840
lungn2354.jpeg,1,850
lungscc1162.jpeg,2,1172
lungn3371.jpeg,1,816
lungscc4548.jpeg,2,1056
lungscc1173.jpeg,2,1066
lungaca638.jpeg,0,587
lungaca413.jpeg,0,745
lungaca2130.jpeg,0,688
lungscc826.jpeg,2,1134
lungn765.jpeg,1,937
lungn386.jpeg,1,928
lungscc1843.jpeg,2,1032
lungn3956.jpeg,1,770
lungaca328.jpeg,0,645
lungscc4708.jpeg,2,1103
lungn610.jpeg,1,779
lungaca1632.jpeg,0,529
lungn2382.jpeg,1,793
lungaca3101.jpeg,0,536
lungscc1069.jpeg,2,1032
lungscc1001.jpeg,2,1205
lungaca1634.jpeg,0,595
lungn262.jpeg,1,824
lungaca3815.jpeg,0,684
lungn1480.jpeg,1,922
lungaca4849.jpeg,0,609
lungscc1306.jpeg,2,1140
lungscc3164.jpeg,2,1117
lungn900.jpeg,1,761
lungaca2873.jpeg,0,651
lungn565.jpeg,1,885
lungaca1611.jpeg,0,560
lungscc2838.jpeg,2,1045
lungn3419.jpeg,1,848
lungaca199.jpeg,0,740
lungaca1582.jpeg,0,650
lungscc2681.jpeg,2,1141
lungaca134.jpeg,0,588
lungscc3384.jpeg,2,1202
lungaca4921.jpeg,0,606
lungaca1565.jpeg,0,552
lungn1313.jpeg,1,755
lungn2653.jpeg,1,838
lungscc1932.jpeg,2,1103
lungaca615.jpeg,0,705
lungscc4373.jpeg,2,1042
lungaca4473.jpeg,0,546
lungaca3817.jpeg,0,636
lungaca1959.jpeg,0,622
lungn2369.jpeg,1,789
lungaca1964.jpeg,0,534
lungaca1284.jpeg,0,568
lungn4331.jpeg,1,795
lungscc1739.jpeg,2,1155
lungn4813.jpeg,1,827
lungn355.jpeg,1,853
lungaca1864.jpeg,0,734
lungaca3995.jpeg,0,667
lungscc1022.jpeg,2,1122
lungaca1252.jpeg,0,510
lungaca1213.jpeg,0,515
lungn956.jpeg,1,868
lungn2528.jpeg,1,965
lungscc2871.jpeg,2,1210
lungaca1448.jpeg,0,626
lungaca2221.jpeg,0,515
lungscc2719.jpeg,2,1189
lungscc125.jpeg,2,1167
lungn3887.jpeg,1,876
lungaca1955.jpeg,0,553
lungscc4524.jpeg,2,1218
lungscc3193.jpeg,2,1015
lungn1361.jpeg,1,912
lungaca248.jpeg,0,527
lungn208.jpeg,1,874
lungaca4576.jpeg,0,543
lungn862.jpeg,1,982
lungn279.jpeg,1,763
lungaca2050.jpeg,0,647
lungaca1866.jpeg,0,707
lungscc1750.jpeg,2,1057
lungaca3171.jpeg,0,609
lungn178.jpeg,1,956
lungn955.jpeg,1,757
lungscc4046.jpeg,2,1148
lungn3057.jpeg,1,947
lungaca2400.jpeg,0,551
lungaca96.jpeg,0,587
lungaca4970.jpeg,0,589
lungn590.jpeg,1,828
lungaca3568.jpeg,0,568
lungn930.jpeg,1,958
lungn2322.jpeg,1,908
lungaca3921.jpeg,0,699
lungaca1938.jpeg,0,542
lungn3229.jpeg,1,948
lungn50.jpeg,1,763
lungaca743.jpeg,0,636
lungn513.jpeg,1,997
lungn387.jpeg,1,793
lungn3251.jpeg,1,984
lungn4539.jpeg,1,903
lungscc4975.jpeg,2,1117
lungscc3531.jpeg,2,1228
lungaca1187.jpeg,0,513
lungn1063.jpeg,1,912
lungscc351.jpeg,2,1227
lungaca955.jpeg,0,542
lungscc4290.jpeg,2,1039
lungscc2302.jpeg,2,1174
lungaca5.jpeg,0,614
lungscc2791.jpeg,2,1176
lungscc3960.jpeg,2,1038
lungaca4379.jpeg,0,579
lungaca2838.jpeg,0,643
lungaca4346.jpeg,0,737
lungaca1542.jpeg,0,730
lungaca4014.jpeg,0,514
lungn41.jpeg,1,919
lungn3825.jpeg,1,924
lungaca4403.jpeg,0,558
lungscc3747.jpeg,2,1023
lungn373.jpeg,1,972
lungn2541.jpeg,1,850
lungaca4157.jpeg,0,720
lungscc4977.jpeg,2,1047
lungscc2421.jpeg,2,1174
lungscc2855.jpeg,2,1091
lungn1592.jpeg,1,950
lungscc3781.jpeg,2,1005
lungn3677.jpeg,1,827
lungn1307.jpeg,1,843
lungaca2797.jpeg,0,519
lungaca4292.jpeg,0,703
lungscc314.jpeg,2,1098
lungscc1436.jpeg,2,1111
lungscc2552.jpeg,2,998
lungn4128.jpeg,1,927
lungscc1839.jpeg,2,1212
lungscc1675.jpeg,2,1139
lungscc3259.jpeg,2,1029
lungaca2773.jpeg,0,598
lungscc2916.jpeg,2,1014
lungn4001.jpeg,1,883
lungaca1112.jpeg,0,550
lungscc2694.jpeg,2,1152
lungscc2418.jpeg,2,1029
lungscc342.jpeg,2,1112
lungscc1218.jpeg,2,1005
lungaca315.jpeg,0,669
lungaca2026.jpeg,0,744
lungn1543.jpeg,1,820
lungn1594.jpeg,1,918
lungaca1144.jpeg,0,690
lungscc3409.jpeg,2,1083
lungaca646.jpeg,0,738
lungscc1968.jpeg,2,1176
lungscc2942.jpeg,2,1011
lungscc4457.jpeg,2,1235
lungaca4213.jpeg,0,524
lungn1557.jpeg,1,759
lungscc4194.jpeg,2,1005
lungaca692.jpeg,0,518
lungaca940.jpeg,0,655
lungscc427.jpeg,2,1184
lungn4182.jpeg,1,878
lungn4855.jpeg,1,933
lungscc2700.jpeg,2,1035
lungn2505.jpeg,1,912
lungn1196.jpeg,1,995
lungscc2564.jpeg,2,1193
lungscc3453.jpeg,2,1171
lungaca3591.jpeg,0,644
lungscc2593.jpeg,2,1201
lungn2856.jpeg,1,790
lungn4317.jpeg,1,978
lungn4765.jpeg,1,829
lungn3440.jpeg,1,814
lungn4501.jpeg,1,962
lungn3830.jpeg,1,976
lungn4986.jpeg,1,949
lungscc1276.jpeg,2,1120
lungaca454.jpeg,0,564
lungn20.jpeg,1,765
lungaca944.jpeg,0,512
lungaca2455.jpeg,0,554
lungn3255.jpeg,1,985
lungaca731.jpeg,0,558
lungscc1724.jpeg,2,1125
lungn3425.jpeg,1,873
lungscc2967.jpeg,2,1007
lungn2261.jpeg,1,818
lungscc651.jpeg,2,1154
lungn2921.jpeg,1,950
lungn537.jpeg,1,934
lungn1675.jpeg,1,828
lungscc2670.jpeg,2,1105
lungaca2106.jpeg,0,735
lungscc3454.jpeg,2,1076
lungscc1757.jpeg,2,1043
lungaca628.jpeg,0,711
lungscc863.jpeg,2,999
lungscc263.jpeg,2,1001
lungn3965.jpeg,1,943
lungn800.jpeg,1,753
lungn1139.jpeg,1,949
lungscc65.jpeg,2,1113
lungn3569.jpeg,1,761
lungaca2690.jpeg,0,697
lungn4514.jpeg,1,872
lungscc1296.jpeg,2,1099
lungaca3179.jpeg,0,656
lungaca4080.jpeg,0,526
lungaca1149.jpeg,0,573
lungn3696.jpeg,1,815
lungscc1787.jpeg,2,1133
lungscc4707.jpeg,2,1209
lungscc7.jpeg,2,1082
lungn1981.jpeg,1,843
lungaca1865.jpeg,0,600
lungaca181.jpeg,0,685
lungaca732.jpeg,0,555
lungaca2886.jpeg,0,507
lungscc1731.jpeg,2,1092
lungn4589.jpeg,1,789
lungaca2674.jpeg,0,676
lungscc4083.jpeg,2,1043
lungaca1059.jpeg,0,733
lungaca4023.jpeg,0,634
lungn3161.jpeg,1,756
lungaca254.jpeg,0,538
lungaca3689.jpeg,0,568
lungn3920.jpeg,1,899
lungscc4029.jpeg,2,1046
lungn1629.jpeg,1,872
lungaca2594.jpeg,0,524
lungscc1566.jpeg,2,1127
lungn2711.jpeg,1,797
lungaca2969.jpeg,0,631
lungaca4095.jpeg,0,549
lungn4906.jpeg,1,964
lungscc2192.jpeg,2,998
lungscc1046.jpeg,2,1110
lungaca1123.jpeg,0,703
lungn1995.jpeg,1,899
lungaca182.jpeg,0,695
lungscc2750.jpeg,2,1012
lungscc3702.jpeg,2,1139
lungaca1379.jpeg,0,721
lungscc1009.jpeg,2,1084
lungscc804.jpeg,2,1015
lungaca745.jpeg,0,520
lungaca990.jpeg,0,517
lungscc4757.jpeg,2,1065
lungaca4665.jpeg,0,614
lungaca2758.jpeg,0,721
lungaca440.jpeg,0,635
lungscc2653.jpeg,2,1165
lungn2843.jpeg,1,760
lungn1772.jpeg,1,765
lungaca2673.jpeg,0,599
lungaca722.jpeg,0,584
lungaca4244.jpeg,0,730
lungaca275.jpeg,0,644
lungn1791.jpeg,1,875
lungn4349.jpeg,1,946
lungn3177.jpeg,1,862
lungn1567.jpeg,1,808
lungn2084.jpeg,1,750
lungn3897.jpeg,1,987
lungscc1212.jpeg,2,1004
lungaca2254.jpeg,0,659
lungscc2904.jpeg,2,1174
lungaca225.jpeg,0,554
lungaca2052.jpeg,0,717
lungn1532.jpeg,1,842
lungn3147.jpeg,1,974
lungn1703.jpeg,1,754
lungscc1472.jpeg,2,1050
lungscc4004.jpeg,2,1121
lungscc1927.jpeg,2,1033
lungscc4181.jpeg,2,1139
lungn4175.jpeg,1,867
lungaca520.jpeg,0,592
lungscc988.jpeg,2,1156
lungn1785.jpeg,1,858
lungaca3212.jpeg,0,728
lungaca4836.jpeg,0,518
lungn1503.jpeg,1,844
lungn2927.jpeg,1,913
lungn526.jpeg,1,866
lungaca217.jpeg,0,716
lungaca1071.jpeg,0,601
lungn1600.jpeg,1,973
lungn1386.jpeg,1,853
lungscc2978.jpeg,2,1171
lungn2504.jpeg,1,775
lungscc2744.jpeg,2,1104
lungscc1131.jpeg,2,1114
lungn4899.jpeg,1,957
lungn4437.jpeg,1,921
lungaca1677.jpeg,0,517
lungn377.jpeg,1,807
lungscc1055.jpeg,2,1116
lungaca2569.jpeg,0,536
lungn4750.jpeg,1,963
lungaca1946.jpeg,0,523
lungn2212.jpeg,1,922
lungaca4857.jpeg,0,551
lungscc4540.jpeg,2,1118
lungscc3543.jpeg,2,1094
lungscc3157.jpeg,2,1231
lungn4641.jpeg,1,865
lungn2925.jpeg,1,975
lungscc4563.jpeg,2,1114
lungscc2208.jpeg,2,1024
lungn4089.jpeg,1,923
lungaca3755.jpeg,0,660
lungscc757.jpeg,2,1221
lungn1444.jpeg,1,757
lungscc391.jpeg,2,1158
lungaca4186.jpeg,0,659
lungaca2617.jpeg,0,660
lungscc1439.jpeg,2,1083
lungscc845.jpeg,2,1080
lungscc2047.jpeg,2,1030
lungn2844.jpeg,1,969
lungn4869.jpeg,1,891
lungn192.jpeg,1,892
lungaca2070.jpeg,0,569
lungscc4626.jpeg,2,1238
lungaca3609.jpeg,0,623
lungscc3888.jpeg,2,1064
lungn1093.jpeg,1,904
lungn4193.jpeg,1,766
lungaca2704.jpeg,0,554
lungn3654.jpeg,1,912
lungaca1414.jpeg,0,723
lungscc4113.jpeg,2,1076
lungaca4947.jpeg,0,518
lungaca3449.jpeg,0,567
lungn1340.jpeg,1,750
lungn4587.jpeg,1,932
lungn2158.jpeg,1,935
lungaca2056.jpeg,0,714
lungscc4013.jpeg,2,1103
lungscc3873.jpeg,2,1093
lungscc2597.jpeg,2,1087
lungscc225.jpeg,2,1027
lungscc1420.jpeg,2,1140
lungaca2093.jpeg,0,544
lungscc4008.jpeg,2,1229
lungaca3299.jpeg,0,604
lungscc3178.jpeg,2,1181
lungaca4240.jpeg,0,603
lungn2405.jpeg,1,759
lungaca3164.jpeg,0,644
lungscc393.jpeg,2,1123
lungn2476.jpeg,1,795
lungn288.jpeg,1,828
lungaca2484.jpeg,0,569
lungaca2075.jpeg,0,631
lungaca1110.jpeg,0,563
lungscc3087.jpeg,2,1214
lungaca4964.jpeg,0,580
lungn1125.jpeg,1,988
lungn4938.jpeg,1,774
lungaca2839.jpeg,0,739
lungaca323.jpeg,0,577
lungaca950.jpeg,0,720
lungscc3120.jpeg,2,1120
lungn3961.jpeg,1,766
lungaca2382.jpeg,0,704
lungaca1441.jpeg,0,656
lungaca2842.jpeg,0,652
lungn1874.jpeg,1,856
lungaca3294.jpeg,0,586
lungn309.jpeg,1,825
lungscc3495.jpeg,2,1217
lungaca2516.jpeg,0,620
lungaca503.jpeg,0,696
lungscc991.jpeg,2,1166
lungaca4882.jpeg,0,746
lungscc3599.jpeg,2,1172
lungn891.jpeg,1,893
lungn4946.jpeg,1,769
lungn1958.jpeg,1,912
lungaca3587.jpeg,0,697
lungn1418.jpeg,1,817
lungn1464.jpeg,1,799
lungscc4751.jpeg,2,1207
lungscc1209.jpeg,2,1054
lungn3140.jpeg,1,774
lungn1251.jpeg,1,783
lungscc3585.jpeg,2,1122
lungn2888.jpeg,1,917
lungn105.jpeg,1,984
lungscc353.jpeg,2,1068
lungn3741.jpeg,1,782
lungn1989.jpeg,1,838
lungn4764.jpeg,1,956
lungscc2816.jpeg,2,1153
lungaca4953.jpeg,0,534
lungn998.jpeg,1,905
lungn3205.jpeg,1,863
lungscc307.jpeg,2,1165
lungscc2504.jpeg,2,1193
lungn2477.jpeg,1,814
lungaca687.jpeg,0,673
lungscc2312.jpeg,2,1014
lungscc232.jpeg,2,1111
lungaca2083.jpeg,0,661
lungn2942.jpeg,1,905
lungaca4928.jpeg,0,646
lungscc390.jpeg,2,1013
lungscc1318.jpeg,2,1061
lungn555.jpeg,1,815
lungaca4181.jpeg,0,508
lungscc584.jpeg,2,1016
lungscc3095.jpeg,2,1027
lungaca3776.jpeg,0,514
lungn2891.jpeg,1,757
lungn1301.jpeg,1,947
lungscc223.jpeg,2,1090
lungn2419.jpeg,1,898
lungscc396.jpeg,2,1179
lungn3129.jpeg,1,836
lungaca1762.jpeg,0,552
lungn1559.jpeg,1,884
lungn1602.jpeg,1,864
lungscc364.jpeg,2,1059
lungaca1122.jpeg,0,603
lungscc3616.jpeg,2,1001
lungaca2223.jpeg,0,694
lungscc4461.jpeg,2,1191
lungscc2109.jpeg,2,1094
lungaca556.jpeg,0,588
lungaca2364.jpeg,0,618
lungaca1638.jpeg,0,680
lungscc3863.jpeg,2,1129
lungaca4791.jpeg,0,510
lungaca2268.jpeg,0,736
lungn3069.jpeg,1,917
lungaca2570.jpeg,0,665
lungscc2873.jpeg,2,1069
lungn1324.jpeg,1,780
lungn503.jpeg,1,888
lungaca830.jpeg,0,515
lungaca4209.jpeg,0,743
lungn4485.jpeg,1,824
lungscc2805.jpeg,2,1238
lungscc3243.jpeg,2,1127
lungscc3011.jpeg,2,1115
lungn814.jpeg,1,796
lungaca2051.jpeg,0,647
lungaca4743.jpeg,0,589
lungscc1872.jpeg,2,1057
lungaca3956.jpeg,0,690
lungaca4830.jpeg,0,617
lungscc708.jpeg,2,1093
lungscc2623.jpeg,2,1171
lungn3761.jpeg,1,835
lungaca1324.jpeg,0,607
lungscc2557.jpeg,2,1125
lungaca1989.jpeg,0,623
lungaca2063.jpeg,0,680
lungscc3975.jpeg,2,1040
lungn4489.jpeg,1,771
lungn4000.jpeg,1,773
lungn1144.jpeg,1,780
lungn4094.jpeg,1,963
lungn3553.jpeg,1,881
lungaca945.jpeg,0,512
lungaca3849.jpeg,0,725
lungn354.jpeg,1,853
lungn4216.jpeg,1,893
lungn2642.jpeg,1,752
lungaca2007.jpeg,0,706
lungn1456.jpeg,1,882
lungn2714.jpeg,1,828
lungaca2746.jpeg,0,665
lungscc306.jpeg,2,1190
lungn4726.jpeg,1,862
lungscc1573.jpeg,2,1030
lungaca2610.jpeg,0,627
lungscc1747.jpeg,2,1216
lungscc4694.jpeg,2,1039
lungaca4614.jpeg,0,736
lungscc4064.jpeg,2,1241
lungn4741.jpeg,1,937
lungn3340.jpeg,1,911
lungscc817.jpeg,2,1175
lungscc874.jpeg,2,1230
lungaca1398.jpeg,0,550
lungaca3331.jpeg,0,520
lungn2449.jpeg,1,861
lungaca2719.jpeg,0,516
lungscc2365.jpeg,2,1150
lungaca3011.jpeg,0,515
lungscc703.jpeg,2,1186
lungscc33.jpeg,2,1170
lungn3470.jpeg,1,770
lungn1366.jpeg,1,947
lungn489.jpeg,1,932
lungn272.jpeg,1,772
lungaca4653.jpeg,0,511
lungn3290.jpeg,1,967
lungn750.jpeg,1,927
lungn344.jpeg,1,831
lungn4961.jpeg,1,775
lungn2776.jpeg,1,873
lungaca1311.jpeg,0,517
lungaca3279.jpeg,0,722
lungn3513.jpeg,1,856
lungscc1215.jpeg,2,1097
lungn4066.jpeg,1,952
lungaca1593.jpeg,0,702
lungn2835.jpeg,1,832
lungscc2161.jpeg,2,1109
lungaca2766.jpeg,0,578
lungscc4086.jpeg,2,1066
lungscc1057.jpeg,2,1046
lungn4977.jpeg,1,857
lungn1730.jpeg,1,772
lungaca2016.jpeg,0,660
lungn3323.jpeg,1,865
lungn1710.jpeg,1,876
lungaca267.jpeg,0,511
lungscc632.jpeg,2,1132
lungscc4031.jpeg,2,1226
lungaca3431.jpeg,0,694
lungn2312.jpeg,1,890
lungn4500.jpeg,1,873
lungscc4505.jpeg,2,1179
lungscc2684.jpeg,2,998
lungn2684.jpeg,1,749
lungscc1035.jpeg,2,1108
lungscc335.jpeg,2,1014
lungn349.jpeg,1,784
lungaca1378.jpeg,0,687
lungaca1477.jpeg,0,591
lungn573.jpeg,1,980
lungscc616.jpeg,2,1005
lungscc4410.jpeg,2,1025
lungaca2597.jpeg,0,549
lungscc270.jpeg,2,1129
lungn2819.jpeg,1,864
lungscc1172.jpeg,2,1022
lungn4636.jpeg,1,949
lungscc46.jpeg,2,1039
lungn2702.jpeg,1,848
lungn2521.jpeg,1,833
lungscc1059.jpeg,2,1132
lungscc4702.jpeg,2,1009
lungn1554.jpeg,1,953
lungscc1772.jpeg,2,1082
lungn929.jpeg,1,770
lungscc1262.jpeg,2,1083
lungscc3646.jpeg,2,1147
lungn1333.jpeg,1,867
lungscc1083.jpeg,2,1219
lungn760.jpeg,1,965
lungscc3239.jpeg,2,1004
lungn1662.jpeg,1,787
lungscc1362.jpeg,2,1044
lungn2982.jpeg,1,957
lungscc68.jpeg,2,1157
lungscc4385.jpeg,2,1205
lungscc2882.jpeg,2,1057
lungaca1002.jpeg,0,569
lungaca3246.jpeg,0,565
lungn2131.jpeg,1,867
lungscc1093.jpeg,2,1135
lungscc3580.jpeg,2,1133
lungaca948.jpeg,0,709
lungscc2082.jpeg,2,1188
lungn2548.jpeg,1,992
lungaca4484.jpeg,0,570
lungscc4718.jpeg,2,1031
lungn1321.jpeg,1,968
lungn1140.jpeg,1,827
lungscc3743.jpeg,2,1053
lungaca4269.jpeg,0,720
lungn3329.jpeg,1,930
lungaca2395.jpeg,0,559
lungn183.jpeg,1,945
lungaca2599.jpeg,0,683
lungaca1610.jpeg,0,672
lungaca3141.jpeg,0,676
lungscc470.jpeg,2,1112
lungn3453.jpeg,1,778
lungaca1445.jpeg,0,512
lungn2587.jpeg,1,843
lungaca3126.jpeg,0,529
lungaca1234.jpeg,0,741
lungscc4152.jpeg,2,1105
lungscc2306.jpeg,2,1072
lungscc915.jpeg,2,1161
lungn3758.jpeg,1,890
lungscc4775.jpeg,2,1043
lungaca4096.jpeg,0,527
lungscc1754.jpeg,2,1189
lungaca4220.jpeg,0,640
lungscc379.jpeg,2,1187
lungaca2058.jpeg,0,539
lungaca1042.jpeg,0,651
lungscc1550.jpeg,2,1051
lungn1777.jpeg,1,749
lungn2233.jpeg,1,934
lungaca4722.jpeg,0,664
lungscc2359.jpeg,2,1066
lungscc3951.jpeg,2,1177
lungn611.jpeg,1,822
lungaca1990.jpeg,0,734
lungaca2881.jpeg,0,526
lungscc2581.jpeg,2,1026
lungscc1407.jpeg,2,1166
lungaca4046.jpeg,0,599
lungscc2282.jpeg,2,1120
lungn1885.jpeg,1,950
lungn1315.jpeg,1,757
lungaca2211.jpeg,0,616
lungaca4406.jpeg,0,728
lungscc1638.jpeg,2,1211
lungscc2976.jpeg,2,1091
lungscc4544.jpeg,2,1095
lungn2011.jpeg,1,990
lungscc3431.jpeg,2,1146
lungaca4758.jpeg,0,549
lungscc1454.jpeg,2,1222
lungn1934.jpeg,1,872
lungn2355.jpeg,1,886
lungscc2703.jpeg,2,1109
lungaca1693.jpeg,0,735
lungn3321.jpeg,1,847
lungaca186.jpeg,0,626
lungaca4894.jpeg,0,557
lungscc1036.jpeg,2,1183
lungn2558.jpeg,1,892
lungaca668.jpeg,0,595
lungn3552.jpeg,1,931
lungn4316.jpeg,1,768
lungn1161.jpeg,1,888
lungaca1129.jpeg,0,664
lungscc2743.jpeg,2,1137
lungaca1783.jpeg,0,592
lungscc4663.jpeg,2,1110
lungscc4454.jpeg,2,1023
lungscc3551.jpeg,2,1087
lungn670.jpeg,1,925
lungn3634.jpeg,1,781
lungaca2377.jpeg,0,511
lungscc3187.jpeg,2,1172
lungaca4585.jpeg,0,538
lungscc3545.jpeg,2,1115
lungaca4000.jpeg,0,564
lungn4028.jpeg,1,917
lungscc3331.jpeg,2,1175
lungscc2076.jpeg,2,1020
lungscc1027.jpeg,2,1035
lungaca6.jpeg,0,561
lungaca3779.jpeg,0,656
lungaca1562.jpeg,0,551
lungscc2921.jpeg,2,1016
lungscc1736.jpeg,2,1035
lungscc285.jpeg,2,1130
lungn4947.jpeg,1,805
lungaca3585.jpeg,0,587
lungaca17.jpeg,0,585
lungscc2730.jpeg,2,1036
lungscc2650.jpeg,2,1194
lungaca803.jpeg,0,622
lungscc3389.jpeg,2,1168
lungn2634.jpeg,1,861
lungscc3240.jpeg,2,1181
lungscc1525.jpeg,2,1138
lungn84.jpeg,1,957
lungaca3072.jpeg,0,571
lungn4493.jpeg,1,935
lungaca4809.jpeg,0,545
lungscc4720.jpeg,2,1211
lungaca357.jpeg,0,579
lungaca4429.jpeg,0,522
lungaca4706.jpeg,0,539
lungscc3010.jpeg,2,1059
lungn3756.jpeg,1,792
lungaca1160.jpeg,0,731
lungn1523.jpeg,1,778
lungaca4793.jpeg,0,668
lungn2862.jpeg,1,901
lungaca711.jpeg,0,532
lungscc4695.jpeg,2,1219
lungn2171.jpeg,1,917
lungscc3068.jpeg,2,1157
lungaca4608.jpeg,0,525
lungn4362.jpeg,1,877
lungscc2651.jpeg,2,1194
lungscc2181.jpeg,2,1022
lungn3000.jpeg,1,837
lungaca3034.jpeg,0,599
lungscc384.jpeg,2,1220
lungn2201.jpeg,1,912
lungaca1084.jpeg,0,665
lungaca209.jpeg,0,583
lungaca1239.jpeg,0,636
lungn463.jpeg,1,764
lungn3972.jpeg,1,931
lungn448.jpeg,1,960
lungn1108.jpeg,1,885
lungscc2887.jpeg,2,1201
lungn951.jpeg,1,969
lungscc2455.jpeg,2,1223
lungn2542.jpeg,1,860
lungaca2440.jpeg,0,564
lungaca2399.jpeg,0,710
lungscc2026.jpeg,2,1112
lungaca3911.jpeg,0,596
lungn2636.jpeg,1,874
lungscc337.jpeg,2,1137
lungaca2348.jpeg,0,731
lungscc3476.jpeg,2,1057
lungn308.jpeg,1,974
lungaca978.jpeg,0,701
lungaca3548.jpeg,0,573
lungn2332.jpeg,1,870
lungaca2724.jpeg,0,543
lungn3123.jpeg,1,919
lungscc4142.jpeg,2,1180
lungscc2393.jpeg,2,1199
lungaca1747.jpeg,0,743
lungaca2866.jpeg,0,716
lungaca3325.jpeg,0,533
lungn3192.jpeg,1,843
lungn1625.jpeg,1,898
lungscc2774.jpeg,2,1087
lungaca3381.jpeg,0,677
lungscc4151.jpeg,2,1046
lungn2872.jpeg,1,912
lungn3409.jpeg,1,993
lungscc43.jpeg,2,1148
lungaca1751.jpeg,0,539
lungn3479.jpeg,1,772
lungn9.jpeg,1,931
lungaca1919.jpeg,0,685
lungaca700.jpeg,0,608
lungscc93.jpeg,2,1020
lungn4444.jpeg,1,832
lungn4154.jpeg,1,868
lungaca4557.jpeg,0,690
lungscc4391.jpeg,2,1204
lungaca1327.jpeg,0,516
lungn399.jpeg,1,919
lungscc4231.jpeg,2,1047
lungaca3602.jpeg,0,606
lungn1296.jpeg,1,870
lungaca4037.jpeg,0,598
lungn2561.jpeg,1,918
lungaca4908.jpeg,0,528
lungscc4206.jpeg,2,1056
lungaca1829.jpeg,0,506
lungn2037.jpeg,1,953
lungscc1738.jpeg,2,1199
lungn1394.jpeg,1,812
lungaca4335.jpeg,0,543
lungscc36.jpeg,2,1028
lungscc1629.jpeg,2,1057
lungscc3679.jpeg,2,1168
lungscc4394.jpeg,2,1053
lungaca2778.jpeg,0,542
lungaca2424.jpeg,0,700
lungaca983.jpeg,0,651
lungaca593.jpeg,0,579
lungscc3057.jpeg,2,1135
lungn4716.jpeg,1,849
lungscc2070.jpeg,2,1123
lungscc4580.jpeg,2,1051
lungscc4035.jpeg,2,1106
lungscc4704.jpeg,2,1033
lungaca1704.jpeg,0,714
lungaca3903.jpeg,0,589
lungaca3554.jpeg,0,607
lungscc4581.jpeg,2,1133
lungn4604.jpeg,1,770
lungaca324.jpeg,0,533
lungaca107.jpeg,0,745
lungaca789.jpeg,0,635
lungn1359.jpeg,1,907
lungscc3151.jpeg,2,1205
lungn1130.jpeg,1,923
lungn3994.jpeg,1,911
lungn3615.jpeg,1,965
lungn3624.jpeg,1,868
lungn4893.jpeg,1,944
lungn1433.jpeg,1,962
lungscc4760.jpeg,2,1069
lungn2117.jpeg,1,808
lungaca2122.jpeg,0,707
lungscc4637.jpeg,2,1089
lungscc4791.jpeg,2,1048
lungscc2687.jpeg,2,1101
lungn3618.jpeg,1,828
lungaca927.jpeg,0,642
lungn3792.jpeg,1,914
lungscc4322.jpeg,2,1056
lungaca2369.jpeg,0,631
lungscc1764.jpeg,2,1163
lungaca2219.jpeg,0,634
lungn356.jpeg,1,873
lungaca122.jpeg,0,569
lungscc1735.jpeg,2,1119
lungaca3723.jpeg,0,515
lungscc3716.jpeg,2,1194
lungaca677.jpeg,0,737
lungn2853.jpeg,1,779
lungscc1590.jpeg,2,1046
lungscc3700.jpeg,2,1121
lungscc2408.jpeg,2,1189
lungaca4250.jpeg,0,744
lungaca2801.jpeg,0,660
lungaca3797.jpeg,0,717
lungn1537.jpeg,1,976
lungaca1527.jpeg,0,684
lungn2565.jpeg,1,791
lungn1193.jpeg,1,759
lungscc1611.jpeg,2,1012
lungaca2138.jpeg,0,603
lungn1157.jpeg,1,879
lungaca2300.jpeg,0,610
lungaca1426.jpeg,0,608
lungaca3652.jpeg,0,526
lungscc2319.jpeg,2,1236
lungaca2511.jpeg,0,686
lungn4794.jpeg,1,768
lungn4740.jpeg,1,838
lungaca982.jpeg,0,658
lungn1545.jpeg,1,942
lungaca3459.jpeg,0,667
lungn4567.jpeg,1,795
lungscc3306.jpeg,2,1002
lungaca4670.jpeg,0,559
lungscc4024.jpeg,2,1041
lungscc2268.jpeg,2,1111
lungn2620.jpeg,1,798
lungn1912.jpeg,1,962
lungaca383.jpeg,0,568
lungscc2548.jpeg,2,1163
lungaca4934.jpeg,0,571
lungscc2583.jpeg,2,1085
lungscc614.jpeg,2,1222
lungaca2539.jpeg,0,550
lungn3914.jpeg,1,794
lungaca3704.jpeg,0,597
lungscc709.jpeg,2,1093
lungn1016.jpeg,1,784
lungaca3882.jpeg,0,659
lungaca3895.jpeg,0,605
lungn3180.jpeg,1,797
lungaca741.jpeg,0,702
lungn3822.jpeg,1,944
lungn939.jpeg,1,797
lungscc124.jpeg,2,1011
lungscc2336.jpeg,2,1162
lungaca129.jpeg,0,739
lungaca3032.jpeg,0,568
lungn1711.jpeg,1,879
lungaca1266.jpeg,0,692
lungn2394.jpeg,1,771
lungn4389.jpeg,1,899
lungscc2683.jpeg,2,998
lungaca597.jpeg,0,620
lungscc3425.jpeg,2,1038
lungscc1321.jpeg,2,1219
lungaca637.jpeg,0,591
lungaca2714.jpeg,0,692
lungaca3258.jpeg,0,643
lungaca4418.jpeg,0,524
lungscc4966.jpeg,2,1163
lungaca1901.jpeg,0,738
lungn4337.jpeg,1,839
lungaca4629.jpeg,0,733
lungaca4530.jpeg,0,639
lungaca3869.jpeg,0,542
lungn1426.jpeg,1,862
lungaca1338.jpeg,0,569
lungn4247.jpeg,1,907
lungn657.jpeg,1,844
lungscc1610.jpeg,2,1207
lungscc1429.jpeg,2,1213
lungn3913.jpeg,1,855
lungscc3887.jpeg,2,1111
lungn4622.jpeg,1,866
lungscc642.jpeg,2,1093
lungscc2185.jpeg,2,1239
lungn1327.jpeg,1,790
lungscc2008.jpeg,2,1208
lungscc4059.jpeg,2,1124
lungaca178.jpeg,0,726
lungn3417.jpeg,1,861
lungn3559.jpeg,1,917
lungaca3236.jpeg,0,514
lungn3416.jpeg,1,824
lungscc2140.jpeg,2,1235
lungaca4407.jpeg,0,556
lungaca2952.jpeg,0,731
lungn3271.jpeg,1,765
lungaca2001.jpeg,0,558
lungn451.jpeg,1,800
lungaca1335.jpeg,0,588
lungn3023.jpeg,1,806
lungaca2315.jpeg,0,593
lungn2916.jpeg,1,901
lungaca1876.jpeg,0,537
lungscc3507.jpeg,2,1016
lungscc3058.jpeg,2,1229
lungn89.jpeg,1,849
lungn2665.jpeg,1,761
lungscc3719.jpeg,2,1136
lungscc4051.jpeg,2,1091
lungscc547.jpeg,2,1085
lungscc2399.jpeg,2,1200
lungaca4972.jpeg,0,566
lungn1052.jpeg,1,770
lungaca2623.jpeg,0,697
lungscc1770.jpeg,2,1179
lungaca3338.jpeg,0,664
lungscc367.jpeg,2,1094
lungn3620.jpeg,1,941
lungaca1049.jpeg,0,574
lungscc108.jpeg,2,1000
lungaca2572.jpeg,0,609
lungaca1345.jpeg,0,688
lungaca4605.jpeg,0,513
lungaca114.jpeg,0,685
lungaca4644.jpeg,0,556
lungn4528.jpeg,1,776
lungscc2108.jpeg,2,1178
lungscc981.jpeg,2,1161
lungscc3662.jpeg,2,1063
lungaca3399.jpeg,0,619
lungaca3784.jpeg,0,655
lungaca3974.jpeg,0,623
lungscc3309.jpeg,2,1178
lungscc4895.jpeg,2,1043
lungaca1115.jpeg,0,610
lungaca3402.jpeg,0,698
lungn485.jpeg,1,961
lungscc901.jpeg,2,1139
lungscc790.jpeg,2,1118
lungaca4848.jpeg,0,658
lungn1935.jpeg,1,925
lungscc4736.jpeg,2,1020
lungn2021.jpeg,1,824
lungn4059.jpeg,1,924
lungn3748.jpeg,1,822
lungscc2277.jpeg,2,1067
lungaca1132.jpeg,0,534
lungscc3920.jpeg,2,1231
lungscc2015.jpeg,2,1138
lungscc501.jpeg,2,1203
lungscc4574.jpeg,2,1091
lungaca4275.jpeg,0,588
lungn2244.jpeg,1,956
lungn2928.jpeg,1,802
lungaca2854.jpeg,0,533
lungn1565.jpeg,1,868
lungn3546.jpeg,1,768
lungn3705.jpeg,1,819
lungn2977.jpeg,1,902
lungaca464.jpeg,0,712
lungaca1676.jpeg,0,736
lungscc1002.jpeg,2,1072
lungaca4112.jpeg,0,637
lungscc277.jpeg,2,1048
lungn4301.jpeg,1,885
lungaca1302.jpeg,0,654
lungn442.jpeg,1,951
lungn3847.jpeg,1,831
lungn3583.jpeg,1,756
lungaca1272.jpeg,0,578
lungaca4913.jpeg,0,507
lungn1078.jpeg,1,866
lungn1231.jpeg,1,786
lungaca1647.jpeg,0,627
lungn3179.jpeg,1,821
lungscc4278.jpeg,2,1019
lungaca3190.jpeg,0,732
lungn2013.jpeg,1,809
lungn1535.jpeg,1,802
lungaca4684.jpeg,0,573
lungscc3290.jpeg,2,1131
lungscc3110.jpeg,2,1079
lungscc474.jpeg,2,1017
lungscc897.jpeg,2,1051
lungscc1045.jpeg,2,1095
lungaca2796.jpeg,0,613
lungn4661.jpeg,1,976
lungaca813.jpeg,0,611
lungscc2188.jpeg,2,1149
lungscc2028.jpeg,2,1076
lungaca1217.jpeg,0,549
lungn2586.jpeg,1,979
lungn348.jpeg,1,891
lungscc419.jpeg,2,1119
lungaca4329.jpeg,0,595
lungn3560.jpeg,1,838
lungaca3566.jpeg,0,542
lungaca3804.jpeg,0,635
lungscc3821.jpeg,2,1143
lungscc4646.jpeg,2,1062
lungaca3783.jpeg,0,573
lungn3392.jpeg,1,798
lungscc2641.jpeg,2,1062
lungscc1077.jpeg,2,1224
lungn2485.jpeg,1,886
lungscc392.jpeg,2,1138
lungaca2358.jpeg,0,569
lungscc2010.jpeg,2,1205
lungscc4382.jpeg,2,1233
lungaca3872.jpeg,0,530
lungscc414.jpeg,2,1133
lungn3059.jpeg,1,823
lungscc1467.jpeg,2,1163
lungscc4076.jpeg,2,1094
lungn3287.jpeg,1,913
lungscc1944.jpeg,2,1031
lungaca3608.jpeg,0,529
lungaca4842.jpeg,0,612
lungn4203.jpeg,1,866
lungn1165.jpeg,1,928
lungscc681.jpeg,2,1245
lungscc1025.jpeg,2,1223
lungaca3472.jpeg,0,592
lungaca649.jpeg,0,642
lungaca138.jpeg,0,523
lungscc2932.jpeg,2,1147
lungn2827.jpeg,1,912
lungaca613.jpeg,0,740
lungscc4221.jpeg,2,1077
lungn1401.jpeg,1,932
lungn4882.jpeg,1,930
lungn2298.jpeg,1,992
lungn4292.jpeg,1,959
lungaca2739.jpeg,0,508
lungscc4955.jpeg,2,1110
lungaca3425.jpeg,0,675
lungn2376.jpeg,1,911
lungscc3946.jpeg,2,1120
lungaca2686.jpeg,0,520
lungaca1931.jpeg,0,598
lungscc3932.jpeg,2,1238
lungscc477.jpeg,2,1089
lungn1104.jpeg,1,854
lungaca12.jpeg,0,554
lungscc3206.jpeg,2,1013
lungn4511.jpeg,1,826
lungaca1015.jpeg,0,537
lungaca1810.jpeg,0,635
lungaca3265.jpeg,0,555
lungn1530.jpeg,1,924
lungaca3394.jpeg,0,587
lungscc2784.jpeg,2,1149
lungn1378.jpeg,1,965
lungscc2307.jpeg,2,1214
lungaca3226.jpeg,0,716
lungaca170.jpeg,0,628
lungn3979.jpeg,1,808
lungscc4287.jpeg,2,1061
lungaca913.jpeg,0,602
lungscc4140.jpeg,2,1178
lungaca1912.jpeg,0,574
lungscc1412.jpeg,2,1132
lungn890.jpeg,1,844
lungaca1963.jpeg,0,682
lungaca1372.jpeg,0,629
lungscc3288.jpeg,2,1147
lungaca1576.jpeg,0,540
lungaca118.jpeg,0,725
lungn3607.jpeg,1,981
lungaca1606.jpeg,0,654
lungn1208.jpeg,1,761
lungscc3957.jpeg,2,1070
lungaca2161.jpeg,0,565
lungaca1621.jpeg,0,708
lungscc1873.jpeg,2,1136
lungn1574.jpeg,1,939
lungaca3188.jpeg,0,727
lungaca2611.jpeg,0,667
lungn3713.jpeg,1,787
lungscc2929.jpeg,2,1092
lungn4282.jpeg,1,804
lungscc2090.jpeg,2,1039
lungaca3982.jpeg,0,581
lungscc63.jpeg,2,1161
lungscc2349.jpeg,2,1178
lungscc2810.jpeg,2,1147
lungn185.jpeg,1,882
lungscc3829.jpeg,2,1122
lungaca2659.jpeg,0,543
lungaca4565.jpeg,0,655
lungaca4310.jpeg,0,710
lungn2683.jpeg,1,924
lungn90.jpeg,1,770
lungn788.jpeg,1,959
lungscc3819.jpeg,2,1154
lungn1379.jpeg,1,889
lungn1478.jpeg,1,964
lungscc3212.jpeg,2,1179
lungn1189.jpeg,1,803
lungaca3094.jpeg,0,572
lungscc3081.jpeg,2,1192
lungaca676.jpeg,0,576
lungaca3906.jpeg,0,620
lungaca929.jpeg,0,668
lungn1859.jpeg,1,843
lungscc4489.jpeg,2,1041
lungaca4114.jpeg,0,524
lungaca407.jpeg,0,534
lungscc2665.jpeg,2,1021
lungaca58.jpeg,0,512
lungaca3789.jpeg,0,569
lungscc4520.jpeg,2,1027
lungaca1591.jpeg,0,688
lungn2348.jpeg,1,814
lungn1305.jpeg,1,873
lungaca75.jpeg,0,577
lungscc862.jpeg,2,1058
lungaca455.jpeg,0,661
lungscc4682.jpeg,2,1048
lungn385.jpeg,1,878
lungaca1662.jpeg,0,682
lungaca3717.jpeg,0,552
lungaca673.jpeg,0,543
lungn1102.jpeg,1,852
lungn825.jpeg,1,838
lungaca1838.jpeg,0,716
lungaca3544.jpeg,0,552
lungn2239.jpeg,1,939
lungn1745.jpeg,1,995
lungaca2291.jpeg,0,524
lungscc2911.jpeg,2,1007
lungn374.jpeg,1,901
lungaca1975.jpeg,0,653
lungn3364.jpeg,1,887
lungaca3251.jpeg,0,607
lungscc4722.jpeg,2,1166
lungscc2789.jpeg,2,1138
lungscc2631.jpeg,2,1121
lungn3117.jpeg,1,862
lungaca4998.jpeg,0,715
lungn1083.jpeg,1,941
lungn1563.jpeg,1,795
lungn1663.jpeg,1,983
lungscc911.jpeg,2,1004
lungscc2558.jpeg,2,1125
lungaca822.jpeg,0,579
lungn1601.jpeg,1,940
lungscc788.jpeg,2,1033
lungscc4249.jpeg,2,1161
lungaca991.jpeg,0,586
lungscc3054.jpeg,2,1210
lungaca2287.jpeg,0,590
lungn797.jpeg,1,793
lungn3358.jpeg,1,823
lungn2082.jpeg,1,959
lungaca4221.jpeg,0,640
lungaca1709.jpeg,0,618
lungscc4929.jpeg,2,1092
lungscc4005.jpeg,2,1079
lungn2543.jpeg,1,860
lungscc4887.jpeg,2,1190
lungn3832.jpeg,1,897
lungn3565.jpeg,1,827
lungaca3511.jpeg,0,576
lungn2944.jpeg,1,785
lungaca1625.jpeg,0,512
lungaca104.jpeg,0,592
lungaca3854.jpeg,0,607
lungn2867.jpeg,1,955
lungn3841.jpeg,1,981
lungaca3989.jpeg,0,577
lungaca3718.jpeg,0,620
lungn2777.jpeg,1,814
lungn3971.jpeg,1,803
lungscc3680.jpeg,2,1168
lungaca3125.jpeg,0,529
lungn2122.jpeg,1,822
lungn2150.jpeg,1,960
lungaca3675.jpeg,0,739
lungaca3575.jpeg,0,645
lungn1963.jpeg,1,958
lungscc3861.jpeg,2,1013
lungscc3618.jpeg,2,1132
lungaca2551.jpeg,0,711
lungaca4091.jpeg,0,607
lungscc386.jpeg,2,1049
lungscc4498.jpeg,2,1052
lungscc4804.jpeg,2,1159
lungn870.jpeg,1,907
lungn2095.jpeg,1,770
lungaca3329.jpeg,0,637
lungn3279.jpeg,1,950
lungaca3750.jpeg,0,613
lungn1030.jpeg,1,779
lungscc3736.jpeg,2,1149
lungn2085.jpeg,1,879
lungaca2142.jpeg,0,682
lungscc123.jpeg,2,1011
lungaca1994.jpeg,0,600
lungn4670.jpeg,1,910
lungaca4110.jpeg,0,625
lungn1863.jpeg,1,795
lungn10.jpeg,1,931
lungn3803.jpeg,1,847
lungaca1245.jpeg,0,649
lungn143.jpeg,1,849
lungscc503.jpeg,2,1034
lungaca2375.jpeg,0,711
lungn4204.jpeg,1,887
lungscc3104.jpeg,2,1207
lungn165.jpeg,1,979
lungn2137.jpeg,1,918
lungaca2783.jpeg,0,537
lungaca2849.jpeg,0,728
lungscc2060.jpeg,2,1187
lungn172.jpeg,1,782
lungn1797.jpeg,1,873
lungscc2283.jpeg,2,1005
lungn3263.jpeg,1,777
lungaca1452.jpeg,0,670
lungaca1673.jpeg,0,525
lungaca2997.jpeg,0,642
lungaca3647.jpeg,0,665
lungaca3477.jpeg,0,630
lungn1655.jpeg,1,973
lungaca4681.jpeg,0,721
lungn2988.jpeg,1,948
lungn1701.jpeg,1,845
lungscc2720.jpeg,2,1201
lungscc2553.jpeg,2,1019
lungn2482.jpeg,1,827
lungaca825.jpeg,0,532
lungaca4786.jpeg,0,681
lungscc253.jpeg,2,1107
lungn4423.jpeg,1,819
lungscc3404.jpeg,2,1076
lungscc430.jpeg,2,1033
lungscc4990.jpeg,2,1223
lungaca2208.jpeg,0,605
lungscc445.jpeg,2,1036
lungn3148.jpeg,1,805
lungn3630.jpeg,1,845
lungn2662.jpeg,1,839
lungaca3091.jpeg,0,649
lungn1414.jpeg,1,902
lungn3257.jpeg,1,758
lungscc4675.jpeg,2,1150
lungn2532.jpeg,1,855
lungn2242.jpeg,1,825
lungaca4063.jpeg,0,534
lungscc1070.jpeg,2,1014
lungaca2804.jpeg,0,654
lungn1294.jpeg,1,753
lungaca3860.jpeg,0,524
lungscc3852.jpeg,2,1087
lungaca2245.jpeg,0,688
lungn4638.jpeg,1,826
lungscc4643.jpeg,2,1155
lungn2643.jpeg,1,752
lungn101.jpeg,1,851
lungscc2822.jpeg,2,1183
lungscc2551.jpeg,2,1053
lungscc3538.jpeg,2,1161
lungn3118.jpeg,1,800
lungaca3112.jpeg,0,713
lungn2277.jpeg,1,833
lungscc2629.jpeg,2,1121
lungn924.jpeg,1,976
lungscc542.jpeg,2,1035
lungn4905.jpeg,1,786
lungscc1695.jpeg,2,1041
lungn2431.jpeg,1,882
lungscc14.jpeg,2,1207
lungscc4137.jpeg,2,1167
lungaca4183.jpeg,0,520
lungn3644.jpeg,1,750
lungscc2298.jpeg,2,1046
lungscc242.jpeg,2,1206
lungaca4612.jpeg,0,651
lungaca2920.jpeg,0,509
lungaca560.jpeg,0,610
lungn286.jpeg,1,995
lungaca959.jpeg,0,689
lungscc4725.jpeg,2,1049
lungscc3779.jpeg,2,1153
lungaca3432.jpeg,0,549
lungscc4197.jpeg,2,1201
lungn3908.jpeg,1,832
lungscc3748.jpeg,2,1186
lungaca951.jpeg,0,650
lungaca1127.jpeg,0,557
lungscc4733.jpeg,2,1204
lungaca4067.jpeg,0,513
lungscc1187.jpeg,2,1230
lungaca4290.jpeg,0,661
lungn4915.jpeg,1,922
lungscc4365.jpeg,2,1005
lungn2537.jpeg,1,757
lungscc2341.jpeg,2,1109
lungn2766.jpeg,1,910
lungscc625.jpeg,2,1201
lungaca2384.jpeg,0,644
lungn3714.jpeg,1,864
lungn4621.jpeg,1,832
lungn1041.jpeg,1,918
lungscc978.jpeg,2,1078
lungaca2288.jpeg,0,529
lungscc3630.jpeg,2,1188
lungn1095.jpeg,1,780
lungn169.jpeg,1,814
lungn2415.jpeg,1,893
lungaca4336.jpeg,0,543
lungn2917.jpeg,1,901
lungaca2862.jpeg,0,518
lungaca171.jpeg,0,628
lungaca2176.jpeg,0,563
lungscc357.jpeg,2,1184
lungscc1434.jpeg,2,1039
lungscc276.jpeg,2,1077
lungaca1538.jpeg,0,575
lungaca2902.jpeg,0,646
lungn1168.jpeg,1,964
lungscc4247.jpeg,2,1225
lungaca3966.jpeg,0,606
lungaca3848.jpeg,0,725
lungaca1082.jpeg,0,738
lungn4105.jpeg,1,867
lungscc618.jpeg,2,1030
lungaca3856.jpeg,0,717
lungn4391.jpeg,1,898
lungn2969.jpeg,1,801
lungaca1887.jpeg,0,546
lungscc3232.jpeg,2,1086
lungaca2151.jpeg,0,641
lungaca769.jpeg,0,551
lungscc1995.jpeg,2,1058
lungscc1778.jpeg,2,1188
lungn2198.jpeg,1,918
lungscc1926.jpeg,2,1062
lungscc3651.jpeg,2,1229
lungaca1389.jpeg,0,734
lungaca2292.jpeg,0,643
lungaca1430.jpeg,0,672
lungn2339.jpeg,1,947
lungaca3467.jpeg,0,730
lungaca3426.jpeg,0,596
lungscc3444.jpeg,2,1104
lungaca4099.jpeg,0,588
lungscc1659.jpeg,2,1179
lungaca2466.jpeg,0,565
lungn4284.jpeg,1,788
lungaca3703.jpeg,0,730
lungaca2338.jpeg,0,565
lungn2879.jpeg,1,861
lungn2015.jpeg,1,762
lungscc4939.jpeg,2,1008
lungn1368.jpeg,1,833
lungscc3855.jpeg,2,1088
lungn3698.jpeg,1,754
lungaca2667.jpeg,0,635
lungn226.jpeg,1,939
lungscc3773.jpeg,2,1121
lungn1187.jpeg,1,752
lungaca583.jpeg,0,698
lungscc60.jpeg,2,1033
lungscc575.jpeg,2,1084
lungaca2580.jpeg,0,532
lungscc4244.jpeg,2,1184
lungscc2997.jpeg,2,1135
lungn2682.jpeg,1,950
lungn508.jpeg,1,948
lungaca1399.jpeg,0,680
lungscc2952.jpeg,2,1066
lungaca2513.jpeg,0,580
lungscc2392.jpeg,2,1008
lungaca1991.jpeg,0,646
lungaca1752.jpeg,0,563
lungscc687.jpeg,2,1144
lungaca1941.jpeg,0,555
lungaca1612.jpeg,0,629
lungscc2317.jpeg,2,1037
lungscc292.jpeg,2,1083
lungaca783.jpeg,0,707
lungscc718.jpeg,2,1025
lungn1804.jpeg,1,914
lungaca1072.jpeg,0,533
lungn4780.jpeg,1,810
lungn3135.jpeg,1,917
lungn514.jpeg,1,942
lungaca4277.jpeg,0,705
lungscc2668.jpeg,2,1036
lungn918.jpeg,1,756
lungn636.jpeg,1,912
lungaca4560.jpeg,0,687
lungn259.jpeg,1,982
lungn3423.jpeg,1,921
lungn1040.jpeg,1,971
lungaca610.jpeg,0,650
lungscc1260.jpeg,2,1111
lungscc383.jpeg,2,1006
lungaca4344.jpeg,0,531
lungn2047.jpeg,1,936
lungn3096.jpeg,1,892
lungscc4301.jpeg,2,1155
lungscc226.jpeg,2,1027
lungaca3729.jpeg,0,623
lungn1109.jpeg,1,802
lungaca2503.jpeg,0,716
lungaca424.jpeg,0,695
lungn459.jpeg,1,803
lungaca3774.jpeg,0,559
lungaca3159.jpeg,0,671
lungn2551.jpeg,1,761
lungscc3247.jpeg,2,1094
lungn4078.jpeg,1,921
lungaca1858.jpeg,0,549
lungn1674.jpeg,1,970
lungaca3953.jpeg,0,638
lungaca604.jpeg,0,590
lungscc3359.jpeg,2,1039
lungaca325.jpeg,0,538
lungscc1339.jpeg,2,1057
lungaca1381.jpeg,0,719
lungn3086.jpeg,1,974
lungn3530.jpeg,1,976
lungscc2219.jpeg,2,1092
lungscc3547.jpeg,2,1201
lungscc1351.jpeg,2,1156
lungscc696.jpeg,2,1019
lungaca4578.jpeg,0,618
lungaca4098.jpeg,0,740
lungscc3667.jpeg,2,1056
lungscc4667.jpeg,2,1099
lungaca792.jpeg,0,599
lungaca4082.jpeg,0,586
lungaca4166.jpeg,0,705
lungn718.jpeg,1,839
lungaca2905.jpeg,0,714
lungscc1384.jpeg,2,1009
lungaca564.jpeg,0,728
lungscc143.jpeg,2,1198
lungn2996.jpeg,1,922
lungscc3150.jpeg,2,1233
lungaca1113.jpeg,0,640
lungscc3313.jpeg,2,1169
lungaca1116.jpeg,0,576
lungaca1517.jpeg,0,563
lungscc1912.jpeg,2,1047
lungscc3216.jpeg,2,1082
lungaca3827.jpeg,0,654
lungaca4741.jpeg,0,713
lungaca2777.jpeg,0,542
lungscc2231.jpeg,2,1200
lungscc4972.jpeg,2,1032
lungaca3475.jpeg,0,522
lungscc2895.jpeg,2,1202
lungaca3624.jpeg,0,588
lungscc3762.jpeg,2,1159
lungn3993.jpeg,1,944
lungaca1940.jpeg,0,531
lungaca645.jpeg,0,644
lungn31.jpeg,1,993
lungaca4242.jpeg,0,649
lungaca2370.jpeg,0,556
lungn2646.jpeg,1,979
lungaca4129.jpeg,0,648
lungn4341.jpeg,1,895
lungaca116.jpeg,0,573
lungaca3603.jpeg,0,727
lungscc3999.jpeg,2,1112
lungscc2238.jpeg,2,1203
lungaca1005.jpeg,0,530
lungaca4493.jpeg,0,560
lungn4104.jpeg,1,788
lungn4719.jpeg,1,858
lungscc1906.jpeg,2,1032
lungaca4228.jpeg,0,530
lungscc922.jpeg,2,1094
lungscc1337.jpeg,2,1113
lungaca4043.jpeg,0,624
lungn1114.jpeg,1,982
lungn1518.jpeg,1,859
lungscc533.jpeg,2,1236
lungaca1474.jpeg,0,602
lungn3688.jpeg,1,956
lungn3309.jpeg,1,916
lungn4257.jpeg,1,841
lungaca3596.jpeg,0,554
lungaca1711.jpeg,0,696
lungscc2364.jpeg,2,1239
lungscc867.jpeg,2,1043
lungaca2710.jpeg,0,552
lungaca3712.jpeg,0,528
lungn934.jpeg,1,920
lungscc1887.jpeg,2,1071
lungaca1146.jpeg,0,653
lungaca1770.jpeg,0,637
lungaca4855.jpeg,0,629
lungn663.jpeg,1,872
lungaca3905.jpeg,0,693
lungaca2817.jpeg,0,736
lungn2028.jpeg,1,943
lungn2606.jpeg,1,761
lungscc152.jpeg,2,1220
lungn1750.jpeg,1,795
lungscc1278.jpeg,2,1109
lungn1118.jpeg,1,920
lungscc2781.jpeg,2,1174
lungaca4573.jpeg,0,647
lungn876.jpeg,1,837
lungaca3155.jpeg,0,506
lungaca3362.jpeg,0,735
lungscc2371.jpeg,2,998
lungaca1540.jpeg,0,730
lungscc4818.jpeg,2,1004
lungn2091.jpeg,1,883
lungn4856.jpeg,1,832
lungscc1449.jpeg,2,1162
lungscc3128.jpeg,2,1113
lungaca3270.jpeg,0,538
lungscc4560.jpeg,2,1176
lungaca2318.jpeg,0,704
lungn3141.jpeg,1,774
lungn247.jpeg,1,959
lungaca4505.jpeg,0,634
lungaca1817.jpeg,0,617
lungaca3767.jpeg,0,701
lungn2323.jpeg,1,773
lungaca153.jpeg,0,703
lungscc356.jpeg,2,1210
lungaca4345.jpeg,0,737
lungscc82.jpeg,2,1166
lungaca2836.jpeg,0,516
lungn1250.jpeg,1,797
lungn4667.jpeg,1,796
lungaca389.jpeg,0,746
lungn3671.jpeg,1,816
lungaca3416.jpeg,0,547
lungscc3119.jpeg,2,1155
lungn3885.jpeg,1,966
lungscc61.jpeg,2,1085
lungn3245.jpeg,1,916
lungn4976.jpeg,1,794
lungaca2762.jpeg,0,633
lungaca2450.jpeg,0,522
lungaca4997.jpeg,0,575
lungscc4156.jpeg,2,1132
lungaca1351.jpeg,0,660
lungscc3211.jpeg,2,1123
lungn1217.jpeg,1,854
lungn1842.jpeg,1,813
lungscc1665.jpeg,2,1164
lungscc4526.jpeg,2,1079
lungscc3161.jpeg,2,1007
lungaca1255.jpeg,0,642
lungaca1482.jpeg,0,716
lungaca3866.jpeg,0,640
lungaca303.jpeg,0,720
lungaca2197.jpeg,0,587
lungn3165.jpeg,1,878
lungaca4506.jpeg,0,692
lungn1616.jpeg,1,768
lungaca5000.jpeg,0,657
lungscc2688.jpeg,2,1186
lungn2370.jpeg,1,789
lungn4368.jpeg,1,926
lungscc1630.jpeg,2,1005
lungaca2041.jpeg,0,692
lungaca3881.jpeg,0,593
lungscc449.jpeg,2,1045
lungn327.jpeg,1,802
lungn274.jpeg,1,994
lungscc2229.jpeg,2,1184
lungaca2271.jpeg,0,718
lungn3462.jpeg,1,871
lungscc3757.jpeg,2,1047
lungaca1700.jpeg,0,694
lungscc2825.jpeg,2,1059
lungscc4223.jpeg,2,1020
lungscc1938.jpeg,2,1189
lungscc3792.jpeg,2,1034
lungaca3205.jpeg,0,699
lungn548.jpeg,1,961
lungscc2898.jpeg,2,1217
lungscc1813.jpeg,2,1070
lungscc1322.jpeg,2,1017
lungn496.jpeg,1,854
lungscc3190.jpeg,2,1038
lungn3415.jpeg,1,920
lungscc186.jpeg,2,1126
lungn1146.jpeg,1,769
lungn3826.jpeg,1,842
lungscc843.jpeg,2,1035
lungn4846.jpeg,1,960
lungn4206.jpeg,1,995
lungscc1823.jpeg,2,1245
lungaca2508.jpeg,0,641
lungn1090.jpeg,1,949
lungaca1788.jpeg,0,544
lungaca2136.jpeg,0,593
lungn2601.jpeg,1,812
lungn3936.jpeg,1,890
lungn418.jpeg,1,868
lungaca4901.jpeg,0,513
lungn2460.jpeg,1,989
lungaca2276.jpeg,0,507
lungscc4925.jpeg,2,1164
lungscc260.jpeg,2,1239
lungn1328.jpeg,1,769
lungscc1991.jpeg,2,1190
lungaca2140.jpeg,0,622
lungaca3192.jpeg,0,535
lungn4496.jpeg,1,768
lungn4426.jpeg,1,883
lungscc1879.jpeg,2,1098
